period_number,period_s,period_error_s,period_error_ps
0,7.799344931163125e-09,-1.3145383153877752e-11,-13.145383153877752
1,7.802204730881124e-09,-1.0285583435878443e-11,-10.285583435878443
2,7.804492770444168e-09,-7.997543872834166e-12,-7.997543872834166
3,7.806517656006669e-09,-5.9726583103334564e-12,-5.972658310333457
4,7.807433850034323e-09,-5.056464282679159e-12,-5.056464282679158
5,7.808188720538536e-09,-4.301593778466663e-12,-4.301593778466663
6,7.808774092770451e-09,-3.716221546551238e-12,-3.716221546551238
7,7.809227357474867e-09,-3.2629568421356476e-12,-3.262956842135648
8,7.809609488406582e-09,-2.880825910420365e-12,-2.880825910420365
9,7.809953621657124e-09,-2.5366926598784757e-12,-2.536692659878476
10,7.810249900432834e-09,-2.24041388416817e-12,-2.24041388416817
11,7.810511458948566e-09,-1.9788553684365788e-12,-1.9788553684365788
12,7.810740631735542e-09,-1.7496825814608514e-12,-1.7496825814608514
13,7.810942878171828e-09,-1.5474361451741818e-12,-1.5474361451741818
14,7.811126640302774e-09,-1.3636740142282015e-12,-1.3636740142282016
15,7.811362101692743e-09,-1.1282126242590966e-12,-1.1282126242590966
16,7.811500235351443e-09,-9.900789655593157e-13,-0.9900789655593157
17,7.811632060810195e-09,-8.582535068071802e-13,-0.8582535068071802
18,7.811756771124428e-09,-7.335431925746165e-13,-0.7335431925746165
19,7.811862850061295e-09,-6.274642557074399e-13,-0.6274642557074399
20,7.811957381662266e-09,-5.329326547359016e-13,-0.5329326547359016
21,7.812138345562273e-09,-3.519687547294163e-13,-0.3519687547294163
22,7.81219515732243e-09,-2.9515699457204487e-13,-0.29515699457204486
23,7.812274550100047e-09,-2.1576421695513893e-13,-0.21576421695513892
24,7.81231916145513e-09,-1.7115286187200247e-13,-0.17115286187200246
25,7.812451593674076e-09,-3.872064292656253e-14,-0.03872064292656253
26,7.81251525311963e-09,2.4938802626955794e-14,0.024938802626955792
27,7.812553040601107e-09,6.272628410415858e-14,0.06272628410415858
28,7.812590526660827e-09,1.0021234382488325e-13,0.10021234382488324
29,7.8127019118051e-09,2.1159748809694833e-13,0.21159748809694834
30,7.812737072955891e-09,2.467586388891037e-13,0.2467586388891037
31,7.812763125886863e-09,2.728115698605342e-13,0.27281156986053423
32,7.81278045299612e-09,2.9013867911747553e-13,0.29013867911747554
33,7.812894211987496e-09,4.0389767049367047e-13,0.4038976704936705
34,7.812900235313323e-09,4.0992099632049516e-13,0.40992099632049517
35,7.812884372297127e-09,3.940579801247511e-13,0.39405798012475113
36,7.812978929281982e-09,4.886149649796527e-13,0.48861496497965273
37,7.81299950911973e-09,5.09194802726795e-13,0.509194802726795
38,7.81300568283795e-09,5.153685209474705e-13,0.5153685209474705
39,7.813017386570009e-09,5.270722530064899e-13,0.5270722530064899
40,7.81309242497486e-09,6.021106578582596e-13,0.6021106578582596
41,7.813067983629103e-09,5.776693121010658e-13,0.5776693121010658
42,7.81306311347426e-09,5.727991572574239e-13,0.5727991572574238
43,7.813159916221285e-09,6.696019042823033e-13,0.6696019042823033
44,7.813139600928868e-09,6.492866118652475e-13,0.6492866118652475
45,7.813107972135858e-09,6.176578188561043e-13,0.6176578188561043
46,7.813198412892955e-09,7.08098575953056e-13,0.708098575953056
47,7.813175777245259e-09,6.854629282565554e-13,0.6854629282565554
48,7.813143228059473e-09,6.52913742470662e-13,0.652913742470662
49,7.813223382895692e-09,7.330685786895537e-13,0.7330685786895537
50,7.813219905737352e-09,7.295914203496483e-13,0.7295914203496483
51,7.813170045624027e-09,6.797313070242379e-13,0.6797313070242379
52,7.813241982153568e-09,7.516678365655809e-13,0.7516678365655809
53,7.81324528085223e-09,7.549665352278952e-13,0.7549665352278951
54,7.813195663071643e-09,7.053487546405625e-13,0.7053487546405625
55,7.813247355798348e-09,7.570414813455979e-13,0.7570414813455979
56,7.813261011758391e-09,7.706974413889219e-13,0.7706974413889218
57,7.813223350017261e-09,7.330357002586731e-13,0.733035700258673
58,7.81324811201581e-09,7.577976988083794e-13,0.7577976988083794
59,7.813269054532737e-09,7.787402157347452e-13,0.7787402157347452
60,7.8132371507454e-09,7.468364283970781e-13,0.7468364283970781
61,7.813246193384541e-09,7.558790675388948e-13,0.7558790675388948
62,7.813278182457932e-09,7.87868140929955e-13,0.7878681409299549
63,7.813237734113931e-09,7.474197969285111e-13,0.7474197969285111
64,7.813219421912133e-09,7.291075951301766e-13,0.7291075951301766
65,7.813302041126337e-09,8.117268093346007e-13,0.8117268093346007
66,7.813245614366371e-09,7.553000493686789e-13,0.7553000493686789
67,7.813221413225605e-09,7.310989086027993e-13,0.7310989086027992
68,7.813300376523637e-09,8.100622066341294e-13,0.8100622066341294
69,7.813247897736804e-09,7.575834198015148e-13,0.7575834198015148
70,7.813212242528634e-09,7.21928211631885e-13,0.7219282116318849
71,7.813293755029919e-09,8.034407129162173e-13,0.8034407129162173
72,7.813249606520743e-09,7.592922037405149e-13,0.7592922037405149
73,7.813202205106894e-09,7.118907898917586e-13,0.7118907898917586
74,7.813289213754251e-09,7.988994372490717e-13,0.7988994372490716
75,7.81324427854798e-09,7.539642309770138e-13,0.7539642309770138
76,7.813186988912162e-09,6.966745951595922e-13,0.6966745951595922
77,7.813280280104533e-09,7.899657875306442e-13,0.7899657875306442
78,7.813242937931993e-09,7.526236149907355e-13,0.7526236149907355
79,7.813187536352944e-09,6.972220359415345e-13,0.6972220359415344
80,7.813263854902406e-09,7.735405854034121e-13,0.7735405854034121
81,7.813237493475259e-09,7.47179158256328e-13,0.747179158256328
82,7.813180237395499e-09,6.899230784961448e-13,0.6899230784961448
83,7.813249637217217e-09,7.593229002145234e-13,0.7593229002145234
84,7.813230550068363e-09,7.402357513608778e-13,0.7402357513608777
85,7.813172626702823e-09,6.823123858211112e-13,0.6823123858211112
86,7.813235956496706e-09,7.456421797040854e-13,0.7456421797040853
87,7.8132222076883e-09,7.318933712972152e-13,0.7318933712972152
88,7.813169783070918e-09,6.794687539156434e-13,0.6794687539156434
89,7.813216498117029e-09,7.261838000265807e-13,0.7261838000265807
90,7.813211860442236e-09,7.215461252337739e-13,0.7215461252337739
91,7.813171546715487e-09,6.812323984845713e-13,0.6812323984845713
92,7.813188515766976e-09,6.982014499740493e-13,0.6982014499740492
93,7.813209936932057e-09,7.196226150545131e-13,0.7196226150545131
94,7.813180724852795e-09,6.904105357928943e-13,0.6904105357928942
95,7.813138886805554e-09,6.485724885518128e-13,0.6485724885518128
96,7.813215659147835e-09,7.253448308329842e-13,0.7253448308329842
97,7.813169027761475e-09,6.787134444721814e-13,0.6787134444721814
98,7.813132617921488e-09,6.423036044854473e-13,0.6423036044854473
99,7.813201718530512e-09,7.114042135092742e-13,0.7114042135092742
100,7.81316486983259e-09,6.745555155881723e-13,0.6745555155881723
101,7.813113903318053e-09,6.235890010507948e-13,0.6235890010507948
102,7.813195132449547e-09,7.048181325448209e-13,0.704818132544821
103,7.813162230328849e-09,6.719160118467292e-13,0.6719160118467292
104,7.813117972166176e-09,6.276578491738071e-13,0.6276578491738071
105,7.813172470726788e-09,6.821564097860721e-13,0.6821564097860721
106,7.813149590117164e-09,6.592758001612255e-13,0.6592758001612254
107,7.813097020785897e-09,6.067064688946812e-13,0.6067064688946812
108,7.813158719262086e-09,6.684049450838793e-13,0.6684049450838793
109,7.813147243456429e-09,6.569291394265707e-13,0.6569291394265707
110,7.813105668124927e-09,6.153538079244096e-13,0.6153538079244096
111,7.813125215327867e-09,6.349010108648952e-13,0.6349010108648951
112,7.81314297487116e-09,6.526605541583323e-13,0.6526605541583324
113,7.813110391939582e-09,6.200776225798203e-13,0.6200776225798204
114,7.81309195041957e-09,6.016361025673627e-13,0.6016361025673627
115,7.813144394024042e-09,6.540797070394801e-13,0.65407970703948
116,7.81310884745293e-09,6.185331359275333e-13,0.6185331359275332
117,7.813062842084904e-09,5.725277679011236e-13,0.5725277679011236
118,7.813154494004247e-09,6.641796872449589e-13,0.6641796872449589
119,7.813097783359495e-09,6.074690424926989e-13,0.6074690424926988
120,7.813058366674518e-09,5.680523575159564e-13,0.5680523575159564
121,7.813122391862122e-09,6.320775451198356e-13,0.6320775451198356
122,7.813106659627814e-09,6.163453108111476e-13,0.6163453108111476
123,7.813053836146005e-09,5.635218290028456e-13,0.5635218290028455
124,7.813100648417946e-09,6.103341009436005e-13,0.6103341009436004
125,7.813106392941184e-09,6.160786241817705e-13,0.6160786241817705
126,7.81305739559529e-09,5.670812782876426e-13,0.5670812782876427
127,7.813068868107683e-09,5.785537906808523e-13,0.5785537906808523
128,7.799486272162901e-09,-1.3004042154101216e-11,-13.004042154101215
129,7.802426025868667e-09,-1.0064288448335468e-11,-10.064288448335468
130,7.804706485882744e-09,-7.78382843425882e-12,-7.783828434258821
131,7.806746199685334e-09,-5.744114631668314e-12,-5.744114631668314
132,7.807659795530902e-09,-4.83051878610016e-12,-4.830518786100161
133,7.808343955805993e-09,-4.1463585110092905e-12,-4.14635851100929
134,7.808960381187327e-09,-3.5299331296756762e-12,-3.529933129675676
135,7.80941294335584e-09,-3.0773709611628024e-12,-3.0773709611628024
136,7.80977916317344e-09,-2.7111511435621406e-12,-2.7111511435621405
137,7.810112100613536e-09,-2.3782137034665156e-12,-2.3782137034665154
138,7.81039783000724e-09,-2.092484309762184e-12,-2.092484309762184
139,7.81064380326582e-09,-1.846511051182273e-12,-1.846511051182273
140,7.810881918809813e-09,-1.6083955071898694e-12,-1.6083955071898695
141,7.811122313482297e-09,-1.3680008347056295e-12,-1.3680008347056296
142,7.811293444020964e-09,-1.1968702960378817e-12,-1.1968702960378816
143,7.811446030392779e-09,-1.0442839242232717e-12,-1.0442839242232718
144,7.811596056123008e-09,-8.942581939945836e-13,-0.8942581939945836
145,7.811727485319418e-09,-7.628289975839643e-13,-0.7628289975839643
146,7.81182445236373e-09,-6.658619532723718e-13,-0.6658619532723719
147,7.811998864186063e-09,-4.914501309397053e-13,-0.49145013093970524
148,7.81210055794527e-09,-3.8975637173189066e-13,-0.38975637173189065
149,7.812182192609035e-09,-3.081217079677735e-13,-0.3081217079677735
150,7.812257479092896e-09,-2.32835224106412e-13,-0.232835224106412
151,7.812315459853388e-09,-1.7485446361413954e-13,-0.17485446361413953
152,7.812468168943336e-09,-2.2145373666131294e-14,-0.022145373666131295
153,7.812506203961722e-09,1.5889644719577092e-14,0.01588964471957709
154,7.812555313698724e-09,6.499938172141022e-14,0.06499938172141022
155,7.812586999195507e-09,9.66848785041745e-14,0.0966848785041745
156,7.812715332398404e-09,2.250180814011528e-13,0.22501808140115281
157,7.812738002184916e-09,2.4768786791355956e-13,0.24768786791355957
158,7.812738073891337e-09,2.477595743347423e-13,0.24775957433474233
159,7.812830062740059e-09,3.3974842305620466e-13,0.3397484230562047
160,7.812876062578654e-09,3.857482616515347e-13,0.3857482616515347
161,7.812896932304957e-09,4.0661798795454523e-13,0.40661798795454523
162,7.81287890686108e-09,3.88592544078306e-13,0.388592544078306
163,7.813011568104183e-09,5.212537871801563e-13,0.5212537871801564
164,7.812990416309132e-09,5.001019921294466e-13,0.5001019921294465
165,7.8129787446288e-09,4.884303117971513e-13,0.4884303117971513
166,7.813058127499519e-09,5.678131825167061e-13,0.5678131825167061
167,7.813076611940385e-09,5.862976233826671e-13,0.5862976233826671
168,7.813056005336397e-09,5.656910193943916e-13,0.5656910193943916
169,7.813104120873559e-09,6.138065565565827e-13,0.6138065565565827
170,7.8131368773588e-09,6.465630417978553e-13,0.6465630417978553
171,7.813122772471295e-09,6.324581542924866e-13,0.6324581542924866
172,7.813126779194633e-09,6.364648776310154e-13,0.6364648776310154
173,7.813190384823102e-09,7.00070506099197e-13,0.700070506099197
174,7.813170208416983e-09,6.798940999804366e-13,0.6798940999804366
175,7.813133782978037e-09,6.434686610349459e-13,0.6434686610349459
176,7.813249082607148e-09,7.587682901457156e-13,0.7587682901457156
177,7.813192898640706e-09,7.025843237037947e-13,0.7025843237037948
178,7.813160599675229e-09,6.702853582267839e-13,0.6702853582267838
179,7.813252739702391e-09,7.624253853886722e-13,0.7624253853886721
180,7.813228196102816e-09,7.378817858140859e-13,0.7378817858140858
181,7.813179923396997e-09,6.896090799944658e-13,0.6896090799944659
182,7.813262018724712e-09,7.717044077091449e-13,0.771704407709145
183,7.813244845517953e-09,7.545312009505879e-13,0.7545312009505879
184,7.81319599195082e-09,7.056776338170588e-13,0.7056776338170588
185,7.813271135319994e-09,7.808210029916522e-13,0.7808210029916522
186,7.813244895621646e-09,7.545813046434839e-13,0.7545813046434839
187,7.813201913212564e-09,7.115988955618712e-13,0.7115988955618712
188,7.813268221973889e-09,7.779076568864936e-13,0.7779076568864935
189,7.813257551933734e-09,7.672376167312491e-13,0.767237616731249
190,7.813205563965224e-09,7.152496482221187e-13,0.7152496482221187
191,7.813268049558638e-09,7.777352416360141e-13,0.777735241636014
192,7.813245371112061e-09,7.550567950587546e-13,0.7550567950587546
193,7.813204669159619e-09,7.143548426166392e-13,0.7143548426166392
194,7.813250711051706e-09,7.603967347037345e-13,0.7603967347037345
195,7.813258396039335e-09,7.680817223326377e-13,0.7680817223326376
196,7.813213127589973e-09,7.228132729703392e-13,0.7228132729703391
197,7.813235239107234e-09,7.44924790231606e-13,0.744924790231606
198,7.813254036503057e-09,7.637221860546549e-13,0.7637221860546549
199,7.8132177962865e-09,7.274819694978062e-13,0.7274819694978062
200,7.813218113239453e-09,7.277989224504052e-13,0.7277989224504051
201,7.81325166333358e-09,7.613490165768829e-13,0.7613490165768828
202,7.813215863953626e-09,7.255496366233667e-13,0.7255496366233667
203,7.813196235462627e-09,7.059211456249991e-13,0.7059211456249991
204,7.813248159137948e-09,7.578448209453011e-13,0.757844820945301
205,7.813212616971407e-09,7.2230265440468e-13,0.72230265440468
206,7.813173738132023e-09,6.834238150206533e-13,0.6834238150206533
207,7.813248429958098e-09,7.581156410954608e-13,0.7581156410954608
208,7.81320522002919e-09,7.149057121879519e-13,0.714905712187952
209,7.813160698215654e-09,6.703838986517356e-13,0.6703838986517356
210,7.813247623162604e-09,7.573088456013329e-13,0.7573088456013328
211,7.813196310150605e-09,7.059958336021562e-13,0.7059958336021561
212,7.813146548279548e-09,6.562339625461002e-13,0.6562339625461001
213,7.813221137797596e-09,7.308234805934065e-13,0.7308234805934065
214,7.813195965252341e-09,7.056509353385614e-13,0.7056509353385614
215,7.813137841106111e-09,6.475267891089777e-13,0.6475267891089777
216,7.813205410577722e-09,7.150962607197663e-13,0.7150962607197663
217,7.813182930052251e-09,6.92615735249094e-13,0.692615735249094
218,7.813143471056285e-09,6.531567392825703e-13,0.6531567392825703
219,7.813177242801993e-09,6.869284849906855e-13,0.6869284849906855
220,7.813175544941391e-09,6.852306243885732e-13,0.6852306243885732
221,7.813149275156432e-09,6.589608394301185e-13,0.6589608394301184
222,7.813141347402385e-09,6.510330853822687e-13,0.6510330853822687
223,7.813175898120249e-09,6.855838032462604e-13,0.6855838032462603
224,7.813137746970258e-09,6.474326532553516e-13,0.6474326532553516
225,7.813101941857585e-09,6.116275405828485e-13,0.6116275405828485
226,7.813177634456475e-09,6.873201394729688e-13,0.6873201394729688
227,7.8131397558207e-09,6.494415036981143e-13,0.6494415036981143
228,7.813082287467707e-09,5.919731507050856e-13,0.5919731507050856
229,7.81316996117823e-09,6.796468612275285e-13,0.6796468612275285
230,7.813132200842465e-09,6.418865254622193e-13,0.6418865254622192
231,7.813077941849875e-09,5.876275328724921e-13,0.5876275328724921
232,7.813148524590374e-09,6.58210273371161e-13,0.658210273371161
233,7.8131271667427e-09,6.368524256975704e-13,0.6368524256975704
234,7.813070270685824e-09,5.799563688212882e-13,0.5799563688212882
235,7.81313029966685e-09,6.399853498477117e-13,0.6399853498477116
236,7.813116677344179e-09,6.263630271767891e-13,0.626363027176789
237,7.81307893591419e-09,5.886215971868626e-13,0.5886215971868626
238,7.813094197780938e-09,6.038834639355449e-13,0.6038834639355449
239,7.813115054876286e-09,6.24740559283246e-13,0.624740559283246
240,7.813083068906423e-09,5.927545894209045e-13,0.5927545894209045
241,7.813056131605292e-09,5.658172882899047e-13,0.5658172882899047
242,7.81311937792916e-09,6.290636121581246e-13,0.6290636121581246
243,7.813083356518155e-09,5.930422011522106e-13,0.5930422011522106
244,7.813033534243485e-09,5.4321992648262e-13,0.54321992648262
245,7.813109938011238e-09,6.19623694235255e-13,0.619623694235255
246,7.813082439771008e-09,5.921254540052655e-13,0.5921254540052655
247,7.813027297587328e-09,5.369832703258316e-13,0.5369832703258316
248,7.813088706676405e-09,5.983923594026662e-13,0.5983923594026662
249,7.813075597628595e-09,5.852833115927254e-13,0.5852833115927254
250,7.813032985406793e-09,5.426710897903807e-13,0.5426710897903807
251,7.8130569215821e-09,5.66607265097832e-13,0.566607265097832
252,7.813075704395404e-09,5.85390078401661e-13,0.5853900784016609
253,7.81304464821022e-09,5.543338932173887e-13,0.5543338932173887
254,7.813010355153002e-09,5.200408359996882e-13,0.5200408359996882
255,7.813105120480857e-09,6.1480616385456e-13,0.61480616385456
256,7.799508285573418e-09,-1.2982028743584032e-11,-12.982028743584031
257,7.802464061659547e-09,-1.0026252657455712e-11,-10.026252657455712
258,7.804726275648815e-09,-7.764038668187295e-12,-7.764038668187295
259,7.806843608704661e-09,-5.6467056123411076e-12,-5.6467056123411075
260,7.80772735372681e-09,-4.762960590191966e-12,-4.762960590191966
261,7.808437118154488e-09,-4.053196162513911e-12,-4.0531961625139115
262,7.808981682900433e-09,-3.508631416569566e-12,-3.5086314165695662
263,7.809423434516189e-09,-3.0668798008134908e-12,-3.0668798008134908
264,7.80982620930779e-09,-2.6641050092127806e-12,-2.6641050092127805
265,7.810157645141429e-09,-2.332669175573521e-12,-2.3326691755735207
266,7.810448878189306e-09,-2.041436127696164e-12,-2.0414361276961643
267,7.810702803989506e-09,-1.787510327496235e-12,-1.787510327496235
268,7.810923536113491e-09,-1.566778203511106e-12,-1.566778203511106
269,7.811122547778386e-09,-1.3677665386161554e-12,-1.3677665386161555
270,7.811302727976405e-09,-1.1875863405975241e-12,-1.1875863405975242
271,7.811463846219718e-09,-1.0264680972845554e-12,-1.0264680972845555
272,7.811590481575565e-09,-8.998327414371622e-13,-0.8998327414371622
273,7.811752150837527e-09,-7.38163479475082e-13,-0.738163479475082
274,7.81190965356475e-09,-5.80660752251755e-13,-0.580660752251755
275,7.811996215900284e-09,-4.940984167187455e-13,-0.4940984167187455
276,7.812095899711294e-09,-3.9441460570839316e-13,-0.39441460570839315
277,7.812159781743554e-09,-3.3053257344886356e-13,-0.33053257344886355
278,7.81228306005711e-09,-2.0725425989319158e-13,-0.20725425989319157
279,7.812387536109485e-09,-1.0277820751781753e-13,-0.10277820751781754
280,7.812440587504142e-09,-4.972681286033188e-14,-0.04972681286033188
281,7.812486177622736e-09,-4.136694265984129e-15,-0.004136694265984129
282,7.812552546096496e-09,6.223177949328794e-14,0.062231779493287946
283,7.812652442234949e-09,1.6212791794659442e-13,0.16212791794659442
284,7.812681028390744e-09,1.9071407374151016e-13,0.19071407374151017
285,7.812687091804946e-09,1.967774879436625e-13,0.1967774879436625
286,7.812799380509756e-09,3.0906619275374985e-13,0.30906619275374986
287,7.812825736786943e-09,3.3542246994051466e-13,0.33542246994051467
288,7.812843741929133e-09,3.534276121310741e-13,0.3534276121310741
289,7.812863139715462e-09,3.72825398459664e-13,0.372825398459664
290,7.812956996251503e-09,4.666819345010313e-13,0.46668193450103135
291,7.812958496611127e-09,4.681822941248982e-13,0.46818229412489826
292,7.812936486168614e-09,4.461718516111614e-13,0.4461718516111614
293,7.813036268425181e-09,5.459541081787754e-13,0.5459541081787754
294,7.813042574985273e-09,5.522606682706348e-13,0.5522606682706348
295,7.813018895562593e-09,5.285812455901552e-13,0.5285812455901552
296,7.813072955455006e-09,5.826411380034326e-13,0.5826411380034325
297,7.81311120299057e-09,6.208886735674753e-13,0.6208886735674752
298,7.81308722229521e-09,5.969079782083163e-13,0.5969079782083163
299,7.813102732444257e-09,6.124181272544978e-13,0.6124181272544977
300,7.813161679350858e-09,6.713650338551992e-13,0.6713650338551992
301,7.813142208502855e-09,6.51894185852711e-13,0.651894185852711
302,7.813111997087346e-09,6.21682770343658e-13,0.6216827703436579
303,7.813206717868044e-09,7.164035510417678e-13,0.7164035510417678
304,7.813179113579289e-09,6.887992622867821e-13,0.6887992622867821
305,7.813136302501256e-09,6.459881842534764e-13,0.6459881842534764
306,7.813225091178187e-09,7.34776861185049e-13,0.734776861185049
307,7.813203762088976e-09,7.134477719740835e-13,0.7134477719740835
308,7.813156475573453e-09,6.661612564505563e-13,0.6661612564505563
309,7.81323466854584e-09,7.443542288383355e-13,0.7443542288383355
310,7.81322099500817e-09,7.306806911672902e-13,0.7306806911672902
311,7.813169719699301e-09,6.794053822986616e-13,0.6794053822986617
312,7.813239659670542e-09,7.493453535393725e-13,0.7493453535393725
313,7.813230119450365e-09,7.398051333630208e-13,0.7398051333630208
314,7.813181453545075e-09,6.911392280730218e-13,0.6911392280730217
315,7.813236661377196e-09,7.463470601939996e-13,0.7463470601939997
316,7.81323454932426e-09,7.442350072569436e-13,0.7442350072569436
317,7.813192562497375e-09,7.022481803727428e-13,0.7022481803727427
318,7.8132255792589e-09,7.352649418980477e-13,0.7352649418980477
319,7.813238335751269e-09,7.480214342665505e-13,0.7480214342665504
320,7.813181034744881e-09,6.90720427878845e-13,0.6907204278788449
321,7.813208967831498e-09,7.186535144951641e-13,0.718653514495164
322,7.813238343218711e-09,7.480289017090135e-13,0.7480289017090135
323,7.81320411846623e-09,7.138041492281795e-13,0.7138041492281795
324,7.813190453520862e-09,7.001392038593511e-13,0.7001392038593511
325,7.813240287138997e-09,7.499728219941714e-13,0.7499728219941714
326,7.81320272183765e-09,7.124075206471652e-13,0.7124075206471652
327,7.813170365084197e-09,6.800507671943608e-13,0.6800507671943608
328,7.813236492959941e-09,7.461786429390312e-13,0.7461786429390311
329,7.81320043976826e-09,7.101254512569362e-13,0.7101254512569362
330,7.813151529673535e-09,6.612153565326391e-13,0.6612153565326391
331,7.813233747841356e-09,7.434335243534608e-13,0.7434335243534608
332,7.81319771135994e-09,7.073970429373493e-13,0.7073970429373493
333,7.813141719839383e-09,6.514055223810446e-13,0.6514055223810445
334,7.813217332491916e-09,7.270181749134712e-13,0.7270181749134712
335,7.813192490004907e-09,7.02175687904985e-13,0.702175687904985
336,7.813133747131603e-09,6.434328146006181e-13,0.6434328146006181
337,7.813200867255623e-09,7.105529386210201e-13,0.7105529386210201
338,7.81318364940684e-09,6.93335089838011e-13,0.693335089838011
339,7.81312913433925e-09,6.388200222476699e-13,0.6388200222476699
340,7.813179102290034e-09,6.887879730316611e-13,0.6887879730316611
341,7.813174437767685e-09,6.841234506825582e-13,0.6841234506825582
342,7.813132688760547e-09,6.423744435448921e-13,0.642374443544892
343,7.813147519074174e-09,6.572047571713437e-13,0.6572047571713436
344,7.813168501313557e-09,6.781869965548039e-13,0.6781869965548039
345,7.813139091597792e-09,6.487772807896682e-13,0.6487772807896681
346,7.813099262251916e-09,6.089479349135506e-13,0.6089479349135506
347,7.813183129260848e-09,6.928149438457611e-13,0.692814943845761
348,7.813129529652915e-09,6.392153359122853e-13,0.6392153359122853
349,7.813079451194824e-09,5.891368778218635e-13,0.5891368778218635
350,7.81316434342533e-09,6.740291083283763e-13,0.6740291083283763
351,7.813127338358351e-09,6.370240413489477e-13,0.6370240413489476
352,7.813072740837186e-09,5.824265201833891e-13,0.582426520183389
353,7.813142939661695e-09,6.526253446927809e-13,0.6526253446927809
354,7.813121389368136e-09,6.31075051133574e-13,0.631075051133574
355,7.81306528067243e-09,5.74966355427478e-13,0.574966355427478
356,7.813122527400946e-09,6.322130839439234e-13,0.6322130839439234
357,7.813111629637677e-09,6.213153206748755e-13,0.6213153206748755
358,7.813073972423091e-09,5.836581060886968e-13,0.5836581060886968
359,7.813086376820804e-09,5.96062503801685e-13,0.5960625038016849
360,7.813108134766184e-09,6.178204491819771e-13,0.6178204491819771
361,7.813077004448677e-09,5.866901316741612e-13,0.5866901316741612
362,7.81304335557018e-09,5.530412531772429e-13,0.5530412531772428
363,7.813112246792659e-09,6.219324756565085e-13,0.6219324756565086
364,7.813076670785458e-09,5.863564684555788e-13,0.5863564684555788
365,7.813022595619347e-09,5.322813023441965e-13,0.5322813023441965
366,7.813102099961367e-09,6.117856443646512e-13,0.6117856443646512
367,7.813080324695857e-09,5.900103788546536e-13,0.5900103788546536
368,7.813011917989776e-09,5.216036727737446e-13,0.5216036727737445
369,7.813075877190125e-09,5.855628731229008e-13,0.5855628731229008
370,7.813065967826214e-09,5.756535092118721e-13,0.5756535092118721
371,7.81303119449454e-09,5.408801775368148e-13,0.5408801775368148
372,7.813035096890524e-09,5.447825735212962e-13,0.5447825735212962
373,7.813067565127065e-09,5.772508100624864e-13,0.5772508100624864
374,7.813036607102835e-09,5.462927858324056e-13,0.5462927858324056
375,7.812992561050764e-09,5.022467337620031e-13,0.502246733762003
376,7.813073807746334e-09,5.834934293312234e-13,0.5834934293312234
377,7.813038181554125e-09,5.478672371222347e-13,0.5478672371222347
378,7.812984279304707e-09,4.939649877048368e-13,0.49396498770483677
379,7.813051516170197e-09,5.612018531941611e-13,0.561201853194161
380,7.813034616738039e-09,5.443024210366838e-13,0.5443024210366838
381,7.813000743280615e-09,5.104289636122624e-13,0.5104289636122623
382,7.813006472855415e-09,5.161585384129793e-13,0.5161585384129792
383,7.813063208585895e-09,5.728942688930051e-13,0.5728942688930051
384,7.799535503330546e-09,-1.2954810986456064e-11,-12.954810986456064
385,7.802528719831484e-09,-9.961594485518481e-12,-9.96159448551848
386,7.804821344011177e-09,-7.668970305825214e-12,-7.668970305825214
387,7.806874925477838e-09,-5.6153888391646785e-12,-5.6153888391646785
388,7.80779585465006e-09,-4.694459666942268e-12,-4.694459666942268
389,7.80849266958383e-09,-3.997644733171946e-12,-3.9976447331719456
390,7.809042026503377e-09,-3.4482878136252144e-12,-3.4482878136252144
391,7.809488315491673e-09,-3.0019988253298145e-12,-3.0019988253298147
392,7.809868429360114e-09,-2.621884956888751e-12,-2.621884956888751
393,7.810198238158658e-09,-2.292076158344686e-12,-2.292076158344686
394,7.8104833239564e-09,-2.006990360602469e-12,-2.006990360602469
395,7.810729958673173e-09,-1.7603556438296518e-12,-1.7603556438296517
396,7.810957244338505e-09,-1.5330699784977712e-12,-1.5330699784977713
397,7.811153025663684e-09,-1.3372886533181598e-12,-1.3372886533181598
398,7.8113271035653e-09,-1.1632107517020916e-12,-1.1632107517020915
399,7.811469935343064e-09,-1.020378973938388e-12,-1.020378973938388
400,7.811637129374036e-09,-8.531849429659734e-13,-0.8531849429659734
401,7.811810961446362e-09,-6.793528706399891e-13,-0.6793528706399892
402,7.811903627907889e-09,-5.866864091132505e-13,-0.5866864091132505
403,7.81201159246207e-09,-4.787218549327414e-13,-0.4787218549327414
404,7.812091662567889e-09,-3.9865174911362945e-13,-0.39865174911362944
405,7.812191984486088e-09,-2.9832983091466076e-13,-0.29832983091466075
406,7.81232738095443e-09,-1.6293336257206399e-13,-0.16293336257206398
407,7.812376131901828e-09,-1.1418241517416062e-13,-0.11418241517416063
408,7.812427618209992e-09,-6.269610701023926e-14,-0.06269610701023927
409,7.812485299784895e-09,-5.014532107464174e-15,-0.005014532107464173
410,7.812606676326525e-09,1.163620095225053e-13,0.11636200952250529
411,7.812640470664296e-09,1.5015634729338966e-13,0.15015634729338967
412,7.81265276051605e-09,1.624461990468547e-13,0.1624461990468547
413,7.812726721264599e-09,2.3640694759675523e-13,0.23640694759675523
414,7.812797106436357e-09,3.0679211935454297e-13,0.306792119354543
415,7.812820599403369e-09,3.3028508636640934e-13,0.33028508636640935
416,7.812819291096607e-09,3.289767796048711e-13,0.3289767796048711
417,7.812907175928398e-09,4.168616113953512e-13,0.4168616113953512
418,7.812932141119987e-09,4.418268029847085e-13,0.4418268029847085
419,7.812923828243775e-09,4.335139267726647e-13,0.4335139267726647
420,7.812972498540084e-09,4.821842230814623e-13,0.4821842230814623
421,7.813022296596387e-09,5.31982279385025e-13,0.531982279385025
422,7.813018158372878e-09,5.278440558755009e-13,0.5278440558755009
423,7.813000571759831e-09,5.102574428285751e-13,0.5102574428285751
424,7.813102757733273e-09,6.12443416270171e-13,0.612443416270171
425,7.813085037587176e-09,5.947232701731765e-13,0.5947232701731765
426,7.8130509214582e-09,5.606071411974985e-13,0.5606071411974984
427,7.81313806488544e-09,6.477505684373787e-13,0.6477505684373787
428,7.813133061143336e-09,6.427468263335594e-13,0.6427468263335594
429,7.81309079232902e-09,6.004780120168223e-13,0.6004780120168223
430,7.813164584199528e-09,6.74269882525831e-13,0.674269882525831
431,7.813165991141582e-09,6.756768245800112e-13,0.6756768245800111
432,7.813128149910782e-09,6.378355937801074e-13,0.6378355937801073
433,7.81317635637185e-09,6.860420548469885e-13,0.6860420548469885
434,7.81319867365713e-09,7.083593401280659e-13,0.7083593401280659
435,7.81316418983454e-09,6.738755175381166e-13,0.6738755175381166
436,7.813160574670817e-09,6.702603538141809e-13,0.6702603538141809
437,7.813211815352978e-09,7.215010359759257e-13,0.7215010359759256
438,7.813187031846568e-09,6.967175295656227e-13,0.6967175295656226
439,7.813151353273842e-09,6.610389568391757e-13,0.6610389568391757
440,7.8132394553933e-09,7.491410762975491e-13,0.7491410762975491
441,7.8131928468565e-09,7.025325394975314e-13,0.7025325394975314
442,7.81315248920601e-09,6.62174889007816e-13,0.662174889007816
443,7.813240481685524e-09,7.501673685214967e-13,0.7501673685214967
444,7.813203610937641e-09,7.132966206387119e-13,0.7132966206387119
445,7.81315340119622e-09,6.630868792177293e-13,0.6630868792177292
446,7.813233723636542e-09,7.434093195399601e-13,0.74340931953996
447,7.813186773833556e-09,6.964595165536254e-13,0.6964595165536254
448,7.813169843460979e-09,6.795291439766509e-13,0.6795291439766509
449,7.813207696035244e-09,7.173817182417843e-13,0.7173817182417842
450,7.813206038642488e-09,7.1572432548576e-13,0.7157243254857599
451,7.813150020721609e-09,6.597064046065553e-13,0.6597064046065553
452,7.81321148018543e-09,7.211658684268289e-13,0.721165868426829
453,7.81320072667526e-09,7.104123582568302e-13,0.7104123582568301
454,7.813159806093449e-09,6.694917764466331e-13,0.669491776446633
455,7.813184814043262e-09,6.944997262591678e-13,0.6944997262591678
456,7.81319743812744e-09,7.071238104373558e-13,0.7071238104373557
457,7.813154545137932e-09,6.642308209299187e-13,0.6642308209299187
458,7.813162605476353e-09,6.722911593509364e-13,0.6722911593509363
459,7.813191784622974e-09,7.014703059715659e-13,0.7014703059715659
460,7.813157282057239e-09,6.669677402365597e-13,0.6669677402365597
461,7.813133348633094e-09,6.430343160921211e-13,0.643034316092121
462,7.813191749738769e-09,7.014354217666662e-13,0.7014354217666662
463,7.813153267093964e-09,6.6295277696152e-13,0.66295277696152
464,7.813105771219001e-09,6.154569019984858e-13,0.6154569019984858
465,7.81318852538927e-09,6.982110722683301e-13,0.69821107226833
466,7.813149783132255e-09,6.594688152529822e-13,0.6594688152529822
467,7.813095335000597e-09,6.05020683594265e-13,0.605020683594265
468,7.813166960580955e-09,6.766462639525391e-13,0.676646263952539
469,7.813144029623692e-09,6.537153066893077e-13,0.6537153066893077
470,7.813085808576893e-09,5.954942598905581e-13,0.5954942598905582
471,7.81314706198809e-09,6.567476710879509e-13,0.656747671087951
472,7.813133354474234e-09,6.430401572313253e-13,0.6430401572313253
473,7.813088399115354e-09,5.980847983513864e-13,0.5980847983513864
474,7.81311421616459e-09,6.239018475876655e-13,0.6239018475876655
475,7.813126366750574e-09,6.360524335720748e-13,0.6360524335720747
476,7.813094005091107e-09,6.036907741044399e-13,0.6036907741044399
477,7.813074741108879e-09,5.844267918764619e-13,0.5844267918764618
478,7.813124724956777e-09,6.344106397748072e-13,0.6344106397748072
479,7.813092242056402e-09,6.019277393992341e-13,0.601927739399234
480,7.81304385264977e-09,5.535383327682732e-13,0.5535383327682731
481,7.813122446844725e-09,6.321325277225078e-13,0.6321325277225077
482,7.813089178209482e-09,5.988638924800073e-13,0.5988638924800073
483,7.81303395229829e-09,5.436379812878033e-13,0.5436379812878033
484,7.813099973868012e-09,6.096595510094614e-13,0.6096595510094615
485,7.813082044484448e-09,5.917301674457044e-13,0.5917301674457044
486,7.81303501058803e-09,5.446962710283664e-13,0.5446962710283664
487,7.81306778191329e-09,5.774675962868749e-13,0.5774675962868748
488,7.813075010343383e-09,5.846960263809444e-13,0.5846960263809443
489,7.813044561690886e-09,5.542473738840244e-13,0.5542473738840243
490,7.81301278216667e-09,5.224678496678513e-13,0.5224678496678513
491,7.813088704196293e-09,5.983898792901966e-13,0.5983898792901966
492,7.813045669962347e-09,5.553556453447391e-13,0.555355645344739
493,7.81300270939994e-09,5.123950829369019e-13,0.5123950829369018
494,7.813063228779161e-09,5.729144621584677e-13,0.5729144621584676
495,7.813044506789599e-09,5.541924725965152e-13,0.5541924725965152
496,7.812988665661436e-09,4.983513444340614e-13,0.49835134443406137
497,7.813049026069514e-09,5.587117525120865e-13,0.5587117525120865
498,7.81303377999146e-09,5.43465674457541e-13,0.543465674457541
499,7.813002329996942e-09,5.120156799391677e-13,0.5120156799391677
500,7.81300228429782e-09,5.119699808175975e-13,0.5119699808175975
501,7.813040306021177e-09,5.499917041741658e-13,0.5499917041741658
502,7.81300800261047e-09,5.176882934682477e-13,0.5176882934682476
503,7.812964280382484e-09,4.739660654817123e-13,0.4739660654817123
504,7.813041474343885e-09,5.51160026882709e-13,0.5511600268827089
505,7.813009573402578e-09,5.192590855757447e-13,0.5192590855757446
506,7.812955889836739e-09,4.65575519736537e-13,0.46557551973653705
507,7.813017724353196e-09,5.274100361933278e-13,0.5274100361933277
508,7.813003123592274e-09,5.128092752718457e-13,0.5128092752718456
509,7.81297116914559e-09,4.808548285876692e-13,0.4808548285876692
510,7.812971302326274e-09,4.809880092720319e-13,0.4809880092720319
511,7.813021820590976e-09,5.315062739737224e-13,0.5315062739737224
512,7.799610213208587e-09,-1.2880101108415085e-11,-12.880101108415085
513,7.802609386356918e-09,-9.880927960084285e-12,-9.880927960084286
514,7.804897327569273e-09,-7.59298674772958e-12,-7.59298674772958
515,7.806966863396162e-09,-5.523450920840269e-12,-5.5234509208402685
516,7.807868525929861e-09,-4.6217883871411584e-12,-4.621788387141159
517,7.808563769502318e-09,-3.926544814684474e-12,-3.926544814684474
518,7.809108498084763e-09,-3.381816232239339e-12,-3.381816232239339
519,7.809552906700573e-09,-2.937407616429262e-12,-2.937407616429262
520,7.809926249455396e-09,-2.5640648616059137e-12,-2.564064861605914
521,7.810253957788414e-09,-2.2363565285881863e-12,-2.2363565285881863
522,7.81053531638369e-09,-1.9549979333119043e-12,-1.9549979333119043
523,7.810781311326314e-09,-1.7090029906885436e-12,-1.7090029906885436
524,7.811001400396438e-09,-1.4889139205644429e-12,-1.4889139205644428
525,7.81119663173296e-09,-1.293682584041879e-12,-1.293682584041879
526,7.81136110855e-09,-1.1292057670016205e-12,-1.1292057670016205
527,7.811501131973087e-09,-9.891823439151974e-13,-0.9891823439151974
528,7.811702244239034e-09,-7.880700779686377e-13,-0.7880700779686377
529,7.81183105472128e-09,-6.592595957228041e-13,-0.6592595957228041
530,7.81193336746506e-09,-5.569468519421904e-13,-0.5569468519421904
531,7.812035967251366e-09,-4.543470656364111e-13,-0.4543470656364111
532,7.812104190578202e-09,-3.861237388004508e-13,-0.3861237388004508
533,7.812249949701831e-09,-2.403646151710363e-13,-0.2403646151710363
534,7.81233283085928e-09,-1.5748345772173973e-13,-0.15748345772173972
535,7.812393261442344e-09,-9.705287465810048e-14,-0.09705287465810049
536,7.812439722839357e-09,-5.0591477645416225e-14,-0.05059147764541622
537,7.812528774950311e-09,3.8460633309016103e-14,0.038460633309016105
538,7.812604662285464e-09,1.143479684618419e-13,0.1143479684618419
539,7.812648292830605e-09,1.5797851360216652e-13,0.15797851360216653
540,7.812652911897778e-09,1.6259758077518798e-13,0.162597580775188
541,7.812761449032678e-09,2.7113471567551383e-13,0.27113471567551384
542,7.812794991157918e-09,3.0467684091602375e-13,0.30467684091602376
543,7.812815417201587e-09,3.251028845849989e-13,0.3251028845849989
544,7.812825407514743e-09,3.350931977407308e-13,0.3350931977407308
545,7.812927182683982e-09,4.368683669791719e-13,0.4368683669791719
546,7.812929957035368e-09,4.396427183658179e-13,0.4396427183658179
547,7.812908326741241e-09,4.180124242388088e-13,0.4180124242388088
548,7.813000133064527e-09,5.098187475245332e-13,0.5098187475245332
549,7.813012103008877e-09,5.217886918744792e-13,0.5217886918744792
550,7.812999524027509e-09,5.092097105066666e-13,0.5092097105066666
551,7.81302684787382e-09,5.365335568172118e-13,0.5365335568172118
552,7.813087400158577e-09,5.970858415747126e-13,0.5970858415747126
553,7.81306868822499e-09,5.783739079879098e-13,0.5783739079879098
554,7.8130499255914e-09,5.596112743970162e-13,0.5596112743970162
555,7.813140637954693e-09,6.503236376907028e-13,0.6503236376907028
556,7.813117478366297e-09,6.271640492943485e-13,0.6271640492943485
557,7.81308028749417e-09,5.899731771676102e-13,0.5899731771676102
558,7.813165354227016e-09,6.750399100137845e-13,0.6750399100137845
559,7.813153386478176e-09,6.630721611732378e-13,0.6630721611732378
560,7.813106434276392e-09,6.161199593895965e-13,0.6161199593895965
561,7.813183081420427e-09,6.927671034249002e-13,0.6927671034249001
562,7.813173896561065e-09,6.835822440631077e-13,0.6835822440631077
563,7.813131009724405e-09,6.406954074029996e-13,0.6406954074029996
564,7.813185116535668e-09,6.948022186652912e-13,0.6948022186652912
565,7.813188934485855e-09,6.986201688530632e-13,0.6986201688530631
566,7.813155777021993e-09,6.654627049908239e-13,0.6654627049908239
567,7.813175335216033e-09,6.850208990308331e-13,0.6850208990308331
568,7.813200551576608e-09,7.102372596059738e-13,0.7102372596059737
569,7.813170132915854e-09,6.798185988516502e-13,0.6798185988516502
570,7.813160569927432e-09,6.702556104296763e-13,0.6702556104296763
571,7.813211776782486e-09,7.214624654836395e-13,0.7214624654836395
572,7.813178063271987e-09,6.877489549847139e-13,0.6877489549847139
573,7.813142879556237e-09,6.525652392348437e-13,0.6525652392348437
574,7.813219980845458e-09,7.296665284551472e-13,0.7296665284551472
575,7.813157120578878e-09,6.668062618754951e-13,0.6668062618754951
576,7.81313463395477e-09,6.443196377676026e-13,0.6443196377676026
577,7.813212589947668e-09,7.222756306655308e-13,0.7222756306655308
578,7.813182329512668e-09,6.920151956657543e-13,0.6920151956657543
579,7.813127240902129e-09,6.369265851261684e-13,0.6369265851261684
580,7.813199097268472e-09,7.087829514693832e-13,0.7087829514693832
581,7.8131790479444e-09,6.887336273977653e-13,0.6887336273977652
582,7.813122093489684e-09,6.317791726819676e-13,0.6317791726819676
583,7.813183362201685e-09,6.930478846825196e-13,0.6930478846825195
584,7.813170814350472e-09,6.805000334695845e-13,0.6805000334695844
585,7.81312524687815e-09,6.349325611481145e-13,0.6349325611481145
586,7.813156744780852e-09,6.664304638499845e-13,0.6664304638499845
587,7.813163606493114e-09,6.732921761117379e-13,0.6732921761117379
588,7.813129614993178e-09,6.393006761757871e-13,0.639300676175787
589,7.813123788395836e-09,6.334740788331599e-13,0.6334740788331599
590,7.813162200038951e-09,6.718857219485354e-13,0.6718857219485354
591,7.813127659458377e-09,6.373451413748564e-13,0.6373451413748564
592,7.813088672551142e-09,5.983582341392872e-13,0.5983582341392872
593,7.813164133225635e-09,6.738189086321857e-13,0.6738189086321856
594,7.813121566580981e-09,6.312522639786668e-13,0.6312522639786667
595,7.813070407064904e-09,5.800927479020597e-13,0.5800927479020597
596,7.813145603980114e-09,6.552896631114468e-13,0.6552896631114468
597,7.813119064120394e-09,6.287498033918258e-13,0.6287498033918258
598,7.813061773603663e-09,5.714592866601391e-13,0.5714592866601391
599,7.81312433965843e-09,6.340253414277601e-13,0.6340253414277601
600,7.813109080719027e-09,6.187664020249435e-13,0.6187664020249435
601,7.813064692831564e-09,5.743785145620835e-13,0.5743785145620834
602,7.813089560444958e-09,5.992461279559171e-13,0.599246127955917
603,7.813102601418424e-09,6.122871014219529e-13,0.6122871014219529
604,7.813068574180474e-09,5.782598634718915e-13,0.5782598634718915
605,7.813046896195004e-09,5.565818780018202e-13,0.5565818780018201
606,7.81310449085755e-09,6.141765405479434e-13,0.6141765405479434
607,7.813069064253409e-09,5.787499364063821e-13,0.5787499364063821
608,7.813018223736716e-09,5.279094197139746e-13,0.5279094197139745
609,7.813094118010763e-09,6.038036937607043e-13,0.6038036937607043
610,7.813065982218998e-09,5.756679019957119e-13,0.5756679019957118
611,7.81300609324913e-09,5.157789321273378e-13,0.5157789321273377
612,7.813070504683758e-09,5.801903667551649e-13,0.5801903667551649
613,7.81305736523763e-09,5.670509206268131e-13,0.5670509206268131
614,7.813016730505722e-09,5.264161887193918e-13,0.5264161887193918
615,7.813030020981213e-09,5.397066642103708e-13,0.5397066642103708
616,7.813054734556583e-09,5.644202395805485e-13,0.5644202395805485
617,7.813024811010303e-09,5.344966933008176e-13,0.5344966933008176
618,7.812980566806733e-09,4.902524897308662e-13,0.4902524897308662
619,7.813062335206835e-09,5.720208898329594e-13,0.5720208898329594
620,7.813024285755008e-09,5.339714380058298e-13,0.5339714380058298
621,7.81297066751235e-09,4.803531953475145e-13,0.48035319534751447
622,7.813037396645962e-09,5.470823289594638e-13,0.5470823289594638
623,7.81301928016976e-09,5.289658527583173e-13,0.5289658527583173
624,7.812974446187314e-09,4.841318703115881e-13,0.4841318703115881
625,7.812999668795604e-09,5.093544786017478e-13,0.5093544786017478
626,7.81302090036083e-09,5.305860438272982e-13,0.5305860438272981
627,7.812983151571818e-09,4.92837254815126e-13,0.49283725481512597
628,7.812947797568564e-09,4.574832515615397e-13,0.45748325156153974
629,7.81302674335673e-09,5.364290397277842e-13,0.5364290397277842
630,7.812990890146139e-09,5.005758291364042e-13,0.5005758291364042
631,7.812936122052866e-09,4.458077358640593e-13,0.4458077358640593
632,7.813004308028938e-09,5.139937119351774e-13,0.5139937119351774
633,7.812986943406285e-09,4.966290892830681e-13,0.49662908928306815
634,7.812946668480421e-09,4.563541634191133e-13,0.45635416341911333
635,7.812960974731375e-09,4.706604143729669e-13,0.4706604143729669
636,7.812988166548966e-09,4.978522319639577e-13,0.49785223196395767
637,7.812960433714491e-09,4.701193974888966e-13,0.47011939748889664
638,7.812915199891836e-09,4.2488557483348193e-13,0.42488557483348194
639,7.813002776024163e-09,5.124617071604011e-13,0.5124617071604011
640,7.799846886533297e-09,-1.2643427783705048e-11,-12.643427783705048
641,7.803025644774627e-09,-9.464669542375567e-12,-9.464669542375567
642,7.80530828806017e-09,-7.1820262568316585e-12,-7.182026256831659
643,7.807326900943897e-09,-5.163413373104918e-12,-5.163413373104918
644,7.808241445778075e-09,-4.248868538927715e-12,-4.248868538927715
645,7.808914926390716e-09,-3.5753879262863707e-12,-3.575387926286371
646,7.809447108477201e-09,-3.043205839801455e-12,-3.043205839801455
647,7.809869659387478e-09,-2.6206549295240662e-12,-2.620654929524066
648,7.810239129494114e-09,-2.2511848228880916e-12,-2.2511848228880917
649,7.810548217589944e-09,-1.942096727058429e-12,-1.942096727058429
650,7.810816427658899e-09,-1.6738866581036933e-12,-1.6738866581036933
651,7.811047610366967e-09,-1.442703950035558e-12,-1.442703950035558
652,7.811241063381534e-09,-1.249250935468832e-12,-1.2492509354688321
653,7.811418125170159e-09,-1.0721891468437579e-12,-1.0721891468437579
654,7.811654052848377e-09,-8.362614686253213e-13,-0.8362614686253212
655,7.811774502098994e-09,-7.158122180084243e-13,-0.7158122180084243
656,7.811899709953603e-09,-5.90604363398907e-13,-0.5906043633989071
657,7.812013388592046e-09,-4.769257249562204e-13,-0.47692572495622043
658,7.81208724113722e-09,-4.0307317978313396e-13,-0.40307317978313395
659,7.812269514075824e-09,-2.20800241178644e-13,-0.220800241178644
660,7.812336524126219e-09,-1.5379019078380364e-13,-0.15379019078380363
661,7.812404655255212e-09,-8.56590617900861e-14,-0.0856590617900861
662,7.812462679329581e-09,-2.7634987421022837e-14,-0.027634987421022838
663,7.812561963557881e-09,7.164924087865997e-14,0.07164924087865997
664,7.812632475323795e-09,1.4216100679261256e-13,0.14216100679261257
665,7.812674549171456e-09,1.8423485445368247e-13,0.18423485445368248
666,7.812689535013884e-09,1.9922069688177712e-13,0.19922069688177713
667,7.812811667352849e-09,3.2135303584618623e-13,0.32135303584618624
668,7.812834116504219e-09,3.438021872164922e-13,0.3438021872164922
669,7.812840223489796e-09,3.499091727934513e-13,0.3499091727934513
670,7.812897048816033e-09,4.0673449903050595e-13,0.40673449903050596
671,7.812960037303072e-09,4.697229860695816e-13,0.4697229860695816
672,7.8129651867755e-09,4.748724584979101e-13,0.47487245849791015
673,7.81295180449519e-09,4.614901781879759e-13,0.4614901781879759
674,7.81306675891433e-09,5.764445973270262e-13,0.5764445973270261
675,7.813047008247299e-09,5.566939302963466e-13,0.5566939302963465
676,7.813023829319446e-09,5.335150024437406e-13,0.5335150024437406
677,7.813111070446854e-09,6.207561298518889e-13,0.6207561298518889
678,7.813115290297235e-09,6.249759802324741e-13,0.624975980232474
679,7.813082685424115e-09,5.923711071124964e-13,0.5923711071124964
680,7.813142471584512e-09,6.521572675098646e-13,0.6521572675098646
681,7.813161842048946e-09,6.715277319437078e-13,0.6715277319437079
682,7.813137501927014e-09,6.471876100118428e-13,0.6471876100118428
683,7.813154382629579e-09,6.640683125767903e-13,0.6640683125767903
684,7.81320189619059e-09,7.115818735877631e-13,0.7115818735877631
685,7.813170126220906e-09,6.798119039032351e-13,0.6798119039032351
686,7.813156272339756e-09,6.659580227533239e-13,0.6659580227533239
687,7.813229105667124e-09,7.387913501216383e-13,0.7387913501216382
688,7.813195348219332e-09,7.050339023296727e-13,0.7050339023296727
689,7.813155320681299e-09,6.650063642964248e-13,0.6650063642964248
690,7.813257370289212e-09,7.670559722097763e-13,0.7670559722097763
691,7.813202959725159e-09,7.126454081563356e-13,0.7126454081563356
692,7.813172163043764e-09,6.818487267620478e-13,0.6818487267620478
693,7.813246580444717e-09,7.562661277144721e-13,0.7562661277144721
694,7.813214309939547e-09,7.23995622544489e-13,0.7239956225444889
695,7.813169355326056e-09,6.790410090535436e-13,0.6790410090535436
696,7.813241181497369e-09,7.508671803662547e-13,0.7508671803662547
697,7.8132225109532e-09,7.321966361973866e-13,0.7321966361973865
698,7.813166406553645e-09,6.76092236642399e-13,0.6760922366423989
699,7.813232960331108e-09,7.42646014105476e-13,0.7426460141054759
700,7.813219556014389e-09,7.292416973863859e-13,0.7292416973863859
701,7.813167399235601e-09,6.770849185989995e-13,0.6770849185989996
702,7.813217392610926e-09,7.270782939239355e-13,0.7270782939239355
703,7.81319970748456e-09,7.093931675571123e-13,0.7093931675571123
704,7.813164559398404e-09,6.742450814011354e-13,0.6742450814011354
705,7.813192575209646e-09,7.022608926432152e-13,0.7022608926432151
706,7.813207760762114e-09,7.174464451114816e-13,0.7174464451114816
707,7.813171761265544e-09,6.81446948541979e-13,0.681446948541979
708,7.81316594248801e-09,6.756281710075209e-13,0.6756281710075208
709,7.813201618689044e-09,7.113043720417155e-13,0.7113043720417155
710,7.813168690005393e-09,6.783756883903978e-13,0.6783756883903979
711,7.813134626799036e-09,6.443124820332642e-13,0.6443124820332642
712,7.813201894266131e-09,7.11579949128907e-13,0.711579949128907
713,7.813162899932111e-09,6.725856151084563e-13,0.6725856151084563
714,7.813110912925831e-09,6.205986088287539e-13,0.620598608828754
715,7.813190729111501e-09,7.004147944990698e-13,0.7004147944990697
716,7.813156333366785e-09,6.660190497831077e-13,0.6660190497831077
717,7.813098874690297e-09,6.085603732944685e-13,0.6085603732944684
718,7.813168092271183e-09,6.777779541801794e-13,0.6777779541801794
719,7.813147253282011e-09,6.569389650087589e-13,0.6569389650087588
720,7.813093153856876e-09,6.028395398737673e-13,0.6028395398737673
721,7.81314063509511e-09,6.503207781074728e-13,0.6503207781074728
722,7.81313403901238e-09,6.437246953779784e-13,0.6437246953779784
723,7.813093345896186e-09,6.030315791835687e-13,0.6030315791835688
724,7.813107566115697e-09,6.172517986950356e-13,0.6172517986950355
725,7.813126729375544e-09,6.364150585411897e-13,0.6364150585411897
726,7.813093223123842e-09,6.029088068400619e-13,0.6029088068400619
727,7.813057663013756e-09,5.673486967534862e-13,0.5673486967534862
728,7.813133331895723e-09,6.430175787210833e-13,0.6430175787210833
729,7.813084114592314e-09,5.938002753112125e-13,0.5938002753112125
730,7.81304558422906e-09,5.552699120579498e-13,0.5552699120579497
731,7.813113906015006e-09,6.235916980036989e-13,0.6235916980036988
732,7.813083791811774e-09,5.934774947719364e-13,0.5934774947719363
733,7.813024980850574e-09,5.346665335711375e-13,0.5346665335711375
734,7.813089235496015e-09,5.98921179012296e-13,0.598921179012296
735,7.813073789626605e-09,5.834753096024158e-13,0.5834753096024158
736,7.813029835853692e-09,5.395215366894189e-13,0.5395215366894189
737,7.813050112412986e-09,5.597980959838626e-13,0.5597980959838627
738,7.813067820714175e-09,5.775063971721227e-13,0.5775063971721227
739,7.813035447453744e-09,5.451331367412422e-13,0.5451331367412422
740,7.81300197470389e-09,5.116603868872442e-13,0.5116603868872442
741,7.813072001668802e-09,5.816873517997699e-13,0.5816873517997699
742,7.813034503547332e-09,5.441892303298764e-13,0.5441892303298763
743,7.812982712334412e-09,4.923980174099978e-13,0.4923980174099978
744,7.813051975072319e-09,5.616607553161927e-13,0.5616607553161928
745,7.813030582245572e-09,5.402679285700123e-13,0.5402679285700123
746,7.81298043170159e-09,4.901173845876474e-13,0.49011738458764736
747,7.813019969044716e-09,5.296547277136603e-13,0.5296547277136603
748,7.81302337715293e-09,5.330628359277055e-13,0.5330628359277055
749,7.812996356435994e-09,5.060421189920601e-13,0.5060421189920601
750,7.812960128159214e-09,4.698138422116359e-13,0.4698138422116359
751,7.813034565672117e-09,5.442513551143598e-13,0.5442513551143597
752,7.812993286747936e-09,5.029724309336291e-13,0.5029724309336291
753,7.812943862172176e-09,4.535478551734333e-13,0.4535478551734333
754,7.81301552339568e-09,5.252090786781279e-13,0.5252090786781278
755,7.812991559912031e-09,5.012455950284571e-13,0.5012455950284571
756,7.812944441163241e-09,4.541268462385949e-13,0.4541268462385949
757,7.812980498542654e-09,4.901842256515811e-13,0.4901842256515811
758,7.812988350307682e-09,4.980359906796668e-13,0.4980359906796668
759,7.812955110566427e-09,4.647962494250631e-13,0.4647962494250631
760,7.812926899937607e-09,4.3658562060511485e-13,0.43658562060511485
761,7.81299934116326e-09,5.090268462577498e-13,0.5090268462577497
762,7.812963741019008e-09,4.73426702005955e-13,0.47342670200595505
763,7.812911415348628e-09,4.211010316251497e-13,0.4211010316251497
764,7.812976907177168e-09,4.865928601653315e-13,0.4865928601653315
765,7.812959502452588e-09,4.691881355853674e-13,0.46918813558536737
766,7.812930343146867e-09,4.400288298644943e-13,0.4400288298644943
767,7.812918977834963e-09,4.2866351796108914e-13,0.42866351796108915
768,7.799839480266942e-09,-1.265083405006046e-11,-12.65083405006046
769,7.80299577739002e-09,-9.494536926982764e-12,-9.494536926982764
770,7.805247903420174e-09,-7.242410896828239e-12,-7.242410896828239
771,7.807312830859282e-09,-5.17748345772055e-12,-5.17748345772055
772,7.808189141561344e-09,-4.3011727556580324e-12,-4.301172755658032
773,7.80887340900982e-09,-3.6169053071824124e-12,-3.6169053071824124
774,7.8093991659516e-09,-3.091148365401972e-12,-3.091148365401972
775,7.80983732818054e-09,-2.6529861364631814e-12,-2.6529861364631815
776,7.810203905188546e-09,-2.2864091284567943e-12,-2.2864091284567944
777,7.810515332423457e-09,-1.9749818935450484e-12,-1.9749818935450485
778,7.810780730478552e-09,-1.7095838384499255e-12,-1.7095838384499256
779,7.811020424431173e-09,-1.469889885829763e-12,-1.469889885829763
780,7.811226741924644e-09,-1.2635723923581547e-12,-1.2635723923581548
781,7.811405092002948e-09,-1.0852223140541518e-12,-1.085222314054152
782,7.81155002741753e-09,-9.40286899472756e-13,-0.940286899472756
783,7.811740186395503e-09,-7.501279214990027e-13,-0.7501279214990026
784,7.811893541344686e-09,-5.967729723168448e-13,-0.5967729723168448
785,7.811992527363178e-09,-4.977869538247041e-13,-0.4977869538247041
786,7.812094693699007e-09,-3.956206179949574e-13,-0.3956206179949574
787,7.812166883240678e-09,-3.234310763241378e-13,-0.3234310763241378
788,7.812308717850599e-09,-1.815964664035234e-13,-0.1815964664035234
789,7.812401856305989e-09,-8.845801101352036e-14,-0.08845801101352037
790,7.812458233910939e-09,-3.208040606359359e-14,-0.03208040606359359
791,7.81249576260691e-09,5.4482899075640654e-15,0.005448289907564066
792,7.81259576426534e-09,1.0544994833730769e-13,0.10544994833730768
793,7.812670481529508e-09,1.8016721250558714e-13,0.18016721250558715
794,7.812702907577032e-09,2.1259326002974048e-13,0.2125932600297405
795,7.812708798955455e-09,2.1848463845217369e-13,0.2184846384521737
796,7.812830562164237e-09,3.4024784723443296e-13,0.34024784723443297
797,7.812844642846929e-09,3.543285299263009e-13,0.35432852992630093
798,7.812854865152244e-09,3.645508352418904e-13,0.3645508352418904
799,7.812902555126501e-09,4.1224080949885377e-13,0.4122408094988538
800,7.812966533368151e-09,4.762190511486643e-13,0.4762190511486643
801,7.812969959650304e-09,4.796453333016258e-13,0.47964533330162584
802,7.812952627431744e-09,4.623131147419467e-13,0.4623131147419467
803,7.813056377190637e-09,5.660628736344999e-13,0.5660628736344998
804,7.813051491219994e-09,5.611769029916668e-13,0.5611769029916668
805,7.813019452015805e-09,5.291376988026563e-13,0.5291376988026563
806,7.813104005175635e-09,6.136908586322514e-13,0.6136908586322514
807,7.813107691449469e-09,6.173771324661749e-13,0.6173771324661749
808,7.813080801555078e-09,5.904872380751671e-13,0.590487238075167
809,7.813126079464104e-09,6.357651471014204e-13,0.6357651471014204
810,7.813150900267069e-09,6.60585950066457e-13,0.6605859500664569
811,7.813130179469487e-09,6.398651524843645e-13,0.6398651524843645
812,7.813133014197382e-09,6.426998803794908e-13,0.6426998803794908
813,7.813187111210167e-09,6.967968931646486e-13,0.6967968931646485
814,7.813169455858702e-09,6.791415416999873e-13,0.6791415416999873
815,7.813124327718654e-09,6.340134016513356e-13,0.6340134016513356
816,7.813220645230996e-09,7.303309139939192e-13,0.7303309139939191
817,7.813183391217646e-09,6.930769006431607e-13,0.6930769006431607
818,7.813138396556437e-09,6.480822394344692e-13,0.6480822394344692
819,7.81322423009127e-09,7.339157742671339e-13,0.7339157742671338
820,7.813196213534638e-09,7.058992176360606e-13,0.7058992176360606
821,7.813145634879876e-09,6.553205628733626e-13,0.6553205628733626
822,7.813220767352819e-09,7.304530358161225e-13,0.7304530358161225
823,7.813202281163677e-09,7.119668466741584e-13,0.7119668466741584
824,7.81314857626616e-09,6.582619491572071e-13,0.6582619491572071
825,7.813215099902802e-09,7.24785585799889e-13,0.724785585799889
826,7.813202352585495e-09,7.120382684922709e-13,0.7120382684922709
827,7.813151783973155e-09,6.614696561521956e-13,0.6614696561521956
828,7.813200682182313e-09,7.103678653101768e-13,0.7103678653101768
829,7.813198245749638e-09,7.079314326356402e-13,0.7079314326356402
830,7.813168914353927e-09,6.786000369249394e-13,0.6786000369249394
831,7.813143085622413e-09,6.527713054102517e-13,0.6527713054102517
832,7.813207309422302e-09,7.169951052996031e-13,0.7169951052996031
833,7.813151449835598e-09,6.611355185951627e-13,0.6611355185951627
834,7.813147875383665e-09,6.575610666628039e-13,0.6575610666628039
835,7.813193653448706e-09,7.03339131703752e-13,0.703339131703752
836,7.813163963073656e-09,6.736487566537412e-13,0.6736487566537412
837,7.813114134131143e-09,6.238198141407898e-13,0.6238198141407898
838,7.813194233862787e-09,7.03919545784265e-13,0.703919545784265
839,7.813154571118127e-09,6.642568011244769e-13,0.6642568011244769
840,7.813100502348808e-09,6.101880318059123e-13,0.6101880318059123
841,7.81317674206322e-09,6.864277462173231e-13,0.686427746217323
842,7.81314728110535e-09,6.569667883470103e-13,0.6569667883470103
843,7.813090666697092e-09,6.003523800900855e-13,0.6003523800900855
844,7.81315539244193e-09,6.650781249277162e-13,0.6650781249277161
845,7.813137466216105e-09,6.471518991027865e-13,0.6471518991027865
846,7.813086132211241e-09,5.958178942390451e-13,0.5958178942390451
847,7.813126491908163e-09,6.361775911603611e-13,0.6361775911603611
848,7.81312528688521e-09,6.349725682082792e-13,0.6349725682082792
849,7.813091030541789e-09,6.007162247866445e-13,0.6007162247866444
850,7.813085751209045e-09,5.954368920431065e-13,0.5954368920431065
851,7.813127826357749e-09,6.375120407467834e-13,0.6375120407467834
852,7.813088845752439e-09,5.985314354363418e-13,0.5985314354363418
853,7.813036983605592e-09,5.466692885893283e-13,0.5466692885893283
854,7.813124612687642e-09,6.342983706398463e-13,0.6342983706398463
855,7.81308467782179e-09,5.943635047872915e-13,0.5943635047872915
856,7.813027092889958e-09,5.367785729556664e-13,0.5367785729556663
857,7.813098259161618e-09,6.079448446160942e-13,0.6079448446160941
858,7.813076416296103e-09,5.861019791006421e-13,0.5861019791006421
859,7.813022458521982e-09,5.321442049794857e-13,0.5321442049794857
860,7.813070512801721e-09,5.801984847189314e-13,0.5801984847189313
861,7.813065501687043e-09,5.751873700403391e-13,0.5751873700403392
862,7.813026734574693e-09,5.364202576901871e-13,0.5364202576901871
863,7.813017973936536e-09,5.276596195334339e-13,0.5276596195334339
864,7.813073396847263e-09,5.830825302603786e-13,0.5830825302603786
865,7.813031342677871e-09,5.410283608687393e-13,0.5410283608687393
866,7.812985565209141e-09,4.95250892138986e-13,0.49525089213898604
867,7.813060665196677e-09,5.703508796741529e-13,0.5703508796741529
868,7.813029971460279e-09,5.396571432761425e-13,0.5396571432761426
869,7.812972636965596e-09,4.823226485938344e-13,0.4823226485938344
870,7.813036243366558e-09,5.459290495560639e-13,0.5459290495560638
871,7.813020482048526e-09,5.30167731524099e-13,0.5301677315240989
872,7.812983714503138e-09,4.934001861356076e-13,0.4934001861356076
873,7.812990228444e-09,4.999141269980091e-13,0.49991412699800913
874,7.813015923547597e-09,5.25609230594938e-13,0.5256092305949379
875,7.812990328380336e-09,5.00014063333258e-13,0.5000140633332579
876,7.812944293915033e-09,4.539795980310442e-13,0.4539795980310442
877,7.81302779043853e-09,5.374761215283892e-13,0.5374761215283892
878,7.812981109084002e-09,4.90794766999962e-13,0.490794766999962
879,7.812951664538242e-09,4.613502212400352e-13,0.46135022124003516
880,7.812979525850675e-09,4.892115336725357e-13,0.4892115336725357
881,7.812981350047935e-09,4.910357309327969e-13,0.4910357309327969
882,7.812959349363241e-09,4.690350462386124e-13,0.4690350462386124
883,7.812935338771007e-09,4.4502445400454715e-13,0.44502445400454715
884,7.812987482986602e-09,4.971686695992599e-13,0.49716866959925987
885,7.812957201016636e-09,4.668866996338324e-13,0.4668866996338324
886,7.812914404914145e-09,4.240905971430341e-13,0.4240905971430341
887,7.812974796181328e-09,4.844818643253936e-13,0.4844818643253936
888,7.812957554642727e-09,4.672403257249157e-13,0.4672403257249157
889,7.81290953855401e-09,4.1922423700699584e-13,0.41922423700699585
890,7.812945543973033e-09,4.552296560308657e-13,0.4552296560308657
891,7.812954618799427e-09,4.64304482424678e-13,0.464304482424678
892,7.812923447770128e-09,4.331334531252852e-13,0.43313345312528523
893,7.812890502620156e-09,4.0018830315347297e-13,0.400188303153473
894,7.812967038809651e-09,4.767244926489499e-13,0.4767244926489499
895,7.81291360352611e-09,4.2328920910724143e-13,0.42328920910724144
896,7.799859004891372e-09,-1.2631309425630216e-11,-12.631309425630215
897,7.802959433293342e-09,-9.530881023660264e-12,-9.530881023660264
898,7.805326381768126e-09,-7.163932548876134e-12,-7.163932548876134
899,7.807260424727547e-09,-5.229889589455081e-12,-5.229889589455081
900,7.808174644084232e-09,-4.315670232770058e-12,-4.315670232770058
901,7.808888518939187e-09,-3.6017953778156768e-12,-3.6017953778156766
902,7.80942478362961e-09,-3.0655306873926856e-12,-3.0655306873926857
903,7.809855553483533e-09,-2.6347608334689716e-12,-2.6347608334689716
904,7.810206520907602e-09,-2.28379340940051e-12,-2.28379340940051
905,7.810510109997775e-09,-1.980204319227058e-12,-1.9802043192270582
906,7.810769094766627e-09,-1.7212195503751486e-12,-1.7212195503751486
907,7.811003039330652e-09,-1.4872749863504052e-12,-1.4872749863504051
908,7.811264025712897e-09,-1.2262886041052344e-12,-1.2262886041052343
909,7.811433208373942e-09,-1.057105943060574e-12,-1.057105943060574
910,7.81158419098035e-09,-9.061233366520317e-13,-0.9061233366520317
911,7.811731264699114e-09,-7.590496178884785e-13,-0.7590496178884786
912,7.811851719181006e-09,-6.385951359960994e-13,-0.6385951359960994
913,7.81194791786479e-09,-5.423964522116202e-13,-0.5423964522116203
914,7.812145391900612e-09,-3.4492241639021577e-13,-0.34492241639021576
915,7.812207952656342e-09,-2.823616606607128e-13,-0.2823616606607128
916,7.81228650912106e-09,-2.038051959420807e-13,-0.20380519594208069
917,7.812338590859505e-09,-1.5172345749755745e-13,-0.15172345749755745
918,7.812469944866495e-09,-2.0369450507600038e-14,-0.02036945050760004
919,7.812536784426098e-09,4.647010909561699e-14,0.04647010909561699
920,7.812586911144738e-09,9.659682773524152e-14,0.09659682773524152
921,7.812601237101066e-09,1.1092278406358002e-13,0.11092278406358001
922,7.812723276388379e-09,2.3296207137653556e-13,0.23296207137653557
923,7.812757309630099e-09,2.669953130961271e-13,0.2669953130961271
924,7.812776586541437e-09,2.8627222443501204e-13,0.28627222443501205
925,7.812799498823318e-09,3.0918450631582233e-13,0.30918450631582234
926,7.812907336566502e-09,4.170222494997321e-13,0.4170222494997321
927,7.812910757265014e-09,4.2044294801150533e-13,0.42044294801150534
928,7.812890913844487e-09,4.0059952748496957e-13,0.4005995274849696
929,7.812987507015232e-09,4.971926982299076e-13,0.4971926982299076
930,7.81300079366891e-09,5.104793519082286e-13,0.5104793519082286
931,7.81299090312946e-09,5.005888124574197e-13,0.5005888124574197
932,7.813023000338465e-09,5.326860214626582e-13,0.5326860214626582
933,7.813075644886257e-09,5.853305692549187e-13,0.5853305692549187
934,7.81306483534994e-09,5.745210329376567e-13,0.5745210329376567
935,7.81304178031929e-09,5.514660022883115e-13,0.5514660022883116
936,7.813139072190573e-09,6.487578735707807e-13,0.6487578735707806
937,7.81311597300579e-09,6.25658688787961e-13,0.625658688787961
938,7.813080245061207e-09,5.899307442050846e-13,0.5899307442050845
939,7.813162189698373e-09,6.718753813703153e-13,0.6718753813703153
940,7.8131463203667e-09,6.560060496969166e-13,0.6560060496969166
941,7.813109687357248e-09,6.193730402455035e-13,0.6193730402455034
942,7.81317630306976e-09,6.859887527576837e-13,0.6859887527576837
943,7.813171041246882e-09,6.807269298792314e-13,0.6807269298792313
944,7.8131313655189e-09,6.410512018984278e-13,0.6410512018984278
945,7.813179045925074e-09,6.88731608071219e-13,0.688731608071219
946,7.813186396517647e-09,6.960822006450733e-13,0.6960822006450733
947,7.813155697997207e-09,6.653836802049769e-13,0.6653836802049768
948,7.813168129459317e-09,6.778151423146957e-13,0.6778151423146956
949,7.813198180141854e-09,7.078658248516777e-13,0.7078658248516777
950,7.813167724984144e-09,6.774106671417228e-13,0.6774106671417228
951,7.813151094379915e-09,6.607800629129133e-13,0.6607800629129134
952,7.813207633327701e-09,7.173190106986331e-13,0.7173190106986331
953,7.813173785999549e-09,6.834716825465685e-13,0.6834716825465685
954,7.813129767377794e-09,6.394530607911299e-13,0.6394530607911298
955,7.813215449151427e-09,7.251348344247009e-13,0.725134834424701
956,7.813175980709349e-09,6.856663923467495e-13,0.6856663923467494
957,7.81312393922191e-09,6.336249049078798e-13,0.6336249049078797
958,7.81320143423915e-09,7.111199221471214e-13,0.7111199221471214
959,7.813158511068164e-09,6.681967511617078e-13,0.6681967511617077
960,7.81310885506945e-09,6.18540752447795e-13,0.6185407524477949
961,7.813184958526754e-09,6.946442097511786e-13,0.6946442097511786
962,7.813169995357703e-09,6.796810407010161e-13,0.6796810407010161
963,7.813111690271684e-09,6.213759546813717e-13,0.6213759546813717
964,7.813161047288096e-09,6.707329710936945e-13,0.6707329710936945
965,7.813158892246543e-09,6.685779295404994e-13,0.6685779295404993
966,7.813127981751026e-09,6.376674340231549e-13,0.6376674340231548
967,7.813110143657285e-09,6.198293402823212e-13,0.6198293402823212
968,7.813159351663661e-09,6.69037346658563e-13,0.669037346658563
969,7.81311845933887e-09,6.281450218674863e-13,0.6281450218674862
970,7.813092945378351e-09,6.026310613485254e-13,0.6026310613485254
971,7.813151086329714e-09,6.607720127117826e-13,0.6607720127117827
972,7.813114759715797e-09,6.24445398794314e-13,0.6244453987943139
973,7.813064187159671e-09,5.738728426688362e-13,0.5738728426688362
974,7.813141597893744e-09,6.512835767416943e-13,0.6512835767416942
975,7.813108107037714e-09,6.177927207114158e-13,0.6177927207114158
976,7.813067130240021e-09,5.768159230185753e-13,0.5768159230185753
977,7.813100311895144e-09,6.099975781417881e-13,0.6099975781417881
978,7.813097968730962e-09,6.076544139591396e-13,0.6076544139591395
979,7.813048847691152e-09,5.585333741496583e-13,0.5585333741496583
980,7.8130785042662e-09,5.881899491969418e-13,0.5881899491969418
981,7.813091524802454e-09,6.012104854520263e-13,0.6012104854520263
982,7.813066696843755e-09,5.763825267526514e-13,0.5763825267526513
983,7.813029494695926e-09,5.391803789233192e-13,0.5391803789233192
984,7.813088480240781e-09,5.981659237789426e-13,0.5981659237789426
985,7.81304988338883e-09,5.595690718274522e-13,0.5595690718274522
986,7.813003763678132e-09,5.134493611294268e-13,0.5134493611294267
987,7.813080018449401e-09,5.897041323985079e-13,0.5897041323985079
988,7.813048887237426e-09,5.585729204238997e-13,0.5585729204238997
989,7.81299149464306e-09,5.011803260576735e-13,0.5011803260576735
990,7.813054507063862e-09,5.641927468597068e-13,0.5641927468597068
991,7.813037890432289e-09,5.475761152863952e-13,0.5475761152863952
992,7.812999297551228e-09,5.089832342253616e-13,0.5089832342253615
993,7.813009226999984e-09,5.189126829816356e-13,0.5189126829816355
994,7.813035601044534e-09,5.45286727531502e-13,0.545286727531502
995,7.813004613475795e-09,5.142991587922209e-13,0.5142991587922209
996,7.81295817990212e-09,4.678655851177881e-13,0.4678655851177881
997,7.813046621146466e-09,5.563068294631878e-13,0.5563068294631878
998,7.812996449677381e-09,5.061353603788939e-13,0.5061353603788938
999,7.812962951462329e-09,4.726371453263696e-13,0.47263714532636963
1000,7.8129984656429e-09,5.081513258984134e-13,0.5081513258984134
1001,7.812995182516092e-09,5.048681990898015e-13,0.5048681990898014
1002,7.812958248857378e-09,4.679345403759582e-13,0.46793454037595816
1003,7.812966533395256e-09,4.762190782537186e-13,0.4762190782537186
1004,7.812995712962005e-09,5.0539864500269e-13,0.5053986450026899
1005,7.812962911346848e-09,4.725970298459877e-13,0.47259702984598767
1006,7.812921720121071e-09,4.314058040684839e-13,0.4314058040684839
1007,7.81299569432728e-09,5.053800102778504e-13,0.5053800102778504
1008,7.812966906848694e-09,4.765925316920312e-13,0.47659253169203125
1009,7.812912280650381e-09,4.219663333790104e-13,0.4219663333790104
1010,7.8129682218233e-09,4.779075062969303e-13,0.4779075062969303
1011,7.812959361885776e-09,4.690475687737046e-13,0.4690475687737046
1012,7.812930998994314e-09,4.4068467731115795e-13,0.44068467731115796
1013,7.812910449554885e-09,4.201352378824268e-13,0.4201352378824268
1014,7.812968476082261e-09,4.781617652589053e-13,0.4781617652589053
1015,7.812935993710434e-09,4.4567939343189133e-13,0.44567939343189134
1016,7.812886412887588e-09,3.9609857058611324e-13,0.39609857058611325
1017,7.812953034346372e-09,4.627200293698077e-13,0.46272002936980766
1018,7.812934314186401e-09,4.439998693990212e-13,0.4439998693990212
1019,7.812895254868013e-09,4.049405510108571e-13,0.40494055101085713
1020,7.812902448942451e-09,4.1213462544858597e-13,0.412134625448586
1021,7.81294717439626e-09,4.568600792578494e-13,0.4568600792578494
1022,7.812905369701788e-09,4.15055384786099e-13,0.415055384786099
1023,7.812869091321315e-09,3.7877700431277877e-13,0.3787770043127788
1024,7.799946768387387e-09,-1.2543545929615364e-11,-12.543545929615364
1025,7.803166430879731e-09,-9.32388343727091e-12,-9.32388343727091
1026,7.805446051978825e-09,-7.0442623381777496e-12,-7.04426233817775
1027,7.807457218047035e-09,-5.033096269967671e-12,-5.033096269967672
1028,7.808333832122418e-09,-4.156482194584765e-12,-4.156482194584766
1029,7.80901954664198e-09,-3.470767675022056e-12,-3.470767675022056
1030,7.809536663671516e-09,-2.9536506454864623e-12,-2.953650645486462
1031,7.809970582929463e-09,-2.5197313875395853e-12,-2.5197313875395855
1032,7.810329928702002e-09,-2.160385615000389e-12,-2.160385615000389
1033,7.810634672481042e-09,-1.855641835960713e-12,-1.8556418359607127
1034,7.810895165944322e-09,-1.5951483726807354e-12,-1.5951483726807354
1035,7.811127104273541e-09,-1.3632100434610135e-12,-1.3632100434610135
1036,7.811328293572052e-09,-1.1620207449500987e-12,-1.1620207449500988
1037,7.811494254973575e-09,-9.960593434275829e-13,-0.9960593434275828
1038,7.811636658559243e-09,-8.536557577593752e-13,-0.8536557577593752
1039,7.811859933584556e-09,-6.303807324463716e-13,-0.6303807324463716
1040,7.811959709308806e-09,-5.306050081968468e-13,-0.5306050081968468
1041,7.81207008659229e-09,-4.2022772471179704e-13,-0.42022772471179703
1042,7.812160252395717e-09,-3.300619212857876e-13,-0.3300619212857876
1043,7.812237696265718e-09,-2.52618051284033e-13,-0.252618051284033
1044,7.812405847999575e-09,-8.446631742760764e-14,-0.08446631742760764
1045,7.812443531045278e-09,-4.6783271724669515e-14,-0.04678327172466951
1046,7.812507733025598e-09,1.7418708595960555e-14,0.017418708595960553
1047,7.812544122401269e-09,5.3808084266688973e-14,0.053808084266688976
1048,7.812680058233087e-09,1.8974391608504298e-13,0.18974391608504299
1049,7.812707999681613e-09,2.1768536461061737e-13,0.21768536461061738
1050,7.812718260598078e-09,2.279462810760745e-13,0.2279462810760745
1051,7.812784024236103e-09,2.937099191008984e-13,0.2937099191008984
1052,7.812868122437596e-09,3.7780812059386425e-13,0.37780812059386426
1053,7.812875810650727e-09,3.854963337242305e-13,0.38549633372423053
1054,7.812868071141281e-09,3.7775682427857853e-13,0.37775682427857854
1055,7.812975166084004e-09,4.848517670015913e-13,0.4848517670015913
1056,7.81298716131737e-09,4.968470003672106e-13,0.4968470003672106
1057,7.812955257218324e-09,4.649429013214189e-13,0.4649429013214189
1058,7.81303780468545e-09,5.474903684470788e-13,0.5474903684470788
1059,7.813058411384305e-09,5.680970673030443e-13,0.5680970673030443
1060,7.813048468992886e-09,5.581546758833363e-13,0.5581546758833362
1061,7.813063053639852e-09,5.727393228500298e-13,0.5727393228500298
1062,7.813123167527461e-09,6.32853210459086e-13,0.632853210459086
1063,7.813107058031454e-09,6.167437144519546e-13,0.6167437144519545
1064,7.813077800049783e-09,5.874857327808582e-13,0.5874857327808581
1065,7.813175561692315e-09,6.852473753121381e-13,0.6852473753121381
1066,7.813149288939353e-09,6.589746223502362e-13,0.6589746223502362
1067,7.813105051471389e-09,6.147371543862813e-13,0.6147371543862813
1068,7.813191856546236e-09,7.015422292331831e-13,0.7015422292331831
1069,7.813176255866308e-09,6.859415493055991e-13,0.6859415493055991
1070,7.813127504580097e-09,6.371902630945169e-13,0.6371902630945169
1071,7.813201452535061e-09,7.111382180587821e-13,0.7111382180587821
1072,7.813191837247437e-09,7.015229304345129e-13,0.7015229304345129
1073,7.813144659531601e-09,6.543452145989946e-13,0.6543452145989946
1074,7.813199851398845e-09,7.095370818429826e-13,0.7095370818429826
1075,7.813198584996498e-09,7.082706794954109e-13,0.7082706794954109
1076,7.813161646987423e-09,6.713326704203505e-13,0.6713326704203505
1077,7.813186406817568e-09,6.960925005657119e-13,0.6960925005657119
1078,7.81320391135651e-09,7.135970395081805e-13,0.7135970395081804
1079,7.813171142497812e-09,6.808281808096144e-13,0.6808281808096144
1080,7.813166879997628e-09,6.765656806260691e-13,0.676565680626069
1081,7.813208483952068e-09,7.181696350655838e-13,0.7181696350655837
1082,7.813174521820458e-09,6.842075034559801e-13,0.6842075034559801
1083,7.813143337035344e-09,6.53022718341524e-13,0.6530227183415239
1084,7.813211197208662e-09,7.208828916598102e-13,0.7208828916598102
1085,7.813173210667666e-09,6.828963506637391e-13,0.6828963506637391
1086,7.81312289364444e-09,6.32579327437789e-13,0.632579327437789
1087,7.813195942524753e-09,7.056282077505206e-13,0.7056282077505206
1088,7.813154804167384e-09,6.644898503814527e-13,0.6644898503814527
1089,7.813119402499892e-09,6.290881828898586e-13,0.6290881828898586
1090,7.813189779065795e-09,6.994647487929022e-13,0.6994647487929022
1091,7.813157233200379e-09,6.669188833761621e-13,0.666918883376162
1092,7.813117929096245e-09,6.276147792425051e-13,0.6276147792425051
1093,7.813155844608446e-09,6.655302914437512e-13,0.6655302914437512
1094,7.813146445524288e-09,6.561312072852028e-13,0.6561312072852028
1095,7.813122352139665e-09,6.320378226627412e-13,0.6320378226627411
1096,7.813115235206212e-09,6.249208892095847e-13,0.6249208892095847
1097,7.813152653828558e-09,6.623395115551807e-13,0.6623395115551807
1098,7.813114286529311e-09,6.239722123086598e-13,0.6239722123086598
1099,7.813083436166357e-09,5.931218493543068e-13,0.5931218493543068
1100,7.813138006663783e-09,6.476923467807162e-13,0.6476923467807162
1101,7.813103229767793e-09,6.129154507910169e-13,0.6129154507910168
1102,7.813053976265583e-09,5.636619485811122e-13,0.5636619485811122
1103,7.813135032114465e-09,6.447177974629208e-13,0.6447177974629208
1104,7.813096602256753e-09,6.062879397510475e-13,0.6062879397510474
1105,7.813040677536603e-09,5.503632196010951e-13,0.550363219601095
1106,7.813108956618536e-09,6.186423015337754e-13,0.6186423015337754
1107,7.813087186137068e-09,5.968718200658639e-13,0.5968718200658639
1108,7.813033755664674e-09,5.434413476712959e-13,0.5434413476712958
1109,7.813078458892338e-09,5.881445753360233e-13,0.5881445753360233
1110,7.813073886608489e-09,5.835722914867446e-13,0.5835722914867446
1111,7.81304129751051e-09,5.509831935083766e-13,0.5509831935083765
1112,7.813031541317262e-09,5.412270002592658e-13,0.5412270002592657
1113,7.813079643884655e-09,5.893295676529685e-13,0.5893295676529685
1114,7.813037003148336e-09,5.466888313334874e-13,0.5466888313334873
1115,7.812987877853033e-09,4.975635360304791e-13,0.4975635360304791
1116,7.813067388957764e-09,5.770746407619847e-13,0.5770746407619847
1117,7.813035153458772e-09,5.448391417696456e-13,0.5448391417696457
1118,7.812979525525414e-09,4.89211208411884e-13,0.489211208411884
1119,7.813040795890823e-09,5.50481573820749e-13,0.550481573820749
1120,7.81302357385431e-09,5.332595373068487e-13,0.5332595373068487
1121,7.812987989471647e-09,4.976751546441365e-13,0.4976751546441365
1122,7.812994989880471e-09,5.046755634688051e-13,0.504675563468805
1123,7.813021182687075e-09,5.308683700730134e-13,0.5308683700730134
1124,7.812994809387915e-09,5.044950709121406e-13,0.5044950709121405
1125,7.812945915922141e-09,4.55601605138664e-13,0.455601605138664
1126,7.813027283519805e-09,5.369692028026436e-13,0.5369692028026436
1127,7.812987744374193e-09,4.97430057190519e-13,0.49743005719051897
1128,7.812938844240576e-09,4.485299235736816e-13,0.4485299235736816
1129,7.812988746041475e-09,4.98431724472624e-13,0.498431724472624
1130,7.812981780964089e-09,4.914666470862513e-13,0.49146664708625126
1131,7.812952988403305e-09,4.626740863027486e-13,0.4626740863027486
1132,7.812939581348976e-09,4.49267031973173e-13,0.449267031973173
1133,7.812984756719581e-09,4.944424025789636e-13,0.4944424025789636
1134,7.812954415308232e-09,4.641009912294296e-13,0.4641009912294296
1135,7.812906070394548e-09,4.1575607754512205e-13,0.41575607754512206
1136,7.81297788031638e-09,4.87565999377773e-13,0.487565999377773
1137,7.812954453580568e-09,4.641392635661183e-13,0.46413926356611834
1138,7.81290244239658e-09,4.121280795779696e-13,0.4121280795779696
1139,7.812942813857095e-09,4.524995400928571e-13,0.4524995400928571
1140,7.812948005220385e-09,4.57690903382625e-13,0.457690903382625
1141,7.812921694601662e-09,4.31380284659849e-13,0.431380284659849
1142,7.812882448407477e-09,3.921340904747299e-13,0.3921340904747299
1143,7.81296112764454e-09,4.708133275368688e-13,0.47081332753686883
1144,7.812925285736756e-09,4.3497141975313696e-13,0.43497141975313697
1145,7.812870938435899e-09,3.8062411889646085e-13,0.38062411889646086
1146,7.812933179162252e-09,4.428648452497004e-13,0.44286484524970043
1147,7.812921041274986e-09,4.307269579832364e-13,0.4307269579832364
1148,7.812882419025598e-09,3.9210470859585555e-13,0.39210470859585556
1149,7.81288233859135e-09,3.920242743471843e-13,0.3920242743471843
1150,7.81293046581079e-09,4.401514937877839e-13,0.4401514937877839
1151,7.81288079551416e-09,3.9048119715772144e-13,0.39048119715772145
1152,7.800049076225153e-09,-1.2441238091849581e-11,-12.44123809184958
1153,7.803238202054889e-09,-9.252112262113398e-12,-9.252112262113398
1154,7.805650915015082e-09,-6.8393993019205305e-12,-6.839399301920531
1155,7.807570328970115e-09,-4.9199853468875525e-12,-4.919985346887552
1156,7.80844121761777e-09,-4.0490966992320536e-12,-4.049096699232053
1157,7.80912146500722e-09,-3.368849309781684e-12,-3.368849309781684
1158,7.809646635788649e-09,-2.8436785283532705e-12,-2.8436785283532706
1159,7.810084506868647e-09,-2.405807448355374e-12,-2.405807448355374
1160,7.81044870939258e-09,-2.041604924421893e-12,-2.041604924421893
1161,7.810756490320061e-09,-1.7338239969414874e-12,-1.7338239969414875
1162,7.81101232563068e-09,-1.4779886863228496e-12,-1.4779886863228495
1163,7.811226839963626e-09,-1.2634743533767077e-12,-1.2634743533767077
1164,7.811423057761495e-09,-1.067256555507508e-12,-1.067256555507508
1165,7.811597846994604e-09,-8.924673223985992e-13,-0.8924673223985992
1166,7.811738446156149e-09,-7.51868160853532e-13,-0.751868160853532
1167,7.811864012434444e-09,-6.263018825583182e-13,-0.6263018825583182
1168,7.812070408668098e-09,-4.1990564890393307e-13,-0.41990564890393306
1169,7.812147491796932e-09,-3.428225200700187e-13,-0.3428225200700187
1170,7.812239567381828e-09,-2.507469351747575e-13,-0.2507469351747575
1171,7.812311154418799e-09,-1.7915989820371526e-13,-0.17915989820371525
1172,7.812431875790608e-09,-5.843852639405162e-14,-0.05843852639405162
1173,7.81252756156545e-09,3.724724844767895e-14,0.03724724844767895
1174,7.812568154650442e-09,7.784033343914964e-14,0.07784033343914963
1175,7.812603946305455e-09,1.136319884521868e-13,0.11363198845218679
1176,7.812708971790833e-09,2.1865747383099503e-13,0.21865747383099504
1177,7.812760862452198e-09,2.7054813519514486e-13,0.27054813519514487
1178,7.812784680923807e-09,2.943666068042457e-13,0.2943666068042457
1179,7.812810795532329e-09,3.204812153267635e-13,0.3204812153267635
1180,7.812918812670315e-09,4.2849835331263813e-13,0.42849835331263814
1181,7.812925929414033e-09,4.3561509703041445e-13,0.43561509703041446
1182,7.812909313717584e-09,4.1899940058147666e-13,0.41899940058147667
1183,7.813004680669224e-09,5.143663522218607e-13,0.5143663522218607
1184,7.813021038894762e-09,5.307245777598875e-13,0.5307245777598875
1185,7.813013129558599e-09,5.228152415964428e-13,0.5228152415964428
1186,7.81304609030753e-09,5.557759905270117e-13,0.5557759905270117
1187,7.813098946613558e-09,6.086322965560857e-13,0.6086322965560858
1188,7.813087936161026e-09,5.976218440237351e-13,0.5976218440237351
1189,7.813070480695784e-09,5.801663787820986e-13,0.5801663787820986
1190,7.813167875959297e-09,6.775616422942414e-13,0.6775616422942414
1191,7.813129982578372e-09,6.396682613698411e-13,0.6396682613698411
1192,7.81310163491995e-09,6.113206029478179e-13,0.6113206029478179
1193,7.813190533291037e-09,7.002189740341917e-13,0.7002189740341918
1194,7.813174800135156e-09,6.844858181536572e-13,0.6844858181536572
1195,7.813128146441336e-09,6.378321243331554e-13,0.6378321243331554
1196,7.813206949982177e-09,7.166356651743698e-13,0.7166356651743698
1197,7.8131952520506e-09,7.049377335969733e-13,0.7049377335969732
1198,7.813146914631463e-09,6.56600314460183e-13,0.656600314460183
1199,7.813212800892753e-09,7.22486575750715e-13,0.722486575750715
1200,7.813206255103452e-09,7.159407864494967e-13,0.7159407864494967
1201,7.81317467027484e-09,6.843559578384477e-13,0.6843559578384477
1202,7.813195871739904e-09,7.055574229011845e-13,0.7055574229011845
1203,7.813216895843043e-09,7.265815260410298e-13,0.7265815260410298
1204,7.813174270610815e-09,6.839562938126152e-13,0.6839562938126152
1205,7.813187720504683e-09,6.974061876805311e-13,0.6974061876805311
1206,7.813217899014656e-09,7.275846976536492e-13,0.7275846976536492
1207,7.813184379996474e-09,6.940656794719404e-13,0.6940656794719403
1208,7.813167044443993e-09,6.767301269905808e-13,0.6767301269905808
1209,7.813220347983418e-09,7.300336664158051e-13,0.7300336664158051
1210,7.813184948253938e-09,6.946339369355943e-13,0.6946339369355943
1211,7.813140592214914e-09,6.50277897911551e-13,0.650277897911551
1212,7.813221652346394e-09,7.31338029391941e-13,0.7313380293919409
1213,7.813184690932105e-09,6.94376615102482e-13,0.694376615102482
1214,7.813132805380043e-09,6.424910630410701e-13,0.6424910630410701
1215,7.813188550258158e-09,6.982359411556614e-13,0.6982359411556615
1216,7.813159992034122e-09,6.696777171192144e-13,0.6696777171192143
1217,7.81313193692055e-09,6.41622603548382e-13,0.641622603548382
1218,7.813172019414082e-09,6.817050970792478e-13,0.6817050970792478
1219,7.81316473887452e-09,6.744245575182632e-13,0.6744245575182632
1220,7.813109621288678e-09,6.193069716756176e-13,0.6193069716756177
1221,7.813160543649082e-09,6.702293320795207e-13,0.6702293320795206
1222,7.813151688400733e-09,6.61374083730691e-13,0.661374083730691
1223,7.813120758240499e-09,6.304439234964431e-13,0.6304439234964431
1224,7.81311341877455e-09,6.231044575473839e-13,0.6231044575473839
1225,7.813150610337855e-09,6.602960208530072e-13,0.6602960208530072
1226,7.813105401709348e-09,6.150873923455756e-13,0.6150873923455756
1227,7.813085158773873e-09,5.948444568710061e-13,0.5948444568710061
1228,7.813141167817847e-09,6.508535008449236e-13,0.6508535008449235
1229,7.813103422552492e-09,6.13108235489812e-13,0.613108235489812
1230,7.813052506751511e-09,5.621924345090525e-13,0.5621924345090524
1231,7.813129802289103e-09,6.394879721010839e-13,0.6394879721010839
1232,7.81309601276248e-09,6.0569844547734e-13,0.60569844547734
1233,7.813039150275213e-09,5.488359582108234e-13,0.5488359582108233
1234,7.81310342308104e-09,6.13108764038371e-13,0.613108764038371
1235,7.813084427818321e-09,5.941135013188435e-13,0.5941135013188436
1236,7.813035672005566e-09,5.453576885636911e-13,0.5453576885636912
1237,7.81306756542522e-09,5.772511082180838e-13,0.5772511082180838
1238,7.813074208846927e-09,5.838945299249344e-13,0.5838945299249344
1239,7.81303871603869e-09,5.484017216882158e-13,0.5484017216882158
1240,7.81301850396232e-09,5.281896453179806e-13,0.5281896453179806
1241,7.813072503708618e-09,5.821893916157393e-13,0.5821893916157393
1242,7.813037618717672e-09,5.473044006694432e-13,0.5473044006694432
1243,7.81298702934286e-09,4.967150258577648e-13,0.4967150258577648
1244,7.813058581454969e-09,5.682671379663258e-13,0.5682671379663258
1245,7.813030923796362e-09,5.406094793593995e-13,0.5406094793593995
1246,7.812976229076471e-09,4.859147594690776e-13,0.4859147594690776
1247,7.813030276541217e-09,5.399622242149528e-13,0.5399622242149528
1248,7.813019524426958e-09,5.292101099552511e-13,0.5292101099552511
1249,7.81298839690127e-09,4.980825842680294e-13,0.49808258426802937
1250,7.812978331371589e-09,4.880170545865813e-13,0.4880170545865813
1251,7.813021388766803e-09,5.310744498009486e-13,0.5310744498009485
1252,7.812989588276828e-09,4.992739598252651e-13,0.49927395982526507
1253,7.812940432528996e-09,4.5011821199373707e-13,0.4501182119937371
1254,7.813013359233277e-09,5.230449162741567e-13,0.5230449162741567
1255,7.812986092375343e-09,4.957780583403028e-13,0.4957780583403028
1256,7.812933585345043e-09,4.4327102804109496e-13,0.44327102804109497
1257,7.81298117873044e-09,4.90864413437017e-13,0.49086441343701703
1258,7.812977614917241e-09,4.873006002384757e-13,0.4873006002384757
1259,7.812948540802706e-09,4.582264857033057e-13,0.4582264857033057
1260,7.812923801572402e-09,4.3348725539922155e-13,0.43348725539922156
1261,7.812984320423075e-09,4.940061060722283e-13,0.4940061060722283
1262,7.812951096836432e-09,4.607825194299946e-13,0.4607825194299946
1263,7.812901064660222e-09,4.107503432198108e-13,0.4107503432198108
1264,7.812962854710837e-09,4.725403938350024e-13,0.47254039383500246
1265,7.81294687863946e-09,4.565643224577225e-13,0.4565643224577225
1266,7.812906979172808e-09,4.166648558060994e-13,0.4166648558060994
1267,7.812921146103783e-09,4.308317867807886e-13,0.4308317867807886
1268,7.812947157035473e-09,4.568427184705624e-13,0.45684271847056246
1269,7.812919258873719e-09,4.2894455671672454e-13,0.42894455671672455
1270,7.812873638302596e-09,3.833239855938571e-13,0.3833239855938571
1271,7.812944809602244e-09,4.5449528524185977e-13,0.4544952852418598
1272,7.812921913908657e-09,4.315995916542885e-13,0.4315995916542885
1273,7.812871467580769e-09,3.811532637667424e-13,0.3811532637667424
1274,7.812912149787179e-09,4.218354701767914e-13,0.4218354701767914
1275,7.81291802807386e-09,4.2771375685799184e-13,0.42771375685799184
1276,7.812891097440573e-09,4.0078312357035283e-13,0.40078312357035284
1277,7.812850047730284e-09,3.597334132814127e-13,0.35973341328141273
1278,7.812928348079344e-09,4.380337623418494e-13,0.43803376234184943
1279,7.81287237400089e-09,3.820596838879946e-13,0.3820596838879946
1280,7.800001389422187e-09,-1.248892489481519e-11,-12.48892489481519
1281,7.803178698993231e-09,-9.311615323771003e-12,-9.311615323771003
1282,7.805547533640982e-09,-6.9427806760199274e-12,-6.942780676019927
1283,7.807483082489458e-09,-5.0072318275439274e-12,-5.007231827543928
1284,7.808369508391214e-09,-4.120805925787935e-12,-4.120805925787935
1285,7.80906895952191e-09,-3.421354795092796e-12,-3.421354795092796
1286,7.809615408421494e-09,-2.874905895508051e-12,-2.874905895508051
1287,7.810008000033925e-09,-2.4823142830770307e-12,-2.482314283077031
1288,7.810363767315879e-09,-2.1265470011232858e-12,-2.126547001123286
1289,7.810662965238176e-09,-1.827349078826199e-12,-1.8273490788261988
1290,7.810965669131486e-09,-1.5246451855164726e-12,-1.5246451855164727
1291,7.8111866277182e-09,-1.3036865988025657e-12,-1.3036865988025657
1292,7.81137253202935e-09,-1.1177822876516614e-12,-1.1177822876516614
1293,7.811548406643702e-09,-9.419076733004046e-13,-0.9419076733004046
1294,7.811703065074946e-09,-7.87249242056376e-13,-0.787249242056376
1295,7.811823777854453e-09,-6.665364625489294e-13,-0.6665364625489294
1296,7.81196616786049e-09,-5.241464565129321e-13,-0.5241464565129321
1297,7.812128060549414e-09,-3.6225376758815693e-13,-0.3622537675881569
1298,7.812203591453103e-09,-2.8672286389953573e-13,-0.2867228638995357
1299,7.812289205125287e-09,-2.0110919171492393e-13,-0.20110919171492392
1300,7.812348828953515e-09,-1.4148536348783115e-13,-0.14148536348783114
1301,7.812489984893533e-09,-3.294234696111877e-16,-0.00032942346961118774
1302,7.812547068910408e-09,5.6754593405798517e-14,0.05675459340579852
1303,7.812584293636748e-09,9.39793197453727e-14,0.0939793197453727
1304,7.812618576651543e-09,1.282623345404506e-13,0.1282623345404506
1305,7.81274831731149e-09,2.5800299448764096e-13,0.25800299448764097
1306,7.812771441812394e-09,2.8112749539118813e-13,0.28112749539118814
1307,7.81277666056534e-09,2.863462483383385e-13,0.2863462483383385
1308,7.812846479797117e-09,3.5616548011461595e-13,0.35616548011461596
1309,7.812907226181168e-09,4.169118641660459e-13,0.4169118641660459
1310,7.812918195528886e-09,4.278812118835322e-13,0.42788121188353223
1311,7.812906516286243e-09,4.1620196924108387e-13,0.4162019692410839
1312,7.813013469212034e-09,5.231548950320282e-13,0.5231548950320282
1313,7.81301405319043e-09,5.237388734271832e-13,0.5237388734271832
1314,7.812984292843682e-09,4.939785266794657e-13,0.4939785266794657
1315,7.813068772128686e-09,5.78457811683533e-13,0.578457811683533
1316,7.813078908754925e-09,5.885944379224419e-13,0.5885944379224418
1317,7.813060702560994e-09,5.703882439915222e-13,0.5703882439915221
1318,7.813090924804972e-09,6.006104879697728e-13,0.6006104879697728
1319,7.813132041098827e-09,6.417267818246307e-13,0.6417267818246307
1320,7.81311367329101e-09,6.233589740073749e-13,0.6233589740073748
1321,7.813100091029609e-09,6.097767126067257e-13,0.6097767126067256
1322,7.81317508915635e-09,6.847748393477875e-13,0.6847748393477875
1323,7.813149572146513e-09,6.592578295102165e-13,0.6592578295102165
1324,7.813110441230123e-09,6.20126913121087e-13,0.6201269131210869
1325,7.813198630736277e-09,7.083164192745627e-13,0.7083164192745627
1326,7.81317233430705e-09,6.820199900477191e-13,0.6820199900477191
1327,7.813123514295974e-09,6.331999789714284e-13,0.6331999789714283
1328,7.813202892680807e-09,7.125783638044946e-13,0.7125783638044946
1329,7.813186804164112e-09,6.964898471094007e-13,0.6964898471094007
1330,7.813133747687257e-09,6.434333702542315e-13,0.6434333702542315
1331,7.813197503911407e-09,7.071895944041713e-13,0.7071895944041713
1332,7.81319575524238e-09,7.054409253777509e-13,0.7054409253777509
1333,7.813158718814853e-09,6.684044978504832e-13,0.6684044978504832
1334,7.813174173235907e-09,6.838589189049989e-13,0.6838589189049988
1335,7.813189959084013e-09,6.996447670111163e-13,0.6996447670111162
1336,7.81315507421504e-09,6.647598980375645e-13,0.6647598980375645
1337,7.81316467966353e-09,6.743653465271184e-13,0.6743653465271183
1338,7.813191115873521e-09,7.008015565190497e-13,0.7008015565190496
1339,7.813157553026467e-09,6.672387094645181e-13,0.6672387094645181
1340,7.813138603218923e-09,6.482889019210721e-13,0.648288901921072
1341,7.813191806307017e-09,7.014919900150156e-13,0.7014919900150156
1342,7.813155538389095e-09,6.652240720926599e-13,0.6652240720926599
1343,7.813096960016365e-09,6.066456993629134e-13,0.6066456993629133
1344,7.813184026858274e-09,6.937125412718347e-13,0.6937125412718347
1345,7.813143859891842e-09,6.535455748392051e-13,0.6535455748392051
1346,7.813102157166584e-09,6.11842849581777e-13,0.6118428495817769
1347,7.813175736316627e-09,6.854219996245441e-13,0.6854219996245441
1348,7.813139432240562e-09,6.49117923559736e-13,0.649117923559736
1349,7.813085862895422e-09,5.955485784193997e-13,0.5955485784193997
1350,7.813148710083813e-09,6.583957668103462e-13,0.6583957668103462
1351,7.813131253209108e-09,6.409388921058855e-13,0.6409388921058855
1352,7.813085806909932e-09,5.954925929297179e-13,0.5954925929297179
1353,7.813112907898486e-09,6.225935814837087e-13,0.6225935814837087
1354,7.813124522983465e-09,6.342086664626003e-13,0.6342086664626002
1355,7.81308243613893e-09,5.921218219279877e-13,0.5921218219279877
1356,7.813073202856389e-09,5.828885393866666e-13,0.5828885393866666
1357,7.813119347530842e-09,6.290332138397135e-13,0.6290332138397136
1358,7.813083139759035e-09,5.928254420328765e-13,0.5928254420328765
1359,7.813034152442011e-09,5.438381250088441e-13,0.5438381250088441
1360,7.813111763983879e-09,6.214496668765736e-13,0.6214496668765735
1361,7.81307691131571e-09,5.865969987075447e-13,0.5865969987075447
1362,7.8130209267476e-09,5.30612430597671e-13,0.530612430597671
1363,7.813084702690677e-09,5.943883736746229e-13,0.5943883736746229
1364,7.813065790789552e-09,5.754764725496324e-13,0.5754764725496324
1365,7.81301895577647e-09,5.286414594683096e-13,0.5286414594683096
1366,7.81304693247512e-09,5.56618158117017e-13,0.556618158117017
1367,7.813056749614083e-09,5.664352970807486e-13,0.5664352970807486
1368,7.81302456720034e-09,5.342528833372799e-13,0.5342528833372799
1369,7.812995373931986e-09,5.050596149833538e-13,0.5050596149833537
1370,7.813058954379858e-09,5.686400628560794e-13,0.5686400628560794
1371,7.81302152297748e-09,5.312086604773751e-13,0.5312086604773751
1372,7.812970615795906e-09,4.803014789038869e-13,0.4803014789038869
1373,7.81303914522012e-09,5.488309031181941e-13,0.5488309031181942
1374,7.813015951682644e-09,5.25637365641314e-13,0.5256373656413139
1375,7.812965066266429e-09,4.747519494264384e-13,0.4747519494264384
1376,7.813005361724371e-09,5.150474073690346e-13,0.5150474073690346
1377,7.813006145982013e-09,5.15831665010502e-13,0.515831665010502
1378,7.812976069861382e-09,4.857555443800481e-13,0.4857555443800481
1379,7.812950027311647e-09,4.597129946444191e-13,0.4597129946444191
1380,7.813010701664016e-09,5.203873470140146e-13,0.5203873470140146
1381,7.812976434790281e-09,4.861204732787795e-13,0.48612047327877955
1382,7.812924171990074e-09,4.338576730714512e-13,0.43385767307145123
1383,7.812992235749455e-09,5.019214324526759e-13,0.501921432452676
1384,7.812971569121324e-09,4.812548043216263e-13,0.48125480432162626
1385,7.812927293408128e-09,4.36979091126037e-13,0.436979091126037
1386,7.81295000915126e-09,4.5969483425803e-13,0.45969483425803
1387,7.812968123608135e-09,4.778092911326303e-13,0.47780929113263026
1388,7.812938479081284e-09,4.4816476428198847e-13,0.4481647642819885
1389,7.812895566169562e-09,4.05251852559632e-13,0.40525185255963203
1390,7.812973084700436e-09,4.827703834334894e-13,0.48277038343348944
1391,7.812938803067999e-09,4.4848875099618145e-13,0.44848875099618146
1392,7.812885951180093e-09,3.956368630909603e-13,0.3956368630909603
1393,7.812948858419732e-09,4.585441027297353e-13,0.45854410272973534
1394,7.812929332141894e-09,4.3901782489117873e-13,0.43901782489117874
1395,7.812906118058786e-09,4.1580374178312995e-13,0.41580374178312995
1396,7.812882566355121e-09,3.9225203811856917e-13,0.3922520381185692
1397,7.812943251359777e-09,4.529370427745093e-13,0.4529370427745093
1398,7.812910540302607e-09,4.202259856042638e-13,0.42022598560426383
1399,7.812859744211098e-09,3.694298940958739e-13,0.3694298940958739
1400,7.8129250669041e-09,4.347525870971479e-13,0.4347525870971479
1401,7.812906476875494e-09,4.16162558492114e-13,0.41616255849211403
1402,7.812873413113805e-09,3.8309879680263186e-13,0.38309879680263187
1403,7.81287187376356e-09,3.8155944655813694e-13,0.38155944655813695
1404,7.812913623055301e-09,4.233087382988733e-13,0.42330873829887333
1405,7.812884989519871e-09,3.9467520286901996e-13,0.39467520286901997
1406,7.81283540303207e-09,3.4508871506689064e-13,0.34508871506689065
1407,7.812882056319314e-09,3.917420023115777e-13,0.3917420023115777
1408,7.799963157607555e-09,-1.2527156709447732e-11,-12.527156709447732
1409,7.803192603926751e-09,-9.297710390251295e-12,-9.297710390251295
1410,7.805431527505079e-09,-7.05878681192387e-12,-7.05878681192387
1411,7.807490616014044e-09,-4.9996983029585205e-12,-4.999698302958521
1412,7.8083695335176e-09,-4.1207807994025876e-12,-4.120780799402588
1413,7.809037848055967e-09,-3.4524662610353378e-12,-3.4524662610353376
1414,7.809560324473024e-09,-2.9299898439782952e-12,-2.929989843978295
1415,7.809980357472834e-09,-2.509956844168705e-12,-2.509956844168705
1416,7.810339596844482e-09,-2.150717472520211e-12,-2.150717472520211
1417,7.810642076375705e-09,-1.8482379412975537e-12,-1.8482379412975538
1418,7.810902729813015e-09,-1.587584503987026e-12,-1.587584503987026
1419,7.81111986571971e-09,-1.3704485972928686e-12,-1.3704485972928686
1420,7.811306025333367e-09,-1.1842889836353983e-12,-1.1842889836353983
1421,7.811534065318808e-09,-9.56248998194538e-13,-0.9562489981945381
1422,7.811701062661954e-09,-7.892516550487395e-13,-0.7892516550487395
1423,7.811823687987646e-09,-6.666263293565012e-13,-0.6666263293565012
1424,7.811949900070965e-09,-5.404142460372464e-13,-0.5404142460372464
1425,7.812042061131649e-09,-4.482531853532119e-13,-0.4482531853532119
1426,7.812162858628004e-09,-3.2745568899851264e-13,-0.32745568899851263
1427,7.812301817201927e-09,-1.884971150757962e-13,-0.1884971150757962
1428,7.81235550019856e-09,-1.3481411844272912e-13,-0.13481411844272911
1429,7.812431470664914e-09,-5.884365208832799e-14,-0.05884365208832799
1430,7.812471511254031e-09,-1.880306297142876e-14,-0.018803062971428763
1431,7.812617602184183e-09,1.2728786718034778e-13,0.1272878671803478
1432,7.812638285698763e-09,1.4797138176023394e-13,0.14797138176023394
1433,7.812658606046272e-09,1.682917292699189e-13,0.16829172926991892
1434,7.812736415671877e-09,2.461013548745615e-13,0.24610135487456153
1435,7.81280595157452e-09,3.156372575181142e-13,0.3156372575181142
1436,7.812827776699778e-09,3.37462382775519e-13,0.337462382775519
1437,7.812820186186816e-09,3.298718698134208e-13,0.3298718698134208
1438,7.812928280791047e-09,4.3796647404451954e-13,0.43796647404451955
1439,7.812941674550347e-09,4.51360233344955e-13,0.451360233344955
1440,7.812929481301007e-09,4.3916698400505843e-13,0.43916698400505844
1441,7.812984721930244e-09,4.94407613241754e-13,0.494407613241754
1442,7.81302668844189e-09,5.363741248877478e-13,0.5363741248877478
1443,7.813024405654216e-09,5.340913372135796e-13,0.5340913372135796
1444,7.813001002364276e-09,5.106880472739049e-13,0.5106880472739049
1445,7.813106894181401e-09,6.165798643986377e-13,0.6165798643986377
1446,7.813076544489457e-09,5.862301724550113e-13,0.5862301724550113
1447,7.813055322709156e-09,5.650083921540676e-13,0.5650083921540676
1448,7.813134236282966e-09,6.439219659632621e-13,0.6439219659632621
1449,7.813114770042822e-09,6.244557258200069e-13,0.6244557258200069
1450,7.813085817819716e-09,5.955035027140786e-13,0.5955035027140786
1451,7.813161016781357e-09,6.707024643550662e-13,0.6707024643550662
1452,7.813147738326958e-09,6.574240099556746e-13,0.6574240099556745
1453,7.813126531508647e-09,6.362171916447111e-13,0.6362171916447111
1454,7.81313767930249e-09,6.473649854872614e-13,0.6473649854872614
1455,7.813175080211682e-09,6.847658946798645e-13,0.6847658946798645
1456,7.813138237436216e-09,6.479231192131298e-13,0.6479231192131297
1457,7.813143033716234e-09,6.52719399231244e-13,0.652719399231244
1458,7.813186882972057e-09,6.965686550548132e-13,0.6965686550548132
1459,7.813155905771001e-09,6.655914539988066e-13,0.6655914539988066
1460,7.813126249697397e-09,6.359353803950278e-13,0.6359353803950278
1461,7.813198518426484e-09,7.082041094820203e-13,0.7082041094820203
1462,7.813162873287842e-09,6.725589708400674e-13,0.6725589708400674
1463,7.813114869355741e-09,6.245550387390066e-13,0.6245550387390065
1464,7.813197584806441e-09,7.072704894387659e-13,0.7072704894387659
1465,7.813164848297625e-09,6.745339806225213e-13,0.6745339806225213
1466,7.813110912966489e-09,6.205986494863354e-13,0.6205986494863354
1467,7.813182294262545e-09,6.919799455426214e-13,0.6919799455426213
1468,7.813162122803099e-09,6.71808486096273e-13,0.671808486096273
1469,7.813104985402819e-09,6.146710858163955e-13,0.6146710858163955
1470,7.813166188561245e-09,6.758742442430936e-13,0.6758742442430936
1471,7.813148621775546e-09,6.583074585433972e-13,0.6583074585433972
1472,7.813106538020987e-09,6.162237039849762e-13,0.6162237039849762
1473,7.813116070218068e-09,6.257559010652515e-13,0.6257559010652515
1474,7.813151439400152e-09,6.611250831492525e-13,0.6611250831492526
1475,7.813101899383965e-09,6.115850669627414e-13,0.6115850669627414
1476,7.813097636097735e-09,6.07321780732621e-13,0.607321780732621
1477,7.813145237614647e-09,6.549232976448367e-13,0.6549232976448367
1478,7.813105647701268e-09,6.153333842659854e-13,0.6153333842659854
1479,7.813071408068113e-09,5.810937511103341e-13,0.5810937511103341
1480,7.813130932109082e-09,6.406177920799768e-13,0.6406177920799767
1481,7.81310109859224e-09,6.107842752381436e-13,0.6107842752381436
1482,7.813062389538917e-09,5.720752219143281e-13,0.5720752219143281
1483,7.81310977413408e-09,6.194598170768838e-13,0.6194598170768838
1484,7.813090571910718e-09,6.00257593715156e-13,0.600257593715156
1485,7.813040106121401e-09,5.497918043986137e-13,0.5497918043986137
1486,7.8130835616221e-09,5.932473050981906e-13,0.5932473050981906
1487,7.813084602618816e-09,5.942883018141025e-13,0.5942883018141025
1488,7.813046601603721e-09,5.562872867190287e-13,0.5562872867190287
1489,7.813037744634202e-09,5.474303171992502e-13,0.5474303171992502
1490,7.813079371993856e-09,5.890576768531634e-13,0.5890576768531635
1491,7.813044267018288e-09,5.5395270128607e-13,0.55395270128607
1492,7.812997028546474e-09,5.067142294713111e-13,0.5067142294713111
1493,7.813072164746361e-09,5.818504293590389e-13,0.5818504293590389
1494,7.813039999124199e-09,5.496848071967166e-13,0.5496848071967165
1495,7.812982703782768e-09,4.923894657653623e-13,0.4923894657653623
1496,7.81304526246496e-09,5.549481479582104e-13,0.5549481479582103
1497,7.813028571064095e-09,5.382567470925788e-13,0.5382567470925788
1498,7.812984900118871e-09,4.94585801868802e-13,0.49458580186880197
1499,7.81299524728362e-09,5.049329666170803e-13,0.5049329666170803
1500,7.813034032502146e-09,5.437181851435129e-13,0.5437181851435129
1501,7.81299327518763e-09,5.02960870627965e-13,0.5029608706279649
1502,7.81294742864167e-09,4.571143246672972e-13,0.45711432466729723
1503,7.813027629827531e-09,5.373155105290627e-13,0.5373155105290627
1504,7.812990121324826e-09,4.998070078233676e-13,0.49980700782336757
1505,7.812935305865471e-09,4.449915484686122e-13,0.4449915484686122
1506,7.812997933177661e-09,5.076188606589786e-13,0.5076188606589787
1507,7.812981047541977e-09,4.907332249741463e-13,0.4907332249741463
1508,7.81294596385743e-09,4.55649540427215e-13,0.455649540427215
1509,7.812945097268186e-09,4.547829511832745e-13,0.4547829511832745
1510,7.812982449347623e-09,4.921350306205343e-13,0.49213503062053426
1511,7.81295208142753e-09,4.61767110527883e-13,0.461767110527883
1512,7.812907317742042e-09,4.170034250395123e-13,0.4170034250395123
1513,7.812971841079886e-09,4.815267628840671e-13,0.4815267628840671
1514,7.812949657259893e-09,4.593429428904226e-13,0.45934294289042266
1515,7.812900538903484e-09,4.1022458648131826e-13,0.41022458648131827
1516,7.81294084392951e-09,4.505296125080867e-13,0.4505296125080867
1517,7.812943521732694e-09,4.5320741569127287e-13,0.4532074156912729
1518,7.81291676793278e-09,4.2645361577796625e-13,0.42645361577796626
1519,7.81287827608581e-09,3.879617688068811e-13,0.3879617688068811
1520,7.81295554759477e-09,4.652332777682648e-13,0.46523327776826484
1521,7.812919956151241e-09,4.296418342389043e-13,0.4296418342389043
1522,7.812866399924947e-09,3.7608560794485506e-13,0.37608560794485507
1523,7.812926769074405e-09,4.3645475740289585e-13,0.43645475740289585
1524,7.81291287971274e-09,4.225653957368901e-13,0.4225653957368901
1525,7.81287875321608e-09,3.8843889907793765e-13,0.38843889907793766
1526,7.812867945766852e-09,3.7763144984985774e-13,0.37763144984985775
1527,7.812923372946625e-09,4.3305862962285656e-13,0.4330586296228566
1528,7.81289284010583e-09,4.025257888272431e-13,0.4025257888272431
1529,7.812840277903192e-09,3.499635861899829e-13,0.3499635861899829
1530,7.812905897179698e-09,4.1558286269554034e-13,0.41558286269554034
1531,7.812889164430072e-09,3.988501130695556e-13,0.3988501130695556
1532,7.81285625542469e-09,3.6594110768766857e-13,0.3659411076876686
1533,7.812850927072456e-09,3.606127554534071e-13,0.3606127554534071
1534,7.81289756888071e-09,4.0725456370759293e-13,0.40725456370759294
1535,7.812846402737448e-09,3.5608842044520655e-13,0.35608842044520655
1536,7.800189619685811e-09,-1.2300694631191125e-11,-12.300694631191126
1537,7.80348420117169e-09,-9.006113145311673e-12,-9.006113145311673
1538,7.805873068799166e-09,-6.61724551783673e-12,-6.6172455178367295
1539,7.807781584001595e-09,-4.708730315407282e-12,-4.708730315407283
1540,7.808680076938006e-09,-3.810237378996798e-12,-3.810237378996798
1541,7.809325995464462e-09,-3.164318852540875e-12,-3.164318852540875
1542,7.809860111876042e-09,-2.630202440960028e-12,-2.6302024409600278
1543,7.810275731129465e-09,-2.214583187537045e-12,-2.2145831875370448
1544,7.81062213933432e-09,-1.8681749826816836e-12,-1.8681749826816836
1545,7.81091035878805e-09,-1.579955528952859e-12,-1.579955528952859
1546,7.811157349434843e-09,-1.332964882159342e-12,-1.3329648821593418
1547,7.811375466856211e-09,-1.1148474607909604e-12,-1.1148474607909604
1548,7.811563935535893e-09,-9.263787811091663e-13,-0.9263787811091663
1549,7.811708016002851e-09,-7.822983141508839e-13,-0.7822983141508839
1550,7.811900447441474e-09,-5.898668755286553e-13,-0.5898668755286552
1551,7.812052072017541e-09,-4.382422994612571e-13,-0.4382422994612571
1552,7.812150872718777e-09,-3.394415982254485e-13,-0.3394415982254485
1553,7.812249773668056e-09,-2.405406489462665e-13,-0.24054064894626648
1554,7.812317215962752e-09,-1.7309835425031046e-13,-0.17309835425031045
1555,7.812484293956987e-09,-6.020360015406132e-15,-0.006020360015406132
1556,7.812526600379567e-09,3.628606256418908e-14,0.036286062564189085
1557,7.81259875234008e-09,1.084380230772049e-13,0.10843802307720489
1558,7.812618826424618e-09,1.2851210761593695e-13,0.12851210761593695
1559,7.812763340694418e-09,2.730263774159579e-13,0.2730263774159579
1560,7.812786968075395e-09,2.966537583921582e-13,0.2966537583921582
1561,7.812792765060465e-09,3.0245074346294936e-13,0.30245074346294937
1562,7.812878006946172e-09,3.876926291700887e-13,0.38769262917008873
1563,7.812932587648652e-09,4.4227333164944665e-13,0.44227333164944665
1564,7.812942828439614e-09,4.52514122612077e-13,0.452514122612077
1565,7.812939338948475e-09,4.4902463147245957e-13,0.4490246314724596
1566,7.813050892862368e-09,5.605785453651992e-13,0.5605785453651991
1567,7.813044500812934e-09,5.541864959320393e-13,0.5541864959320393
1568,7.8130177525289e-09,5.274382118972852e-13,0.5274382118972852
1569,7.813112071206117e-09,6.217568891146745e-13,0.6217568891146745
1570,7.813114516353067e-09,6.242020360641725e-13,0.6242020360641725
1571,7.813082497531878e-09,5.921832148760047e-13,0.5921832148760047
1572,7.81315072754011e-09,6.604132231078529e-13,0.6604132231078529
1573,7.813169698611569e-09,6.793842945664068e-13,0.6793842945664068
1574,7.81314163723673e-09,6.513229197280284e-13,0.6513229197280284
1575,7.813146210387941e-09,6.558960709390451e-13,0.655896070939045
1576,7.813213253764e-09,7.229394469981622e-13,0.7229394469981621
1577,7.81317883241856e-09,6.885181015584023e-13,0.6885181015584023
1578,7.813165159463648e-09,6.748451466460247e-13,0.6748451466460247
1579,7.813226494935398e-09,7.361806183953475e-13,0.7361806183953474
1580,7.813198286583402e-09,7.079722663999615e-13,0.7079722663999615
1581,7.813166622133694e-09,6.763078166918706e-13,0.6763078166918706
1582,7.81324555381368e-09,7.552394966773456e-13,0.7552394966773456
1583,7.813210107951397e-09,7.197936343946955e-13,0.7197936343946955
1584,7.813164126788184e-09,6.738124711817865e-13,0.6738124711817866
1585,7.813250336188805e-09,7.600218718025977e-13,0.7600218718025976
1586,7.813212488113979e-09,7.221737969764801e-13,0.7221737969764801
1587,7.813166985531157e-09,6.766712141550334e-13,0.6766712141550334
1588,7.813239539568046e-09,7.492252510437154e-13,0.7492252510437154
1589,7.813216404347094e-09,7.260900300911878e-13,0.7260900300911878
1590,7.813158911409816e-09,6.685970928138981e-13,0.668597092813898
1591,7.813229032632555e-09,7.387183155527942e-13,0.7387183155527942
1592,7.813209599081107e-09,7.192847641050394e-13,0.7192847641050394
1593,7.813153110738458e-09,6.627964214557204e-13,0.6627964214557204
1594,7.813213162230232e-09,7.228479132297501e-13,0.7228479132297501
1595,7.813200141639767e-09,7.09827322764557e-13,0.709827322764557
1596,7.81315208249467e-09,6.617681776678623e-13,0.6617681776678623
1597,7.813185826728748e-09,6.955124117458507e-13,0.6955124117458507
1598,7.813188973733974e-09,6.986594169717071e-13,0.6986594169717071
1599,7.81314610199483e-09,6.557876778268508e-13,0.6557876778268508
1600,7.813134429298057e-09,6.441149810550188e-13,0.6441149810550189
1601,7.813182613343244e-09,6.922990262419839e-13,0.6922990262419838
1602,7.81314849808163e-09,6.581837646280438e-13,0.6581837646280437
1603,7.81311296454805e-09,6.226502310472211e-13,0.6226502310472211
1604,7.813173560309314e-09,6.832459923118385e-13,0.6832459923118385
1605,7.813138669978672e-09,6.483556616698429e-13,0.6483556616698428
1606,7.813086061589022e-09,5.957472720200348e-13,0.5957472720200347
1607,7.81316335581202e-09,6.730414950169321e-13,0.6730414950169321
1608,7.813128709806337e-09,6.383954893345061e-13,0.6383954893345061
1609,7.813070704922346e-09,5.803906053438958e-13,0.5803906053438957
1610,7.813134980072761e-09,6.446657557586415e-13,0.6446657557586415
1611,7.813113189696183e-09,6.228753791808649e-13,0.6228753791808649
1612,7.813079081237938e-09,5.887669209355571e-13,0.5887669209355572
1613,7.813094943942426e-09,6.046296254231766e-13,0.6046296254231766
1614,7.813098381703569e-09,6.080673865666393e-13,0.6080673865666393
1615,7.813063237561198e-09,5.729232441960648e-13,0.5729232441960648
1616,7.813057102427023e-09,5.667881100202026e-13,0.5667881100202026
1617,7.813096233682225e-09,6.05919365222511e-13,0.605919365222511
1618,7.813060893407681e-09,5.705790906789339e-13,0.5705790906789339
1619,7.813012097113528e-09,5.217827965251663e-13,0.5217827965251663
1620,7.813091491070214e-09,6.011767532119349e-13,0.6011767532119349
1621,7.813053338497208e-09,5.630241802056747e-13,0.5630241802056747
1622,7.812996702892799e-09,5.063885757962779e-13,0.5063885757962778
1623,7.813062442204037e-09,5.721278870348566e-13,0.5721278870348566
1624,7.81304269085938e-09,5.523765423778192e-13,0.5523765423778192
1625,7.812994031039175e-09,5.037167221725132e-13,0.5037167221725132
1626,7.813020519887182e-09,5.302055701799187e-13,0.5302055701799187
1627,7.81303375521744e-09,5.434409004378997e-13,0.5434409004378997
1628,7.813001516492946e-09,5.112021759440975e-13,0.5112021759440976
1629,7.812966584786439e-09,4.762704694366944e-13,0.47627046943669443
1630,7.813036117436476e-09,5.458031194737297e-13,0.5458031194737296
1631,7.812999450599917e-09,5.09136282914535e-13,0.509136282914535
1632,7.812945132558966e-09,4.548182419639889e-13,0.4548182419639889
1633,7.813011274461577e-09,5.209601445742658e-13,0.5209601445742658
1634,7.812990984078705e-09,5.006697617021229e-13,0.5006697617021229
1635,7.812947388458427e-09,4.570741414242795e-13,0.4570741414242795
1636,7.812967095079744e-09,4.767807627417019e-13,0.4767807627417019
1637,7.812985586527267e-09,4.952722102642025e-13,0.49527221026420254
1638,7.812955768704251e-09,4.654543872488161e-13,0.4654543872488161
1639,7.812912764746651e-09,4.2245042964902517e-13,0.4224504296490252
1640,7.812990025752404e-09,4.99711435401863e-13,0.49971143540186297
1641,7.812955177949592e-09,4.648636325900831e-13,0.46486363259008306
1642,7.812900227588382e-09,4.099132713800162e-13,0.4099132713800162
1643,7.812959735894868e-09,4.694215778656306e-13,0.46942157786563066
1644,7.812945232468197e-09,4.549181511941834e-13,0.45491815119418344
1645,7.812916394343817e-09,4.2608002681438205e-13,0.42608002681438206
1646,7.812902625084646e-09,4.123107676440334e-13,0.4123107676440334
1647,7.81295145103173e-09,4.611367147272184e-13,0.46113671472721846
1648,7.812918884187e-09,4.285698699984407e-13,0.4285698699984407
1649,7.812870553760968e-09,3.80239443965663e-13,0.380239443965663
1650,7.812938851802886e-09,4.485374858838347e-13,0.4485374858838347
1651,7.812917689369102e-09,4.2737505209930736e-13,0.4273750520993074
1652,7.812876155413465e-09,3.8584109646255376e-13,0.38584109646255377
1653,7.812890837001658e-09,4.0052268465599466e-13,0.40052268465599467
1654,7.812919532106219e-09,4.2921778921671804e-13,0.42921778921671805
1655,7.812890969938397e-09,4.0065562139486854e-13,0.40065562139486854
1656,7.81284999472635e-09,3.5968040934770533e-13,0.35968040934770534
1657,7.812910574604053e-09,4.2026028705049583e-13,0.42026028705049584
1658,7.812892417714216e-09,4.021033972133699e-13,0.4021033972133699
1659,7.812862935465325e-09,3.726211483228949e-13,0.3726211483228949
1660,7.81285275976715e-09,3.624454501481951e-13,0.3624454501481951
1661,7.81290051625721e-09,4.1020194020844047e-13,0.4102019402084405
1662,7.812866141695095e-09,3.7582737809242333e-13,0.37582737809242334
1663,7.812793510652747e-09,3.031963357444405e-13,0.3031963357444405
1664,7.800154979345085e-09,-1.23353349719172e-11,-12.3353349719172
1665,7.80351705144042e-09,-8.97326287658248e-12,-8.97326287658248
1666,7.805754475512933e-09,-6.735838804069712e-12,-6.7358388040697115
1667,7.807770463570305e-09,-4.719850746697504e-12,-4.719850746697505
1668,7.808627857004442e-09,-3.862457312560731e-12,-3.862457312560731
1669,7.809300296823655e-09,-3.1900174933473914e-12,-3.1900174933473915
1670,7.809800677051359e-09,-2.689637265643402e-12,-2.689637265643402
1671,7.81022480817275e-09,-2.2655061442521428e-12,-2.265506144252143
1672,7.810569753341642e-09,-1.9205609753608606e-12,-1.9205609753608606
1673,7.810862220116723e-09,-1.6280942002789055e-12,-1.6280942002789054
1674,7.8111059758566e-09,-1.384338460402379e-12,-1.3843384604023792
1675,7.811308313013503e-09,-1.1820013034989267e-12,-1.1820013034989267
1676,7.81151393294485e-09,-9.763813721525684e-13,-0.9763813721525684
1677,7.811743052863417e-09,-7.472614535852769e-13,-0.7472614535852768
1678,7.81186398667109e-09,-6.263276459124418e-13,-0.6263276459124418
1679,7.811994338400934e-09,-4.959759160683115e-13,-0.4959759160683115
1680,7.812102292248618e-09,-3.880220683842557e-13,-0.3880220683842557
1681,7.812183635926072e-09,-3.066783909307065e-13,-0.3066783909307065
1682,7.812372705917831e-09,-1.1760839917152472e-13,-0.11760839917152473
1683,7.812419314210685e-09,-7.100010631699583e-14,-0.07100010631699584
1684,7.812487107163469e-09,-3.2071535334036818e-15,-0.003207153533403682
1685,7.812531170142646e-09,4.085582564341677e-14,0.04085582564341677
1686,7.812673415597427e-09,1.831012804247674e-13,0.18310128042476742
1687,7.8127100758068e-09,2.197614897981827e-13,0.21976148979818272
1688,7.8127262005494e-09,2.3588623239836475e-13,0.23588623239836476
1689,7.812790929424872e-09,3.0061510786976846e-13,0.30061510786976847
1690,7.81287549325054e-09,3.851789335382354e-13,0.3851789335382354
1691,7.812888849333816e-09,3.98535016813177e-13,0.398535016813177
1692,7.812881216618284e-09,3.909023012815148e-13,0.3909023012815148
1693,7.812991069066602e-09,5.007547495999186e-13,0.5007547495999186
1694,7.813002077093232e-09,5.117627762299083e-13,0.5117627762299083
1695,7.812984219768455e-09,4.939054514530401e-13,0.49390545145304016
1696,7.813052236378595e-09,5.619220615922889e-13,0.5619220615922889
1697,7.813078583236775e-09,5.882689197726802e-13,0.5882689197726803
1698,7.813072237523432e-09,5.81923206429867e-13,0.581923206429867
1699,7.813080956541778e-09,5.906422247757239e-13,0.5906422247757238
1700,7.813146470325412e-09,6.561560084098985e-13,0.6561560084098984
1701,7.813129172869085e-09,6.388585520823746e-13,0.6388585520823746
1702,7.813098548630046e-09,6.082343130436206e-13,0.6082343130436206
1703,7.813200372073386e-09,7.100577563837916e-13,0.7100577563837916
1704,7.813158519321653e-09,6.682050046507458e-13,0.6682050046507458
1705,7.813126391199333e-09,6.360768823310643e-13,0.6360768823310643
1706,7.813211745083125e-09,7.214307661226215e-13,0.7214307661226215
1707,7.81319440039624e-09,7.040860792379587e-13,0.7040860792379587
1708,7.813144587567682e-09,6.542732506797959e-13,0.6542732506797959
1709,7.813220150929673e-09,7.298366126709559e-13,0.7298366126709559
1710,7.813206846346002e-09,7.165320289992074e-13,0.7165320289992073
1711,7.813156568367606e-09,6.662540506039939e-13,0.6662540506039939
1712,7.813216577263788e-09,7.262629467851721e-13,0.7262629467851721
1713,7.813211976357001e-09,7.216620399985398e-13,0.7216620399985397
1714,7.813171227363737e-09,6.809130467346657e-13,0.6809130467346657
1715,7.813205071005602e-09,7.147566885993438e-13,0.7147566885993438
1716,7.813213422249018e-09,7.231079320157664e-13,0.7231079320157664
1717,7.813177073774874e-09,6.86759457871995e-13,0.686759457871995
1718,7.81318464473154e-09,6.94330414537407e-13,0.694330414537407
1719,7.813212699059064e-09,7.223847420616643e-13,0.7223847420616643
1720,7.81317830042766e-09,6.87986110657418e-13,0.687986110657418
1721,7.813159041541182e-09,6.687272241796506e-13,0.6687272241796506
1722,7.813211173749238e-09,7.208594322353031e-13,0.720859432235303
1723,7.813177420001286e-09,6.871056842832511e-13,0.6871056842832511
1724,7.813116869275069e-09,6.265549580663733e-13,0.6265549580663733
1725,7.813222613207017e-09,7.322988900147791e-13,0.7322988900147791
1726,7.813168637353825e-09,6.783230368223965e-13,0.6783230368223965
1727,7.813103291106531e-09,6.129767895289252e-13,0.6129767895289252
1728,7.813178376647073e-09,6.880623300701437e-13,0.6880623300701437
1729,7.81316019988923e-09,6.69885572228207e-13,0.669885572228207
1730,7.813101982975953e-09,6.1166865895024e-13,0.61166865895024
1731,7.813167566338261e-09,6.772520212588339e-13,0.6772520212588339
1732,7.813147391490683e-09,6.570771736806964e-13,0.6570771736806964
1733,7.813094904477466e-09,6.045901604640981e-13,0.6045901604640981
1734,7.813136893919988e-09,6.4657960298604e-13,0.64657960298604
1735,7.81313343779517e-09,6.431234781682809e-13,0.6431234781682809
1736,7.813096392965077e-09,6.060786480741763e-13,0.6060786480741763
1737,7.813095176286951e-09,6.048619699487402e-13,0.6048619699487402
1738,7.813127046572442e-09,6.367322554392775e-13,0.6367322554392775
1739,7.813090759369273e-09,6.004450522707787e-13,0.6004450522707787
1740,7.813050570773007e-09,5.60256456004808e-13,0.560256456004808
1741,7.813124567327334e-09,6.342530103314549e-13,0.6342530103314549
1742,7.813082449664352e-09,5.921353473500894e-13,0.5921353473500894
1743,7.813029955549612e-09,5.396412326092613e-13,0.5396412326092613
1744,7.813100443110712e-09,6.101287937097132e-13,0.6101287937097132
1745,7.813074188206428e-09,5.838738894260758e-13,0.5838738894260758
1746,7.813018561574113e-09,5.282472571109211e-13,0.528247257110921
1747,7.813068809858922e-09,5.784955419191355e-13,0.5784955419191355
1748,7.81305949135809e-09,5.691770410870571e-13,0.5691770410870571
1749,7.813025638121036e-09,5.353238040331525e-13,0.5353238040331525
1750,7.81301903138602e-09,5.287170690173133e-13,0.5287170690173133
1751,7.813056924428131e-09,5.666101111285348e-13,0.5666101111285348
1752,7.81302177159859e-09,5.314572815880532e-13,0.5314572815880532
1753,7.812974352783297e-09,4.840384662944285e-13,0.4840384662944285
1754,7.813051365520305e-09,5.610512033022942e-13,0.5610512033022942
1755,7.813018353461506e-09,5.280391445039125e-13,0.5280391445039124
1756,7.812962033088879e-09,4.717187718761658e-13,0.4717187718761658
1757,7.813021453859591e-09,5.311395425888792e-13,0.5311395425888792
1758,7.813005870784396e-09,5.155564673940709e-13,0.5155564673940709
1759,7.812963498645613e-09,4.731843286102959e-13,0.4731843286102959
1760,7.812974712020134e-09,4.843977031317544e-13,0.4843977031317544
1761,7.813004107980084e-09,5.137936630818267e-13,0.5137936630818267
1762,7.81296874335165e-09,4.784290346469501e-13,0.47842903464695014
1763,7.812926327627938e-09,4.360133109358412e-13,0.4360133109358412
1764,7.812998461428065e-09,5.081471110624679e-13,0.5081471110624679
1765,7.812970175948637e-09,4.798616316350367e-13,0.4798616316350367
1766,7.812919878779864e-09,4.295644628613703e-13,0.4295644628613703
1767,7.812963834463683e-09,4.735201466806961e-13,0.47352014668069614
1768,7.812960413602541e-09,4.70099285538597e-13,0.47009928553859703
1769,7.812931484689782e-09,4.4117037277937714e-13,0.44117037277937715
1770,7.812906760570545e-09,4.16446253543072e-13,0.416446253543072
1771,7.812968455563735e-09,4.78141246732791e-13,0.478141246732791
1772,7.812932455091384e-09,4.4214077438133314e-13,0.44214077438133315
1773,7.812882136333434e-09,3.918220164319071e-13,0.3918220164319071
1774,7.81294805747893e-09,4.577431619273388e-13,0.4577431619273388
1775,7.81292840956716e-09,4.380952501575565e-13,0.4380952501575565
1776,7.812891516294977e-09,4.012019779746383e-13,0.4012019779746383
1777,7.812897193855179e-09,4.068795381761302e-13,0.4068795381761302
1778,7.812931960884928e-09,4.4164656792605993e-13,0.44164656792605994
1779,7.812902077684522e-09,4.117633675196726e-13,0.41176336751967263
1780,7.812853434140902e-09,3.631198238994811e-13,0.3631198238994811
1781,7.812925690415216e-09,4.3537609821401717e-13,0.4353760982140172
1782,7.81290088236518e-09,4.105680481770345e-13,0.4105680481770345
1783,7.812857338502003e-09,3.670241850004001e-13,0.3670241850004001
1784,7.812881455102104e-09,3.9114078510188015e-13,0.39114078510188016
1785,7.812902100900001e-09,4.1178658299869097e-13,0.411786582998691
1786,7.812874737453206e-09,3.8442313620379575e-13,0.38442313620379576
1787,7.81283079192023e-09,3.404776032273098e-13,0.3404776032273098
1788,7.812903470708131e-09,4.1315639112846346e-13,0.4131563911284635
1789,7.812878414362244e-09,3.8810004524145446e-13,0.38810004524145447
1790,7.81283280730299e-09,3.4249298598816163e-13,0.34249298598816164
1791,7.81282949944282e-09,3.391851258174898e-13,0.33918512581748983
1792,7.800071031671511e-09,-1.2419282645491044e-11,-12.419282645491043
1793,7.80336396480417e-09,-9.126349512832002e-12,-9.126349512832002
1794,7.805572254236562e-09,-6.918060080440683e-12,-6.918060080440683
1795,7.807661035993713e-09,-4.8292783232895654e-12,-4.829278323289565
1796,7.808506363504502e-09,-3.983950812500058e-12,-3.9839508125000576
1797,7.809174587742381e-09,-3.3157265746212487e-12,-3.3157265746212485
1798,7.809686768196137e-09,-2.803546120864889e-12,-2.803546120864889
1799,7.810110407564081e-09,-2.3799067529214875e-12,-2.3799067529214875
1800,7.81045936058117e-09,-2.0309537358319225e-12,-2.0309537358319227
1801,7.810756845247195e-09,-1.7334690698077971e-12,-1.7334690698077972
1802,7.811008835882042e-09,-1.481478434960483e-12,-1.481478434960483
1803,7.811218309637115e-09,-1.2720046798869706e-12,-1.2720046798869706
1804,7.811406102479373e-09,-1.0842118376293953e-12,-1.0842118376293954
1805,7.811653749244664e-09,-8.365650723386715e-13,-0.8365650723386715
1806,7.811778676575514e-09,-7.116377414887577e-13,-0.7116377414887577
1807,7.811909526103233e-09,-5.807882137696578e-13,-0.5807882137696578
1808,7.812026488207297e-09,-4.638261097051803e-13,-0.4638261097051803
1809,7.812102365608448e-09,-3.879487085547599e-13,-0.3879487085547599
1810,7.812287320375336e-09,-2.0299394166651842e-13,-0.2029939416665184
1811,7.812353388579303e-09,-1.369257376989162e-13,-0.1369257376989162
1812,7.812417905398382e-09,-7.24089186199235e-14,-0.0724089186199235
1813,7.812473265127228e-09,-1.704918977458043e-14,-0.01704918977458043
1814,7.812590924088686e-09,1.0060977168373496e-13,0.10060977168373496
1815,7.812650124481755e-09,1.5981016475236353e-13,0.15981016475236354
1816,7.812690455772579e-09,2.0014145557676043e-13,0.20014145557676044
1817,7.812696822302604e-09,2.065079856012854e-13,0.20650798560128542
1818,7.812831850914702e-09,3.41536597699285e-13,0.341536597699285
1819,7.812842736833062e-09,3.5242251605959856e-13,0.35242251605959857
1820,7.812843166908959e-09,3.5285259195636925e-13,0.35285259195636925
1821,7.81291131400283e-09,4.2099968582707663e-13,0.42099968582707664
1822,7.812960463841759e-09,4.701495247567646e-13,0.4701495247567646
1823,7.812965728944349e-09,4.754146273467887e-13,0.4754146273467887
1824,7.812940909984528e-09,4.505956675254454e-13,0.4505956675254454
1825,7.813079679663327e-09,5.893653463246605e-13,0.5893653463246605
1826,7.813039828606302e-09,5.495142893000389e-13,0.5495142893000389
1827,7.813016393467924e-09,5.260791509215475e-13,0.5260791509215474
1828,7.813104650153955e-09,6.143358369521358e-13,0.6143358369521358
1829,7.813104919727272e-09,6.146054102697972e-13,0.6146054102697972
1830,7.813086462865799e-09,5.961485487965988e-13,0.5961485487965988
1831,7.813111607316665e-09,6.212929996626494e-13,0.6212929996626494
1832,7.81315052177209e-09,6.602074550880423e-13,0.6602074550880422
1833,7.813117358439984e-09,6.270441229815445e-13,0.6270441229815444
1834,7.813131167177666e-09,6.408528606634988e-13,0.6408528606634988
1835,7.81317504561208e-09,6.84731295078035e-13,0.684731295078035
1836,7.813148444657568e-09,6.581303405659946e-13,0.6581303405659945
1837,7.81313086591854e-09,6.405516015373465e-13,0.6405516015373465
1838,7.813199075706401e-09,7.087613893986779e-13,0.7087613893986778
1839,7.813167560402254e-09,6.772460852519395e-13,0.6772460852519395
1840,7.81312411967381e-09,6.338053568069628e-13,0.6338053568069628
1841,7.81321164402193e-09,7.213297049276187e-13,0.7213297049276186
1842,7.813178460740504e-09,6.881464235011471e-13,0.6881464235011471
1843,7.813126978850463e-09,6.366645334610786e-13,0.6366645334610787
1844,7.81320457826282e-09,7.142639458170035e-13,0.7142639458170035
1845,7.813182205981383e-09,6.918916643807267e-13,0.6918916643807267
1846,7.813127172366999e-09,6.368580499963401e-13,0.6368580499963401
1847,7.813194486644523e-09,7.0417232752078e-13,0.70417232752078
1848,7.813178122157718e-09,6.878078407152071e-13,0.6878078407152071
1849,7.813128004044933e-09,6.376897279303266e-13,0.6376897279303266
1850,7.813174249767028e-09,6.839354500258492e-13,0.6839354500258492
1851,7.813171347046104e-09,6.810327291019809e-13,0.6810327291019809
1852,7.813132778247884e-09,6.424639308817036e-13,0.6424639308817036
1853,7.813143926312777e-09,6.53611995774797e-13,0.653611995774797
1854,7.813167408641055e-09,6.770943240528459e-13,0.6770943240528459
1855,7.813120698921087e-09,6.303846040850809e-13,0.6303846040850809
1856,7.813087786432706e-09,5.974721157037148e-13,0.5974721157037148
1857,7.81317707407303e-09,6.867597560275925e-13,0.6867597560275924
1858,7.813124121923529e-09,6.338076065264707e-13,0.6338076065264707
1859,7.813076134877877e-09,5.858205608742463e-13,0.5858205608742463
1860,7.813158074988498e-09,6.67760671495407e-13,0.667760671495407
1861,7.813122089329059e-09,6.317750120561307e-13,0.6317750120561306
1862,7.81306403839358e-09,5.737240765782441e-13,0.5737240765782441
1863,7.813131551961017e-09,6.412376440145139e-13,0.6412376440145139
1864,7.813106748667917e-09,6.16434350914563e-13,0.616434350914563
1865,7.81307611499632e-09,5.858006793169084e-13,0.5858006793169084
1866,7.813089413915035e-09,5.990995980323057e-13,0.5990995980323056
1867,7.813091986387977e-09,6.016720709744349e-13,0.6016720709744349
1868,7.81306230728863e-09,5.719929716270179e-13,0.5719929716270179
1869,7.813055775756587e-09,5.654614395843678e-13,0.5654614395843678
1870,7.813091925510025e-09,6.016111930224498e-13,0.6016111930224498
1871,7.813054966250587e-09,5.646519335848087e-13,0.5646519335848087
1872,7.81301127153423e-09,5.209572172284001e-13,0.5209572172284
1873,7.813089562586258e-09,5.992482692552077e-13,0.5992482692552077
1874,7.813052504298504e-09,5.621899815016372e-13,0.5621899815016372
1875,7.812995903944218e-09,5.055896272153733e-13,0.5055896272153733
1876,7.81306188180704e-09,5.715674900369532e-13,0.5715674900369532
1877,7.813040920194602e-09,5.506058775998245e-13,0.5506058775998245
1878,7.8129953836627e-09,5.050693456978518e-13,0.5050693456978518
1879,7.813018409799362e-09,5.280954823593003e-13,0.5280954823593003
1880,7.813032492487828e-09,5.421781708251873e-13,0.5421781708251873
1881,7.813000916143099e-09,5.10601826096138e-13,0.510601826096138
1882,7.812964610969279e-09,4.742966522766303e-13,0.47429665227663026
1883,7.81303574399659e-09,5.454296795879442e-13,0.5454296795879442
1884,7.812998849423365e-09,5.08535106362419e-13,0.5085351063624189
1885,7.812944855016763e-09,4.5454069976035976e-13,0.45454069976035977
1886,7.813010616066255e-09,5.203017492524968e-13,0.5203017492524968
1887,7.812992190484014e-09,5.018761670119747e-13,0.5018761670119747
1888,7.812945860126387e-09,4.555458093843624e-13,0.45554580938436245
1889,7.812966733064639e-09,4.76418747636309e-13,0.476418747636309
1890,7.81298501765994e-09,4.947033429368265e-13,0.49470334293682655
1891,7.812955165006929e-09,4.64850689926649e-13,0.464850689926649
1892,7.81291216362431e-09,4.2184930730701774e-13,0.42184930730701775
1893,7.812988573572014e-09,4.982592550120359e-13,0.4982592550120359
1894,7.812954798817645e-09,4.64484500642892e-13,0.46448450064289204
1895,7.812899353382618e-09,4.09039065615814e-13,0.409039065615814
1896,7.812958780983805e-09,4.68466666802214e-13,0.46846666680221405
1897,7.812944166941406e-09,4.53852624404119e-13,0.453852624404119
1898,7.812914293742765e-09,4.2397942576277286e-13,0.42397942576277287
1899,7.812901696045357e-09,4.113817283549577e-13,0.41138172835495773
1900,7.812950723098391e-09,4.604087813886117e-13,0.4604087813886117
1901,7.812920458882236e-09,4.3014456523375865e-13,0.43014456523375866
1902,7.812868142522441e-09,3.7782820543910955e-13,0.37782820543910955
1903,7.812935878202245e-09,4.4556388524294015e-13,0.44556388524294016
1904,7.812913560564599e-09,4.232462475961567e-13,0.4232462475961567
1905,7.81287737798694e-09,3.8706366993730273e-13,0.38706366993730273
1906,7.812887799107829e-09,3.9748479082627174e-13,0.39748479082627175
1907,7.812917681481531e-09,4.2736716452850253e-13,0.42736716452850254
1908,7.812889548454481e-09,3.9923413747904995e-13,0.39923413747904996
1909,7.812842895899073e-09,3.5258158207082934e-13,0.35258158207082935
1910,7.81291349026764e-09,4.2317595063779816e-13,0.42317595063779817
1911,7.812891217827671e-09,4.009035106690802e-13,0.4009035106690802
1912,7.812846406003607e-09,3.5609168660425116e-13,0.35609168660425117
1913,7.81286022166663e-09,3.699073496275822e-13,0.3699073496275822
1914,7.812898559150317e-09,4.082448333143597e-13,0.40824483331435973
1915,7.812862909146318e-09,3.725948293151578e-13,0.3725948293151578
1916,7.812819542861904e-09,3.292285449018494e-13,0.3292285449018494
1917,7.812891663312792e-09,4.0134899578922733e-13,0.40134899578922734
1918,7.812866911587057e-09,3.765972700551053e-13,0.3765972700551053
1919,7.812815063087605e-09,3.24748770602938e-13,0.324748770602938
1920,7.800058527852459e-09,-1.2431786464543249e-11,-12.431786464543249
1921,7.803317688832834e-09,-9.172625484168137e-12,-9.172625484168137
1922,7.805642484841747e-09,-6.84782947525511e-12,-6.84782947525511
1923,7.807610948347009e-09,-4.879365969993399e-12,-4.879365969993399
1924,7.808489882276228e-09,-4.000432040774553e-12,-4.000432040774553
1925,7.809161180010425e-09,-3.329134306577182e-12,-3.329134306577182
1926,7.809674439204686e-09,-2.8158751123167806e-12,-2.8158751123167804
1927,7.81010464318639e-09,-2.385671130611941e-12,-2.385671130611941
1928,7.810457281135614e-09,-2.033033181388641e-12,-2.033033181388641
1929,7.81075180878929e-09,-1.7385055277121712e-12,-1.7385055277121713
1930,7.811006550139917e-09,-1.4837641770855712e-12,-1.4837641770855712
1931,7.811230568914368e-09,-1.2597454026347697e-12,-1.2597454026347696
1932,7.811425992940721e-09,-1.0643213762811009e-12,-1.0643213762811008
1933,7.811580575640444e-09,-9.097386765588204e-13,-0.9097386765588205
1934,7.811742474251823e-09,-7.478400651796781e-13,-0.747840065179678
1935,7.811932105345311e-09,-5.582089716911807e-13,-0.5582089716911808
1936,7.81203397527382e-09,-4.563390431828644e-13,-0.4563390431828644
1937,7.8121403948128e-09,-3.4991950420320146e-13,-0.34991950420320145
1938,7.812212731955043e-09,-2.775823619591251e-13,-0.2775823619591251
1939,7.81233763899776e-09,-1.5267531924236395e-13,-0.15267531924236394
1940,7.812443837616995e-09,-4.647670000787208e-14,-0.04647670000787208
1941,7.812496813456313e-09,6.4991393107184845e-15,0.006499139310718485
1942,7.812524619040754e-09,3.430472375155329e-14,0.034304723751553294
1943,7.812637894925195e-09,1.4758060819221585e-13,0.14758060819221586
1944,7.8127022477858e-09,2.1193346879767443e-13,0.21193346879767444
1945,7.81274085423294e-09,2.505399159383913e-13,0.2505399159383913
1946,7.812744717150414e-09,2.5440283341126706e-13,0.25440283341126707
1947,7.812849628957195e-09,3.593146401922902e-13,0.3593146401922902
1948,7.812875446358797e-09,3.851320417942754e-13,0.3851320417942754
1949,7.81287592923534e-09,3.8561491833684613e-13,0.38561491833684614
1950,7.812925823121562e-09,4.355088045599294e-13,0.4355088045599294
1951,7.812986587923498e-09,4.962736064957645e-13,0.49627360649576446
1952,7.812986199020179e-09,4.958847031764939e-13,0.4958847031764939
1953,7.812968646152925e-09,4.783318359221868e-13,0.4783318359221868
1954,7.81307155375778e-09,5.812394407772619e-13,0.5812394407772619
1955,7.813061274382772e-09,5.709600657698182e-13,0.5709600657698182
1956,7.813027045781374e-09,5.367314643712719e-13,0.5367314643712718
1957,7.81310905612119e-09,6.187418041881553e-13,0.6187418041881553
1958,7.813114723273051e-09,6.244089560487913e-13,0.6244089560487913
1959,7.813085152444843e-09,5.948381278408242e-13,0.5948381278408242
1960,7.813113634002234e-09,6.233196852311494e-13,0.6233196852311494
1961,7.813149886903956e-09,6.595725869534162e-13,0.6595725869534163
1962,7.81312779407563e-09,6.374797586270976e-13,0.6374797586270976
1963,7.813118865264163e-09,6.285509471608648e-13,0.6285509471608648
1964,7.81318661013258e-09,6.962958155781073e-13,0.6962958155781073
1965,7.81314532397135e-09,6.550096543478752e-13,0.6550096543478752
1966,7.813119607956204e-09,6.292936392015446e-13,0.6292936392015446
1967,7.813198068116665e-09,7.077537996622056e-13,0.7077537996622056
1968,7.813164979418325e-09,6.746651013227563e-13,0.6746651013227563
1969,7.813118786158062e-09,6.284718410598549e-13,0.6284718410598549
1970,7.813202699435322e-09,7.123851183197762e-13,0.7123851183197761
1971,7.813173216237755e-09,6.829019207524002e-13,0.6829019207524002
1972,7.813119864315808e-09,6.295499988052288e-13,0.6295499988052288
1973,7.81319321479406e-09,7.029004770572915e-13,0.7029004770572915
1974,7.813175007177113e-09,6.846928601110204e-13,0.6846928601110204
1975,7.813118733438732e-09,6.284191217292178e-13,0.6284191217292178
1976,7.813181415462474e-09,6.911011454717132e-13,0.6911011454717132
1977,7.813170494781882e-09,6.801804648792444e-13,0.6801804648792443
1978,7.813123986669308e-09,6.336723523054531e-13,0.6336723523054532
1979,7.813155440241693e-09,6.651259246909956e-13,0.6651259246909956
1980,7.813161885389928e-09,6.71571072925553e-13,0.671571072925553
1981,7.813129065167151e-09,6.387508501490653e-13,0.6387508501490653
1982,7.813121887559034e-09,6.315732420318311e-13,0.6315732420318311
1983,7.813149797552144e-09,6.594832351418763e-13,0.6594832351418762
1984,7.813113165410055e-09,6.228510930522012e-13,0.6228510930522012
1985,7.813084006239859e-09,5.936919228565997e-13,0.5936919228565997
1986,7.813161431773291e-09,6.711174562891122e-13,0.6711174562891121
1987,7.813120862256145e-09,6.305479391423659e-13,0.6305479391423658
1988,7.813066546532676e-09,5.762322156739634e-13,0.5762322156739634
1989,7.813138596645948e-09,6.482823289454014e-13,0.6482823289454014
1990,7.813112435918175e-09,6.221216011729715e-13,0.6221216011729714
1991,7.813053857708076e-09,5.635433910735509e-13,0.5635433910735509
1992,7.813114889277956e-09,6.24574960953926e-13,0.624574960953926
1993,7.813099124314295e-09,6.088099972921561e-13,0.6088099972921561
1994,7.813055379182537e-09,5.650648655347269e-13,0.5650648655347269
1995,7.813072982465192e-09,5.826681481900546e-13,0.5826681481900546
1996,7.813090145128085e-09,5.998308110824842e-13,0.5998308110824841
1997,7.81305715620345e-09,5.668418864479578e-13,0.5668418864479579
1998,7.813024984767254e-09,5.346704502514856e-13,0.5346704502514855
1999,7.813089775076331e-09,5.994607593284877e-13,0.5994607593284877
2000,7.813049937476966e-09,5.596231599633321e-13,0.5596231599633321
2001,7.812998984284563e-09,5.08669967560149e-13,0.508669967560149
2002,7.813068682817532e-09,5.783685005295745e-13,0.5783685005295746
2003,7.813046156213469e-09,5.558418964665717e-13,0.5558418964665717
2004,7.813000032924904e-09,5.09718607901377e-13,0.509718607901377
2005,7.813026099205114e-09,5.357848881120563e-13,0.5357848881120563
2006,7.813030192718837e-09,5.398784018344925e-13,0.5398784018344925
2007,7.8130039112516e-09,5.135969345976292e-13,0.5135969345976292
2008,7.812975711600327e-09,4.853972833246774e-13,0.4853972833246774
2009,7.813030458389027e-09,5.401440720243329e-13,0.5401440720243329
2010,7.812996394233993e-09,5.060799169902984e-13,0.5060799169902984
2011,7.812956683364309e-09,4.663690473065792e-13,0.4663690473065792
2012,7.813019258363745e-09,5.289440467421232e-13,0.5289440467421231
2013,7.81298204824703e-09,4.917339300268232e-13,0.49173393002682325
2014,7.8129594933995e-09,4.691790824972271e-13,0.4691790824972271
2015,7.812968468872317e-09,4.781545553144583e-13,0.4781545553144583
2016,7.812981038299153e-09,4.907239821506258e-13,0.49072398215062585
2017,7.812952088637475e-09,4.6177432047233e-13,0.46177432047233
2018,7.812926681972313e-09,4.363676553108638e-13,0.4363676553108638
2019,7.812986657339542e-09,4.963430225398578e-13,0.49634302253985785
2020,7.812951639655803e-09,4.613253388001766e-13,0.4613253388001766
2021,7.812899953989964e-09,4.096396729617895e-13,0.4096396729617895
2022,7.812967310185455e-09,4.76995868452723e-13,0.476995868452723
2023,7.812943489626757e-09,4.5317530975444014e-13,0.45317530975444015
2024,7.812906172485735e-09,4.158581687321887e-13,0.4158581687321887
2025,7.812919107342913e-09,4.2879302591059253e-13,0.42879302591059254
2026,7.812944757411462e-09,4.5444309445978175e-13,0.45444309445978176
2027,7.812915822806642e-09,4.255084896391563e-13,0.42550848963915633
2028,7.812870080967506e-09,3.797666505032964e-13,0.3797666505032964
2029,7.812942761896706e-09,4.524475797037407e-13,0.4524475797037407
2030,7.812916398030104e-09,4.260837131017685e-13,0.4260837131017685
2031,7.812866232686762e-09,3.7591836975974917e-13,0.3759183697597492
2032,7.81290525843554e-09,4.1494411853814766e-13,0.41494411853814767
2033,7.81291465575787e-09,4.2434144086816577e-13,0.4243414408681658
2034,7.812881144776337e-09,3.908304593350605e-13,0.3908304593350605
2035,7.812843869377099e-09,3.5355506009644976e-13,0.35355506009644977
2036,7.812920137755105e-09,4.298234381027956e-13,0.4298234381027956
2037,7.81288586052724e-09,3.9554621023681335e-13,0.39554621023681336
2038,7.81283601235369e-09,3.456980366878275e-13,0.3456980366878275
2039,7.812886735098922e-09,3.964207819192488e-13,0.3964207819192488
2040,7.812885017519393e-09,3.947032023901244e-13,0.3947032023901244
2041,7.81285698770839e-09,3.6667339138749243e-13,0.36667339138749244
2042,7.812819760257992e-09,3.294459409899599e-13,0.3294459409899599
2043,7.812897903817866e-09,4.07589500863728e-13,0.407589500863728
2044,7.812864814699398e-09,3.7450038239593685e-13,0.37450038239593686
2045,7.812812471790203e-09,3.22157473200589e-13,0.322157473200589
2046,7.812860579195849e-09,3.7026487884648645e-13,0.37026487884648646
2047,7.812841551163119e-09,3.5123684611629557e-13,0.3512368461162956
2048,7.800102050546588e-09,-1.2388263770414032e-11,-12.388263770414031
2049,7.80336234991214e-09,-9.127964404862865e-12,-9.127964404862865
2050,7.805690998470842e-09,-6.799315846160237e-12,-6.799315846160237
2051,7.807631851331214e-09,-4.8584629857887475e-12,-4.858462985788748
2052,7.808523249058872e-09,-3.967065258130388e-12,-3.967065258130388
2053,7.809233217899317e-09,-3.257096417685239e-12,-3.257096417685239
2054,7.809734132205011e-09,-2.7561821119910833e-12,-2.7561821119910834
2055,7.810143850810083e-09,-2.3464635069191082e-12,-2.3464635069191084
2056,7.810486539320573e-09,-2.0037749964296374e-12,-2.0037749964296374
2057,7.810768804092025e-09,-1.721510224977592e-12,-1.721510224977592
2058,7.811075555257834e-09,-1.414759059168086e-12,-1.414759059168086
2059,7.811290973368159e-09,-1.1993409488434874e-12,-1.1993409488434874
2060,7.811468839417956e-09,-1.0214748990468635e-12,-1.0214748990468634
2061,7.81164016530275e-09,-8.501490142526881e-13,-0.8501490142526881
2062,7.811788662362125e-09,-7.016519548770959e-13,-0.701651954877096
2063,7.81189811162276e-09,-5.922026942415852e-13,-0.5922026942415852
2064,7.812070780861152e-09,-4.1953345585064595e-13,-0.41953345585064594
2065,7.812188239367181e-09,-3.0207494982149597e-13,-0.30207494982149596
2066,7.812271858297104e-09,-2.1845601989887732e-13,-0.2184560198988773
2067,7.812349212896609e-09,-1.4110142039349972e-13,-0.1411014203934997
2068,7.812411687702211e-09,-7.862661479122053e-14,-0.07862661479122053
2069,7.812548315986852e-09,5.800166984964566e-14,0.05800166984964566
2070,7.812596361552317e-09,1.0604723531412995e-13,0.10604723531412995
2071,7.812615992848688e-09,1.2567853168561892e-13,0.12567853168561893
2072,7.812702696320239e-09,2.1238200323643168e-13,0.2123820032364317
2073,7.812777824320848e-09,2.875100038452301e-13,0.2875100038452301
2074,7.81280536858546e-09,3.150542684574416e-13,0.3150542684574416
2075,7.812801618384355e-09,3.1130406735292287e-13,0.3113040673529229
2076,7.812910872935833e-09,4.2055861883078237e-13,0.4205586188307824
2077,7.812928729894692e-09,4.3841557768941735e-13,0.43841557768941736
2078,7.812923782056762e-09,4.334677397601168e-13,0.4334677397601168
2079,7.812971510235594e-09,4.811959185911331e-13,0.48119591859113314
2080,7.813024723718476e-09,5.344094014734054e-13,0.5344094014734053
2081,7.813020248430063e-09,5.299341130609826e-13,0.5299341130609826
2082,7.813003825328578e-09,5.135110115754597e-13,0.5135110115754598
2083,7.813106033460401e-09,6.157191433989558e-13,0.6157191433989557
2084,7.81308346991215e-09,5.931555951469254e-13,0.5931555951469254
2085,7.813057950218911e-09,5.676359019089776e-13,0.5676359019089776
2086,7.813133051968275e-09,6.427376512726747e-13,0.6427376512726747
2087,7.81313216757101e-09,6.418532540080511e-13,0.6418532540080512
2088,7.81308646806997e-09,5.961537529670268e-13,0.5961537529670268
2089,7.813159039454093e-09,6.687251370904686e-13,0.6687251370904685
2090,7.813158568707062e-09,6.682543900597025e-13,0.6682543900597026
2091,7.813125082323366e-09,6.347680063633855e-13,0.6347680063633855
2092,7.813157158065168e-09,6.668437481656088e-13,0.6668437481656088
2093,7.813178136442081e-09,6.878221250788296e-13,0.6878221250788296
2094,7.813150932616951e-09,6.606182999487785e-13,0.6606182999487785
2095,7.81314643416727e-09,6.561198502674461e-13,0.656119850267446
2096,7.813195090287635e-09,7.047759706328384e-13,0.7047759706328384
2097,7.813163382591813e-09,6.730682748105925e-13,0.6730682748105925
2098,7.813130579485878e-09,6.40265168875903e-13,0.640265168875903
2099,7.813206336513483e-09,7.160221964801232e-13,0.7160221964801232
2100,7.813170663565055e-09,6.803492480524461e-13,0.680349248052446
2101,7.813120989663453e-09,6.306753464501601e-13,0.6306753464501601
2102,7.813201011102147e-09,7.106967851442546e-13,0.7106967851442546
2103,7.813171581260879e-09,6.812669438762921e-13,0.681266943876292
2104,7.813118511610967e-09,6.281972939647272e-13,0.6281972939647272
2105,7.813188004403022e-09,6.976900860193965e-13,0.6976900860193964
2106,7.813162225897173e-09,6.719115801703492e-13,0.6719115801703491
2107,7.813110589955556e-09,6.202756385540977e-13,0.6202756385540976
2108,7.813166283157885e-09,6.75968840882643e-13,0.675968840882643
2109,7.813165287684108e-09,6.749733671054482e-13,0.6749733671054482
2110,7.813105951033931e-09,6.156367169287926e-13,0.6156367169287925
2111,7.813127087135155e-09,6.367728181530556e-13,0.6367728181530556
2112,7.813129539397182e-09,6.392250801793105e-13,0.6392250801793105
2113,7.813115096333466e-09,6.247820164638164e-13,0.6247820164638164
2114,7.813096530197967e-09,6.062158809641587e-13,0.6062158809641587
2115,7.813145660467047e-09,6.553461500446332e-13,0.6553461500446333
2116,7.813114445392034e-09,6.241310750319833e-13,0.6241310750319833
2117,7.813055159374099e-09,5.648450570967827e-13,0.5648450570967827
2118,7.813140518963505e-09,6.502046465022725e-13,0.6502046465022725
2119,7.81310162880776e-09,6.113144907580705e-13,0.6113144907580704
2120,7.813045398166415e-09,5.550838494126241e-13,0.5550838494126241
2121,7.813110366840302e-09,6.200525232995273e-13,0.6200525232995273
2122,7.813090745505038e-09,6.00431188035498e-13,0.600431188035498
2123,7.81303885938377e-09,5.485450667679455e-13,0.5485450667679455
2124,7.813079197112045e-09,5.888827950427415e-13,0.5888827950427415
2125,7.813076490455532e-09,5.861761385292401e-13,0.5861761385292401
2126,7.813043943736306e-09,5.536294193032891e-13,0.5536294193032891
2127,7.813031578071715e-09,5.41263754712913e-13,0.541263754712913
2128,7.813073881499186e-09,5.835671821840068e-13,0.5835671821840067
2129,7.813039429023592e-09,5.491147065893694e-13,0.5491147065893693
2130,7.812990284619225e-09,4.99970302223071e-13,0.49997030222307104
2131,7.813065763494762e-09,5.754491777599401e-13,0.5754491777599401
2132,7.813033973575758e-09,5.436592587554383e-13,0.5436592587554383
2133,7.812975957903956e-09,4.856435869532118e-13,0.4856435869532118
2134,7.813036465953264e-09,5.461516362620751e-13,0.5461516362620751
2135,7.81302040237322e-09,5.300880562169484e-13,0.5300880562169484
2136,7.812982519996947e-09,4.922056799445988e-13,0.49220567994459885
2137,7.812986812637951e-09,4.964983209485392e-13,0.49649832094853924
2138,7.813016661658884e-09,5.263473418814389e-13,0.526347341881439
2139,7.81298560177386e-09,4.952874568572531e-13,0.4952874568572531
2140,7.81294016338936e-09,4.498490723569447e-13,0.4498490723569447
2141,7.813024747543819e-09,5.344332268161457e-13,0.5344332268161457
2142,7.812969660844185e-09,4.793465271828888e-13,0.47934652718288884
2143,7.812925491843589e-09,4.3517752658612645e-13,0.43517752658612646
2144,7.812982863214697e-09,4.925488976948263e-13,0.4925488976948263
2145,7.812970459589478e-09,4.801452724758861e-13,0.48014527247588606
2146,7.812938709636876e-09,4.483953198739675e-13,0.4483953198739675
2147,7.812925536878636e-09,4.3522256163386607e-13,0.4352225616338661
2148,7.812973680320452e-09,4.833660034494715e-13,0.4833660034494715
2149,7.812941769201197e-09,4.51454884194613e-13,0.451454884194613
2150,7.812891093659418e-09,4.007793424152763e-13,0.4007793424152763
2151,7.8129599414596e-09,4.696271425975339e-13,0.4696271425975339
2152,7.812936731035674e-09,4.4641671867181725e-13,0.44641671867181726
2153,7.812893627426342e-09,4.0331310933984775e-13,0.40331310933984776
2154,7.812914477718321e-09,4.241634013189165e-13,0.4241634013189165
2155,7.812934593409118e-09,4.4427909211601767e-13,0.4442790921160177
2156,7.812906319896572e-09,4.160055795700653e-13,0.4160055795700653
2157,7.812861026605428e-09,3.7071228842548975e-13,0.37071228842548976
2158,7.81293548648e-09,4.4517216299802114e-13,0.44517216299802115
2159,7.812906807204791e-09,4.1649288778901604e-13,0.41649288778901605
2160,7.812864890796838e-09,3.745764798359182e-13,0.3745764798359182
2161,7.812887725151688e-09,3.9741083468558107e-13,0.3974108346855811
2162,7.812907352219671e-09,4.1703790266859735e-13,0.41703790266859736
2163,7.812868325156297e-09,3.7801083929506473e-13,0.37801083929506474
2164,7.812838551690703e-09,3.482373737010601e-13,0.3482373737010601
2165,7.812913309720873e-09,4.22995403871025e-13,0.422995403871025
2166,7.812878525682702e-09,3.882113656995144e-13,0.3882113656995144
2167,7.812832025742302e-09,3.417114252995983e-13,0.3417114252995983
2168,7.812873526318064e-09,3.832120010619665e-13,0.3832120010619665
2169,7.812872320603933e-09,3.820062869309997e-13,0.3820062869309997
2170,7.812851057230927e-09,3.6074291392421397e-13,0.360742913924214
2171,7.812810721589741e-09,3.2040727273859997e-13,0.3204072727386
2172,7.812888012858287e-09,3.9769854128457726e-13,0.39769854128457727
2173,7.812852320963426e-09,3.620066464239359e-13,0.36200664642393593
2174,7.812804758816605e-09,3.144444996031086e-13,0.3144444996031086
2175,7.81284725146446e-09,3.5693714745835535e-13,0.35693714745835536
2176,7.800228029377363e-09,-1.226228493963966e-11,-12.26228493963966
2177,7.803627634342847e-09,-8.862679974155419e-12,-8.86267997415542
2178,7.805891625136188e-09,-6.598689180814206e-12,-6.598689180814206
2179,7.807870433393848e-09,-4.61988092315405e-12,-4.61988092315405
2180,7.808771684784531e-09,-3.718629532471274e-12,-3.7186295324712737
2181,7.809416108358821e-09,-3.0742059581808827e-12,-3.0742059581808827
2182,7.80992534440408e-09,-2.564969912921923e-12,-2.564969912921923
2183,7.810324188474915e-09,-2.1661258420874506e-12,-2.1661258420874505
2184,7.810672792582193e-09,-1.8175217348095186e-12,-1.8175217348095187
2185,7.810943967442646e-09,-1.54634687435654e-12,-1.5463468743565398
2186,7.811193310509998e-09,-1.2970038070043267e-12,-1.2970038070043268
2187,7.811462762464779e-09,-1.0275518522236447e-12,-1.0275518522236446
2188,7.811629045481323e-09,-8.612688356791882e-13,-0.8612688356791882
2189,7.811786718672233e-09,-7.035956447692922e-13,-0.7035956447692922
2190,7.811929752369099e-09,-5.605619479034902e-13,-0.5605619479034902
2191,7.812031748187032e-09,-4.585661299704212e-13,-0.4585661299704212
2192,7.812201223677531e-09,-2.8909063947149966e-13,-0.28909063947149966
2193,7.81231023937927e-09,-1.8007493773223871e-13,-0.1800749377322387
2194,7.812392704433478e-09,-9.760988352421491e-14,-0.09760988352421492
2195,7.812443262610372e-09,-4.705170663004977e-14,-0.04705170663004977
2196,7.812556929119303e-09,6.661480230083216e-14,0.06661480230083215
2197,7.812647294714085e-09,1.5698039708217636e-13,0.15698039708217637
2198,7.81268814147528e-09,1.9782715827695434e-13,0.19782715827695435
2199,7.812716955991157e-09,2.2664167415444985e-13,0.22664167415444986
2200,7.812817288344802e-09,3.269740277993287e-13,0.3269740277993287
2201,7.8128553695502e-09,3.6505523319758497e-13,0.365055233197585
2202,7.812875885609754e-09,3.8557129275193074e-13,0.38557129275193075
2203,7.812904229419259e-09,4.1391510225624166e-13,0.4139151022562417
2204,7.81299316669965e-09,5.028523826480806e-13,0.5028523826480806
2205,7.812996147401816e-09,5.058330848132049e-13,0.5058330848132049
2206,7.812978869217182e-09,4.88554900179297e-13,0.48855490017929704
2207,7.813079478991057e-09,5.891646740550606e-13,0.5891646740550606
2208,7.813082777310249e-09,5.924629932466145e-13,0.5924629932466146
2209,7.813065623266764e-09,5.753089497614562e-13,0.5753089497614562
2210,7.81311229613741e-09,6.219818204078838e-13,0.6219818204078837
2211,7.813142151758424e-09,6.518374414215085e-13,0.6518374414215085
2212,7.813123981004351e-09,6.336666873491019e-13,0.6336666873491019
2213,7.81313954704402e-09,6.49232727017275e-13,0.649232727017275
2214,7.813180432850045e-09,6.901185330427896e-13,0.6901185330427896
2215,7.813159578600728e-09,6.692642837257913e-13,0.6692642837257913
2216,7.813158738330492e-09,6.684240134895879e-13,0.6684240134895879
2217,7.813213087975936e-09,7.22773658933462e-13,0.722773658933462
2218,7.813185762110299e-09,6.954477932963706e-13,0.6954477932963705
2219,7.813158300041764e-09,6.679857247613606e-13,0.6679857247613606
2220,7.813235640085855e-09,7.453257688525726e-13,0.7453257688525726
2221,7.813201954181854e-09,7.11639864851464e-13,0.7116398648514639
2222,7.813156873218152e-09,6.665589011498426e-13,0.6665589011498425
2223,7.813243424277983e-09,7.531099609802582e-13,0.7531099609802582
2224,7.813209858354504e-09,7.195440375020622e-13,0.7195440375020622
2225,7.813157438968398e-09,6.671246513959726e-13,0.6671246513959727
2226,7.813236326358725e-09,7.460120417227016e-13,0.7460120417227016
2227,7.813209623651839e-09,7.193093348367734e-13,0.7193093348367734
2228,7.813166150451539e-09,6.758361345367307e-13,0.6758361345367307
2229,7.8132175163455e-09,7.272020284968704e-13,0.7272020284968704
2230,7.813203078377534e-09,7.12764060531587e-13,0.712764060531587
2231,7.813153106862435e-09,6.627925454329538e-13,0.6627925454329537
2232,7.813204267245874e-09,7.139529288712988e-13,0.7139529288712988
2233,7.813197982058117e-09,7.076677411147646e-13,0.7076677411147646
2234,7.813156153511198e-09,6.658391941952195e-13,0.6658391941952195
2235,7.813174241865905e-09,6.839275489025172e-13,0.6839275489025172
2236,7.813185864133723e-09,6.955498167208015e-13,0.6955498167208014
2237,7.813149932440447e-09,6.596181234446606e-13,0.6596181234446606
2238,7.81314656877097e-09,6.562544539671601e-13,0.6562544539671601
2239,7.813167787312216e-09,6.774729952141136e-13,0.6774729952141135
2240,7.813132319562602e-09,6.420052456001065e-13,0.6420052456001064
2241,7.81310873054883e-09,6.18416231828285e-13,0.618416231828285
2242,7.813174932163876e-09,6.846178468732116e-13,0.6846178468732116
2243,7.813134629414673e-09,6.443150976710054e-13,0.6443150976710054
2244,7.813081693853466e-09,5.913795364631226e-13,0.5913795364631226
2245,7.813157399462782e-09,6.670851457793127e-13,0.6670851457793127
2246,7.813124733643947e-09,6.344193269447142e-13,0.6344193269447141
2247,7.813065495059857e-09,5.751807428545598e-13,0.5751807428545598
2248,7.813130534803196e-09,6.402204861938694e-13,0.6402204861938694
2249,7.813109493623872e-09,6.191793068698075e-13,0.6191793068698075
2250,7.813059235865847e-09,5.689215488451109e-13,0.5689215488451109
2251,7.813094710960931e-09,6.043966439288366e-13,0.6043966439288366
2252,7.813095941205136e-09,6.056268881339559e-13,0.6056268881339559
2253,7.813061796886904e-09,5.714825699017932e-13,0.5714825699017932
2254,7.81304552646819e-09,5.552121511872106e-13,0.5552121511872106
2255,7.813091864740493e-09,6.01550423490682e-13,0.601550423490682
2256,7.813056706557704e-09,5.663922407019738e-13,0.5663922407019738
2257,7.813004311891408e-09,5.139975744054169e-13,0.5139975744054169
2258,7.81309134791487e-09,6.010335978675853e-13,0.6010335978675853
2259,7.813030825784485e-09,5.405114674830068e-13,0.5405114674830068
2260,7.812992532454932e-09,5.022181379297038e-13,0.5022181379297037
2261,7.813051026639363e-09,5.607123223607567e-13,0.5607123223607567
2262,7.81303652401229e-09,5.462096952884117e-13,0.5462096952884117
2263,7.812988531640495e-09,4.98217323493015e-13,0.498217323493015
2264,7.813002009479674e-09,5.116951626719267e-13,0.5116951626719267
2265,7.813027117867266e-09,5.36803550263215e-13,0.536803550263215
2266,7.81299578629473e-09,5.054719777271315e-13,0.5054719777271315
2267,7.812949643504078e-09,4.593291870753592e-13,0.45932918707535925
2268,7.813027082779773e-09,5.36768462770408e-13,0.5367684627704079
2269,7.812986360579855e-09,4.960462628527214e-13,0.4960462628527214
2270,7.81295078256688e-09,4.604682498777725e-13,0.4604682498777725
2271,7.812991093488256e-09,5.007791712538538e-13,0.5007791712538538
2272,7.812984193232607e-09,4.938789156048686e-13,0.4938789156048686
2273,7.812937779499833e-09,4.474651828301922e-13,0.4474651828301922
2274,7.812944195510134e-09,4.53881193131364e-13,0.453881193131364
2275,7.812979068994984e-09,4.887546779821046e-13,0.48875467798210465
2276,7.812948877217087e-09,4.585629000849008e-13,0.4585629000849008
2277,7.812899268950374e-09,4.0895463337163167e-13,0.4089546333716317
2278,7.812971412603188e-09,4.810982861855008e-13,0.4810982861855008
2279,7.81294598364412e-09,4.556693271168629e-13,0.45566932711686287
2280,7.81289378218265e-09,4.034678656474429e-13,0.4034678656474429
2281,7.812933715733907e-09,4.434014169048635e-13,0.4434014169048635
2282,7.812938677829095e-09,4.483635120927322e-13,0.44836351209273223
2283,7.812910555562752e-09,4.2024124574984155e-13,0.42024124574984156
2284,7.812873194186281e-09,3.828798692789527e-13,0.38287986927895273
2285,7.812944029451018e-09,4.5371513401612067e-13,0.4537151340161207
2286,7.812912338004676e-09,4.220236876739349e-13,0.4220236876739349
2287,7.812857706439563e-09,3.6739212256016023e-13,0.36739212256016024
2288,7.81291672502548e-09,4.2641070847699013e-13,0.42641070847699014
2289,7.812903672993151e-09,4.1335867614879495e-13,0.41335867614879496
2290,7.812877449246127e-09,3.8713492912508934e-13,0.38713492912508934
2291,7.812853245367751e-09,3.629310507487242e-13,0.3629310507487242
2292,7.812915273658241e-09,4.249593412387924e-13,0.4249593412387924
2293,7.812882501397858e-09,3.9218708085591013e-13,0.39218708085591014
2294,7.812830688500895e-09,3.4037418389258183e-13,0.34037418389258184
2295,7.81289246449754e-09,4.0215018053711265e-13,0.40215018053711266
2296,7.812877349174267e-09,3.870348572645689e-13,0.38703485726456893
2297,7.812849523301693e-09,3.592089846905815e-13,0.3592089846905815
2298,7.812832155290909e-09,3.4184097390668316e-13,0.34184097390668317
2299,7.812884773614561e-09,3.9445929755889663e-13,0.39445929755889664
2300,7.812858415250285e-09,3.681009332829498e-13,0.3681009332829498
2301,7.812805753694071e-09,3.1543937706910845e-13,0.31543937706910846
2302,7.81286967535392e-09,3.793610369180424e-13,0.3793610369180424
2303,7.812840011487614e-09,3.496971706111489e-13,0.3496971706111489
2304,7.800143808701682e-09,-1.2346505615320536e-11,-12.346505615320536
2305,7.803441228574639e-09,-9.049085742363625e-12,-9.049085742363625
2306,7.805779541874137e-09,-6.7107724428651345e-12,-6.710772442865134
2307,7.80772185652364e-09,-4.768457793362065e-12,-4.768457793362065
2308,7.808583026342364e-09,-3.907287974638307e-12,-3.907287974638307
2309,7.80929874202353e-09,-3.1915722934728442e-12,-3.191572293472844
2310,7.809787678809011e-09,-2.702635507991315e-12,-2.7026355079913147
2311,7.810206915313247e-09,-2.283399003755214e-12,-2.283399003755214
2312,7.810554253560279e-09,-1.9360607567237677e-12,-1.9360607567237678
2313,7.810877450189243e-09,-1.6128641277589313e-12,-1.6128641277589313
2314,7.811124982137524e-09,-1.3653321794782737e-12,-1.3653321794782738
2315,7.811330793145951e-09,-1.159521171051542e-12,-1.159521171051542
2316,7.811520548421246e-09,-9.697658957567136e-13,-0.9697658957567136
2317,7.811687193452896e-09,-8.031208641068642e-13,-0.8031208641068642
2318,7.811818858232886e-09,-6.71456084116691e-13,-0.671456084116691
2319,7.811961549999491e-09,-5.287643175110367e-13,-0.5287643175110367
2320,7.812137354926748e-09,-3.529593902544163e-13,-0.3529593902544163
2321,7.812215510087585e-09,-2.748042294174026e-13,-0.27480422941740257
2322,7.812305856654618e-09,-1.844576623841855e-13,-0.18445766238418548
2323,7.812354530406821e-09,-1.357839101809631e-13,-0.13578391018096309
2324,7.812516604889345e-09,2.6290572343083565e-14,0.026290572343083563
2325,7.812563492608205e-09,7.317829120251628e-14,0.07317829120251627
2326,7.812618970067854e-09,1.2865575085126412e-13,0.12865575085126413
2327,7.812638186521369e-09,1.4787220436650582e-13,0.14787220436650583
2328,7.812776612006636e-09,2.862976896335383e-13,0.2862976896335383
2329,7.812793929683334e-09,3.03615366331579e-13,0.303615366331579
2330,7.812798776175465e-09,3.0846185846280643e-13,0.30846185846280644
2331,7.812873448933134e-09,3.8313461613190535e-13,0.38313461613190536
2332,7.812930073980125e-09,4.3975966312264763e-13,0.43975966312264764
2333,7.812939124384865e-09,4.488100678625247e-13,0.4488100678625247
2334,7.812929234807644e-09,4.3892049064114385e-13,0.43892049064114386
2335,7.813047514908526e-09,5.572005915240762e-13,0.5572005915240762
2336,7.813018065782012e-09,5.277514650099706e-13,0.5277514650099706
2337,7.813013586834418e-09,5.232725174152157e-13,0.5232725174152157
2338,7.813088297376532e-09,5.979830595300258e-13,0.5979830595300257
2339,7.813095767665026e-09,6.054533480237225e-13,0.6054533480237224
2340,7.813068774595246e-09,5.784602782434754e-13,0.5784602782434755
2341,7.813117543730135e-09,6.272294131328223e-13,0.6272294131328222
2342,7.813141588230792e-09,6.51273913789832e-13,0.651273913789832
2343,7.813121953790234e-09,6.316394732320428e-13,0.6316394732320428
2344,7.81312553581803e-09,6.352215010270819e-13,0.6352215010270819
2345,7.813179097058759e-09,6.887827417561789e-13,0.6887827417561788
2346,7.813154494627664e-09,6.641803106612081e-13,0.6641803106612081
2347,7.813122625372165e-09,6.323110551627347e-13,0.6323110551627347
2348,7.813208734741583e-09,7.184204245806068e-13,0.7184204245806068
2349,7.813174461200004e-09,6.84146883002011e-13,0.684146883002011
2350,7.813128647247872e-09,6.383329308691536e-13,0.6383329308691537
2351,7.813213254373864e-09,7.229400568618842e-13,0.7229400568618842
2352,7.813186705284874e-09,6.9639096787127e-13,0.69639096787127
2353,7.813134019307006e-09,6.437049900034935e-13,0.6437049900034935
2354,7.81320787255691e-09,7.17558239907992e-13,0.7175582399079921
2355,7.813188625555999e-09,6.983112389965406e-13,0.6983112389965406
2356,7.81313477853313e-09,6.444642161273036e-13,0.6444642161273035
2357,7.813197883138221e-09,7.075688212190524e-13,0.7075688212190524
2358,7.813185910266526e-09,6.955959495232407e-13,0.6955959495232407
2359,7.813138377582899e-09,6.480632658964507e-13,0.6480632658964507
2360,7.813175180364858e-09,6.848660478555478e-13,0.6848660478555478
2361,7.813175981508948e-09,6.856671919458517e-13,0.6856671919458517
2362,7.813149166180562e-09,6.588518635592565e-13,0.6588518635592565
2363,7.813138022709975e-09,6.47708392972869e-13,0.647708392972869
2364,7.81317883804286e-09,6.885237258571721e-13,0.688523725857172
2365,7.813140975697222e-09,6.506613802199592e-13,0.6506613802199591
2366,7.813109401602213e-09,6.190872852104178e-13,0.6190872852104178
2367,7.81316442289735e-09,6.741085803476195e-13,0.6741085803476194
2368,7.813119937973793e-09,6.29623656790322e-13,0.629623656790322
2369,7.813084729348498e-09,5.944150314955389e-13,0.5944150314955389
2370,7.813160161034135e-09,6.698467171328505e-13,0.6698467171328505
2371,7.813128057184392e-09,6.377428673893056e-13,0.6377428673893055
2372,7.813069416781745e-09,5.791024647427658e-13,0.5791024647427657
2373,7.813134140005813e-09,6.438256888103454e-13,0.6438256888103454
2374,7.813115221491054e-09,6.249071740521027e-13,0.6249071740521027
2375,7.813062643757221e-09,5.723294402187217e-13,0.5723294402187217
2376,7.813102537071025e-09,6.122227540230159e-13,0.6122227540230158
2377,7.813101489026995e-09,6.111747099929828e-13,0.6111747099929827
2378,7.813065983059255e-09,5.756687422523956e-13,0.5756687422523955
2379,7.813056733527233e-09,5.664192102310144e-13,0.5664192102310144
2380,7.813097092194163e-09,6.067778771602665e-13,0.6067778771602665
2381,7.813061595835164e-09,5.71281518161433e-13,0.5712815181614329
2382,7.813014599479247e-09,5.242851622443172e-13,0.5242851622443172
2383,7.813089572113684e-09,5.992577966817985e-13,0.5992577966817985
2384,7.813049470118067e-09,5.591558010643551e-13,0.559155801064355
2385,7.813001738822154e-09,5.114245051520929e-13,0.5114245051520928
2386,7.813061584261306e-09,5.712699443032417e-13,0.5712699443032416
2387,7.813041512643327e-09,5.51198326324452e-13,0.551198326324452
2388,7.813006727792004e-09,5.164134750013121e-13,0.5164134750013121
2389,7.813011167572795e-09,5.208532557925859e-13,0.5208532557925859
2390,7.813032277436327e-09,5.419631193242748e-13,0.5419631193242748
2391,7.813000912226418e-09,5.105979094157899e-13,0.5105979094157899
2392,7.812963336665808e-09,4.730223488057266e-13,0.4730223488057266
2393,7.813035451248451e-09,5.451369314488459e-13,0.5451369314488459
2394,7.81299827021546e-09,5.079558984568229e-13,0.5079558984568229
2395,7.812941960264725e-09,4.5164594772245924e-13,0.45164594772245925
2396,7.813009375562787e-09,5.190612457843204e-13,0.5190612457843203
2397,7.812988702700493e-09,4.983883834907789e-13,0.4983883834907789
2398,7.812945079500823e-09,4.547651838201729e-13,0.4547651838201729
2399,7.812964021325928e-09,4.73707008925124e-13,0.473707008925124
2400,7.812986846424401e-09,4.965321073987393e-13,0.4965321073987393
2401,7.812947666474969e-09,4.573521579663591e-13,0.4573521579663591
2402,7.812908646120096e-09,4.183318030937687e-13,0.4183318030937687
2403,7.812982933470998e-09,4.926191539956033e-13,0.49261915399560335
2404,7.812951769231515e-09,4.614549145123158e-13,0.4614549145123158
2405,7.812895859188752e-09,4.055448717492734e-13,0.4055448717492734
2406,7.812954214771487e-09,4.639004544851012e-13,0.46390045448510125
2407,7.812940270549192e-09,4.4995623218916774e-13,0.44995623218916775
2408,7.812912901288363e-09,4.2258697136012257e-13,0.4225869713601226
2409,7.812891718105659e-09,4.014037886565193e-13,0.4014037886565193
2410,7.812955250848636e-09,4.649365316336555e-13,0.46493653163365556
2411,7.81291147027702e-09,4.2115596001771326e-13,0.42115596001771327
2412,7.81285992837639e-09,3.696140593873977e-13,0.3696140593873977
2413,7.812929628698293e-09,4.3931438129040783e-13,0.43931438129040784
2414,7.81291102742109e-09,4.207131040878344e-13,0.4207131040878344
2415,7.81287344649368e-09,3.8313217667701726e-13,0.38313217667701727
2416,7.812876407395602e-09,3.8609307859996655e-13,0.38609307859996655
2417,7.812913675693317e-09,4.233613763143475e-13,0.4233613763143475
2418,7.812883924223474e-09,3.9360990647191717e-13,0.3936099064719172
2419,7.81283914243181e-09,3.48828114807266e-13,0.348828114807266
2420,7.812903588235646e-09,4.132739186439609e-13,0.4132739186439609
2421,7.812882093453238e-09,3.917791362359853e-13,0.3917791362359853
2422,7.812844456811388e-09,3.5414249438602956e-13,0.35414249438602957
2423,7.812855637714055e-09,3.653233970524221e-13,0.3653233970524221
2424,7.812885656249997e-09,3.953419329949899e-13,0.39534193299498993
2425,7.812858203912177e-09,3.6788959517447805e-13,0.36788959517447806
2426,7.812811722511634e-09,3.2140819463171143e-13,0.32140819463171144
2427,7.812881812888821e-09,3.9149857181880037e-13,0.3914985718188004
2428,7.812859907126027e-09,3.69592809024817e-13,0.369592809024817
2429,7.81282002081888e-09,3.2970650187706245e-13,0.32970650187706246
2430,7.81283105169507e-09,3.407373780678373e-13,0.3407373780678373
2431,7.812861941319696e-09,3.7162700269336145e-13,0.37162700269336146
2432,7.800224831780553e-09,-1.226548253644939e-11,-12.26548253644939
2433,7.803606877902118e-09,-8.883436414883932e-12,-8.883436414883931
2434,7.805922957454113e-09,-6.567356862889129e-12,-6.567356862889129
2435,7.807852199390132e-09,-4.638114926870694e-12,-4.638114926870695
2436,7.808726111931856e-09,-3.764202385146025e-12,-3.764202385146025
2437,7.80941908693324e-09,-3.071227383762522e-12,-3.0712273837625217
2438,7.809926430029268e-09,-2.5638842877340863e-12,-2.563884287734086
2439,7.810325405654484e-09,-2.1649086625185097e-12,-2.16490866251851
2440,7.810678837375223e-09,-1.8114769417796787e-12,-1.8114769417796788
2441,7.81099092024074e-09,-1.4993940762617037e-12,-1.4993940762617037
2442,7.81123066765808e-09,-1.2596466589219106e-12,-1.2596466589219106
2443,7.811431150639534e-09,-1.0591636774687886e-12,-1.0591636774687887
2444,7.811618698628283e-09,-8.71615688719342e-13,-0.871615688719342
2445,7.811780722058437e-09,-7.095922585650922e-13,-0.7095922585650922
2446,7.811897823618006e-09,-5.924906989961788e-13,-0.5924906989961788
2447,7.812080660883841e-09,-4.0965343316091014e-13,-0.40965343316091013
2448,7.812212630012934e-09,-2.7768430406839307e-13,-0.27768430406839306
2449,7.812296647427813e-09,-1.9366688918980452e-13,-0.19366688918980451
2450,7.812374172992448e-09,-1.1614132455435312e-13,-0.11614132455435312
2451,7.812447330211663e-09,-4.2984105339535903e-14,-0.0429841053395359
2452,7.81259118286064e-09,1.0086854363725294e-13,0.10086854363725294
2453,7.812631072203553e-09,1.4075788655109044e-13,0.14075788655109045
2454,7.812650516773206e-09,1.602024562034231e-13,0.1602024562034231
2455,7.812760180516136e-09,2.698661991337058e-13,0.2698661991337058
2456,7.812820246685297e-09,3.299323682946455e-13,0.3299323682946455
2457,7.812837076254177e-09,3.467619371746332e-13,0.3467619371746332
2458,7.812845078641992e-09,3.5476432498953147e-13,0.3547643249895315
2459,7.812963952302907e-09,4.736379859043182e-13,0.47363798590431816
2460,7.812971718673461e-09,4.814043564587935e-13,0.4814043564587935
2461,7.812962007976046e-09,4.716936590433456e-13,0.4716936590433456
2462,7.813034002307115e-09,5.436879901130092e-13,0.5436879901130092
2463,7.813063849552667e-09,5.735352356648514e-13,0.5735352356648514
2464,7.813060406018147e-09,5.700917011448202e-13,0.5700917011448202
2465,7.813071119453494e-09,5.808051364920185e-13,0.5808051364920185
2466,7.813130693191581e-09,6.403788745787424e-13,0.6403788745787424
2467,7.813116676639448e-09,6.26362322445377e-13,0.6263623224453769
2468,7.813102656333264e-09,6.123420162619893e-13,0.6123420162619893
2469,7.813186199734953e-09,6.958854179507672e-13,0.6958854179507672
2470,7.813161600542912e-09,6.712862259097867e-13,0.6712862259097867
2471,7.81312365488989e-09,6.333405728881454e-13,0.6333405728881454
2472,7.813215632774618e-09,7.253184576151385e-13,0.7253184576151385
2473,7.813190630449104e-09,7.003161321013736e-13,0.7003161321013736
2474,7.813144567631915e-09,6.542533149123493e-13,0.6542533149123493
2475,7.813224374615419e-09,7.340602984167262e-13,0.7340602984167262
2476,7.813208899675838e-09,7.185853588360962e-13,0.7185853588360962
2477,7.813156205146326e-09,6.658908293236841e-13,0.6658908293236842
2478,7.813226829886106e-09,7.365155691040097e-13,0.7365155691040097
2479,7.813214746818812e-09,7.24432501809892e-13,0.7244325018098919
2480,7.813164655065693e-09,6.743407486903301e-13,0.6743407486903301
2481,7.8132197724618e-09,7.294581447975955e-13,0.7294581447975955
2482,7.81321303152966e-09,7.22717212657857e-13,0.7227172126578569
2483,7.81317796263092e-09,6.87648313918053e-13,0.6876483139180529
2484,7.813195651104761e-09,7.053367877590837e-13,0.7053367877590837
2485,7.813217603230751e-09,7.27288913748468e-13,0.7272889137484679
2486,7.813167635659438e-09,6.773213424352372e-13,0.6773213424352371
2487,7.813173020620578e-09,6.827063035754295e-13,0.6827063035754295
2488,7.813205691237007e-09,7.153769200046413e-13,0.7153769200046413
2489,7.813169617350616e-09,6.79303033613579e-13,0.679303033613579
2490,7.813136629876102e-09,6.463155590994584e-13,0.6463155590994584
2491,7.813224047484519e-09,7.33733167516233e-13,0.733733167516233
2492,7.81316278183539e-09,6.724675183868183e-13,0.6724675183868183
2493,7.813114697591012e-09,6.243832740098306e-13,0.6243832740098305
2494,7.813206042884429e-09,7.157285674267598e-13,0.7157285674267598
2495,7.81312428817238e-09,6.339738553770942e-13,0.6339738553770942
2496,7.813099257386559e-09,6.089430695563016e-13,0.6089430695563015
2497,7.813171878210301e-09,6.815638932988087e-13,0.6815638932988087
2498,7.813147585508662e-09,6.572711916594627e-13,0.6572711916594627
2499,7.81310400424051e-09,6.136899235078776e-13,0.6136899235078775
2500,7.813136416234064e-09,6.461019170613701e-13,0.6461019170613701
2501,7.813127057156965e-09,6.367428399629864e-13,0.6367428399629864
2502,7.813086834977537e-09,5.96520660534723e-13,0.596520660534723
2503,7.813107865789178e-09,6.175514721755106e-13,0.6175514721755105
2504,7.813119840070337e-09,6.295257533341466e-13,0.6295257533341465
2505,7.81308041866908e-09,5.901043520779538e-13,0.5901043520779538
2506,7.813064559799958e-09,5.742454829555195e-13,0.5742454829555195
2507,7.813115473053064e-09,6.251587360611737e-13,0.6251587360611737
2508,7.813077465885121e-09,5.87151568118771e-13,0.587151568118771
2509,7.813026569992803e-09,5.362556758004038e-13,0.5362556758004038
2510,7.813101722306645e-09,6.114079896429202e-13,0.6114079896429202
2511,7.813069345237954e-09,5.790309209519089e-13,0.5790309209519089
2512,7.813011369979788e-09,5.210556627856618e-13,0.5210556627856617
2513,7.813070863256521e-09,5.805489395186601e-13,0.5805489395186602
2514,7.813054772313924e-09,5.644579969212053e-13,0.5644579969212054
2515,7.813011921472776e-09,5.216071557732237e-13,0.5216071557732237
2516,7.813027071788673e-09,5.367574716708844e-13,0.5367574716708844
2517,7.813045527308446e-09,5.552129914438943e-13,0.5552129914438942
2518,7.813013336641214e-09,5.230223242113875e-13,0.5230223242113875
2519,7.812971087816875e-09,4.807734998722056e-13,0.48077349987220563
2520,7.81304681803758e-09,5.565037205777111e-13,0.5565037205777111
2521,7.813009659813491e-09,5.193454964888918e-13,0.5193454964888917
2522,7.812952202153442e-09,4.618878364397892e-13,0.46188783643978926
2523,7.813018904358183e-09,5.285900411802795e-13,0.5285900411802795
2524,7.812998480320288e-09,5.081660032853235e-13,0.5081660032853235
2525,7.812954044172276e-09,4.637298552732607e-13,0.46372985527326066
2526,7.812970765646199e-09,4.804513291966516e-13,0.48045132919665157
2527,7.812991710453502e-09,5.013961365001067e-13,0.5013961365001067
2528,7.81296341255996e-09,4.730982429578006e-13,0.47309824295780056
2529,7.812917535303973e-09,4.2722098697059717e-13,0.4272209869705972
2530,7.813000188711203e-09,5.09874394201036e-13,0.509874394201036
2531,7.812950626861896e-09,4.603125448932764e-13,0.46031254489327644
2532,7.812903688361717e-09,4.1337404471458993e-13,0.41337404471458994
2533,7.812961452986506e-09,4.711386695037774e-13,0.4711386695037774
2534,7.812947458497887e-09,4.57144180884622e-13,0.45714418088462205
2535,7.812926022519894e-09,4.3570820289197664e-13,0.43570820289197665
2536,7.81289569395634e-09,4.053796393381866e-13,0.4053796393381866
2537,7.812952631755e-09,4.623174379981095e-13,0.4623174379981095
2538,7.812921336367712e-09,4.3102205070953264e-13,0.43102205070953264
2539,7.81287024133456e-09,3.7992701755713414e-13,0.37992701755713415
2540,7.812936246939404e-09,4.4593262240180247e-13,0.4459326224018025
2541,7.81291640996988e-09,4.26095652878193e-13,0.426095652878193
2542,7.812889084009376e-09,3.9876969237341147e-13,0.3987696923734115
2543,7.812877074708487e-09,3.867603914846042e-13,0.3867603914846042
2544,7.812919736410566e-09,4.294220935635958e-13,0.4294220935635958
2545,7.812886651384961e-09,3.9633706795900574e-13,0.39633706795900575
2546,7.812842238845452e-09,3.519245284492488e-13,0.3519245284492488
2547,7.812912639507748e-09,4.2232519074557594e-13,0.42232519074557595
2548,7.812888464428492e-09,3.9815011148941747e-13,0.3981501114894175
2549,7.812845492116043e-09,3.5517779904053597e-13,0.355177799040536
2550,7.812868392674988e-09,3.7807835798535626e-13,0.3780783579853563
2551,7.81288797168571e-09,3.976573687070771e-13,0.39765736870707713
2552,7.812862174436715e-09,3.71860119712973e-13,0.371860119712973
2553,7.81281469077258e-09,3.2437645557690647e-13,0.3243764555769065
2554,7.812888066634715e-09,3.9775231771233254e-13,0.39775231771233255
2555,7.812864121108164e-09,3.7380679116114356e-13,0.37380679116114357
2556,7.812820802460883e-09,3.304881438807887e-13,0.33048814388078873
2557,7.812843139112726e-09,3.5282479572317215e-13,0.35282479572317216
2558,7.812865622592647e-09,3.753082756447644e-13,0.37530827564476443
2559,7.812819326644886e-09,3.2901232788360145e-13,0.32901232788360146
2560,7.800084033735672e-09,-1.2406280581330473e-11,-12.406280581330472
2561,7.803330152604169e-09,-9.160161712833678e-12,-9.160161712833679
2562,7.805741340362955e-09,-6.748973954046955e-12,-6.7489739540469555
2563,7.80766153890089e-09,-4.828775416111858e-12,-4.828775416111858
2564,7.808530786554348e-09,-3.9595277626545246e-12,-3.9595277626545244
2565,7.80919263556148e-09,-3.297678755522675e-12,-3.297678755522675
2566,7.809723069751432e-09,-2.7672445655701318e-12,-2.767244565570132
2567,7.810151432988241e-09,-2.338881328761211e-12,-2.338881328761211
2568,7.810504109535062e-09,-1.9862047819405705e-12,-1.9862047819405706
2569,7.81080045356619e-09,-1.6898607508120085e-12,-1.6898607508120085
2570,7.811048595012275e-09,-1.441719304727561e-12,-1.441719304727561
2571,7.811266878045525e-09,-1.2234362714773324e-12,-1.2234362714773324
2572,7.811461593261156e-09,-1.028721055846453e-12,-1.028721055846453
2573,7.811624070944915e-09,-8.662433720869862e-13,-0.8662433720869862
2574,7.811751810818173e-09,-7.385034988289006e-13,-0.7385034988289007
2575,7.811959770810174e-09,-5.305435068286125e-13,-0.5305435068286125
2576,7.812066186635761e-09,-4.2412768124139034e-13,-0.42412768124139033
2577,7.812166995862179e-09,-3.233184548234709e-13,-0.3233184548234709
2578,7.81225007738019e-09,-2.40236936812699e-13,-0.24023693681269898
2579,7.81232519825217e-09,-1.6511606483318465e-13,-0.16511606483318464
2580,7.812483678319888e-09,-6.635997113997714e-15,-0.006635997113997713
2581,7.812516050265724e-09,2.5735948721748605e-14,0.025735948721748603
2582,7.812562024652673e-09,7.171033567107953e-14,0.07171033567107953
2583,7.812624373121618e-09,1.3405880461520985e-13,0.13405880461520986
2584,7.812729030127336e-09,2.3871581033317173e-13,0.23871581033317174
2585,7.812756613138623e-09,2.662988216205224e-13,0.26629882162052243
2586,7.81275508178437e-09,2.647674673670496e-13,0.2647674673670496
2587,7.812859893058504e-09,3.69578741501629e-13,0.369578741501629
2588,7.812890132527744e-09,3.9981821074189504e-13,0.39981821074189505
2589,7.812902071734963e-09,4.117574179602511e-13,0.4117574179602511
2590,7.812910968304967e-09,4.2065398796437963e-13,0.42065398796437964
2591,7.813005613259275e-09,5.152989422730513e-13,0.5152989422730513
2592,7.813001115975111e-09,5.108016581090542e-13,0.5108016581090542
2593,7.812975192213276e-09,4.848778962739482e-13,0.48487789627394823
2594,7.813069051405613e-09,5.787370886106382e-13,0.5787370886106381
2595,7.81307036628535e-09,5.800519683478471e-13,0.5800519683478471
2596,7.81303704102765e-09,5.467267106468886e-13,0.5467267106468886
2597,7.813096915482761e-09,6.066011657586786e-13,0.6066011657586785
2598,7.813125868112443e-09,6.355537954404216e-13,0.6355537954404216
2599,7.813088643087948e-09,5.983287709452499e-13,0.5983287709452499
2600,7.813110320856577e-09,6.200065395748868e-13,0.6200065395748867
2601,7.813155223021788e-09,6.649087047857381e-13,0.6649087047857382
2602,7.813132058215669e-09,6.417438986664288e-13,0.6417438986664288
2603,7.813100144263936e-09,6.098299469333947e-13,0.6098299469333947
2604,7.81319964382834e-09,7.093295113370603e-13,0.7093295113370602
2605,7.81314444651298e-09,6.541321959771555e-13,0.6541321959771556
2606,7.813114777943946e-09,6.244636269433389e-13,0.6244636269433389
2607,7.813198298699362e-09,7.07984382359239e-13,0.707984382359239
2608,7.813164420308817e-09,6.741059918149327e-13,0.6741059918149327
2609,7.813117207220886e-09,6.268929038835371e-13,0.626892903883537
2610,7.813191271470086e-09,7.009571530833285e-13,0.7009571530833285
2611,7.813173365329106e-09,6.830510121036442e-13,0.6830510121036442
2612,7.81311878507386e-09,6.284707568576824e-13,0.6284707568576824
2613,7.813182474240106e-09,6.92159923103254e-13,0.6921599231032539
2614,7.813172605682854e-09,6.822913658514922e-13,0.6822913658514922
2615,7.813127363782892e-09,6.370494658898925e-13,0.6370494658898924
2616,7.813157882596822e-09,6.675682798198994e-13,0.6675682798198994
2617,7.813166488532882e-09,6.76174215879166e-13,0.676174215879166
2618,7.813133202970533e-09,6.428886535302476e-13,0.6428886535302476
2619,7.813127276911193e-09,6.369625941908221e-13,0.636962594190822
2620,7.813166497382682e-09,6.761830656793989e-13,0.6761830656793989
2621,7.813131337221224e-09,6.41022904221726e-13,0.6410229042217259
2622,7.813090588322828e-09,6.00274005825542e-13,0.6002740058255419
2623,7.81315528266646e-09,6.64968349457752e-13,0.664968349457752
2624,7.8131098171498e-09,6.195028327980772e-13,0.6195028327980772
2625,7.813074367289522e-09,5.84052972519916e-13,0.5840529725199161
2626,7.813145678912036e-09,6.553645950340927e-13,0.6553645950340926
2627,7.813119266961068e-09,6.289526440657707e-13,0.6289526440657707
2628,7.813060570017278e-09,5.702557002759358e-13,0.5702557002759358
2629,7.813121535762534e-09,6.312214455319139e-13,0.6312214455319138
2630,7.813105642659728e-09,6.153283427258834e-13,0.6153283427258833
2631,7.813059439492568e-09,5.691251755656308e-13,0.5691251755656308
2632,7.813081410429465e-09,5.910961124627078e-13,0.5910961124627078
2633,7.813095760306004e-09,6.054459890014767e-13,0.6054459890014767
2634,7.813062386001707e-09,5.720716847047404e-13,0.5720716847047403
2635,7.813026877892667e-09,5.365635756648625e-13,0.5365635756648625
2636,7.813101730167111e-09,6.114158501086707e-13,0.6114158501086707
2637,7.813057120045308e-09,5.668057283055055e-13,0.5668057283055055
2638,7.813004398492056e-09,5.140841750539442e-13,0.5140841750539442
2639,7.813077484357216e-09,5.871700402132847e-13,0.5871700402132847
2640,7.81304787981032e-09,5.575654933177533e-13,0.5575654933177533
2641,7.812991443902398e-09,5.011295853960012e-13,0.5011295853960012
2642,7.81304816006303e-09,5.578457460268137e-13,0.5578457460268137
2643,7.813034888303578e-09,5.445739865758372e-13,0.5445739865758371
2644,7.812999959158498e-09,5.096448414960665e-13,0.5096448414960665
2645,7.812995335632544e-09,5.050213155416107e-13,0.5050213155416107
2646,7.813031913076634e-09,5.415987596316839e-13,0.5415987596316839
2647,7.812999989529712e-09,5.096752127094233e-13,0.5096752127094233
2648,7.812951218050235e-09,4.609037332328785e-13,0.4609037332328785
2649,7.813023432799607e-09,5.331184826042083e-13,0.5331184826042084
2650,7.812998110241429e-09,5.077959244262727e-13,0.5077959244262726
2651,7.812933859458458e-09,4.435451414553536e-13,0.4435451414553536
2652,7.812995323028694e-09,5.050087116913556e-13,0.5050087116913555
2653,7.812982085123456e-09,4.917708064532149e-13,0.4917708064532149
2654,7.812946884372179e-09,4.565700551767095e-13,0.4565700551767095
2655,7.812939412457382e-09,4.490981403797541e-13,0.4490981403797541
2656,7.812985200009192e-09,4.948856921897114e-13,0.49488569218971146
2657,7.812948918321902e-09,4.586040048997652e-13,0.45860400489976516
2658,7.812902509562905e-09,4.1219524590255507e-13,0.4121952459025551
2659,7.812976891185186e-09,4.865768681832873e-13,0.4865768681832873
2660,7.812949720699272e-09,4.594063822700402e-13,0.4594063822700402
2661,7.812896340384781e-09,4.0602606777847676e-13,0.4060260677784768
2662,7.812927728146095e-09,4.3741382909214937e-13,0.4374138290921494
2663,7.812942270644702e-09,4.5195632769938753e-13,0.45195632769938754
2664,7.812914245251823e-09,4.2393093482060844e-13,0.42393093482060845
2665,7.812870250726461e-09,3.799364094584533e-13,0.3799364094584533
2666,7.812945822897595e-09,4.555085805922647e-13,0.45550858059226473
2667,7.812915846808167e-09,4.255324911647497e-13,0.4255324911647497
2668,7.812861354183562e-09,3.710398665593791e-13,0.3710398665593791
2669,7.812912362629618e-09,4.2204831261577746e-13,0.42204831261577747
2670,7.812906302169867e-09,4.1598785286454514e-13,0.41598785286454515
2671,7.812890663109182e-09,4.0034879218005514e-13,0.40034879218005515
2672,7.812832268251223e-09,3.41953934220529e-13,0.341953934220529
2673,7.81292318827989e-09,4.3287396288782797e-13,0.432873962887828
2674,7.812884954649219e-09,3.946403322166474e-13,0.3946403322166474
2675,7.81283173298061e-09,3.414186636079729e-13,0.3414186636079729
2676,7.812888575681187e-09,3.9826136418484164e-13,0.39826136418484165
2677,7.81287807198475e-09,3.877576677479107e-13,0.3877576677479107
2678,7.812848946194429e-09,3.586318774266946e-13,0.3586318774266946
2679,7.812817612534804e-09,3.2729821780142903e-13,0.32729821780142904
2680,7.812909847619391e-09,4.1953330238879e-13,0.41953330238879
2681,7.812851807322647e-09,3.614930056447209e-13,0.3614930056447209
2682,7.81281340484104e-09,3.230905240377029e-13,0.3230905240377029
2683,7.812853737188962e-09,3.6342287195921795e-13,0.36342287195921796
2684,7.81285505979364e-09,3.6474547663690587e-13,0.3647454766369059
2685,7.812831220505348e-09,3.409061883460933e-13,0.3409061883460933
2686,7.812796249835325e-09,3.059355183231165e-13,0.3059355183231165
2687,7.812855477211476e-09,3.651628944733128e-13,0.3651628944733128
2688,7.800208301302395e-09,-1.228201301460757e-11,-12.282013014607571
2689,7.80358583052929e-09,-8.904483787712904e-12,-8.904483787712904
2690,7.805875049907585e-09,-6.615264409417056e-12,-6.615264409417056
2691,7.807812581477232e-09,-4.67773283977065e-12,-4.67773283977065
2692,7.808733308269566e-09,-3.757006047436261e-12,-3.7570060474362608
2693,7.809406132560422e-09,-3.0841817565800304e-12,-3.0841817565800302
2694,7.80989180855366e-09,-2.59850576334236e-12,-2.59850576334236
2695,7.810300485253997e-09,-2.1898290630056162e-12,-2.1898290630056163
2696,7.810636233583092e-09,-1.8540807339101324e-12,-1.8540807339101324
2697,7.810931119009933e-09,-1.5591953070692695e-12,-1.5591953070692695
2698,7.81121859662543e-09,-1.2717176915719137e-12,-1.2717176915719137
2699,7.811419169514349e-09,-1.0711448026536384e-12,-1.0711448026536383
2700,7.811596228931282e-09,-8.940853857208165e-13,-0.8940853857208165
2701,7.811762588668682e-09,-7.277256483201295e-13,-0.7277256483201295
2702,7.811893787485684e-09,-5.965268313186363e-13,-0.5965268313186363
2703,7.812015007332995e-09,-4.753069840076453e-13,-0.47530698400764526
2704,7.812207800109096e-09,-2.825142079063815e-13,-0.2825142079063815
2705,7.812277189264976e-09,-2.1312505202687472e-13,-0.2131250520268747
2706,7.812367365083719e-09,-1.2294923328329694e-13,-0.12294923328329695
2707,7.81241001129526e-09,-8.030302174284477e-14,-0.08030302174284477
2708,7.812573963087398e-09,8.36487703953877e-14,0.08364877039538769
2709,7.81261675614057e-09,1.2644182356757587e-13,0.12644182356757588
2710,7.812666507928546e-09,1.7619361154342777e-13,0.17619361154342777
2711,7.812686545448366e-09,1.9623113136389274e-13,0.19623113136389275
2712,7.81283513774135e-09,3.448234243478106e-13,0.3448234243478106
2713,7.812825442927497e-09,3.351286104941896e-13,0.3351286104941896
2714,7.812836502738333e-09,3.461884213304427e-13,0.3461884213304427
2715,7.812927237720794e-09,4.369234037919527e-13,0.4369234037919527
2716,7.812962939048214e-09,4.726247312114947e-13,0.4726247312114947
2717,7.812967880665533e-09,4.775663485308306e-13,0.4775663485308306
2718,7.812974454386593e-09,4.841400695905175e-13,0.48414006959051753
2719,7.813067190914685e-09,5.76876597682653e-13,0.576876597682653
2720,7.813058638497556e-09,5.683241805531257e-13,0.5683241805531257
2721,7.813031592505157e-09,5.412781881543343e-13,0.5412781881543343
2722,7.813127131397709e-09,6.368170807067474e-13,0.6368170807067474
2723,7.813122005425363e-09,6.316911083605074e-13,0.6316911083605075
2724,7.813082855914906e-09,5.925415979041197e-13,0.5925415979041198
2725,7.813161552038417e-09,6.712377214150951e-13,0.6712377214150951
2726,7.813159553284607e-09,6.692389676050638e-13,0.6692389676050637
2727,7.81313860529246e-09,6.48290975457727e-13,0.648290975457727
2728,7.813158168948169e-09,6.6785463116618e-13,0.6678546311661799
2729,7.813190172563421e-09,6.998582464188787e-13,0.6998582464188786
2730,7.81316739595589e-09,6.770816388874278e-13,0.6770816388874278
2731,7.813165683566979e-09,6.753692499762042e-13,0.6753692499762042
2732,7.813208151183316e-09,7.178368663137937e-13,0.7178368663137936
2733,7.81317887215457e-09,6.885578375680239e-13,0.6885578375680239
2734,7.813161819741486e-09,6.71505424484009e-13,0.671505424484009
2735,7.813223143680035e-09,7.328293630327219e-13,0.732829363032722
2736,7.81318959906113e-09,6.992847441272153e-13,0.6992847441272153
2737,7.8131482683934e-09,6.579540763978027e-13,0.6579540763978027
2738,7.813231801698456e-09,7.414873814538493e-13,0.7414873814538493
2739,7.813190482076036e-09,7.00167759034069e-13,0.7001677590340689
2740,7.813146735792314e-09,6.564214753118315e-13,0.6564214753118315
2741,7.813227742946966e-09,7.374286299635684e-13,0.7374286299635684
2742,7.813183794174935e-09,6.934798579330921e-13,0.6934798579330921
2743,7.813135211021376e-09,6.44896704373908e-13,0.644896704373908
2744,7.813205168082354e-09,7.148537653513627e-13,0.7148537653513627
2745,7.813183758626657e-09,6.934443096543618e-13,0.6934443096543618
2746,7.813126360096284e-09,6.360457792812412e-13,0.6360457792812412
2747,7.813187284967118e-09,6.969706501153165e-13,0.6969706501153166
2748,7.813172960311832e-09,6.82645994829585e-13,0.682645994829585
2749,7.813124473665819e-09,6.341593488162793e-13,0.6341593488162793
2750,7.813156622889423e-09,6.663085724207428e-13,0.6663085724207428
2751,7.813159890878059e-09,6.695765610565215e-13,0.6695765610565214
2752,7.813113242564592e-09,6.229282475893007e-13,0.6229282475893007
2753,7.813096082408917e-09,6.05768091914395e-13,0.605768091914395
2754,7.813164333653959e-09,6.740193369562968e-13,0.6740193369562968
2755,7.813119265117924e-09,6.289508009220775e-13,0.6289508009220774
2756,7.813074536032038e-09,5.842217150355363e-13,0.5842217150355362
2757,7.813151100451447e-09,6.607861344450793e-13,0.6607861344450793
2758,7.813110462765089e-09,6.20148448086738e-13,0.620148448086738
2759,7.813053696907341e-09,5.633825903388441e-13,0.5633825903388441
2760,7.813124462186828e-09,6.341478698257781e-13,0.6341478698257781
2761,7.813099648539597e-09,6.0933422259508e-13,0.60933422259508
2762,7.813040982034784e-09,5.506677177812376e-13,0.5506677177812376
2763,7.813097315566915e-09,6.070012499128529e-13,0.6070012499128529
2764,7.813083505541743e-09,5.931912247408187e-13,0.5931912247408188
2765,7.813043724591942e-09,5.534102749391755e-13,0.5534102749391755
2766,7.813049854156029e-09,5.595398390263766e-13,0.5595398390263766
2767,7.81307573993013e-09,5.854256131278642e-13,0.5854256131278641
2768,7.813041605261297e-09,5.512909442950366e-13,0.5512909442950366
2769,7.81299889428223e-09,5.085799652273056e-13,0.5085799652273055
2770,7.813073751923474e-09,5.834376064718676e-13,0.5834376064718676
2771,7.813034336051649e-09,5.440217346467545e-13,0.5440217346467545
2772,7.812980401628532e-09,4.90087311529888e-13,0.49008731152988805
2773,7.813046572601313e-09,5.562582843109147e-13,0.5562582843109147
2774,7.81302405172997e-09,5.337374129668989e-13,0.5337374129668988
2775,7.812976939933626e-09,4.866256166234677e-13,0.4866256166234677
2776,7.81300414458546e-09,5.138302684576753e-13,0.5138302684576752
2777,7.813019746932348e-09,5.294326153460995e-13,0.5294326153460994
2778,7.812975981891929e-09,4.85667574926278e-13,0.48566757492627805
2779,7.812951055352147e-09,4.607410351443699e-13,0.46074103514436987
2780,7.81302165571093e-09,5.313413939283417e-13,0.5313413939283417
2781,7.81297299532152e-09,4.826810045168952e-13,0.48268100451689516
2782,7.812925177343643e-09,4.348630266409427e-13,0.43486302664094273
2783,7.812992157388743e-09,5.018430717406596e-13,0.5018430717406596
2784,7.812971034677416e-09,4.807203604132267e-13,0.4807203604132267
2785,7.812927313601394e-09,4.3699928439149953e-13,0.43699928439149954
2786,7.812941569965495e-09,4.512556484928916e-13,0.4512556484928916
2787,7.812967878226078e-09,4.775639090759425e-13,0.4775639090759425
2788,7.812937993683972e-09,4.476793669693667e-13,0.4476793669693667
2789,7.81289236872183e-09,4.020544048277007e-13,0.4020544048277007
2790,7.812968999941646e-09,4.78685624643596e-13,0.478685624643596
2791,7.812929624510562e-09,4.393101935595166e-13,0.4393101935595166
2792,7.812883608490249e-09,3.9329417324676224e-13,0.39329417324676225
2793,7.812927671713371e-09,4.373573963690715e-13,0.4373573963690715
2794,7.812928433351845e-09,4.381190348427154e-13,0.4381190348427154
2795,7.812900326386305e-09,4.1001206930298394e-13,0.41001206930298395
2796,7.812864705560897e-09,3.7439124389474903e-13,0.37439124389474904
2797,7.812943460800532e-09,4.531464835291792e-13,0.4531464835291792
2798,7.812894873161086e-09,4.0455884408350644e-13,0.40455884408350645
2799,7.812860450704339e-09,3.7013638733651976e-13,0.37013638733651977
2800,7.81289735839641e-09,4.0704407940833203e-13,0.40704407940833204
2801,7.812894807133174e-09,4.044928161712021e-13,0.4044928161712021
2802,7.812868955037102e-09,3.7864072009969734e-13,0.37864072009969735
2803,7.812845247736873e-09,3.5493341987085774e-13,0.35493341987085775
2804,7.812906584455455e-09,4.162701384526789e-13,0.4162701384526789
2805,7.81287253890804e-09,3.8222459103842964e-13,0.38222459103842965
2806,7.812822274848091e-09,3.319605310886055e-13,0.3319605310886055
2807,7.812884019863658e-09,3.9370554665605755e-13,0.39370554665605756
2808,7.812868806271011e-09,3.7849195400910517e-13,0.3784919540091052
2809,7.812840050031e-09,3.4973571399838076e-13,0.34973571399838077
2810,7.81282084684541e-09,3.3053252840722485e-13,0.33053252840722486
2811,7.812878713222573e-09,3.883989055703001e-13,0.3883989055703001
2812,7.812849905726904e-09,3.5959140990187143e-13,0.35959140990187144
2813,7.812798856148928e-09,3.085418319255544e-13,0.3085418319255544
2814,7.812856787632431e-09,3.664733154290874e-13,0.3664733154290874
2815,7.812827823225604e-09,3.3750890860124576e-13,0.33750890860124577
2816,7.800235843141105e-09,-1.225447117589772e-11,-12.25447117589772
2817,7.803605652902741e-09,-8.884661414261042e-12,-8.884661414261041
2818,7.805946273126965e-09,-6.544041190037518e-12,-6.544041190037518
2819,7.807886249071067e-09,-4.6040652459356625e-12,-4.604065245935662
2820,7.80873997666858e-09,-3.7503376484218616e-12,-3.7503376484218616
2821,7.809417770494962e-09,-3.0725438220403538e-12,-3.0725438220403536
2822,7.809922010997396e-09,-2.568303319606284e-12,-2.5683033196062843
2823,7.81035601239721e-09,-2.1343019197923142e-12,-2.134301919792314
2824,7.810700071786479e-09,-1.7902425305234255e-12,-1.7902425305234255
2825,7.81098739192161e-09,-1.5029223953916233e-12,-1.5029223953916233
2826,7.811223817329942e-09,-1.266496987060853e-12,-1.266496987060853
2827,7.811437199566084e-09,-1.053114750918166e-12,-1.0531147509181662
2828,7.811622707411606e-09,-8.676069053966855e-13,-0.8676069053966855
2829,7.811770991289729e-09,-7.193230272732583e-13,-0.7193230272732583
2830,7.811913700986328e-09,-5.766133306741765e-13,-0.5766133306741765
2831,7.812113073649889e-09,-3.7724066711336974e-13,-0.37724066711336973
2832,7.812195930263712e-09,-2.943840532907528e-13,-0.2943840532907528
2833,7.812294615660046e-09,-1.9569865695598805e-13,-0.19569865695598804
2834,7.812355360363584e-09,-1.3495395341792544e-13,-0.13495395341792543
2835,7.812502357876488e-09,1.204355948542917e-14,0.01204355948542917
2836,7.812570613160183e-09,8.029884318042345e-14,0.08029884318042345
2837,7.812623881056462e-09,1.335667394592273e-13,0.1335667394592273
2838,7.812650602303205e-09,1.6028798620230505e-13,0.16028798620230506
2839,7.812779343382959e-09,2.890290659565724e-13,0.2890290659565724
2840,7.81281223345546e-09,3.219191384580224e-13,0.3219191384580224
2841,7.81282259028316e-09,3.32275966158163e-13,0.332275966158163
2842,7.8128844482997e-09,3.9413398269704235e-13,0.39413398269704236
2843,7.812951980691596e-09,4.616663745935319e-13,0.46166637459353194
2844,7.812961778003212e-09,4.714636862100343e-13,0.47146368621003426
2845,7.812950290149358e-09,4.599758323560839e-13,0.4599758323560839
2846,7.813060536434116e-09,5.702221171136431e-13,0.570222117113643
2847,7.813056400473879e-09,5.66086156876154e-13,0.5660861568761539
2848,7.813027673426011e-09,5.373591090089237e-13,0.5373591090089237
2849,7.8131147653672e-09,6.244510501981381e-13,0.6244510501981381
2850,7.813120345132366e-09,6.300308153636718e-13,0.6300308153636718
2851,7.813092065548288e-09,6.017512312855535e-13,0.6017512312855534
2852,7.81314669087924e-09,6.563765622368363e-13,0.6563765622368363
2853,7.813166046462998e-09,6.757321459958622e-13,0.6757321459958622
2854,7.81313828953213e-09,6.479752151275177e-13,0.6479752151275177
2855,7.813147513382112e-09,6.571990651099381e-13,0.6571990651099381
2856,7.813218634469647e-09,7.283201526448276e-13,0.7283201526448275
2857,7.813176511006184e-09,6.861966891818393e-13,0.6861966891818393
2858,7.813149582785246e-09,6.592684682440341e-13,0.6592684682440341
2859,7.813226009971766e-09,7.356956547635947e-13,0.7356956547635947
2860,7.813193936289948e-09,7.036219729454992e-13,0.7036219729454991
2861,7.813151428097344e-09,6.611137803416044e-13,0.6611137803416044
2862,7.813248535952413e-09,7.582216354103484e-13,0.7582216354103484
2863,7.813192496645646e-09,7.021823286432914e-13,0.7021823286432914
2864,7.813153682885497e-09,6.633685684946682e-13,0.6633685684946682
2865,7.813233609307423e-09,7.432949904208715e-13,0.7432949904208714
2866,7.81320788124408e-09,7.175669270778991e-13,0.717566927077899
2867,7.813152164107989e-09,6.618497909863962e-13,0.6618497909863962
2868,7.813223328834661e-09,7.330145176587282e-13,0.7330145176587282
2869,7.813204540369953e-09,7.142260529510751e-13,0.7142260529510751
2870,7.8131462820266e-09,6.55967709597592e-13,0.655967709597592
2871,7.813209484616463e-09,7.191702994606793e-13,0.7191702994606792
2872,7.813194594360009e-09,7.042800430066164e-13,0.7042800430066164
2873,7.813146467587802e-09,6.561532707994129e-13,0.6561532707994129
2874,7.813182897607501e-09,6.925832904990824e-13,0.6925832904990824
2875,7.813183633753672e-09,6.933194366691457e-13,0.6933194366691457
2876,7.813147590889015e-09,6.572765720127437e-13,0.6572765720127437
2877,7.813148922424808e-09,6.586081078058274e-13,0.6586081078058275
2878,7.813177516034493e-09,6.87201717490679e-13,0.687201717490679
2879,7.813129949062973e-09,6.396347459701842e-13,0.6396347459701841
2880,7.813101180571477e-09,6.108662544749107e-13,0.6108662544749106
2881,7.813181212933508e-09,6.90898616505893e-13,0.6908986165058929
2882,7.813126230872937e-09,6.35916555934808e-13,0.635916555934808
2883,7.813081712976081e-09,5.913986590789398e-13,0.5913986590789398
2884,7.813156814833865e-09,6.665005168628542e-13,0.6665005168628542
2885,7.813123184603646e-09,6.328702866433027e-13,0.6328702866433027
2886,7.813065461178539e-09,5.751468615366697e-13,0.5751468615366696
2887,7.81313174910963e-09,6.414347926270532e-13,0.6414347926270532
2888,7.81310930135417e-09,6.189870371670443e-13,0.6189870371670443
2889,7.813056589762025e-09,5.662754450229428e-13,0.5662754450229428
2890,7.813097131672674e-09,6.068173556718722e-13,0.6068173556718721
2891,7.813094118864572e-09,6.038045475699151e-13,0.6038045475699151
2892,7.813059099676502e-09,5.687853594997196e-13,0.5687853594997195
2893,7.81304901853431e-09,5.587042173069877e-13,0.5587042173069877
2894,7.81308888796856e-09,5.985736515584329e-13,0.5985736515584329
2895,7.813052993558287e-09,5.626792412844985e-13,0.5626792412844984
2896,7.813000438294544e-09,5.101239775411422e-13,0.5101239775411421
2897,7.813086592563484e-09,5.962782464814824e-13,0.5962782464814824
2898,7.813046327598727e-09,5.560132817249873e-13,0.5560132817249873
2899,7.812988449634154e-09,4.981353171511936e-13,0.49813531715119364
2900,7.813052566762102e-09,5.622524450992995e-13,0.5622524450992995
2901,7.813031882041347e-09,5.415677243444965e-13,0.5415677243444965
2902,7.81298957590337e-09,4.992615863679716e-13,0.4992615863679716
2903,7.813005970273498e-09,5.156559564959236e-13,0.5156559564959236
2904,7.813024514724955e-09,5.342004079521316e-13,0.5342004079521316
2905,7.812993047288334e-09,5.027329713313085e-13,0.5027329713313085
2906,7.81294757338266e-09,4.57259065657324e-13,0.45725906565732405
2907,7.813028810943826e-09,5.384966268232412e-13,0.5384966268232412
2908,7.812989648002815e-09,4.993336858124419e-13,0.49933368581244186
2909,7.812932706734708e-09,4.42392417705567e-13,0.44239241770556703
2910,7.812996399289085e-09,5.060849720829276e-13,0.5060849720829276
2911,7.81297818706428e-09,4.878727472774235e-13,0.48787274727742347
2912,7.812940562524837e-09,4.502482078342181e-13,0.4502482078342181
2913,7.812944501092516e-09,4.54186775513679e-13,0.45418677551367903
2914,7.81297589394958e-09,4.855796325775623e-13,0.4855796325775623
2915,7.812945494235259e-09,4.551799182562029e-13,0.4551799182562029
2916,7.812897067938649e-09,4.0675362164632316e-13,0.40675362164632317
2917,7.812968914181254e-09,4.785998642517524e-13,0.4785998642517524
2918,7.812942770841374e-09,4.524565243716637e-13,0.4524565243716637
2919,7.812890909236628e-09,4.005949196257365e-13,0.4005949196257365
2920,7.812933280901073e-09,4.4296658407106103e-13,0.44296658407106104
2921,7.81293437429186e-09,4.4405997485695835e-13,0.44405997485695836
2922,7.812902935315546e-09,4.1262099854316297e-13,0.412620998543163
2923,7.812871781863874e-09,3.8146754687149164e-13,0.38146754687149165
2924,7.812944507990752e-09,4.5419367375000146e-13,0.45419367375000147
2925,7.812908805118345e-09,4.184908013423637e-13,0.4184908013423637
2926,7.812865848364197e-09,3.7553404719465737e-13,0.3755340471946574
2927,7.812903020953965e-09,4.1270663696226217e-13,0.4127066369622622
2928,7.812899938553636e-09,4.096242366333587e-13,0.40962423663335873
2929,7.812873641351915e-09,3.833270349124672e-13,0.3833270349124672
2930,7.812850766868032e-09,3.604525510298952e-13,0.3604525510298952
2931,7.812910524242862e-09,4.202099258595839e-13,0.4202099258595839
2932,7.812878107478819e-09,3.8779316181653244e-13,0.38779316181653245
2933,7.812827852661693e-09,3.3753834469022874e-13,0.33753834469022875
2934,7.812887946816822e-09,3.9763249981974573e-13,0.39763249981974574
2935,7.812882210750361e-09,3.918964333585211e-13,0.3918964333585211
2936,7.812843080741991e-09,3.5276642498871096e-13,0.35276642498871097
2937,7.812820810131614e-09,3.3049581461115906e-13,0.33049581461115907
2938,7.812884074995339e-09,3.9376067833652844e-13,0.39376067833652845
2939,7.81285087137157e-09,3.6055705456679564e-13,0.36055705456679565
2940,7.812804526336555e-09,3.142120195522734e-13,0.3142120195522734
2941,7.812861284930148e-09,3.7097061314561157e-13,0.3709706131456116
2942,7.812854653448218e-09,3.6433913121518545e-13,0.36433913121518546
2943,7.812799764317325e-09,3.094500003228097e-13,0.3094500003228097
2944,7.800036561103293e-09,-1.2453753213709434e-11,-12.453753213709435
2945,7.80325466197859e-09,-9.235652338411592e-12,-9.235652338411592
2946,7.805619777365657e-09,-6.870536951345538e-12,-6.870536951345538
2947,7.807563432211018e-09,-4.9268821059845315e-12,-4.926882105984531
2948,7.80844665357707e-09,-4.043660739932173e-12,-4.043660739932173
2949,7.809116125867175e-09,-3.3741884498275616e-12,-3.3741884498275616
2950,7.809630992418261e-09,-2.859321898741396e-12,-2.859321898741396
2951,7.810070163416006e-09,-2.420150900996271e-12,-2.420150900996271
2952,7.81042474429618e-09,-2.0655700208222953e-12,-2.065570020822295
2953,7.810726288310006e-09,-1.7640260069966941e-12,-1.7640260069966942
2954,7.81097806028838e-09,-1.512254028622516e-12,-1.512254028622516
2955,7.811197758313885e-09,-1.2925560031169765e-12,-1.2925560031169765
2956,7.811394467133366e-09,-1.0958471836363852e-12,-1.0958471836363852
2957,7.811565234491411e-09,-9.250798255913657e-13,-0.9250798255913657
2958,7.811696248722993e-09,-7.940655940097381e-13,-0.7940655940097381
2959,7.811878577633534e-09,-6.117366834680936e-13,-0.6117366834680936
2960,7.81201915577511e-09,-4.711585418926455e-13,-0.47115854189264544
2961,7.81211085202477e-09,-3.7946229223248263e-13,-0.3794622922324826
2962,7.812204812440932e-09,-2.85501876070464e-13,-0.285501876070464
2963,7.812263613169975e-09,-2.2670114702766792e-13,-0.22670114702766792
2964,7.81242335507284e-09,-6.695924416256089e-14,-0.0669592441625609
2965,7.812478319826834e-09,-1.199449016865429e-14,-0.01199449016865429
2966,7.81252125340616e-09,3.0939089157615165e-14,0.030939089157615163
2967,7.812565804818416e-09,7.549050141314033e-14,0.07549050141314033
2968,7.812686818694419e-09,1.965043774164134e-13,0.1965043774164134
2969,7.812719433799697e-09,2.291194826943939e-13,0.22911948269439392
2970,7.812737533064188e-09,2.4721874718605224e-13,0.24721874718605225
2971,7.81277994760883e-09,2.8963329182729857e-13,0.2896332918272986
2972,7.812868106093248e-09,3.7779177624611403e-13,0.37779177624611404
2973,7.812879233300802e-09,3.8891898379991423e-13,0.38891898379991424
2974,7.812864518400497e-09,3.742040834947237e-13,0.3742040834947237
2975,7.812963289557224e-09,4.729752402213321e-13,0.4729752402213321
2976,7.812974695458946e-09,4.843811419435697e-13,0.4843811419435697
2977,7.812960367117373e-09,4.700528003704517e-13,0.4700528003704517
2978,7.813003786500588e-09,5.134721835851576e-13,0.5134721835851576
2979,7.813048664677825e-09,5.583503608229428e-13,0.5583503608229428
2980,7.813035425092074e-09,5.451107750714347e-13,0.5451107750714347
2981,7.813019378642423e-09,5.290643254206333e-13,0.5290643254206333
2982,7.813125456535746e-09,6.351422187432189e-13,0.6351422187432189
2983,7.813081136763284e-09,5.908224462818453e-13,0.5908224462818452
2984,7.81305161529338e-09,5.613009763777806e-13,0.5613009763777805
2985,7.813143963446702e-09,6.536491296992046e-13,0.6536491296992046
2986,7.81311078035501e-09,6.204660380081133e-13,0.6204660380081133
2987,7.813081583793392e-09,5.912694763900882e-13,0.5912694763900882
2988,7.813149428110254e-09,6.591137932516018e-13,0.6591137932516018
2989,7.813143899749824e-09,6.535854328215711e-13,0.6535854328215711
2990,7.813106187932106e-09,6.158736151034806e-13,0.6158736151034806
2991,7.813140744369136e-09,6.504300521339322e-13,0.6504300521339322
2992,7.813157084244553e-09,6.667699275501897e-13,0.6667699275501897
2993,7.813128291751532e-09,6.379774345293228e-13,0.6379774345293228
2994,7.813115275850241e-09,6.249615332385257e-13,0.6249615332385257
2995,7.813176141089955e-09,6.858267729531144e-13,0.6858267729531143
2996,7.813138333333898e-09,6.480190168952861e-13,0.6480190168952861
2997,7.81309832346836e-09,6.080091513574497e-13,0.6080091513574497
2998,7.813180505789746e-09,6.901914727439436e-13,0.6901914727439435
2999,7.813138831687426e-09,6.485173704238691e-13,0.648517370423869
3000,7.813091590762604e-09,6.012764456016949e-13,0.6012764456016949
3001,7.813167245170473e-09,6.769308534702894e-13,0.6769308534702894
3002,7.813140538208093e-09,6.502238910908341e-13,0.6502238910908341
3003,7.813084972169127e-09,5.946578521245942e-13,0.5946578521245942
3004,7.813151518370727e-09,6.61204053724991e-13,0.6612040537249909
3005,7.813127984800344e-09,6.37670483341765e-13,0.637670483341765
3006,7.813087597889948e-09,5.972835729459196e-13,0.5972835729459196
3007,7.813111679456767e-09,6.213651397647012e-13,0.6213651397647012
3008,7.813109720357652e-09,6.194060406491285e-13,0.6194060406491285
3009,7.813087830708812e-09,5.975163918099337e-13,0.5975163918099337
3010,7.813079018801445e-09,5.887044844429491e-13,0.5887044844429491
3011,7.813123315033167e-09,6.330007161646527e-13,0.6330007161646527
3012,7.813086834977537e-09,5.96520660534723e-13,0.596520660534723
3013,7.81303995064681e-09,5.496363298070793e-13,0.5496363298070793
3014,7.81311923768761e-09,6.289233706071136e-13,0.6289233706071136
3015,7.813082473991139e-09,5.921596741363346e-13,0.5921596741363345
3016,7.813025244338806e-09,5.349300218041058e-13,0.5349300218041058
3017,7.813092478507343e-09,6.02164190340526e-13,0.602164190340526
3018,7.81307160401055e-09,5.812896935479566e-13,0.5812896935479566
3019,7.813020820197632e-09,5.3050588062917e-13,0.53050588062917
3020,7.813057030137843e-09,5.667158208403521e-13,0.5667158208403521
3021,7.813059385255354e-09,5.690709383519523e-13,0.5690709383519522
3022,7.813031658560174e-09,5.413442431716929e-13,0.5413442431716929
3023,7.813000174237104e-09,5.098599201020333e-13,0.5098599201020333
3024,7.813059166232963e-09,5.68851915960583e-13,0.568851915960583
3025,7.813023851816641e-09,5.335374996388197e-13,0.5335374996388197
3026,7.812972562738405e-09,4.822484214026006e-13,0.4822484214026006
3027,7.813049116884999e-09,5.588025679965593e-13,0.5588025679965593
3028,7.813012131686024e-09,5.218173690219415e-13,0.5218173690219414
3029,7.812978162059867e-09,4.878477428648205e-13,0.4878477428648205
3030,7.81299431550672e-09,5.040011897175191e-13,0.5040011897175191
3031,7.813014897702607e-09,5.245833856043865e-13,0.5245833856043864
3032,7.81295647830102e-09,4.661639840181807e-13,0.4661639840181807
3033,7.812957993365136e-09,4.676790481340119e-13,0.46767904813401195
3034,7.813005959851605e-09,5.156455346025406e-13,0.5156455346025406
3035,7.812971639757096e-09,4.813254400931637e-13,0.4813254400931637
3036,7.812920734730374e-09,4.3042041337149327e-13,0.4304204133714933
3037,7.812990670080203e-09,5.003557632004439e-13,0.500355763200444
3038,7.812966939523837e-09,4.766252068350045e-13,0.47662520683500453
3039,7.812918786906961e-09,4.2847258995851444e-13,0.42847258995851445
3040,7.812950221505808e-09,4.599071888060384e-13,0.4599071888060384
3041,7.812959836495277e-09,4.695221782747101e-13,0.46952217827471016
3042,7.812930794080103e-09,4.404797631005582e-13,0.4404797631005582
3043,7.812887868157955e-09,3.975538409521319e-13,0.3975538409521319
3044,7.812967536824367e-09,4.772225073643539e-13,0.47722250736435395
3045,7.812929854524053e-09,4.395402070504094e-13,0.4395402070504094
3046,7.812876385508271e-09,3.860711912686095e-13,0.3860711912686095
3047,7.812933378492821e-09,4.430641758191119e-13,0.4430641758191119
3048,7.812922776947138e-09,4.3246263013611413e-13,0.43246263013611413
3049,7.812892211620935e-09,4.0189730393290756e-13,0.40189730393290757
3050,7.812872808128993e-09,3.8249381199038495e-13,0.38249381199038496
3051,7.812935707752111e-09,4.4539343510889827e-13,0.4453934351088983
3052,7.812894190425425e-09,4.0387610842296517e-13,0.4038761084229652
3053,7.812844177520909e-09,3.538632039063973e-13,0.3538632039063973
3054,7.812910386644054e-09,4.200723270513683e-13,0.4200723270513683
3055,7.812892598694663e-09,4.0228437766101204e-13,0.40228437766101205
3056,7.812859271715791e-09,3.689573987891047e-13,0.3689573987891047
3057,7.81285325002982e-09,3.629357128180659e-13,0.3629357128180659
3058,7.812897095802645e-09,4.0678148564215604e-13,0.40678148564215605
3059,7.812868633191687e-09,3.78318874684795e-13,0.378318874684795
3060,7.812819111484965e-09,3.287971679624717e-13,0.3287971679624717
3061,7.812885020270556e-09,3.947059535531371e-13,0.3947059535531371
3062,7.812866276610503e-09,3.75962293500262e-13,0.375962293500262
3063,7.812833036042544e-09,3.4272172554150176e-13,0.34272172554150176
3064,7.812828501719323e-09,3.381874023207872e-13,0.3381874023207872
3065,7.812873516560245e-09,3.8320224324241413e-13,0.38320224324241414
3066,7.812843518719011e-09,3.5320440200881364e-13,0.35320440200881364
3067,7.812794239616077e-09,3.039252990751111e-13,0.3039252990751111
3068,7.812860866143506e-09,3.705518265039619e-13,0.3705518265039619
3069,7.812842063882326e-09,3.5174956532366396e-13,0.35174956532366397
3070,7.812811876468343e-09,3.2156215134020437e-13,0.3215621513402044
3071,7.81278130620902e-09,2.90991892017113e-13,0.290991892017113
3072,7.800283145296245e-09,-1.2207169020757855e-11,-12.207169020757854
3073,7.803717802301125e-09,-8.772512015877591e-12,-8.772512015877592
3074,7.805950621401093e-09,-6.539692915909602e-12,-6.539692915909602
3075,7.807968315789397e-09,-4.52199852760581e-12,-4.52199852760581
3076,7.808831480756958e-09,-3.658833560044245e-12,-3.6588335600442448
3077,7.809476862725311e-09,-3.0134515916909578e-12,-3.013451591690958
3078,7.809987314472914e-09,-2.5029998440885175e-12,-2.5029998440885173
3079,7.810391640717166e-09,-2.098673599836562e-12,-2.098673599836562
3080,7.810723996320166e-09,-1.7663179968368013e-12,-1.7663179968368012
3081,7.81099979318869e-09,-1.4905211283124082e-12,-1.4905211283124082
3082,7.811231226916666e-09,-1.2590874003362883e-12,-1.2590874003362882
3083,7.811512508032145e-09,-9.778062848577575e-13,-0.9778062848577574
3084,7.81168014402458e-09,-8.101702924222563e-13,-0.8101702924222564
3085,7.811830576642332e-09,-6.597376746707616e-13,-0.6597376746707616
3086,7.811972276838288e-09,-5.18037478714481e-13,-0.518037478714481
3087,7.812072437671149e-09,-4.178766458532894e-13,-0.4178766458532894
3088,7.812235912509199e-09,-2.5440180780326045e-13,-0.25440180780326044
3089,7.812347020585606e-09,-1.4329373139637403e-13,-0.14329373139637402
3090,7.81242635805536e-09,-6.395626164279201e-14,-0.06395626164279201
3091,7.812481796022944e-09,-8.518294058176954e-15,-0.008518294058176954
3092,7.812576367617423e-09,8.605330042099889e-14,0.08605330042099889
3093,7.812682622005307e-09,1.9230768830473798e-13,0.192307688304738
3094,7.812717916648492e-09,2.2760233148938063e-13,0.22760233148938064
3095,7.812728285199128e-09,2.3797088212551125e-13,0.23797088212551126
3096,7.812850615757354e-09,3.6030144035210503e-13,0.36030144035210504
3097,7.812879292904817e-09,3.889785878143466e-13,0.38897858781434663
3098,7.812891046469518e-09,4.0073215251571886e-13,0.40073215251571886
3099,7.812934539212562e-09,4.4422489555992055e-13,0.44422489555992056
3100,7.813007748934267e-09,5.174346172649404e-13,0.5174346172649403
3101,7.813010757703716e-09,5.204433867138049e-13,0.5204433867138049
3102,7.812994129593152e-09,5.038152761499922e-13,0.5038152761499921
3103,7.813100073682374e-09,6.097593653719659e-13,0.6097593653719658
3104,7.813093498077513e-09,6.031837605110042e-13,0.6031837605110042
3105,7.813060420004355e-09,5.701056873528453e-13,0.5701056873528453
3106,7.813144050711424e-09,6.537363944215626e-13,0.6537363944215625
3107,7.813151502446508e-09,6.611881295055826e-13,0.6611881295055826
3108,7.813126776673863e-09,6.364623568609644e-13,0.6364623568609644
3109,7.81315549878861e-09,6.651844716083098e-13,0.6651844716083098
3110,7.813188570492081e-09,6.982561750787055e-13,0.6982561750787054
3111,7.813155476291416e-09,6.651619744132308e-13,0.6651619744132308
3112,7.813181271033192e-09,6.90956716189811e-13,0.690956716189811
3113,7.81321176768874e-09,7.214533717379178e-13,0.7214533717379178
3114,7.813184363340418e-09,6.940490234160655e-13,0.6940490234160656
3115,7.813179148883622e-09,6.888345666200237e-13,0.6888345666200236
3116,7.813230789514413e-09,7.404751974106712e-13,0.7404751974106711
3117,7.813198494438511e-09,7.081801215089541e-13,0.708180121508954
3118,7.81316926605556e-09,6.789517385571666e-13,0.6789517385571665
3119,7.813242239231456e-09,7.519249144532044e-13,0.7519249144532043
3120,7.813209727775905e-09,7.194134589029135e-13,0.7194134589029134
3121,7.813155350713699e-09,6.650363966966026e-13,0.6650363966966026
3122,7.813243438508136e-09,7.53124191133772e-13,0.753124191133772
3123,7.813206039157484e-09,7.157248404817919e-13,0.7157248404817919
3124,7.81315257281155e-09,6.622584945478417e-13,0.6622584945478417
3125,7.813230086002728e-09,7.397716857259997e-13,0.7397716857259996
3126,7.813200703324255e-09,7.103890072525403e-13,0.7103890072525403
3127,7.813144146527791e-09,6.53832210788556e-13,0.6538322107885559
3128,7.813212767811034e-09,7.22453494031927e-13,0.722453494031927
3129,7.813194553200984e-09,7.042388839816434e-13,0.7042388839816434
3130,7.813134692976026e-09,6.443786590233673e-13,0.6443786590233673
3131,7.813192607424003e-09,7.022931070002651e-13,0.7022931070002651
3132,7.813179784592014e-09,6.894702750113334e-13,0.6894702750113334
3133,7.813133211332442e-09,6.428970154395029e-13,0.642897015439503
3134,7.813158112718733e-09,6.677984017310095e-13,0.6677984017310095
3135,7.813166206911367e-09,6.758925943648629e-13,0.6758925943648629
3136,7.813114654697264e-09,6.243403802613816e-13,0.6243403802613816
3137,7.813102775053402e-09,6.124607363998765e-13,0.6124607363998764
3138,7.813176137850902e-09,6.858235338991241e-13,0.6858235338991241
3139,7.813121618704e-09,6.31304386998109e-13,0.631304386998109
3140,7.813071359455198e-09,5.810451381954253e-13,0.5810451381954252
3141,7.813174958116965e-09,6.846437999627155e-13,0.6846437999627154
3142,7.813101865394227e-09,6.11551077224634e-13,0.611551077224634
3143,7.813057883581135e-09,5.675692641329512e-13,0.5675692641329512
3144,7.813127119634116e-09,6.368053171131759e-13,0.6368053171131759
3145,7.813102125860246e-09,6.118115432440465e-13,0.6118115432440464
3146,7.813043571448385e-09,5.532571313823119e-13,0.5532571313823119
3147,7.813098458858106e-09,6.081445411037388e-13,0.6081445411037388
3148,7.813085257043248e-09,5.949427262454148e-13,0.5949427262454148
3149,7.813043732750563e-09,5.534184335605234e-13,0.5534184335605234
3150,7.813051016339442e-09,5.607020224401181e-13,0.5607020224401181
3151,7.813077104994876e-09,5.86790677873132e-13,0.586790677873132
3152,7.81304159637084e-09,5.512820538372222e-13,0.5512820538372222
3153,7.812998029265079e-09,5.077149480765152e-13,0.5077149480765152
3154,7.813077428412384e-09,5.871140953811845e-13,0.5871140953811844
3155,7.81303570527702e-09,5.453909600178593e-13,0.5453909600178592
3156,7.812979753438263e-09,4.894391212610676e-13,0.4894391212610676
3157,7.813044720540057e-09,5.544062230548207e-13,0.5544062230548207
3158,7.813024276200477e-09,5.339618834741848e-13,0.5339618834741848
3159,7.81297706807277e-09,4.867537557677283e-13,0.48675375576772834
3160,7.813002205476322e-09,5.118911593196578e-13,0.5118911593196578
3161,7.8130142495801e-09,5.239352630982018e-13,0.5239352630982018
3162,7.812983052448634e-09,4.927381316315065e-13,0.4927381316315065
3163,7.812944197936036e-09,4.538836190337249e-13,0.4538836190337249
3164,7.813017183932623e-09,5.268696156204524e-13,0.5268696156204523
3165,7.812979798527521e-09,4.894842105189158e-13,0.48948421051891583
3166,7.81292484880328e-09,4.345344862776253e-13,0.4345344862776253
3167,7.812989006683677e-09,4.986923666748895e-13,0.49869236667488953
3168,7.812969607731831e-09,4.792934148289642e-13,0.4792934148289642
3169,7.812929279205722e-09,4.3896488872010713e-13,0.43896488872010714
3170,7.812938946657024e-09,4.486323400214e-13,0.4486323400214
3171,7.812966155388169e-09,4.758410711662815e-13,0.47584107116628155
3172,7.812936260830745e-09,4.4594651374213744e-13,0.44594651374213745
3173,7.812889344909076e-09,3.9903059207369295e-13,0.39903059207369296
3174,7.812961819595918e-09,4.715052789158762e-13,0.47150527891587624
3175,7.812934487848484e-09,4.4417353148199905e-13,0.44417353148199906
3176,7.812881919940233e-09,3.9160562323080616e-13,0.39160562323080617
3177,7.812925528232124e-09,4.352139151215405e-13,0.4352139151215405
3178,7.81292603761741e-09,4.357233004072285e-13,0.4357233004072285
3179,7.812898341767781e-09,4.080274507787764e-13,0.4080274507787764
3180,7.812858610067863e-09,3.6829575086081827e-13,0.3682957508608183
3181,7.81293687130433e-09,4.4655698732788256e-13,0.44655698732788257
3182,7.812900343042361e-09,4.1002872535885875e-13,0.41002872535885876
3183,7.812847629336023e-09,3.5731501902052087e-13,0.3573150190205209
3184,7.812903768958596e-09,4.1345464159358707e-13,0.4134546415935871
3185,7.812890616745987e-09,4.0030242898465423e-13,0.40030242898465423
3186,7.812866324667764e-09,3.760103507615574e-13,0.3760103507615574
3187,7.812839266681379e-09,3.4895236437623283e-13,0.34895236437623284
3188,7.812903949722203e-09,4.136354052007947e-13,0.4136354052007947
3189,7.812866467524953e-09,3.7615320795030953e-13,0.37615320795030954
3190,7.812820019124814e-09,3.2970480781116795e-13,0.32970480781116795
3191,7.812879486096091e-09,3.891717790889564e-13,0.3891717790889564
3192,7.81286455767572e-09,3.74243358718422e-13,0.374243358718422
3193,7.812840287322199e-09,3.4997300519635637e-13,0.3499730051963564
3194,7.812813283573027e-09,3.2296925602471037e-13,0.3229692560247104
3195,7.812879664813267e-09,3.8935049626456346e-13,0.3893504962645635
3196,7.812845581237461e-09,3.552669204591143e-13,0.3552669204591143
3197,7.812794390930043e-09,3.040766130408086e-13,0.30407661304080863
3198,7.812851997532366e-09,3.6168321536335634e-13,0.36168321536335635
3199,7.812817423897178e-09,3.271095801759437e-13,0.3271095801759437
3200,7.800132955715963e-09,-1.235735860103986e-11,-12.35735860103986
3201,7.803415543689647e-09,-9.074770627355078e-12,-9.074770627355077
3202,7.805766988994937e-09,-6.7233253220656445e-12,-6.723325322065644
3203,7.807695049286112e-09,-4.795265030889948e-12,-4.795265030889948
3204,7.808559674335187e-09,-3.930639981815223e-12,-3.9306399818152236
3205,7.809293808781672e-09,-3.1965055353303977e-12,-3.1965055353303975
3206,7.809771554107068e-09,-2.7187602099339154e-12,-2.7187602099339157
3207,7.810186675413539e-09,-2.3036389034637007e-12,-2.3036389034637006
3208,7.810526856449006e-09,-1.9634578679961186e-12,-1.9634578679961185
3209,7.810843996955029e-09,-1.6463173619738246e-12,-1.6463173619738245
3210,7.811111080673451e-09,-1.3792336435510298e-12,-1.3792336435510297
3211,7.811318047278764e-09,-1.1722670382387544e-12,-1.1722670382387543
3212,7.811501289141745e-09,-9.890251752577685e-13,-0.9890251752577685
3213,7.811670729300805e-09,-8.195850161971428e-13,-0.8195850161971429
3214,7.8118083623156e-09,-6.819520014030343e-13,-0.6819520014030344
3215,7.811920214507062e-09,-5.700998099401168e-13,-0.5700998099401168
3216,7.812128773846023e-09,-3.615404709788787e-13,-0.3615404709788787
3217,7.812201890394104e-09,-2.8842392289805686e-13,-0.28842392289805685
3218,7.812292980493435e-09,-1.9733382356747637e-13,-0.19733382356747636
3219,7.812349105709672e-09,-1.4120860733077707e-13,-0.14120860733077706
3220,7.812472127297705e-09,-1.8187019297022498e-14,-0.0181870192970225
3221,7.812566660511428e-09,7.634619442524736e-14,0.07634619442524736
3222,7.812599636832212e-09,1.0932251520951857e-13,0.10932251520951856
3223,7.812623654431103e-09,1.3334011410012352e-13,0.13334011410012353
3224,7.812745756669904e-09,2.55442352901719e-13,0.255442352901719
3225,7.812782999732813e-09,2.9268541581053536e-13,0.29268541581053537
3226,7.8127997968976e-09,3.094825805980929e-13,0.3094825805980929
3227,7.812826977371726e-09,3.3666305472385404e-13,0.33666305472385405
3228,7.812926251462736e-09,4.359371457332241e-13,0.4359371457332241
3229,7.812932436930997e-09,4.42122613994944e-13,0.442122613994944
3230,7.812913651989947e-09,4.2333767294435153e-13,0.42333767294435154
3231,7.813011140440636e-09,5.208261236332194e-13,0.5208261236332195
3232,7.813021268528782e-09,5.309542117800199e-13,0.5309542117800199
3233,7.813002547840263e-09,5.122335232606744e-13,0.5122335232606744
3234,7.813052041059573e-09,5.617267425709156e-13,0.5617267425709156
3235,7.81308749251905e-09,5.971782020472812e-13,0.5971782020472811
3236,7.8130746945695e-09,5.84380252498208e-13,0.5843802524982079
3237,7.81306776577223e-09,5.77451455227032e-13,0.577451455227032
3238,7.813143246789066e-09,6.529324720631917e-13,0.6529324720631917
3239,7.813120181187445e-09,6.298668704426648e-13,0.6298668704426648
3240,7.81308445709178e-09,5.941427747775007e-13,0.5941427747775007
3241,7.813175107276079e-09,6.847929590765951e-13,0.6847929590765951
3242,7.813149472711621e-09,6.591583946184725e-13,0.6591583946184725
3243,7.813117499955472e-09,6.271856384701082e-13,0.6271856384701081
3244,7.813177587415654e-09,6.8727309865121e-13,0.68727309865121
3245,7.813162802286153e-09,6.724879691502968e-13,0.6724879691502967
3246,7.813120192856171e-09,6.298785391685462e-13,0.6298785391685462
3247,7.81318502548979e-09,6.947111727878568e-13,0.6947111727878568
3248,7.813177892035806e-09,6.87577718804097e-13,0.687577718804097
3249,7.813136224032124e-09,6.459097151212427e-13,0.6459097151212427
3250,7.813168707068024e-09,6.783927510220873e-13,0.6783927510220873
3251,7.813180129747775e-09,6.898154307729442e-13,0.6898154307729442
3252,7.813147972162262e-09,6.576578452592254e-13,0.6576578452592253
3253,7.813145509925575e-09,6.551956085729836e-13,0.6551956085729836
3254,7.813183751647105e-09,6.934373301028764e-13,0.6934373301028763
3255,7.813150440131667e-09,6.601258146644541e-13,0.6601258146644541
3256,7.81311602663314e-09,6.257123161379176e-13,0.6257123161379176
3257,7.813186431306985e-09,6.961169899822829e-13,0.6961169899822829
3258,7.813149102714077e-09,6.587883970745846e-13,0.6587883970745846
3259,7.813099007396643e-09,6.086930796403807e-13,0.6086930796403807
3260,7.813174267344656e-09,6.839530276535706e-13,0.6839530276535706
3261,7.813141458356924e-09,6.511440399220954e-13,0.6511440399220954
3262,7.813085203619186e-09,5.948893021833655e-13,0.5948893021833656
3263,7.813147646725427e-09,6.573324084246267e-13,0.6573324084246267
3264,7.813115054347737e-09,6.247400307346869e-13,0.6247400307346869
3265,7.81307942896868e-09,5.891146516773276e-13,0.5891146516773276
3266,7.813124181893462e-09,6.338675764591363e-13,0.6338675764591363
3267,7.813119554925165e-09,6.292406081627829e-13,0.6292406081627828
3268,7.813076230450298e-09,5.859161332957509e-13,0.5859161332957509
3269,7.813087521033567e-09,5.972067165644175e-13,0.5972067165644175
3270,7.813113406035174e-09,6.230917181718572e-13,0.6230917181718572
3271,7.813080766562452e-09,5.904522454500501e-13,0.59045224545005
3272,7.813029595350545e-09,5.392810335425073e-13,0.5392810335425073
3273,7.813115048845411e-09,6.247345284086616e-13,0.6247345284086615
3274,7.813070512164753e-09,5.80197847750155e-13,0.580197847750155
3275,7.813029298577305e-09,5.389842603028437e-13,0.5389842603028437
3276,7.813081328490886e-09,5.910141738835222e-13,0.5910141738835222
3277,7.813056827771507e-09,5.665134545048577e-13,0.5665134545048577
3278,7.813012245974486e-09,5.219316574834486e-13,0.5219316574834486
3279,7.813044070249147e-09,5.53755932144291e-13,0.553755932144291
3280,7.813052849386503e-09,5.625350695006122e-13,0.5625350695006122
3281,7.813025327117642e-09,5.35012800639975e-13,0.535012800639975
3282,7.812989371937837e-09,4.990576208342727e-13,0.49905762083427274
3283,7.81304606087144e-09,5.557465544380287e-13,0.5557465544380287
3284,7.813012076378161e-09,5.217620611586176e-13,0.5217620611586176
3285,7.812961438349777e-09,4.711240327744489e-13,0.47112403277444886
3286,7.813032764636125e-09,5.424503191230083e-13,0.5424503191230083
3287,7.81300615926349e-09,5.15844946487115e-13,0.515844946487115
3288,7.812949175196502e-09,4.588608794994813e-13,0.4588608794994813
3289,7.813001323694695e-09,5.110093776927753e-13,0.5110093776927753
3290,7.812992150124588e-09,5.018358075861039e-13,0.5018358075861039
3291,7.812962334876553e-09,4.720205595508771e-13,0.47202055955087713
3292,7.812942196498826e-09,4.518821818233167e-13,0.4518821818233167
3293,7.812995102908548e-09,5.047885915452867e-13,0.5047885915452867
3294,7.812961336001092e-09,4.710216840893662e-13,0.47102168408936623
3295,7.812908297196732e-09,4.1798287972960856e-13,0.41798287972960857
3296,7.812976814152621e-09,4.864998356189322e-13,0.48649983561893223
3297,7.812955622282748e-09,4.653079657454219e-13,0.46530796574542194
3298,7.812907591801246e-09,4.1727748424366234e-13,0.41727748424366234
3299,7.812933882619727e-09,4.4356830272426333e-13,0.44356830272426334
3300,7.81294911952272e-09,4.588052057179241e-13,0.45880520571792416
3301,7.812924593338143e-09,4.342790211407334e-13,0.4342790211407334
3302,7.812873139542492e-09,3.8282522548945946e-13,0.38282522548945946
3303,7.81295135911849e-09,4.61044801488046e-13,0.461044801488046
3304,7.812921240144769e-09,4.3092582776672455e-13,0.43092582776672456
3305,7.812881689533719e-09,3.9137521671662583e-13,0.39137521671662584
3306,7.812905081669929e-09,4.1476735292645105e-13,0.41476735292645106
3307,7.812911880728858e-09,4.2156641185516196e-13,0.42156641185516197
3308,7.812886076310577e-09,3.9576199357419227e-13,0.3957619935741923
3309,7.812852899981597e-09,3.625856645941518e-13,0.3625856645941518
3310,7.81291958010927e-09,4.2926579226790484e-13,0.42926579226790484
3311,7.812887047647303e-09,3.9673333030052204e-13,0.39673333030052205
3312,7.812835711013249e-09,3.453966962465123e-13,0.3453966962465123
3313,7.812893424043567e-09,4.0310972656481663e-13,0.40310972656481664
3314,7.812890064575373e-09,3.997502583707345e-13,0.3997502583707345
3315,7.81285345928084e-09,3.631449638373556e-13,0.3631449638373556
3316,7.812824525922852e-09,3.3421160584922853e-13,0.33421160584922854
3317,7.812893528574209e-09,4.032142572067714e-13,0.4032142572067714
3318,7.812861626115019e-09,3.713117980167656e-13,0.3713117980167656
3319,7.812808904588873e-09,3.1859027187025867e-13,0.3185902718702587
3320,7.812870369812517e-09,3.8005549551457367e-13,0.3800554955145737
3321,7.812856844973174e-09,3.665306561714847e-13,0.3665306561714847
3322,7.8128323906712e-09,3.4207635419832976e-13,0.34207635419832977
3323,7.81280213752746e-09,3.1182321045816324e-13,0.31182321045816325
3324,7.812871161673126e-09,3.808473561237756e-13,0.3808473561237756
3325,7.812837464818683e-09,3.4715050168072486e-13,0.34715050168072487
3326,7.812786427641269e-09,2.961133242667556e-13,0.29611332426675563
3327,7.812815345386746e-09,3.250310697435989e-13,0.3250310697435989
3328,7.800240590455842e-09,-1.2249723861160221e-11,-12.249723861160222
3329,7.803644454411405e-09,-8.845859905596967e-12,-8.845859905596967
3330,7.8058924609883e-09,-6.5978533287018555e-12,-6.597853328701856
3331,7.807868405068424e-09,-4.621909248578336e-12,-4.621909248578336
3332,7.808778677454863e-09,-3.711636862139611e-12,-3.711636862139611
3333,7.809422564335525e-09,-3.0677499814771276e-12,-3.0677499814771276
3334,7.809929766309088e-09,-2.5605480079139682e-12,-2.5605480079139684
3335,7.810333836668075e-09,-2.1564776489272465e-12,-2.1564776489272464
3336,7.810666896812752e-09,-1.8234175042507504e-12,-1.8234175042507503
3337,7.8109446032188e-09,-1.5457110982025944e-12,-1.5457110982025943
3338,7.811204284452022e-09,-1.2860298649801345e-12,-1.2860298649801345
3339,7.811460378412622e-09,-1.029935904380723e-12,-1.029935904380723
3340,7.811626227179091e-09,-8.640871379114014e-13,-0.8640871379114013
3341,7.811786116479241e-09,-7.041978377609449e-13,-0.7041978377609449
3342,7.811925971756123e-09,-5.643425608789472e-13,-0.5643425608789472
3343,7.812026376846182e-09,-4.639374708208217e-13,-0.4639374708208217
3344,7.812207724743492e-09,-2.825895735098964e-13,-0.2825895735098964
3345,7.812305271985044e-09,-1.8504233195822546e-13,-0.18504233195822545
3346,7.812387975428205e-09,-1.023388887975264e-13,-0.10233888879752641
3347,7.812447625345047e-09,-4.268897195565819e-14,-0.04268897195565819
3348,7.812548036493084e-09,5.772217608210605e-14,0.05772217608210605
3349,7.812640335125472e-09,1.5002080846930182e-13,0.15002080846930183
3350,7.81268504737912e-09,1.947330621171152e-13,0.19473306211711522
3351,7.812699140408164e-09,2.0882609116122235e-13,0.20882609116122236
3352,7.812820620355576e-09,3.3030603857339263e-13,0.33030603857339264
3353,7.812850862765714e-09,3.6054844871205154e-13,0.36054844871205155
3354,7.812866489967938e-09,3.7617565093528e-13,0.37617565093528
3355,7.812901859380415e-09,4.1154506341224266e-13,0.4115450634122427
3356,7.812984641116525e-09,4.943267995223223e-13,0.49432679952232234
3357,7.81298857660778e-09,4.982622907781188e-13,0.49826229077811884
3358,7.812970241569974e-09,4.799272529715264e-13,0.4799272529715264
3359,7.813074583005097e-09,5.842686880946592e-13,0.5842686880946591
3360,7.813072942891813e-09,5.826285748107589e-13,0.5826285748107589
3361,7.813039033696375e-09,5.487193793722269e-13,0.5487193793722268
3362,7.81312404921422e-09,6.337348972182784e-13,0.6337348972182784
3363,7.81313008778664e-09,6.397734696381537e-13,0.6397734696381536
3364,7.81310708304942e-09,6.167687324170847e-13,0.6167687324170846
3365,7.813140106126422e-09,6.497918094200443e-13,0.6497918094200443
3366,7.813169638912687e-09,6.793245956842843e-13,0.6793245956842843
3367,7.813148415235032e-09,6.581009180295387e-13,0.6581009180295387
3368,7.813149079010707e-09,6.587646937045887e-13,0.6587646937045887
3369,7.813203262976506e-09,7.129486595039798e-13,0.7129486595039798
3370,7.813175945039098e-09,6.856307220952747e-13,0.6856307220952746
3371,7.813142195966767e-09,6.518816497650916e-13,0.6518816497650916
3372,7.813222625702447e-09,7.32311385444817e-13,0.732311385444817
3373,7.813195386152856e-09,7.050718358531826e-13,0.7050718358531826
3374,7.813142485123487e-09,6.521708064844935e-13,0.6521708064844934
3375,7.813231007073131e-09,7.406927561291076e-13,0.7406927561291076
3376,7.813198593764983e-09,7.082794479804809e-13,0.7082794479804809
3377,7.813146512433114e-09,6.561981161117724e-13,0.6561981161117724
3378,7.813221710744234e-09,7.313964272314565e-13,0.7313964272314565
3379,7.813199995909442e-09,7.096815924400478e-13,0.7096815924400478
3380,7.813143976768836e-09,6.53662451833399e-13,0.653662451833399
3381,7.813210741355859e-09,7.204270388563887e-13,0.7204270388563887
3382,7.813193717321767e-09,7.034030047642386e-13,0.7034030047642386
3383,7.813141539455247e-09,6.512251382445973e-13,0.6512251382445973
3384,7.813189319743545e-09,6.990054265425287e-13,0.6990054265425287
3385,7.813184693723925e-09,6.943794069230762e-13,0.6943794069230762
3386,7.813143393169911e-09,6.530788529090044e-13,0.6530788529090044
3387,7.813158620870739e-09,6.683065537367263e-13,0.6683065537367262
3388,7.813176189784186e-09,6.858754671831861e-13,0.6858754671831861
3389,7.813140422266223e-09,6.501079492210139e-13,0.6501079492210139
3390,7.813109488812725e-09,6.191744957226671e-13,0.619174495722667
3391,7.813178449790062e-09,6.88135473059205e-13,0.688135473059205
3392,7.813113466059317e-09,6.231517423146314e-13,0.6231517423146314
3393,7.813084598498848e-09,5.942841818458471e-13,0.5942841818458471
3394,7.813165900719121e-09,6.755864021188259e-13,0.6755864021188258
3395,7.81312510229979e-09,6.347879827884136e-13,0.6347879827884135
3396,7.8130674990856e-09,5.771847685976549e-13,0.5771847685976549
3397,7.81313841303631e-09,6.48098719307491e-13,0.648098719307491
3398,7.813113836463437e-09,6.235221464343339e-13,0.6235221464343339
3399,7.813052962888918e-09,5.626485719155443e-13,0.5626485719155443
3400,7.813110043748055e-09,6.197294310521266e-13,0.6197294310521266
3401,7.813097650111048e-09,6.073357940457004e-13,0.6073357940457004
3402,7.81305775972459e-09,5.674454075872719e-13,0.5674454075872719
3403,7.813062156449002e-09,5.718421319997709e-13,0.5718421319997709
3404,7.813088777257966e-09,5.98462940964095e-13,0.598462940964095
3405,7.813054932342164e-09,5.646180251618642e-13,0.5646180251618642
3406,7.813011815586881e-09,5.215012698785533e-13,0.5215012698785533
3407,7.813096678896294e-09,6.063645792921151e-13,0.6063645792921151
3408,7.813037986885625e-09,5.476725686221649e-13,0.547672568622165
3409,7.813004836143816e-09,5.145218268133951e-13,0.5145218268133951
3410,7.81305250728006e-09,5.621929630576116e-13,0.5621929630576116
3411,7.813034610083748e-09,5.442957667458502e-13,0.5442957667458502
3412,7.812982825403146e-09,4.925110861440609e-13,0.49251108614406086
3413,7.813020252265429e-09,5.299379484261678e-13,0.5299379484261678
3414,7.813023807987768e-09,5.33493670765997e-13,0.533493670765997
3415,7.812992893643333e-09,5.025793263309401e-13,0.5025793263309402
3416,7.812962549833186e-09,4.722355161840995e-13,0.47223551618409954
3417,7.813023418691426e-09,5.331043744234389e-13,0.5331043744234388
3418,7.812985701750852e-09,4.953874338500834e-13,0.49538743385008344
3419,7.812936178160329e-09,4.458638433264854e-13,0.44586384332648543
3420,7.813003204053628e-09,5.128897366255712e-13,0.5128897366255712
3421,7.812981320760924e-09,4.910064439216126e-13,0.49100644392161263
3422,7.812934556885058e-09,4.4424256805533207e-13,0.4442425680553321
3423,7.8129592118593e-09,4.688975422980869e-13,0.46889754229808694
3424,7.812977492958049e-09,4.871786410465982e-13,0.48717864104659825
3425,7.812937547860038e-09,4.4723354303604067e-13,0.4472335430360407
3426,7.81290000679061e-09,4.0969247360758953e-13,0.40969247360758954
3427,7.812977070566435e-09,4.86756249432725e-13,0.48675624943272505
3428,7.812942079120388e-09,4.5176480338561797e-13,0.451764803385618
3429,7.812885888946889e-09,3.955746298862596e-13,0.39557462988625963
3430,7.812952785521974e-09,4.624712049712222e-13,0.46247120497122224
3431,7.812936782684355e-09,4.4646836735280903e-13,0.44646836735280904
3432,7.812890835985219e-09,4.0052166821645795e-13,0.40052166821645796
3433,7.812882087015788e-09,3.9177269878558617e-13,0.3917726987855862
3434,7.812943922440264e-09,4.5360812326169635e-13,0.45360812326169636
3435,7.81290496257032e-09,4.146482533178035e-13,0.41464825331780353
3436,7.812854867334201e-09,3.6455301719876253e-13,0.36455301719876254
3437,7.812919515843187e-09,4.2920152618413076e-13,0.42920152618413077
3438,7.812899827951462e-09,4.0951363445923804e-13,0.40951363445923805
3439,7.812865118912975e-09,3.7480459597300913e-13,0.37480459597300914
3440,7.812864732435558e-09,3.744181185560995e-13,0.3744181185560995
3441,7.812904091522295e-09,4.1377720529242866e-13,0.4137772052924287
3442,7.812873753106054e-09,3.8343878905139616e-13,0.38343878905139617
3443,7.812836376279702e-09,3.460619626995494e-13,0.3460619626995494
3444,7.812888270695116e-09,3.9795637811372147e-13,0.3979563781137215
3445,7.812870002864292e-09,3.7968854728929595e-13,0.37968854728929596
3446,7.812834053539178e-09,3.437392221753251e-13,0.3437392221753251
3447,7.812839884649512e-09,3.4957033250949525e-13,0.34957033250949526
3448,7.812878591724167e-09,3.8827740716434594e-13,0.38827740716434594
3449,7.81284932508243e-09,3.590107654283968e-13,0.3590107654283968
3450,7.812800047239882e-09,3.097329228797198e-13,0.3097329228797198
3451,7.812867882083527e-09,3.7756776652475137e-13,0.3775677665247514
3452,7.812848362378664e-09,3.5804806166186547e-13,0.3580480616618655
3453,7.812814865342682e-09,3.245510256792038e-13,0.3245510256792038
3454,7.812810643012189e-09,3.203286951861491e-13,0.3203286951861491
3455,7.812844645327041e-09,3.543310100387705e-13,0.3543310100387705
3456,7.800177703544994e-09,-1.2312610772008262e-11,-12.312610772008261
3457,7.803540411145432e-09,-8.94990317157014e-12,-8.94990317157014
3458,7.805846851272752e-09,-6.643463044250471e-12,-6.6434630442504705
3459,7.807774246676945e-09,-4.716067640057051e-12,-4.716067640057051
3460,7.80867725534251e-09,-3.81305897449311e-12,-3.8130589744931096
3461,7.809373110757357e-09,-3.1172035596454374e-12,-3.1172035596454375
3462,7.809854465635731e-09,-2.635848681271262e-12,-2.6358486812712623
3463,7.810266580192079e-09,-2.2237341249233656e-12,-2.2237341249233658
3464,7.810602530440277e-09,-1.8877838767257836e-12,-1.8877838767257835
3465,7.810905990618812e-09,-1.5843236981906401e-12,-1.5843236981906401
3466,7.81118419350814e-09,-1.3061208088626487e-12,-1.3061208088626488
3467,7.811387555412279e-09,-1.1027589047233445e-12,-1.1027589047233446
3468,7.811566409671698e-09,-9.239046453040815e-13,-0.9239046453040816
3469,7.811733169764304e-09,-7.571445526986771e-13,-0.7571445526986771
3470,7.811866305007043e-09,-6.240093099595432e-13,-0.6240093099595433
3471,7.811984533405035e-09,-5.057809119677113e-13,-0.5057809119677114
3472,7.812182688645081e-09,-3.0762567192133423e-13,-0.3076256719213342
3473,7.81225285867047e-09,-2.374556465321491e-13,-0.23745564653214907
3474,7.812337884962575e-09,-1.5242935442700845e-13,-0.15242935442700845
3475,7.812403384719344e-09,-8.692959765844039e-14,-0.0869295976584404
3476,7.81253093854351e-09,4.062422650684671e-14,0.04062422650684671
3477,7.812599716304231e-09,1.0940198722876176e-13,0.10940198722876175
3478,7.812637119192093e-09,1.4680487509032962e-13,0.14680487509032963
3479,7.812670020743585e-09,1.797064265822808e-13,0.1797064265822808
3480,7.8128006611016e-09,3.1034678459725395e-13,0.31034678459725396
3481,7.812811061270282e-09,3.207469532792397e-13,0.3207469532792397
3482,7.812824115918248e-09,3.33801601245176e-13,0.333801601245176
3483,7.812894113650359e-09,4.0379933335662604e-13,0.40379933335662604
3484,7.812947928065848e-09,4.576137488455255e-13,0.4576137488455255
3485,7.812954990152224e-09,4.646758352212814e-13,0.4646758352212814
3486,7.812943568705753e-09,4.532543887503958e-13,0.4532543887503958
3487,7.813064198909712e-09,5.738845927098806e-13,0.5738845927098806
3488,7.813037317607623e-09,5.470032906210896e-13,0.5470032906210897
3489,7.81301420790608e-09,5.238935890771969e-13,0.5238935890771969
3490,7.81310509969128e-09,6.147853742779026e-13,0.6147853742779026
3491,7.813106037729447e-09,6.157234124450099e-13,0.6157234124450099
3492,7.813074770422995e-09,5.844561059927005e-13,0.5844561059927005
3493,7.813132564077297e-09,6.422497602950563e-13,0.6422497602950562
3494,7.813147059372453e-09,6.567450554502098e-13,0.6567450554502098
3495,7.81312559374153e-09,6.352794245281469e-13,0.6352794245281469
3496,7.813131680994628e-09,6.413666776255668e-13,0.6413666776255668
3497,7.813191645804438e-09,7.013314874359063e-13,0.7013314874359062
3498,7.813157320587074e-09,6.670062700712644e-13,0.6670062700712643
3499,7.813136062025214e-09,6.457477082116191e-13,0.6457477082116191
3500,7.813204054349225e-09,7.137400322222042e-13,0.7137400322222042
3501,7.813175673175403e-09,6.85358858400524e-13,0.6853588584005239
3502,7.813133410798537e-09,6.43096481534186e-13,0.643096481534186
3503,7.813230106317967e-09,7.397920009642066e-13,0.7397920009642066
3504,7.813175414362792e-09,6.851000457894245e-13,0.6851000457894245
3505,7.813133084033554e-09,6.42769716551926e-13,0.6427697165519259
3506,7.813210713668046e-09,7.203993510434088e-13,0.7203993510434088
3507,7.813187732837483e-09,6.974185204802432e-13,0.6974185204802431
3508,7.813131346680888e-09,6.410323638856809e-13,0.6410323638856809
3509,7.813199502529691e-09,7.091882126889311e-13,0.7091882126889311
3510,7.813183527447649e-09,6.932131306461335e-13,0.6932131306461335
3511,7.813130765982204e-09,6.404516652020977e-13,0.6404516652020976
3512,7.813176351642017e-09,6.860373250150111e-13,0.686037325015011
3513,7.813178782409736e-09,6.884680927331964e-13,0.6884680927331964
3514,7.813135178630836e-09,6.44864313834005e-13,0.644864313834005
3515,7.813148377613217e-09,6.580632962141535e-13,0.6580632962141535
3516,7.813175590030649e-09,6.852757136464215e-13,0.6852757136464215
3517,7.813129422289795e-09,6.391079727921549e-13,0.6391079727921549
3518,7.813111212070763e-09,6.208977537606698e-13,0.6208977537606698
3519,7.813153586527029e-09,6.632722100265885e-13,0.6632722100265885
3520,7.813112075597136e-09,6.217612801334731e-13,0.6217612801334731
3521,7.813077207641716e-09,5.868933247138121e-13,0.5868933247138121
3522,7.81315680853194e-09,6.664942149377266e-13,0.6664942149377266
3523,7.813119355106705e-09,6.290407897023938e-13,0.6290407897023937
3524,7.813062713661156e-09,5.723993441537927e-13,0.5723993441537927
3525,7.813130616538488e-09,6.403022214851477e-13,0.6403022214851477
3526,7.81310744155442e-09,6.171272374179442e-13,0.6171272374179442
3527,7.81305183103606e-09,5.61516719057578e-13,0.561516719057578
3528,7.813100100882296e-09,6.097865652939681e-13,0.6097865652939681
3529,7.813091630281773e-09,6.01315964770882e-13,0.601315964770882
3530,7.813056069046827e-09,5.657547298245523e-13,0.5657547298245523
3531,7.81305154418327e-09,5.612298662677927e-13,0.5612298662677927
3532,7.813086061643233e-09,5.957473262301434e-13,0.5957473262301434
3533,7.813052544454642e-09,5.622301376396007e-13,0.5622301376396006
3534,7.813004498780757e-09,5.141844637548991e-13,0.5141844637548991
3535,7.813083503563074e-09,5.93189246071854e-13,0.593189246071854
3536,7.813044604015429e-09,5.542896984263328e-13,0.5542896984263328
3537,7.81298823473173e-09,4.979204147280798e-13,0.49792041472807985
3538,7.813055481992008e-09,5.651676750057329e-13,0.5651676750057328
3539,7.813030994635421e-09,5.406803184188443e-13,0.5406803184188442
3540,7.81297683570114e-09,4.865213841371104e-13,0.4865213841371104
3541,7.81301242774098e-09,5.221134239776658e-13,0.5221134239776658
3542,7.81302067834333e-09,5.303640263274275e-13,0.5303640263274274
3543,7.812988664644997e-09,4.983503279945247e-13,0.49835032799452467
3544,7.812945420888982e-09,4.551065719792343e-13,0.45510657197923426
3545,7.813045627122809e-09,5.553128058063987e-13,0.5553128058063987
3546,7.812975045168357e-09,4.847308513543049e-13,0.4847308513543049
3547,7.812940246154643e-09,4.499318376402868e-13,0.4499318376402868
3548,7.812992333991724e-09,5.020196747220303e-13,0.5020196747220302
3549,7.812976765648127e-09,4.864513311242407e-13,0.48645133112424066
3550,7.81292998010177e-09,4.3966578476703754e-13,0.43966578476703755
3551,7.812951781943785e-09,4.614676267827882e-13,0.4614676267827882
3552,7.812973835862806e-09,4.835215458036417e-13,0.4835215458036417
3553,7.812943658057564e-09,4.5334374056193576e-13,0.45334374056193577
3554,7.812896396058562e-09,4.060817415600339e-13,0.4060817415600339
3555,7.812970278798766e-09,4.799644817636241e-13,0.4799644817636241
3556,7.81294136770758e-09,4.5105339057761445e-13,0.45105339057761445
3557,7.812887703860668e-09,3.973895436654189e-13,0.3973895436654189
3558,7.81293609488005e-09,4.457805630471114e-13,0.4457805630471114
3559,7.812932283204682e-09,4.419688876794127e-13,0.4419688876794127
3560,7.81290346780789e-09,4.1315349088765207e-13,0.4131534908876521
3561,7.812871102096217e-09,3.8078777921439754e-13,0.38078777921439755
3562,7.81294119304261e-09,4.5087872560762703e-13,0.45087872560762704
3563,7.812906067548517e-09,4.157532315144193e-13,0.4157532315144193
3564,7.81285262478398e-09,3.6231046697772067e-13,0.3623104669777207
3565,7.812913309409165e-09,4.229950921629004e-13,0.42299509216290043
3566,7.812898345413411e-09,4.0803109640858136e-13,0.4080310964085814
3567,7.812869832576788e-09,3.7951825978557995e-13,0.37951825978557996
3568,7.812851445551487e-09,3.611312344848168e-13,0.3611312344848168
3569,7.81290626636409e-09,4.159520470877988e-13,0.4159520470877988
3570,7.812874750843103e-09,3.8443652610062594e-13,0.38443652610062595
3571,7.812825073553369e-09,3.3475923636655096e-13,0.33475923636655097
3572,7.812887271304659e-09,3.9695698765617864e-13,0.39695698765617865
3573,7.812871167310977e-09,3.8085299397507254e-13,0.38085299397507255
3574,7.812841277429175e-09,3.509631121727973e-13,0.3509631121727973
3575,7.812826764719023e-09,3.3645040202024816e-13,0.3364504020202482
3576,7.812880843368133e-09,3.905290511311095e-13,0.39052905113110953
3577,7.812850715192246e-09,3.604008752438491e-13,0.3604008752438491
3578,7.812799286211272e-09,3.089718942697979e-13,0.30897189426979793
3579,7.812861250913305e-09,3.7093659630244984e-13,0.37093659630244985
3580,7.812846649312127e-09,3.5633499512428406e-13,0.35633499512428407
3581,7.812822079461307e-09,3.3176514430459646e-13,0.33176514430459647
3582,7.812795832539462e-09,3.0551822245945397e-13,0.305518222459454
3583,7.812840329348585e-09,3.5001503158306734e-13,0.35001503158306735
3584,7.800204659657033e-09,-1.228565465996957e-11,-12.28565465996957
3585,7.803574491793892e-09,-8.915822523110556e-12,-8.915822523110556
3586,7.8058744249599e-09,-6.615889357101804e-12,-6.615889357101803
3587,7.80780273131076e-09,-4.687583006243061e-12,-4.687583006243061
3588,7.808716244133546e-09,-3.774070183456266e-12,-3.7740701834562658
3589,7.809399400329005e-09,-3.0909139879973348e-12,-3.0909139879973346
3590,7.809882319589141e-09,-2.6079947278610073e-12,-2.607994727861007
3591,7.810292108721565e-09,-2.198205595437712e-12,-2.198205595437712
3592,7.810627282315089e-09,-1.863032001913863e-12,-1.8630320019138629
3593,7.810928536535226e-09,-1.5617777817764398e-12,-1.5617777817764398
3594,7.81120810755217e-09,-1.2822067648320433e-12,-1.2822067648320432
3595,7.811409636693852e-09,-1.0806776231501629e-12,-1.080677623150163
3596,7.811587884965572e-09,-9.024293514301564e-13,-0.9024293514301563
3597,7.811753784621781e-09,-7.365296952213636e-13,-0.7365296952213636
3598,7.81188417016518e-09,-6.061441518219788e-13,-0.6061441518219789
3599,7.812008056201159e-09,-4.822581158435744e-13,-0.4822581158435744
3600,7.81219877439706e-09,-2.915399199417802e-13,-0.2915399199417802
3601,7.812269331834991e-09,-2.2098248201131166e-13,-0.22098248201131165
3602,7.812356693837389e-09,-1.3362047961345836e-13,-0.13362047961345835
3603,7.812401313242673e-09,-8.90010743291912e-14,-0.0890010743291912
3604,7.812568389935865e-09,7.807561886310615e-14,0.07807561886310614
3605,7.812613611981375e-09,1.2329766437242222e-13,0.12329766437242222
3606,7.812639566371921e-09,1.4925205491890097e-13,0.14925205491890098
3607,7.81268243367939e-09,1.9211936238737725e-13,0.19211936238737726
3608,7.812810713905458e-09,3.203995884557025e-13,0.3203995884557025
3609,7.812830712258475e-09,3.403979414726864e-13,0.3403979414726864
3610,7.812827189102858e-09,3.368747858556133e-13,0.3368747858556133
3611,7.812916271883181e-09,4.259575661789998e-13,0.4259575661789998
3612,7.812954924788385e-09,4.646104713828077e-13,0.4646104713828077
3613,7.812961777461111e-09,4.71463144108948e-13,0.471463144108948
3614,7.812964391404787e-09,4.740770877841748e-13,0.4740770877841748
3615,7.81306148887862e-09,5.711745616171173e-13,0.5711745616171172
3616,7.813051394942841e-09,5.610806258387501e-13,0.5610806258387501
3617,7.813016815886643e-09,5.26501569640475e-13,0.526501569640475
3618,7.813123927756472e-09,6.336134394699057e-13,0.6336134394699057
3619,7.813114749442981e-09,6.244351259787297e-13,0.6244351259787296
3620,7.813074986396068e-09,5.846720790654596e-13,0.5846720790654596
3621,7.813151072722977e-09,6.60758405974518e-13,0.660758405974518
3622,7.813153582759426e-09,6.632684424240391e-13,0.6632684424240392
3623,7.813122237851204e-09,6.31923534201234e-13,0.631923534201234
3624,7.813160120742472e-09,6.698064254696155e-13,0.6698064254696156
3625,7.813181413741303e-09,6.910994243007644e-13,0.6910994243007644
3626,7.81315560218084e-09,6.652878638379835e-13,0.6652878638379834
3627,7.813155393864945e-09,6.650795479430676e-13,0.6650795479430676
3628,7.813203423302903e-09,7.131089859002361e-13,0.7131089859002361
3629,7.813179313844983e-09,6.889995279805673e-13,0.6889995279805673
3630,7.813145638932081e-09,6.553246150789823e-13,0.6553246150789822
3631,7.813227016829666e-09,7.367025126636005e-13,0.7367025126636005
3632,7.813178068123792e-09,6.877538067894358e-13,0.6877538067894358
3633,7.813137078112385e-09,6.467637953826182e-13,0.6467637953826182
3634,7.813222581995547e-09,7.322676785447387e-13,0.7322676785447386
3635,7.813187051728125e-09,6.967374111229606e-13,0.6967374111229606
3636,7.81313449811779e-09,6.441838007879174e-13,0.6441838007879174
3637,7.813209226522136e-09,7.189122051335191e-13,0.7189122051335191
3638,7.813185097955153e-09,6.947836381505603e-13,0.6947836381505602
3639,7.813127459517944e-09,6.371452009417229e-13,0.6371452009417229
3640,7.813194088200225e-09,7.037738832223915e-13,0.7037738832223915
3641,7.81317642818669e-09,6.861138696883885e-13,0.6861138696883885
3642,7.81312488316898e-09,6.345688519768271e-13,0.6345688519768271
3643,7.813169387567518e-09,6.790732505156479e-13,0.6790732505156478
3644,7.813165879509416e-09,6.755651924138266e-13,0.6755651924138266
3645,7.8131352714792e-09,6.449571621975513e-13,0.6449571621975513
3646,7.813114871713881e-09,6.245573968787317e-13,0.6245573968787317
3647,7.81315601333741e-09,6.656990204068443e-13,0.6656990204068443
3648,7.81310586398605e-09,6.155496690468691e-13,0.6155496690468691
3649,7.813095451525225e-09,6.051372082227528e-13,0.6051372082227529
3650,7.813152983141415e-09,6.62668824412546e-13,0.662668824412546
3651,7.813116847021819e-09,6.265327048167831e-13,0.626532704816783
3652,7.81306300734442e-09,5.726930274172647e-13,0.5726930274172647
3653,7.81313965917763e-09,6.493448606269643e-13,0.6493448606269643
3654,7.813106083225281e-09,6.157689082786729e-13,0.6157689082786728
3655,7.813048419444846e-09,5.581051278440537e-13,0.5581051278440536
3656,7.813111238105168e-09,6.209237881653367e-13,0.6209237881653367
3657,7.81309222987268e-09,6.019155556773208e-13,0.6019155556773208
3658,7.81304289668161e-09,5.525823646077384e-13,0.5525823646077384
3659,7.813073833509688e-09,5.835191926853471e-13,0.5835191926853471
3660,7.813078993092301e-09,5.886787752989341e-13,0.5886787752989341
3661,7.813045318247162e-09,5.550039301599848e-13,0.5550039301599847
3662,7.813023428937136e-09,5.331146201339689e-13,0.5331146201339688
3663,7.813076229081493e-09,5.859147644905082e-13,0.5859147644905082
3664,7.813039950307996e-09,5.496359909939004e-13,0.5496359909939004
3665,7.812987611803372e-09,4.972974863698783e-13,0.4972974863698783
3666,7.813060236123667e-09,5.699218066643917e-13,0.5699218066643917
3667,7.813032129361415e-09,5.418150444125676e-13,0.5418150444125676
3668,7.81298475821036e-09,4.944438933569508e-13,0.49444389335695077
3669,7.81301677800733e-09,5.264636903270738e-13,0.5264636903270737
3670,7.813012246814743e-09,5.219324977401323e-13,0.5219324977401323
3671,7.813000496150282e-09,5.101818332795714e-13,0.5101818332795715
3672,7.812967098955767e-09,4.767846387644685e-13,0.4767846387644685
3673,7.813014493620457e-09,5.241793034547011e-13,0.5241793034547011
3674,7.81298320795033e-09,4.928936333280952e-13,0.4928936333280952
3675,7.812932042525352e-09,4.417282083496481e-13,0.4417282083496481
3676,7.81300423071177e-09,5.139163947677521e-13,0.5139163947677521
3677,7.81297776635318e-09,4.874520361769176e-13,0.4874520361769176
3678,7.812923773965904e-09,4.3345964890140464e-13,0.43345964890140465
3679,7.812968537217711e-09,4.782229007089063e-13,0.47822290070890633
3680,7.812966278553535e-09,4.759642365330759e-13,0.4759642365330759
3681,7.812936588056513e-09,4.462737395103207e-13,0.44627373951032073
3682,7.812908122721497e-09,4.1780840449500133e-13,0.41780840449500134
3683,7.812971178130916e-09,4.808638139131737e-13,0.4808638139131737
3684,7.812934704526289e-09,4.443902092861703e-13,0.4443902092861703
3685,7.81288406518331e-09,3.9375086630686744e-13,0.39375086630686745
3686,7.8129480865491e-09,4.577722320980886e-13,0.4577722320980886
3687,7.812928177751183e-09,4.3786343418055195e-13,0.43786343418055196
3688,7.812892718607424e-09,4.0240429042128894e-13,0.40240429042128895
3689,7.812894278300011e-09,4.039639830090451e-13,0.4039639830090451
3690,7.812930301838764e-09,4.399875217617226e-13,0.4399875217617226
3691,7.812901131460629e-09,4.1081714362616305e-13,0.41081714362616306
3692,7.812851773644617e-09,3.614593276147381e-13,0.3614593276147381
3693,7.812921478005173e-09,4.311636881708407e-13,0.4311636881708407
3694,7.812899868947856e-09,4.0955463085388515e-13,0.40955463085388516
3695,7.81285356664396e-09,3.63252326957486e-13,0.363252326957486
3696,7.812874733807576e-09,3.8441949057399077e-13,0.3844194905739908
3697,7.812897351823435e-09,4.0703750643266134e-13,0.40703750643266134
3698,7.812870277655332e-09,3.799633383299124e-13,0.3799633383299124
3699,7.812822704219256e-09,3.323899022539641e-13,0.3323899022539641
3700,7.812895741715446e-09,4.054273984438846e-13,0.4054273984438846
3701,7.812872052141923e-09,3.817378249205651e-13,0.3817378249205651
3702,7.812826839691603e-09,3.3652537460047554e-13,0.33652537460047555
3703,7.812849965412234e-09,3.5965109523146676e-13,0.35965109523146677
3704,7.812870548909163e-09,3.802345921609411e-13,0.38023459216094113
3705,7.812844857085278e-09,3.5454276827558405e-13,0.35454276827558406
3706,7.812798242083922e-09,3.079277669201129e-13,0.3079277669201129
3707,7.812871008516017e-09,3.806941990143849e-13,0.3806941990143849
3708,7.81284622395251e-09,3.559096355069637e-13,0.3559096355069637
3709,7.812814697088057e-09,3.243827710545612e-13,0.3243827710545612
3710,7.81280495795744e-09,3.1464364043713987e-13,0.3146436404371399
3711,7.812833354133909e-09,3.4303981690638185e-13,0.34303981690638186
3712,7.800204165396367e-09,-1.2286148920634951e-11,-12.286148920634952
3713,7.803549609570874e-09,-8.940704746128664e-12,-8.940704746128663
3714,7.805889710651992e-09,-6.600603665010381e-12,-6.6006036650103805
3715,7.807807106229156e-09,-4.683208087846756e-12,-4.683208087846756
3716,7.808682751136217e-09,-3.807563180785835e-12,-3.8075631807858348
3717,7.809402220853852e-09,-3.088093463150668e-12,-3.0880934631506682
3718,7.809873602603675e-09,-2.6167117133277907e-12,-2.6167117133277906
3719,7.810287348681004e-09,-2.202965635998211e-12,-2.202965635998211
3720,7.810620703593146e-09,-1.8696107238560704e-12,-1.8696107238560704
3721,7.810953295132091e-09,-1.5370191849110497e-12,-1.5370191849110497
3722,7.8111976361243e-09,-1.2926781927018156e-12,-1.2926781927018156
3723,7.811398292442576e-09,-1.0920218744263675e-12,-1.0920218744263674
3724,7.811584183214752e-09,-9.061311022500921e-13,-0.9061311022500922
3725,7.811748216335606e-09,-7.420979813963961e-13,-0.7420979813963962
3726,7.811872850416873e-09,-6.174639001290853e-13,-0.6174639001290854
3727,7.812028761372677e-09,-4.615529443252929e-13,-0.46155294432529287
3728,7.812184048437893e-09,-3.0626587910913007e-13,-0.30626587910913006
3729,7.81226300967594e-09,-2.2730464106192767e-13,-0.22730464106192766
3730,7.812351351133028e-09,-1.3896318397397812e-13,-0.1389631839739781
3731,7.812395980987311e-09,-9.433332969127362e-14,-0.09433332969127363
3732,7.812576306061845e-09,8.599174484265603e-14,0.08599174484265602
3733,7.812599154633296e-09,1.0884031629330564e-13,0.10884031629330564
3734,7.812640002112774e-09,1.496877957720229e-13,0.1496877957720229
3735,7.8126888907674e-09,1.9857645039835907e-13,0.19857645039835908
3736,7.812821603591421e-09,3.312892744185654e-13,0.3312892744185654
3737,7.812814461870396e-09,3.2414755339324046e-13,0.3241475533932405
3738,7.812822332365016e-09,3.3201804801385586e-13,0.33201804801385587
3739,7.812924956613634e-09,4.3464229663115183e-13,0.43464229663115184
3740,7.812948319652568e-09,4.58005335565173e-13,0.458005335565173
3741,7.812952116826731e-09,4.618025097288146e-13,0.46180250972881465
3742,7.812981122175744e-09,4.908078587411947e-13,0.49080785874119476
3743,7.813049476745253e-09,5.591624282501344e-13,0.5591624282501344
3744,7.813046337925753e-09,5.560236087506802e-13,0.5560236087506802
3745,7.813019526622467e-09,5.292123054646504e-13,0.5292123054646504
3746,7.813122448037347e-09,6.321337203448975e-13,0.6321337203448975
3747,7.813108322265398e-09,6.180079483951813e-13,0.6180079483951813
3748,7.81307066284175e-09,5.803485247470762e-13,0.5803485247470762
3749,7.813155778810927e-09,6.654644939244085e-13,0.6654644939244085
3750,7.813150633756622e-09,6.603194396199329e-13,0.6603194396199329
3751,7.813110453034375e-09,6.201387173722399e-13,0.6201387173722399
3752,7.813172749786875e-09,6.824354698727427e-13,0.6824354698727426
3753,7.813192413541549e-09,7.020992245467704e-13,0.7020992245467704
3754,7.813142201536856e-09,6.518872198537527e-13,0.6518872198537528
3755,7.813161567217248e-09,6.712529002455099e-13,0.6712529002455099
3756,7.813195322645713e-09,7.050083287109292e-13,0.7050083287109292
3757,7.813166660500899e-09,6.763461838962494e-13,0.6763461838962493
3758,7.813162854111017e-09,6.725397940141416e-13,0.6725397940141415
3759,7.813209331662642e-09,7.190173456391959e-13,0.7190173456391958
3760,7.81317636752558e-09,6.86053208576838e-13,0.6860532085768379
3761,7.813146156299806e-09,6.558419828031652e-13,0.6558419828031652
3762,7.813217856148013e-09,7.275418310102545e-13,0.7275418310102545
3763,7.81318189267406e-09,6.915783570579327e-13,0.6915783570579327
3764,7.81313231080767e-09,6.419964906675636e-13,0.6419964906675636
3765,7.813214037520199e-09,7.237232031961248e-13,0.7237232031961248
3766,7.813180394564156e-09,6.900802471535737e-13,0.6900802471535737
3767,7.813125678621008e-09,6.353643040057254e-13,0.6353643040057254
3768,7.813197243038811e-09,7.069287218089442e-13,0.7069287218089442
3769,7.813174731830419e-09,6.844175134167906e-13,0.6844175134167906
3770,7.813116081209167e-09,6.257668921647751e-13,0.6257668921647751
3771,7.813179237652675e-09,6.889233356728959e-13,0.6889233356728959
3772,7.813161032393869e-09,6.7071807686635e-13,0.67071807686635
3773,7.813112969061041e-09,6.226547440387641e-13,0.6226547440387641
3774,7.813152348734066e-09,6.620344170638433e-13,0.6620344170638433
3775,7.813148039057536e-09,6.577247405332677e-13,0.6577247405332677
3776,7.813093179715098e-09,6.02865398095581e-13,0.602865398095581
3777,7.813108196484393e-09,6.178821673906458e-13,0.6178821673906458
3778,7.813146158441105e-09,6.558441241024558e-13,0.6558441241024558
3779,7.813108601040881e-09,6.182867238787816e-13,0.6182867238787816
3780,7.813065286472911e-09,5.749721559091008e-13,0.5749721559091008
3781,7.813143064277182e-09,6.527499601799809e-13,0.6527499601799809
3782,7.813101521160037e-09,6.112068430348698e-13,0.6112068430348698
3783,7.813046075250672e-09,5.557609336693413e-13,0.5557609336693413
3784,7.813115577217787e-09,6.252629007848952e-13,0.6252629007848952
3785,7.813090384574135e-09,6.000702571322776e-13,0.6000702571322776
3786,7.813031850802772e-09,5.415364857694018e-13,0.5415364857694017
3787,7.813088212659685e-09,5.978983426827732e-13,0.5978983426827732
3788,7.81307459224792e-09,5.842779309181796e-13,0.5842779309181796
3789,7.813034015412409e-09,5.437010954067691e-13,0.543701095406769
3790,7.813038876121141e-09,5.485618041389832e-13,0.5485618041389833
3791,7.813067301367781e-09,5.76987050778975e-13,0.5769870507789749
3792,7.813034597371478e-09,5.442830544753778e-13,0.5442830544753778
3793,7.81298706773717e-09,4.967534201671979e-13,0.4967534201671979
3794,7.81306651694751e-09,5.762026305071817e-13,0.5762026305071817
3795,7.813028913170538e-09,5.385988535355794e-13,0.5385988535355795
3796,7.812971331084737e-09,4.810167677346571e-13,0.48101676773465707
3797,7.81303486954688e-09,5.445552298782532e-13,0.5445552298782531
3798,7.81301554457828e-09,5.252302612780728e-13,0.5252302612780728
3799,7.812973044368115e-09,4.82730051112673e-13,0.482730051112673
3800,7.812986821135385e-09,4.965068183830661e-13,0.4965068183830661
3801,7.813009667538432e-09,5.193532214293707e-13,0.5193532214293707
3802,7.812974167655776e-09,4.838533387734766e-13,0.4838533387734766
3803,7.812933651915057e-09,4.4333759805448557e-13,0.4433375980544856
3804,7.813013054762201e-09,5.227404451990685e-13,0.5227404451990685
3805,7.812970218747518e-09,4.799044305157956e-13,0.47990443051579557
3806,7.812917671927e-09,4.273576099968575e-13,0.4273576099968575
3807,7.812976766962722e-09,4.864526457193748e-13,0.4864526457193748
3808,7.812961571923484e-09,4.712576064820991e-13,0.4712576064820991
3809,7.812929395608378e-09,4.390812913758506e-13,0.4390812913758506
3810,7.812922694493563e-09,4.323801765608966e-13,0.4323801765608966
3811,7.812964000468588e-09,4.736861515858308e-13,0.47368615158583083
3812,7.81292995768589e-09,4.396433688871214e-13,0.4396433688871214
3813,7.812892413174119e-09,4.020988571167726e-13,0.4020988571167726
3814,7.812942469771983e-09,4.5215545498089165e-13,0.45215545498089166
3815,7.812923850171764e-09,4.335358547616032e-13,0.4335358547616032
3816,7.812883384805788e-09,3.930704887860513e-13,0.39307048878605133
3817,7.812910776021711e-09,4.2046170470908933e-13,0.42046170470908933
3818,7.812923787491326e-09,4.334731743235064e-13,0.4334731743235064
3819,7.81289530161068e-09,4.049872936770184e-13,0.4049872936770184
3820,7.812851298547225e-09,3.6098423022275493e-13,0.36098423022275494
3821,7.812925514869332e-09,4.352005523297646e-13,0.4352005523297646
3822,7.812896143371694e-09,4.05829054691209e-13,0.405829054691209
3823,7.812846665534502e-09,3.563512174992899e-13,0.3563512174992899
3824,7.812888572306608e-09,3.982579896055798e-13,0.3982579896055798
3825,7.812891370903466e-09,4.01056586463308e-13,0.401056586463308
3826,7.812865225666232e-09,3.749113492294175e-13,0.3749113492294175
3827,7.812824257731892e-09,3.339434148893371e-13,0.3339434148893371
3828,7.812903980784595e-09,4.1366646759303643e-13,0.41366646759303644
3829,7.812868639032826e-09,3.783247158239993e-13,0.3783247158239993
3830,7.812816287043438e-09,3.2597272643545687e-13,0.3259727264354569
3831,7.812856239785074e-09,3.6592546807133046e-13,0.3659254680713305
3832,7.812869958222267e-09,3.7964390526484386e-13,0.3796439052648439
3833,7.81283996889202e-09,3.496545750182974e-13,0.3496545750182974
3834,7.812799694725098e-09,3.093804080958633e-13,0.3093804080958633
3835,7.81287430608982e-09,3.8399177281694523e-13,0.38399177281694524
3836,7.81284547434868e-09,3.5516003167743436e-13,0.3551600316774344
3837,7.812796112832828e-09,3.057985158260958e-13,0.3057985158260958
3838,7.812836312230459e-09,3.4599791345620983e-13,0.34599791345620984
3839,7.812822648003374e-09,3.323336863713207e-13,0.3323336863713207
3840,7.800142631325885e-09,-1.2347682991117219e-11,-12.34768299111722
3841,7.80344907478313e-09,-9.041239533871673e-12,-9.041239533871673
3842,7.80577868513758e-09,-6.7116291794218326e-12,-6.711629179421832
3843,7.807699553305882e-09,-4.790761011119954e-12,-4.790761011119954
3844,7.808588888989429e-09,-3.901425327573445e-12,-3.901425327573445
3845,7.809307160013142e-09,-3.183154303860178e-12,-3.183154303860178
3846,7.809787084191882e-09,-2.7032301251202874e-12,-2.7032301251202875
3847,7.810202667368478e-09,-2.287646948524594e-12,-2.287646948524594
3848,7.810541056963143e-09,-1.9492573538591366e-12,-1.9492573538591367
3849,7.810842826721414e-09,-1.6474875955886968e-12,-1.6474875955886967
3850,7.811125991800797e-09,-1.3643225162051466e-12,-1.3643225162051467
3851,7.811333203408695e-09,-1.1571109083069438e-12,-1.1571109083069437
3852,7.81151229853718e-09,-9.78015779822536e-13,-0.978015779822536
3853,7.81168172201308e-09,-8.085923039228394e-13,-0.8085923039228394
3854,7.811821265229471e-09,-6.690490875311374e-13,-0.6690490875311373
3855,7.811928607654893e-09,-5.617066621097276e-13,-0.5617066621097276
3856,7.812132862833202e-09,-3.5745148380051257e-13,-0.35745148380051256
3857,7.812211989927076e-09,-2.783243899259742e-13,-0.2783243899259742
3858,7.812300083156077e-09,-1.902311609254152e-13,-0.1902311609254152
3859,7.812358853730747e-09,-1.3146058625554137e-13,-0.13146058625554136
3860,7.812470747650441e-09,-1.9566666561510302e-14,-0.019566666561510303
3861,7.812577722693956e-09,8.740837695375274e-14,0.08740837695375274
3862,7.812605914769366e-09,1.1560045236402432e-13,0.11560045236402432
3863,7.81263351808234e-09,1.432037653370548e-13,0.1432037653370548
3864,7.812744526276621e-09,2.54211959618801e-13,0.254211959618801
3865,7.812784539394766e-09,2.9422507776315487e-13,0.2942250777631549
3866,7.812810170815037e-09,3.1985649803497733e-13,0.31985649803497734
3867,7.812826968833634e-09,3.366545166317457e-13,0.3366545166317457
3868,7.812932929362072e-09,4.4261504506915976e-13,0.4426150450691598
3869,7.812936662039758e-09,4.463477227560657e-13,0.4463477227560657
3870,7.812916076225347e-09,4.2576190834444765e-13,0.42576190834444766
3871,7.813013249159651e-09,5.229348426485951e-13,0.5229348426485951
3872,7.813024159594533e-09,5.33845277530534e-13,0.533845277530534
3873,7.813007350029183e-09,5.170357121806287e-13,0.5170357121806286
3874,7.813051165078428e-09,5.60850761425656e-13,0.5608507614256559
3875,7.813090249523202e-09,5.999352061991674e-13,0.5999352061991674
3876,7.813077987752284e-09,5.876734352819697e-13,0.5876734352819697
3877,7.813066940491088e-09,5.766261740858632e-13,0.5766261740858631
3878,7.813146563417721e-09,6.562491007189335e-13,0.6562491007189335
3879,7.813119832264081e-09,6.295179470785047e-13,0.6295179470785046
3880,7.813087482341102e-09,5.97168024099387e-13,0.597168024099387
3881,7.813174720486954e-09,6.844061699515609e-13,0.6844061699515609
3882,7.813153227750978e-09,6.629134339751859e-13,0.6629134339751859
3883,7.813105877836732e-09,6.155635197296226e-13,0.6155635197296226
3884,7.81318264120724e-09,6.923268902378167e-13,0.6923268902378167
3885,7.813169837646945e-09,6.795233299425009e-13,0.6795233299425009
3886,7.813120195512466e-09,6.298811954638688e-13,0.6298811954638688
3887,7.813182778399473e-09,6.924640824702176e-13,0.6924640824702176
3888,7.813176656275723e-09,6.863419587204252e-13,0.6863419587204251
3889,7.813138001676453e-09,6.476873594507228e-13,0.6476873594507228
3890,7.813165443090937e-09,6.751287739343469e-13,0.6751287739343469
3891,7.813180149751305e-09,6.898354343030265e-13,0.6898354343030265
3892,7.813147831053349e-09,6.575167363464764e-13,0.6575167363464763
3893,7.813142668231681e-09,6.523539146788991e-13,0.6523539146788991
3894,7.813184178958286e-09,6.938646412841072e-13,0.6938646412841072
3895,7.813146451270559e-09,6.56136953556717e-13,0.656136953556717
3896,7.81311954095251e-09,6.29226635507285e-13,0.629226635507285
3897,7.813187725763063e-09,6.974114460610677e-13,0.6974114460610676
3898,7.813138809962725e-09,6.484956457228379e-13,0.6484956457228379
3899,7.813099856286286e-09,6.095419692838554e-13,0.6095419692838554
3900,7.81317962589192e-09,6.893115749183358e-13,0.6893115749183358
3901,7.813129225114077e-09,6.389107970745613e-13,0.6389107970745612
3902,7.813100176600266e-09,6.098622832631891e-13,0.609862283263189
3903,7.813130740069773e-09,6.404257527701753e-13,0.6404257527701752
3904,7.813111182905725e-09,6.2086858872223e-13,0.6208685887222299
3905,7.813080529311912e-09,5.902149949096559e-13,0.5902149949096559
3906,7.81311896713851e-09,6.28652821507497e-13,0.628652821507497
3907,7.813117713299355e-09,6.27398982352599e-13,0.6273989823525989
3908,7.813082419713267e-09,5.921053962650745e-13,0.5921053962650745
3909,7.813075406727698e-09,5.850924106952051e-13,0.585092410695205
3910,7.813114119020075e-09,6.238047030730108e-13,0.6238047030730108
3911,7.813077862377856e-09,5.875480608532489e-13,0.587548060853249
3912,7.813030996641195e-09,5.406823241928634e-13,0.5406823241928633
3913,7.813109651212658e-09,6.193368956555782e-13,0.6193368956555783
3914,7.813070762723875e-09,5.804484068722164e-13,0.5804484068722164
3915,7.813014348865915e-09,5.240345489121472e-13,0.5240345489121472
3916,7.813080846264865e-09,5.905319478622549e-13,0.5905319478622549
3917,7.813060074848594e-09,5.697605315912345e-13,0.5697605315912345
3918,7.813009022153536e-09,5.187078365336716e-13,0.5187078365336716
3919,7.813043789129076e-09,5.534748120734927e-13,0.5534748120734927
3920,7.813046304451011e-09,5.559901340086047e-13,0.5559901340086048
3921,7.813014805233714e-09,5.244909167116006e-13,0.5244909167116006
3922,7.812983611287091e-09,4.93296970088787e-13,0.493296970088787
3923,7.81305139333009e-09,5.610790130880185e-13,0.5610790130880184
3924,7.813010867899314e-09,5.205535823121109e-13,0.5205535823121109
3925,7.812958212441738e-09,4.678981247354898e-13,0.4678981247354898
3926,7.813027864489539e-09,5.3755017253677e-13,0.53755017253677
3927,7.81300220433791e-09,5.118900209073767e-13,0.5118900209073767
3928,7.81295013898447e-09,4.598246674681851e-13,0.4598246674681851
3929,7.812987846587353e-09,4.9753227035033e-13,0.49753227035033004
3930,7.812997216885944e-09,5.069025689411989e-13,0.5069025689411989
3931,7.812960419579205e-09,4.701052622030729e-13,0.47010526220307286
3932,7.812932801751476e-09,4.424874344734582e-13,0.44248743447345823
3933,7.812994806690962e-09,5.044923739592365e-13,0.5044923739592365
3934,7.812958354811036e-09,4.680404940332643e-13,0.4680404940332643
3935,7.81290686350199e-09,4.1654918498682235e-13,0.41654918498682236
3936,7.812972469998462e-09,4.821556814592716e-13,0.4821556814592716
3937,7.812951939573229e-09,4.616252562261404e-13,0.4616252562261404
3938,7.81291160038128e-09,4.212860642784115e-13,0.42128606427841153
3939,7.812922264309246e-09,4.3194999224390867e-13,0.4319499922439087
3940,7.812949313852407e-09,4.58999535404815e-13,0.45899953540481503
3941,7.812919779832863e-09,4.294655158606038e-13,0.42946551586060383
3942,7.812871538663774e-09,3.81224346771676e-13,0.381224346771676
3943,7.812943139605638e-09,4.5282528863558035e-13,0.45282528863558036
3944,7.812916193861283e-09,4.2587954428016233e-13,0.42587954428016234
3945,7.812869393136095e-09,3.790788190925444e-13,0.37907881909254443
3946,7.812904505267396e-09,4.141909503939763e-13,0.4141909503939763
3947,7.812912020807778e-09,4.217064907758471e-13,0.4217064907758471
3948,7.812885632112947e-09,3.9531779594412496e-13,0.395317795944125
3949,7.812836500895189e-09,3.4618657818674946e-13,0.34618657818674947
3950,7.812927957983403e-09,4.3764366640018914e-13,0.43764366640018915
3951,7.812884873428924e-09,3.945591119214011e-13,0.3945591119214011
3952,7.812835063229556e-09,3.4474891255350653e-13,0.34474891255350654
3953,7.812885150794945e-09,3.948364779421772e-13,0.3948364779421772
3954,7.812881447200981e-09,3.9113288397854816e-13,0.3911328839785482
3955,7.81285528717794e-09,3.649728609375304e-13,0.3649728609375304
3956,7.812816373034223e-09,3.2605871722026213e-13,0.32605871722026214
3957,7.812894943688437e-09,4.0462937143482663e-13,0.40462937143482663
3958,7.81286032763384e-09,3.700133168374155e-13,0.3700133168374155
3959,7.81280857428668e-09,3.1825996967841096e-13,0.31825996967841097
3960,7.81285904143125e-09,3.687271142476688e-13,0.3687271142476688
3961,7.81285462981261e-09,3.6431549560782527e-13,0.3643154956078253
3962,7.812830666356066e-09,3.403520390632088e-13,0.3403520390632088
3963,7.812794471025479e-09,3.04156708476301e-13,0.304156708476301
3964,7.812868664348947e-09,3.783500319447268e-13,0.37835003194472683
3965,7.812840279746336e-09,3.4996542933367613e-13,0.34996542933367614
3966,7.812802805816127e-09,3.1249149912475615e-13,0.31249149912475616
3967,7.812787405022423e-09,2.97090705420197e-13,0.297090705420197
3968,7.800268184932567e-09,-1.2222129384434896e-11,-12.222129384434897
3969,7.803685973703208e-09,-8.804340613794597e-12,-8.804340613794597
3970,7.805931195317087e-09,-6.559118999914894e-12,-6.559118999914894
3971,7.80791867098507e-09,-4.571643331932292e-12,-4.571643331932291
3972,7.808816575064176e-09,-3.673739252826738e-12,-3.6737392528267385
3973,7.809459072553307e-09,-3.0312417636957677e-12,-3.0312417636957676
3974,7.809965377363125e-09,-2.524936953877813e-12,-2.524936953877813
3975,7.81036785765831e-09,-2.122456658692204e-12,-2.122456658692204
3976,7.810701021344294e-09,-1.7892929727082356e-12,-1.7892929727082356
3977,7.810974810758286e-09,-1.515503558716308e-12,-1.5155035587163082
3978,7.811239256355325e-09,-1.2510579616771865e-12,-1.2510579616771864
3979,7.811488397923704e-09,-1.0019163932987297e-12,-1.0019163932987298
3980,7.811651912579078e-09,-8.384017379239163e-13,-0.8384017379239163
3981,7.811812101674682e-09,-6.782126423202404e-13,-0.6782126423202405
3982,7.811952391106772e-09,-5.37923210230798e-13,-0.537923210230798
3983,7.812047068532935e-09,-4.4324578406706045e-13,-0.44324578406706044
3984,7.812240754583206e-09,-2.4955973379588587e-13,-0.24955973379588586
3985,7.812325275366049e-09,-1.6503895095366662e-13,-0.1650389509536666
3986,7.812404469572038e-09,-8.58447449646514e-14,-0.0858447449646514
3987,7.812470444263568e-09,-1.9870053434426058e-14,-0.01987005343442606
3988,7.81257456458921e-09,8.42502722081555e-14,0.0842502722081555
3989,7.812653911112052e-09,1.6359679504987778e-13,0.16359679504987779
3990,7.812703358727109e-09,2.1304441010623886e-13,0.21304441010623887
3991,7.812714878673347e-09,2.2456435634449478e-13,0.2245643563444948
3992,7.812841782830018e-09,3.514685130155014e-13,0.3514685130155014
3993,7.812867207167675e-09,3.7689285067237914e-13,0.37689285067237915
3994,7.812869700304123e-09,3.793859871205367e-13,0.3793859871205367
3995,7.812934001570257e-09,4.4368725325511215e-13,0.44368725325511216
3996,7.812988735619582e-09,4.98421302579241e-13,0.498421302579241
3997,7.812994864804198e-09,5.045504871956817e-13,0.5045504871956817
3998,7.812983194831484e-09,4.928805144818081e-13,0.49288051448180814
3999,7.813092667212731e-09,6.023528957286471e-13,0.6023528957286471
4000,7.813079996914435e-09,5.896825974328569e-13,0.5896825974328569
4001,7.813047169441057e-09,5.568551240543408e-13,0.5568551240543408
4002,7.813140601566158e-09,6.502872491552887e-13,0.6502872491552887
4003,7.81313617579868e-09,6.458614816770943e-13,0.6458614816770942
4004,7.813097711883467e-09,6.073975664644778e-13,0.6073975664644777
4005,7.81317142853745e-09,6.811142204477704e-13,0.6811142204477704
4006,7.813173876340695e-09,6.835620236925909e-13,0.6835620236925909
4007,7.81314188515311e-09,6.515708361072943e-13,0.6515708361072943
4008,7.813173238978895e-09,6.829246618929681e-13,0.6829246618929681
4009,7.813204733222415e-09,7.14418905412506e-13,0.714418905412506
4010,7.813172929994829e-09,6.826156778263369e-13,0.6826156778263369
4011,7.813172717897779e-09,6.824035807763444e-13,0.6824035807763444
4012,7.813223238547725e-09,7.329242307228144e-13,0.7329242307228144
4013,7.813192302980033e-09,7.019886630302312e-13,0.7019886630302312
4014,7.813157409871123e-09,6.670955541201686e-13,0.6670955541201685
4015,7.813230628171577e-09,7.403138545748782e-13,0.7403138545748782
4016,7.81319565946667e-09,7.05345149668339e-13,0.7053451496683389
4017,7.813149463129984e-09,6.591488129817731e-13,0.6591488129817731
4018,7.813236880006564e-09,7.465656895620813e-13,0.7465656895620814
4019,7.813196598738118e-09,7.062844211154175e-13,0.7062844211154174
4020,7.813144843181897e-09,6.545288648944865e-13,0.6545288648944865
4021,7.81322167243124e-09,7.313581142371863e-13,0.7313581142371862
4022,7.813193780937329e-09,7.034666203267091e-13,0.7034666203267091
4023,7.81313584416834e-09,6.455298513375853e-13,0.6455298513375852
4024,7.813205049416426e-09,7.147350994235842e-13,0.7147350994235842
4025,7.813184830943263e-09,6.945166262605314e-13,0.6945166262605313
4026,7.813126499741523e-09,6.361854245210573e-13,0.6361854245210573
4027,7.813183274462624e-09,6.929601456217112e-13,0.6929601456217112
4028,7.81317436416391e-09,6.840498469075736e-13,0.6840498469075735
4029,7.8131406315579e-09,6.503172408978851e-13,0.6503172408978851
4030,7.813138583798152e-09,6.482694811496574e-13,0.6482694811496574
4031,7.813159784788876e-09,6.694704718739438e-13,0.6694704718739437
4032,7.813101353081595e-09,6.110387645930803e-13,0.6110387645930803
4033,7.813110390448804e-09,6.200761318018332e-13,0.6200761318018332
4034,7.813154258176722e-09,6.639438597199161e-13,0.6639438597199161
4035,7.81311706796867e-09,6.267536516670085e-13,0.6267536516670085
4036,7.813068517110782e-09,5.782027937800373e-13,0.5782027937800372
4037,7.813148620054375e-09,6.583057373724484e-13,0.6583057373724484
4038,7.813107980145402e-09,6.176658283996535e-13,0.6176658283996534
4039,7.813051643536847e-09,5.613292198443738e-13,0.5613292198443738
4040,7.813119132167633e-09,6.288178506306765e-13,0.6288178506306764
4041,7.813095447120654e-09,6.051328036514271e-13,0.6051328036514271
4042,7.813053750344956e-09,5.634360279534205e-13,0.5634360279534205
4043,7.813072707890992e-09,5.823935739898727e-13,0.5823935739898727
4044,7.81307758922667e-09,5.872749096684184e-13,0.5872749096684183
4045,7.813041543217828e-09,5.512289008257161e-13,0.5512289008257161
4046,7.813035607969875e-09,5.452936528728787e-13,0.5452936528728787
4047,7.81307848582121e-09,5.881715042074824e-13,0.5881715042074824
4048,7.813029778824658e-09,5.394645076551462e-13,0.5394645076551462
4049,7.812992414236238e-09,5.020999192353214e-13,0.5020999192353214
4050,7.81306896472365e-09,5.786504066469479e-13,0.5786504066469479
4051,7.813028151342329e-09,5.378370253265554e-13,0.5378370253265553
4052,7.812975592880189e-09,4.852785631867902e-13,0.48527856318679025
4053,7.813036649454482e-09,5.463351374797683e-13,0.5463351374797683
4054,7.813019954462197e-09,5.296401451944404e-13,0.5296401451944404
4055,7.812972383031895e-09,4.820687148925111e-13,0.48206871489251113
4056,7.8129889934022e-09,4.986790851982766e-13,0.4986790851982766
4057,7.813010776270678e-09,5.204619536760087e-13,0.5204619536760087
4058,7.812978049804285e-09,4.877354872823868e-13,0.4877354872823868
4059,7.812933186209566e-09,4.428718925638216e-13,0.4428718925638216
4060,7.813010503092389e-09,5.201887753861238e-13,0.5201887753861238
4061,7.812971467599343e-09,4.811532823407001e-13,0.48115328234070015
4062,7.812941105710125e-09,4.507913931226333e-13,0.45079139312263333
4063,7.812961703166157e-09,4.713888491550784e-13,0.47138884915507845
4064,7.8129695558121e-09,4.792414950974293e-13,0.4792414950974293
4065,7.812927660627404e-09,4.3734631040185783e-13,0.43734631040185784
4066,7.812922124392956e-09,4.318100759535494e-13,0.4318100759535494
4067,7.812965107208613e-09,4.747928916109769e-13,0.4747928916109769
4068,7.812934006029039e-09,4.436917120365465e-13,0.4436917120365465
4069,7.812883313763441e-09,3.929994464386992e-13,0.3929994464386992
4070,7.81295205407853e-09,4.61739761528082e-13,0.46173976152808205
4071,7.812929043893193e-09,4.387295761910963e-13,0.4387295761910963
4072,7.812883884595885e-09,3.9357027888251283e-13,0.39357027888251284
4073,7.812904420320156e-09,4.1410600315376205e-13,0.41410600315376206
4074,7.81292461643165e-09,4.3430211464700734e-13,0.43430211464700735
4075,7.812897253825111e-09,4.069395081087958e-13,0.4069395081087958
4076,7.812851444833203e-09,3.6113051620087754e-13,0.36113051620087755
4077,7.812925802928297e-09,4.3548861129446686e-13,0.43548861129446687
4078,7.812898287137544e-09,4.0797282054181027e-13,0.4079728205418103
4079,7.812847185788914e-09,3.5687147191175705e-13,0.35687147191175705
4080,7.812887794269576e-09,3.97479952574077e-13,0.39747995257407703
4081,7.812891978016025e-09,4.016636990223184e-13,0.4016636990223184
4082,7.812865393880199e-09,3.750795631964786e-13,0.3750795631964786
4083,7.812824907385833e-09,3.345930688310904e-13,0.3345930688310904
4084,7.81289860330445e-09,4.082889874478342e-13,0.4082889874478342
4085,7.812868244179948e-09,3.779298629453072e-13,0.3779298629453072
4086,7.81283008462739e-09,3.397703103875617e-13,0.3397703103875617
4087,7.81285239863296e-09,3.6208431595706735e-13,0.36208431595706736
4088,7.812864884738859e-09,3.745704218562794e-13,0.3745704218562794
4089,7.81284015786846e-09,3.498435514569616e-13,0.3498435514569616
4090,7.812799107494097e-09,3.0879317709419084e-13,0.30879317709419085
4091,7.81287400545411e-09,3.8369113710704216e-13,0.38369113710704217
4092,7.812845605022147e-09,3.552907051442732e-13,0.3552907051442732
4093,7.812797134910216e-09,3.0682059321409787e-13,0.3068205932140979
4094,7.812833590096959e-09,3.4327577995669616e-13,0.34327577995669617
4095,7.812822542117479e-09,3.3222780047665034e-13,0.33222780047665035
4096,7.800212402893423e-09,-1.227791142357895e-11,-12.27791142357895
4097,7.803561966263691e-09,-8.928348053311265e-12,-8.928348053311264
4098,7.805884414663193e-09,-6.605899653809794e-12,-6.605899653809794
4099,7.807818231661328e-09,-4.6720826556740134e-12,-4.672082655674013
4100,7.808687701020577e-09,-3.802613296424934e-12,-3.802613296424934
4101,7.809399879221105e-09,-3.090435095897748e-12,-3.090435095897748
4102,7.809876534299902e-09,-2.6137800171008628e-12,-2.6137800171008627
4103,7.810291224622456e-09,-2.1990896945467382e-12,-2.199089694546738
4104,7.810648377853599e-09,-1.841936463403378e-12,-1.841936463403378
4105,7.810955569666276e-09,-1.5347446507259195e-12,-1.5347446507259195
4106,7.811197545295264e-09,-1.2927690217388156e-12,-1.2927690217388157
4107,7.811398734132989e-09,-1.091580184013824e-12,-1.0915801840138242
4108,7.811587165014672e-09,-9.031493023302682e-13,-0.9031493023302682
4109,7.811750344881969e-09,-7.399694350337911e-13,-0.7399694350337911
4110,7.811870001946716e-09,-6.203123702867479e-13,-0.6203123702867479
4111,7.812052449401212e-09,-4.378649157900692e-13,-0.4378649157900692
4112,7.812177557197514e-09,-3.127571194885452e-13,-0.3127571194885452
4113,7.812266673642315e-09,-2.23640674687703e-13,-0.223640674687703
4114,7.812346988303486e-09,-1.433260135160598e-13,-0.14332601351605978
4115,7.81242313165943e-09,-6.718265757272869e-14,-0.06718265757272869
4116,7.812557648243499e-09,6.733392649678748e-14,0.06733392649678747
4117,7.812602474812714e-09,1.1216049571116231e-13,0.11216049571116231
4118,7.812634716098635e-09,1.4440178163259697e-13,0.14440178163259698
4119,7.812716068856282e-09,2.2575453927934074e-13,0.22575453927934075
4120,7.812795086418632e-09,3.0477210162940376e-13,0.30477210162940377
4121,7.812821979552077e-09,3.316652350744019e-13,0.33166523507440193
4122,7.812821454188362e-09,3.311398713591969e-13,0.3311398713591969
4123,7.812933299752639e-09,4.429854356363351e-13,0.44298543563633513
4124,7.812950081033864e-09,4.597667168620658e-13,0.45976671686206577
4125,7.812941068345808e-09,4.5075402880526404e-13,0.45075402880526405
4126,7.813000504336008e-09,5.101900190059737e-13,0.5101900190059737
4127,7.813043376413966e-09,5.530620969640089e-13,0.5530620969640089
4128,7.813038868558831e-09,5.485542418288302e-13,0.5485542418288302
4129,7.813032907127396e-09,5.425928103935272e-13,0.5425928103935272
4130,7.813121031459446e-09,6.307171424439094e-13,0.6307171424439094
4131,7.813104981038905e-09,6.146667219026512e-13,0.6146667219026513
4132,7.81306324352431e-09,5.729292073080135e-13,0.5729292073080134
4133,7.813175317923009e-09,6.850036060061819e-13,0.6850036060061819
4134,7.813141948416306e-09,6.516340993040588e-13,0.6516340993040588
4135,7.813105283571969e-09,6.149692549663562e-13,0.6149692549663561
4136,7.813184198568793e-09,6.938842517909021e-13,0.6938842517909021
4137,7.81317535568035e-09,6.850413633468387e-13,0.6850413633468387
4138,7.81313168336632e-09,6.413690493178191e-13,0.6413690493178191
4139,7.813190220918838e-09,6.999066018357715e-13,0.6999066018357715
4140,7.813191099529174e-09,7.007852121712995e-13,0.7007852121712994
4141,7.813156125010233e-09,6.658106932306103e-13,0.6658106932306103
4142,7.813180690361614e-09,6.903760446112821e-13,0.6903760446112821
4143,7.813201024166783e-09,7.10709849780433e-13,0.7107098497804331
4144,7.81316332733816e-09,6.730130211573772e-13,0.6730130211573772
4145,7.81316973696522e-09,6.794226482182585e-13,0.6794226482182585
4146,7.813208829500853e-09,7.185151838504821e-13,0.7185151838504821
4147,7.813174600276038e-09,6.842859590356866e-13,0.6842859590356866
4148,7.81314089497837e-09,6.505806613682176e-13,0.6505806613682176
4149,7.813213316905225e-09,7.230025882221823e-13,0.7230025882221823
4150,7.813173804146383e-09,6.834898293804305e-13,0.6834898293804305
4151,7.813123843527516e-09,6.335292105136307e-13,0.6335292105136308
4152,7.813205428128245e-09,7.151138112424334e-13,0.7151138112424333
4153,7.813169481527189e-09,6.791672101864209e-13,0.6791672101864209
4154,7.813113815023339e-09,6.23500706336373e-13,0.623500706336373
4155,7.813183941748404e-09,6.936274314012946e-13,0.6936274314012946
4156,7.813161538621416e-09,6.712243044132106e-13,0.6712243044132106
4157,7.813103382789378e-09,6.130684723751361e-13,0.6130684723751361
4158,7.813162375273127e-09,6.720609561246634e-13,0.6720609561246633
4159,7.81314217887703e-09,6.518645600283478e-13,0.6518645600283478
4160,7.813083286438037e-09,5.929721210342866e-13,0.5929721210342865
4161,7.813126151563548e-09,6.358372465458907e-13,0.6358372465458907
4162,7.813136952100987e-09,6.466377839851211e-13,0.6466377839851211
4163,7.813101363733882e-09,6.110494168794249e-13,0.6110494168794249
4164,7.813083099386057e-09,5.927850690544785e-13,0.5927850690544785
4165,7.81313266791676e-09,6.42353599758126e-13,0.642353599758126
4166,7.813094899354611e-09,6.045850376088331e-13,0.6045850376088331
4167,7.8130447902136e-09,5.5447589659693e-13,0.55447589659693
4168,7.813122814538339e-09,6.325002213367791e-13,0.6325002213367791
4169,7.813086185201623e-09,5.958708846202253e-13,0.5958708846202253
4170,7.813042156008896e-09,5.518416918936049e-13,0.5518416918936049
4171,7.813081538771897e-09,5.912244548948757e-13,0.5912244548948757
4172,7.813072717201578e-09,5.824028845760289e-13,0.5824028845760288
4173,7.813023874327389e-09,5.335600103864259e-13,0.5335600103864259
4174,7.813054669911028e-09,5.643555940260141e-13,0.5643555940260141
4175,7.81306003943584e-09,5.697251188377757e-13,0.5697251188377757
4176,7.813027052422112e-09,5.367381051095784e-13,0.5367381051095783
4177,7.813002068988821e-09,5.11754671818669e-13,0.511754671818669
4178,7.81305826108678e-09,5.679467697768835e-13,0.5679467697768835
4179,7.813021744493536e-09,5.314301765337411e-13,0.531430176533741
4180,7.812969483224764e-09,4.791689077619814e-13,0.4791689077619814
4181,7.813040269646194e-09,5.499553291912789e-13,0.5499553291912789
4182,7.813014634661607e-09,5.243203446048143e-13,0.5243203446048144
4183,7.81296029309347e-09,4.699787764671253e-13,0.46997877646712527
4184,7.813004620414689e-09,5.143060976861248e-13,0.5143060976861248
4185,7.813000915207974e-09,5.106008909717642e-13,0.5106008909717642
4186,7.81297693341486e-09,4.866190978579056e-13,0.48661909785790564
4187,7.812925366143899e-09,4.350518268967539e-13,0.4350518268967539
4188,7.813018743015347e-09,5.284286983444865e-13,0.5284286983444865
4189,7.812963849778039e-09,4.735354610363825e-13,0.4735354610363825
4190,7.812919688055149e-09,4.293737381467029e-13,0.42937373814670293
4191,7.81297621496829e-09,4.859006512883081e-13,0.4859006512883081
4192,7.812958456102624e-09,4.681417856212288e-13,0.46814178562122877
4193,7.812915579674304e-09,4.2526535730197645e-13,0.42526535730197645
4194,7.812937918548761e-09,4.4760423175881347e-13,0.4476042317588135
4195,7.812960370261559e-09,4.700559445567519e-13,0.4700559445567519
4196,7.812924489918808e-09,4.3417560180600544e-13,0.43417560180600545
4197,7.812879376998248e-09,3.8906268124535003e-13,0.38906268124535004
4198,7.812956288796033e-09,4.659744790309574e-13,0.4659744790309574
4199,7.812924760074885e-09,4.344457578823345e-13,0.4344457578823345
4200,7.812870637352956e-09,3.8032303595316163e-13,0.38032303595316164
4201,7.812923993001848e-09,4.33678684845301e-13,0.43367868484530103
4202,7.812916993473937e-09,4.2667915693489754e-13,0.42667915693489755
4203,7.812888935920912e-09,3.986216039091771e-13,0.3986216039091771
4204,7.812858373969288e-09,3.680596522852324e-13,0.3680596522852324
4205,7.812922756428612e-09,4.3244211160999984e-13,0.43244211160999985
4206,7.812887401137869e-09,3.970868208663338e-13,0.3970868208663338
4207,7.812839654459838e-09,3.493401428357494e-13,0.34934014283574943
4208,7.81289908487995e-09,4.0877056294779795e-13,0.40877056294779796
4209,7.812887871600296e-09,3.9755728329402955e-13,0.39755728329402956
4210,7.812851887662028e-09,3.615733450257021e-13,0.3615733450257021
4211,7.812835401920762e-09,3.4508760375966384e-13,0.34508760375966385
4212,7.812895063330147e-09,4.047490131445604e-13,0.4047490131445604
4213,7.812863915895797e-09,3.7360157879494637e-13,0.3736015787949464
4214,7.812812828817978e-09,3.225145009759885e-13,0.3225145009759885
4215,7.81287323724266e-09,3.8292292565772756e-13,0.38292292565772756
4216,7.812860155394772e-09,3.69841077769789e-13,0.36984107776978903
4217,7.812830724577722e-09,3.404102607198713e-13,0.3404102607198713
4218,7.812807883040033e-09,3.1756872303081567e-13,0.3175687230308157
4219,7.812872231658698e-09,3.819173416952744e-13,0.3819173416952744
4220,7.812840474252206e-09,3.5015993520342003e-13,0.35015993520342004
4221,7.812788681494298e-09,2.9836717729544564e-13,0.29836717729544565
4222,7.812847569352538e-09,3.572550355353281e-13,0.3572550355353281
4223,7.812818039127701e-09,3.277248106987206e-13,0.3277248106987206
4224,7.800131638301903e-09,-1.2358676015099647e-11,-12.358676015099647
4225,7.803431245457875e-09,-9.059068859127437e-12,-9.059068859127438
4226,7.805774728043596e-09,-6.715586273405916e-12,-6.715586273405916
4227,7.807699542802674e-09,-4.7907715143285e-12,-4.7907715143285
4228,7.808565500512401e-09,-3.924813804600938e-12,-3.924813804600938
4229,7.809287970664681e-09,-3.2023436523211075e-12,-3.2023436523211077
4230,7.809787907616327e-09,-2.702406700675339e-12,-2.702406700675339
4231,7.810194932263603e-09,-2.29538205339892e-12,-2.29538205339892
4232,7.810531155324173e-09,-1.9591589928296864e-12,-1.9591589928296864
4233,7.810851445966055e-09,-1.638868350947763e-12,-1.6388683509477628
4234,7.81111399794979e-09,-1.3763163672129959e-12,-1.3763163672129959
4235,7.811321517918338e-09,-1.168796398664411e-12,-1.168796398664411
4236,7.811504436024998e-09,-9.858782920046564e-13,-0.9858782920046565
4237,7.811673325314487e-09,-8.169890025153435e-13,-0.8169890025153436
4238,7.811811237538446e-09,-6.790767785567657e-13,-0.6790767785567657
4239,7.811922960506562e-09,-5.673538104402813e-13,-0.5673538104402813
4240,7.812132298058738e-09,-3.580162582646874e-13,-0.3580162582646874
4241,7.812202732507484e-09,-2.875818095181602e-13,-0.2875818095181602
4242,7.812294225008451e-09,-1.9608930855126173e-13,-0.19608930855126172
4243,7.812357357870562e-09,-1.3295644644039246e-13,-0.13295644644039245
4244,7.812473136608613e-09,-1.717770838960143e-14,-0.01717770838960143
4245,7.812559683399397e-09,6.936908239476002e-14,0.06936908239476001
4246,7.812601756108646e-09,1.1144179164354883e-13,0.11144179164354882
4247,7.812622382716164e-09,1.3206839916190665e-13,0.13206839916190666
4248,7.812755599694195e-09,2.6528537719231875e-13,0.26528537719231876
4249,7.812771024367452e-09,2.807100504497269e-13,0.2807100504497269
4250,7.812800270002771e-09,3.099556857685841e-13,0.3099556857685841
4251,7.812829415295179e-09,3.391009781763778e-13,0.3391009781763778
4252,7.812924858628862e-09,4.3454431185981345e-13,0.43454431185981346
4253,7.81292997640193e-09,4.3966208492712393e-13,0.43966208492712394
4254,7.812913660324751e-09,4.233460077485525e-13,0.4233460077485525
4255,7.813010891833077e-09,5.205775160750685e-13,0.5205775160750685
4256,7.813019205874807e-09,5.288915578044477e-13,0.5288915578044477
4257,7.812999857446782e-09,5.095431297797602e-13,0.5095431297797602
4258,7.813052962048661e-09,5.626477316588606e-13,0.5626477316588606
4259,7.813084150980849e-09,5.938366638466265e-13,0.5938366638466265
4260,7.81306783699076e-09,5.775226737572371e-13,0.5775226737572371
4261,7.813071039642662e-09,5.807253256595964e-13,0.5807253256595963
4262,7.813140033186721e-09,6.497188697188904e-13,0.6497188697188904
4263,7.813117292466282e-09,6.269781492793487e-13,0.6269781492793487
4264,7.813081767633423e-09,5.914533164209603e-13,0.5914533164209602
4265,7.813175149654831e-09,6.848353378290122e-13,0.6848353378290122
4266,7.813141249160115e-09,6.509348431129143e-13,0.6509348431129143
4267,7.813118133739405e-09,6.278194224025617e-13,0.6278194224025617
4268,7.813176455467928e-09,6.861411509255537e-13,0.6861411509255537
4269,7.813154771261848e-09,6.644569448455178e-13,0.6644569448455178
4270,7.813127808766569e-09,6.374944495665348e-13,0.6374944495665348
4271,7.813174062010317e-09,6.83747693314629e-13,0.683747693314629
4272,7.81317320173655e-09,6.828874195483432e-13,0.6828874195483432
4273,7.81313411264326e-09,6.437983262580173e-13,0.6437983262580173
4274,7.813166194836066e-09,6.758805190631669e-13,0.6758805190631668
4275,7.813176015241188e-09,6.857009241859431e-13,0.6857009241859431
4276,7.813143802103866e-09,6.534877868634116e-13,0.6534877868634116
4277,7.813142217447523e-09,6.51903130520634e-13,0.651903130520634
4278,7.813179859293543e-09,6.895449765410176e-13,0.6895449765410177
4279,7.8131461747719e-09,6.558604548976789e-13,0.6558604548976789
4280,7.813109975524633e-09,6.19661207630423e-13,0.619661207630423
4281,7.813196277705855e-09,7.059633888521445e-13,0.7059633888521445
4282,7.813132777922623e-09,6.424636056210519e-13,0.6424636056210519
4283,7.813088163301381e-09,5.978489843788708e-13,0.5978489843788708
4284,7.813180293801117e-09,6.899794841141684e-13,0.6899794841141683
4285,7.813138939619753e-09,6.4862530275014e-13,0.64862530275014
4286,7.813082425242699e-09,5.921109256961542e-13,0.5921109256961542
4287,7.813142147638456e-09,6.518333214532531e-13,0.651833321453253
4288,7.813111071097376e-09,6.207567803731924e-13,0.6207567803731924
4289,7.813076182474352e-09,5.858681573496184e-13,0.5858681573496184
4290,7.813118539231017e-09,6.282249140150713e-13,0.6282249140150713
4291,7.813115202490411e-09,6.248881734090299e-13,0.6248881734090299
4292,7.813080591233409e-09,5.90276916406232e-13,0.590276916406232
4293,7.813065564652084e-09,5.752503350815062e-13,0.5752503350815062
4294,7.813128526996298e-09,6.382126792956979e-13,0.6382126792956978
4295,7.813071883368793e-09,5.815690517902246e-13,0.5815690517902246
4296,7.81302845493249e-09,5.381406154873785e-13,0.5381406154873785
4297,7.81310981655349e-09,6.195022364868823e-13,0.6195022364868823
4298,7.813068050050039e-09,5.777357330366577e-13,0.5777357330366577
4299,7.813012909438453e-09,5.225951214503739e-13,0.5225951214503739
4300,7.81307929962336e-09,5.8898530635815e-13,0.58898530635815
4301,7.813057671822899e-09,5.673575058961376e-13,0.5673575058961376
4302,7.813005721096734e-09,5.154067797316321e-13,0.5154067797316321
4303,7.813043630794901e-09,5.533164778987283e-13,0.5533164778987283
4304,7.813043698286486e-09,5.533839694839656e-13,0.5533839694839655
4305,7.813011801356727e-09,5.214870397250394e-13,0.5214870397250394
4306,7.812989834241643e-09,4.995199246406206e-13,0.49951992464062056
4307,7.813043145587324e-09,5.528312703214868e-13,0.5528312703214867
4308,7.81300618688354e-09,5.15872566537459e-13,0.515872566537459
4309,7.812957433320504e-09,4.671190035018146e-13,0.46711900350181457
4310,7.813029160368633e-09,5.388460516309061e-13,0.5388460516309062
4311,7.81299873822488e-09,5.084239078771034e-13,0.5084239078771035
4312,7.812947723842816e-09,4.574095258138107e-13,0.4574095258138107
4313,7.812991310233823e-09,5.009959168206608e-13,0.5009959168206608
4314,7.812987957392815e-09,4.976430758123581e-13,0.49764307581235806
4315,7.812958986019988e-09,4.686717029855582e-13,0.4686717029855582
4316,7.812931753897181e-09,4.414395801788053e-13,0.4414395801788053
4317,7.812992279930694e-09,5.019656136912047e-13,0.5019656136912047
4318,7.812958291832442e-09,4.6797751543957e-13,0.46797751543957006
4319,7.812903864951146e-09,4.135506341434335e-13,0.4135506341434335
4320,7.812970062446222e-09,4.797481292201046e-13,0.4797481292201046
4321,7.81294957761169e-09,4.592632946883264e-13,0.45926329468832644
4322,7.81290802304266e-09,4.1770872565776844e-13,0.41770872565776845
4323,7.812920592415286e-09,4.302780982838274e-13,0.4302780982838274
4324,7.812947570888995e-09,4.572565719923273e-13,0.45725657199232733
4325,7.812917972440736e-09,4.2765812373401617e-13,0.4276581237340162
4326,7.812871335267446e-09,3.810209504441177e-13,0.3810209504441177
4327,7.812943158592729e-09,4.52844275726126e-13,0.452844275726126
4328,7.812917645431809e-09,4.273311148062674e-13,0.4273311148062674
4329,7.812867029494044e-09,3.767151770413631e-13,0.3767151770413631
4330,7.812904917657245e-09,4.146033402428083e-13,0.4146033402428083
4331,7.812910972370725e-09,4.2065805372252645e-13,0.42065805372252646
4332,7.812884906320907e-09,3.9459200390480885e-13,0.39459200390480886
4333,7.812838696391036e-09,3.4838207403350545e-13,0.34838207403350546
4334,7.812919245917503e-09,4.2893160050076333e-13,0.42893160050076334
4335,7.812885265205379e-09,3.949508883764287e-13,0.3949508883764287
4336,7.812833306686511e-09,3.4299236950880845e-13,0.34299236950880846
4337,7.812882799377273e-09,3.924850602704906e-13,0.3924850602704906
4338,7.812880363025913e-09,3.9004870891111697e-13,0.390048708911117
4339,7.812854307330227e-09,3.639930132241466e-13,0.3639930132241466
4340,7.812812867293603e-09,3.2255297660058456e-13,0.3225529766005846
4341,7.812893168605535e-09,4.0285428853297905e-13,0.40285428853297905
4342,7.812858830147352e-09,3.685158303493057e-13,0.3685158303493057
4343,7.812805660073214e-09,3.1534575621151433e-13,0.31534575621151434
4344,7.812856815333797e-09,3.665010167945944e-13,0.3665010167945944
4345,7.812855717091206e-09,3.654027742039752e-13,0.3654027742039752
4346,7.812830633626713e-09,3.403193097101269e-13,0.3403193097101269
4347,7.812790309288335e-09,2.9999497133216107e-13,0.2999949713321611
4348,7.81287396813045e-09,3.8365381344725435e-13,0.38365381344725435
4349,7.812829777283179e-09,3.394629661767164e-13,0.3394629661767164
4350,7.812789185241732e-09,2.988709247298367e-13,0.29887092472983673
4351,7.812804826647004e-09,3.145123300015247e-13,0.31451233000152473
4352,7.800228660125529e-09,-1.226165419147329e-11,-12.26165419147329
4353,7.803633035241759e-09,-8.85727907524329e-12,-8.85727907524329
4354,7.805877367836962e-09,-6.612946480039972e-12,-6.612946480039972
4355,7.807874032118357e-09,-4.616282198645555e-12,-4.616282198645555
4356,7.808762690609226e-09,-3.72762370777598e-12,-3.7276237077759804
4357,7.809407541643776e-09,-3.0827726732265596e-12,-3.0827726732265597
4358,7.809918361518673e-09,-2.571952798328979e-12,-2.571952798328979
4359,7.810319027835204e-09,-2.1712864817981557e-12,-2.171286481798156
4360,7.810653876303602e-09,-1.8364380134007806e-12,-1.8364380134007805
4361,7.81093244830956e-09,-1.5578660074431665e-12,-1.5578660074431665
4362,7.811181971761048e-09,-1.308342555954506e-12,-1.308342555954506
4363,7.811453592404777e-09,-1.0367219122257827e-12,-1.0367219122257827
4364,7.811623468684161e-09,-8.668456328412748e-13,-0.8668456328412748
4365,7.811776266624477e-09,-7.140476925252313e-13,-0.7140476925252314
4366,7.811919855066937e-09,-5.7045925006535e-13,-0.57045925006535
4367,7.812026316550988e-09,-4.639977660141391e-13,-0.46399776601413906
4368,7.812172778698411e-09,-3.1753561859103064e-13,-0.31753561859103063
4369,7.81230623403829e-09,-1.840802787129976e-13,-0.1840802787129976
4370,7.812378233600635e-09,-1.1208071636785178e-13,-0.11208071636785179
4371,7.812447211084949e-09,-4.310323205323775e-14,-0.043103232053237746
4372,7.812511572212596e-09,2.1257895593786038e-14,0.021257895593786037
4373,7.812647936358483e-09,1.5762204148038044e-13,0.15762204148038045
4374,7.812682334244498e-09,1.9201992749563317e-13,0.19201992749563318
4375,7.812692491416368e-09,2.021770993657106e-13,0.2021770993657106
4376,7.812799310470296e-09,3.089961532934073e-13,0.3089961532934073
4377,7.812848270939764e-09,3.5795662276114347e-13,0.3579566227611435
4378,7.81286837520578e-09,3.780608887778521e-13,0.3780608887778521
4379,7.812870866878555e-09,3.805525615530768e-13,0.3805525615530768
4380,7.81298720244929e-09,4.968881322871292e-13,0.49688813228712925
4381,7.812986833454633e-09,4.96519137630251e-13,0.49651913763025096
4382,7.812963601238243e-09,4.732869212408673e-13,0.47328692124086735
4383,7.813056443245654e-09,5.661289286518585e-13,0.5661289286518585
4384,7.813067615935489e-09,5.773016184867945e-13,0.5773016184867945
4385,7.813048313626714e-09,5.579993097120191e-13,0.557999309712019
4386,7.813091940295832e-09,6.016259788295771e-13,0.601625978829577
4387,7.813127775020776e-09,6.374607037739162e-13,0.6374607037739162
4388,7.813111356608465e-09,6.210422914627893e-13,0.6210422914627893
4389,7.813108180777014e-09,6.178664600116719e-13,0.6178664600116719
4390,7.813175640988151e-09,6.853266711485283e-13,0.6853266711485283
4391,7.813150285321149e-09,6.599710041467504e-13,0.6599710041467504
4392,7.813115354007665e-09,6.250396906626348e-13,0.6250396906626348
4393,7.81320877778441e-09,7.184634674068545e-13,0.7184634674068545
4394,7.813178225685473e-09,6.879113684701523e-13,0.6879113684701522
4395,7.813131926701945e-09,6.416123849429063e-13,0.6416123849429063
4396,7.81321447877693e-09,7.241644599277993e-13,0.7241644599277992
4397,7.813192743532033e-09,7.024292150304935e-13,0.7024292150304935
4398,7.813140896523359e-09,6.505822063563134e-13,0.6505822063563134
4399,7.813212545888402e-09,7.222315713997464e-13,0.7222315713997464
4400,7.813197553920232e-09,7.072396032293772e-13,0.7072396032293772
4401,7.813144676458708e-09,6.543621417054126e-13,0.6543621417054125
4402,7.813203961853227e-09,7.13647536224364e-13,0.7136475362243639
4403,7.813196443886943e-09,7.061295699401323e-13,0.7061295699401322
4404,7.813153710220944e-09,6.63395903941942e-13,0.6633959039419419
4405,7.813180801519441e-09,6.904872024390162e-13,0.6904872024390162
4406,7.813191123842407e-09,7.008095254050174e-13,0.7008095254050174
4407,7.813157035577428e-09,6.667212604251723e-13,0.6667212604251722
4408,7.81315357446528e-09,6.632601482774196e-13,0.6632601482774196
4409,7.813188740847347e-09,6.984265303450572e-13,0.6984265303450572
4410,7.813152861561694e-09,6.625472446914289e-13,0.6625472446914289
4411,7.813119650863505e-09,6.293365465025207e-13,0.6293365465025207
4412,7.813186398347239e-09,6.960840302362394e-13,0.6960840302362393
4413,7.813147667054218e-09,6.573527372153608e-13,0.6573527372153608
4414,7.813094798862622e-09,6.044845456199709e-13,0.6044845456199709
4415,7.813159636673307e-09,6.693223563046551e-13,0.6693223563046551
4416,7.813124427153545e-09,6.341128365430797e-13,0.6341128365430797
4417,7.813081479018805e-09,5.911647018026446e-13,0.5911647018026446
4418,7.813147401777051e-09,6.570874600488079e-13,0.6570874600488079
4419,7.81312503322256e-09,6.347189055574991e-13,0.6347189055574991
4420,7.813071846424604e-09,5.815321076011972e-13,0.5815321076011971
4421,7.813114922969539e-09,6.24608652536436e-13,0.6246086525364359
4422,7.81310955732075e-09,6.19243003747441e-13,0.619243003747441
4423,7.81307404154098e-09,5.837272239771928e-13,0.5837272239771928
4424,7.813069147208427e-09,5.788328914251044e-13,0.5788328914251044
4425,7.813103181900267e-09,6.128675832651016e-13,0.6128675832651016
4426,7.8130683514989e-09,5.780371818981901e-13,0.5780371818981901
4427,7.813021011789708e-09,5.306974727055754e-13,0.5306974727055753
4428,7.81310044487254e-09,6.101305555382435e-13,0.6101305555382435
4429,7.813060787481129e-09,5.704731641266821e-13,0.570473164126682
4430,7.81300348829078e-09,5.131739737776155e-13,0.5131739737776154
4431,7.813069856588356e-09,5.795422713540345e-13,0.5795422713540345
4432,7.81304796185732e-09,5.576475403171562e-13,0.5576475403171561
4433,7.812995565374984e-09,5.052510579819604e-13,0.5052510579819603
4434,7.81303209195644e-09,5.417776394376169e-13,0.5417776394376168
4435,7.813036402500332e-09,5.460881833299304e-13,0.5460881833299304
4436,7.813002984326505e-09,5.126700095027899e-13,0.5126700095027898
4437,7.81297405007405e-09,4.837357570478705e-13,0.48373575704787053
4438,7.813036624043494e-09,5.463097264913507e-13,0.5463097264913507
4439,7.813000010847837e-09,5.096965308346398e-13,0.5096965308346397
4440,7.812945348572697e-09,4.550342556943295e-13,0.4550342556943295
4441,7.813012069181769e-09,5.217548647666977e-13,0.5217548647666976
4442,7.812991073715119e-09,5.007593981167331e-13,0.5007593981167331
4443,7.812943010775315e-09,4.5269645831243476e-13,0.45269645831243477
4444,7.812971847408917e-09,4.81533091914249e-13,0.481533091914249
4445,7.812981819859842e-09,4.915055428391892e-13,0.4915055428391892
4446,7.812951579591002e-09,4.612652739998209e-13,0.4612652739998209
4447,7.81290987083487e-09,4.1955651786780833e-13,0.41955651786780834
4448,7.812987961323048e-09,4.976470060452333e-13,0.4976470060452333
4449,7.812949240750076e-09,4.589264330733352e-13,0.4589264330733352
4450,7.812894531108853e-09,4.042167918506144e-13,0.40421679185061443
4451,7.8129567795737e-09,4.664652566968601e-13,0.4664652566968601
4452,7.812939620176966e-09,4.4930585996347515e-13,0.44930585996347516
4453,7.812906349020953e-09,4.1603470395092367e-13,0.4160347039509237
4454,7.81289822051332e-09,4.0790619631831103e-13,0.40790619631831104
4455,7.81294280610505e-09,4.524917880473238e-13,0.4524917880473238
4456,7.812911817872237e-09,4.215035552342121e-13,0.4215035552342121
4457,7.812865062453147e-09,3.7474813614487694e-13,0.37474813614487695
4458,7.812924039771619e-09,4.337254546165166e-13,0.4337254546165166
4459,7.812907727909276e-09,4.1741359227389073e-13,0.41741359227389074
4460,7.812866852592907e-09,3.765382759043949e-13,0.3765382759043949
4461,7.812879741181757e-09,3.894268647550879e-13,0.3894268647550879
4462,7.812906801702465e-09,4.164873854629907e-13,0.4164873854629907
4463,7.812878826548805e-09,3.8851223180237914e-13,0.38851223180237915
4464,7.812832437847548e-09,3.4212353054536003e-13,0.34212353054536004
4465,7.8129017834185e-09,4.114691014975329e-13,0.4114691014975329
4466,7.812878458326642e-09,3.8814400963954875e-13,0.38814400963954876
4467,7.812834456889491e-09,3.44142572488544e-13,0.344142572488544
4468,7.812856592719986e-09,3.662784029835288e-13,0.3662784029835288
4469,7.812877571882946e-09,3.872575659433246e-13,0.3872575659433246
4470,7.812848252887797e-09,3.579385707949716e-13,0.3579385707949716
4471,7.812805563457248e-09,3.152491402454187e-13,0.3152491402454187
4472,7.812876891410557e-09,3.865770935548184e-13,0.3865770935548184
4473,7.812851583082533e-09,3.612687655303966e-13,0.3612687655303966
4474,7.812812556683233e-09,3.222423662306946e-13,0.32224236623069463
4475,7.812828061872054e-09,3.37747555051937e-13,0.337747555051937
4476,7.812855403675463e-09,3.6508935846096396e-13,0.36508935846096396
4477,7.812828845018389e-09,3.3853070138617757e-13,0.3385307013861776
4478,7.812779101456797e-09,2.887871397943094e-13,0.2887871397943094
4479,7.812828236645445e-09,3.3792232844214164e-13,0.33792232844214165
4480,7.800107154590946e-09,-1.238315972605673e-11,-12.38315972605673
4481,7.803409864787746e-09,-9.080449529256758e-12,-9.080449529256757
4482,7.805679503257966e-09,-6.810811059036433e-12,-6.810811059036433
4483,7.80767532992542e-09,-4.814984391582897e-12,-4.814984391582897
4484,7.808582371877275e-09,-3.907942439727201e-12,-3.907942439727201
4485,7.809231664928783e-09,-3.2586493882195257e-12,-3.2586493882195255
4486,7.809746920776212e-09,-2.743393540790802e-12,-2.743393540790802
4487,7.81016027102488e-09,-2.3300432921218696e-12,-2.3300432921218697
4488,7.810505036134896e-09,-1.985278182106383e-12,-1.985278182106383
4489,7.810791927440964e-09,-1.698386876038853e-12,-1.698386876038853
4490,7.811034419367025e-09,-1.4558949499772115e-12,-1.4558949499772116
4491,7.81126360276563e-09,-1.226711551372721e-12,-1.226711551372721
4492,7.81150547367424e-09,-9.84840642762952e-13,-0.984840642762952
4493,7.81165374825533e-09,-8.365660616731539e-13,-0.836566061673154
4494,7.811798919673619e-09,-6.913946433838623e-13,-0.6913946433838624
4495,7.811929479082389e-09,-5.608352346135924e-13,-0.5608352346135924
4496,7.812019414967192e-09,-4.708993498107856e-13,-0.47089934981078563
4497,7.8121920853711e-09,-2.98228945902511e-13,-0.298228945902511
4498,7.812284487666767e-09,-2.0582665023509845e-13,-0.20582665023509844
4499,7.812361917076223e-09,-1.2839724077981935e-13,-0.12839724077981934
4500,7.812417132809467e-09,-7.318150753550951e-14,-0.07318150753550952
4501,7.812504226634457e-09,1.3912317454979497e-14,0.013912317454979497
4502,7.812613445041345e-09,1.2313072434291377e-13,0.12313072434291376
4503,7.812645018228336e-09,1.547039113331357e-13,0.1547039113331357
4504,7.812677124625954e-09,1.86810308951786e-13,0.18681030895178602
4505,7.812753731790034e-09,2.6341747303197926e-13,0.26341747303197927
4506,7.812808090312384e-09,3.177759953811406e-13,0.3177759953811406
4507,7.812826929734593e-09,3.3661541759090046e-13,0.33661541759090047
4508,7.812836030161711e-09,3.4571584470851057e-13,0.3457158447085106
4509,7.812946086047014e-09,4.557717300120541e-13,0.4557717300120541
4510,7.81294476098933e-09,4.5444667232695095e-13,0.45444667232695096
4511,7.812924042861595e-09,4.337285445927082e-13,0.4337285445927082
4512,7.813016595915575e-09,5.262815985722048e-13,0.5262815985722048
4513,7.813026443263121e-09,5.361289461189674e-13,0.5361289461189673
4514,7.81301809971754e-09,5.277854005379694e-13,0.5277854005379694
4515,7.813037824539902e-09,5.475102228993624e-13,0.5475102228993624
4516,7.813087766524044e-09,5.974522070413226e-13,0.5974522070413225
4517,7.813074200146205e-09,5.838858292025003e-13,0.5838858292025002
4518,7.813059915701267e-09,5.696013842648408e-13,0.5696013842648407
4519,7.813140402506639e-09,6.500881896364204e-13,0.6500881896364203
4520,7.813115849000167e-09,6.25534683164483e-13,0.625534683164483
4521,7.813077800239519e-09,5.874859225162384e-13,0.5874859225162383
4522,7.813165072619054e-09,6.747583020520086e-13,0.6747583020520086
4523,7.813142611880273e-09,6.522975632709842e-13,0.6522975632709842
4524,7.813108070201945e-09,6.177558849426056e-13,0.6177558849426056
4525,7.813163935575579e-09,6.736212585761416e-13,0.6736212585761415
4526,7.813153833264338e-09,6.635189473359919e-13,0.6635189473359919
4527,7.813111242062506e-09,6.209277455032662e-13,0.6209277455032662
4528,7.813166405008657e-09,6.760906916543032e-13,0.6760906916543031
4529,7.813165245644169e-09,6.749313271662101e-13,0.6749313271662101
4530,7.813128974270352e-09,6.386599533494296e-13,0.6386599533494296
4531,7.813145860095772e-09,6.555457787696421e-13,0.6555457787696422
4532,7.813167987225545e-09,6.776729085421927e-13,0.6776729085421928
4533,7.813138027805725e-09,6.477134887230797e-13,0.6477134887230797
4534,7.81311986325871e-09,6.295489417081106e-13,0.6295489417081106
4535,7.813174830167556e-09,6.84515850553835e-13,0.684515850553835
4536,7.813139481531103e-09,6.491672141010026e-13,0.6491672141010025
4537,7.813091660110886e-09,6.013457938831525e-13,0.6013457938831525
4538,7.813174297512581e-09,6.8398319557902e-13,0.68398319557902
4539,7.813137752648767e-09,6.4743833176423e-13,0.64743833176423
4540,7.813081690465334e-09,5.913761483313336e-13,0.5913761483313336
4541,7.813152442639527e-09,6.621283225245077e-13,0.6621283225245077
4542,7.81313044167023e-09,6.401273532272529e-13,0.6401273532272529
4543,7.813076907588765e-09,5.865932717625767e-13,0.5865932717625767
4544,7.813100976633049e-09,6.106623160462661e-13,0.6106623160462661
4545,7.81311828070301e-09,6.279663860070421e-13,0.6279663860070421
4546,7.813075430539488e-09,5.851162224854183e-13,0.5851162224854183
4547,7.813089922419406e-09,5.996081024037285e-13,0.5996081024037285
4548,7.813109720059496e-09,6.194057424935311e-13,0.6194057424935311
4549,7.81307610636336e-09,5.8579204635711e-13,0.5857920463571099
4550,7.813044194973054e-09,5.538806560517083e-13,0.5538806560517083
4551,7.813108422865807e-09,6.181085488042608e-13,0.6181085488042608
4552,7.813070296489835e-09,5.799821728329933e-13,0.5799821728329934
4553,7.813016939783846e-09,5.266254668437358e-13,0.5266254668437358
4554,7.81308881422926e-09,5.984999122581768e-13,0.5984999122581768
4555,7.813061673071016e-09,5.713587540136954e-13,0.5713587540136954
4556,7.813003581355984e-09,5.132670389815962e-13,0.5132670389815962
4557,7.813058111263592e-09,5.677969465891732e-13,0.5677969465891731
4558,7.813047730610549e-09,5.574162935462922e-13,0.5574162935462922
4559,7.81301105804127e-09,5.207437242681105e-13,0.5207437242681106
4560,7.81300790892185e-09,5.175946048480178e-13,0.5175946048480178
4561,7.813043273889098e-09,5.529595720960733e-13,0.5529595720960733
4562,7.813010180759083e-09,5.198664420802439e-13,0.5198664420802439
4563,7.81296220062522e-09,4.718863082168691e-13,0.4718863082168691
4564,7.813037395060316e-09,5.470807433137866e-13,0.5470807433137865
4565,7.813004997324021e-09,5.146830070188623e-13,0.5146830070188623
4566,7.812949576066703e-09,4.592617497002306e-13,0.45926174970023065
4567,7.813003441819164e-09,5.131275021619973e-13,0.5131275021619973
4568,7.81299180069978e-09,5.01486382778439e-13,0.5014863827784389
4569,7.81295674531291e-09,4.664309959082096e-13,0.4664309959082096
4570,7.812951732571929e-09,4.614182549263586e-13,0.46141825492635863
4571,7.812996566676348e-09,5.062523593458322e-13,0.5062523593458322
4572,7.812954542227649e-09,4.642279106462462e-13,0.4642279106462462
4573,7.812912190160158e-09,4.218758431551893e-13,0.42187584315518933
4574,7.812983435537919e-09,4.931212209166271e-13,0.4931212209166271
4575,7.812947861658465e-09,4.575473414624608e-13,0.4575473414624608
4576,7.812904105264557e-09,4.137909475549649e-13,0.4137909475549649
4577,7.812941801117398e-09,4.5148680039606553e-13,0.45148680039606554
4578,7.812947042963852e-09,4.567286468494898e-13,0.4567286468494898
4579,7.812915987727344e-09,4.256734103421185e-13,0.42567341034211853
4580,7.812878014738876e-09,3.8770042187320346e-13,0.38770042187320347
4581,7.812965826251494e-09,4.755119344917693e-13,0.47551193449176926
4582,7.812910064568246e-09,4.1975025124350434e-13,0.41975025124350435
4583,7.812880132145061e-09,3.898178280584862e-13,0.3898178280584862
4584,7.812904113355416e-09,4.137990384136771e-13,0.4137990384136771
4585,7.81290900115565e-09,4.1868683864767624e-13,0.41868683864767625
4586,7.812880623166672e-09,3.903088496698777e-13,0.3903088496698777
4587,7.81285948058734e-09,3.6916627033763404e-13,0.36916627033763405
4588,7.812918236958961e-09,4.279226419590483e-13,0.42792264195904833
4589,7.812885338958232e-09,3.9502464122921204e-13,0.39502464122921205
4590,7.812836782435388e-09,3.4646811838588964e-13,0.34646811838588965
4591,7.812891322331208e-09,4.0100801420598064e-13,0.40100801420598065
4592,7.812877088586275e-09,3.8677426927241203e-13,0.38677426927241204
4593,7.812856752680464e-09,3.664383634615519e-13,0.3664383634615519
4594,7.81282652177642e-09,3.362074594184485e-13,0.3362074594184485
4595,7.812900764268458e-09,4.104499514553965e-13,0.41044995145539653
4596,7.812849845201318e-09,3.5953088431559243e-13,0.35953088431559244
4597,7.812807198285046e-09,3.1688396804372814e-13,0.31688396804372815
4598,7.81287091570831e-09,3.806013913084201e-13,0.38060139130842013
4599,7.812858294808976e-09,3.679804919741138e-13,0.3679804919741138
4600,7.81281734647159e-09,3.270321545883011e-13,0.3270321545883011
4601,7.8128083129533e-09,3.179986362972605e-13,0.3179986362972605
4602,7.812864233431509e-09,3.7391911450621306e-13,0.37391911450621307
4603,7.812835099265726e-09,3.447849487232145e-13,0.3447849487232145
4604,7.812783100035066e-09,2.927857180640174e-13,0.29278571806401743
4605,7.81284081040909e-09,3.5049609208699916e-13,0.35049609208699917
4606,7.81283173051405e-09,3.414161970480305e-13,0.3414161970480305
4607,7.812790570296455e-09,3.002559794526598e-13,0.3002559794526598
4608,7.800090045026855e-09,-1.2400269290147763e-11,-12.400269290147763
4609,7.803374930831519e-09,-9.115383485483669e-12,-9.115383485483669
4610,7.805716775079337e-09,-6.773539237664991e-12,-6.773539237664991
4611,7.807662707630175e-09,-4.8276066868275e-12,-4.8276066868275
4612,7.808546947536406e-09,-3.943366780596727e-12,-3.9433667805967274
4613,7.809212677648502e-09,-3.2776366685005582e-12,-3.2776366685005582
4614,7.8097235964704e-09,-2.766717846602211e-12,-2.7667178466022113
4615,7.81015423062287e-09,-2.336083694132911e-12,-2.336083694132911
4616,7.810503865670888e-09,-1.9864486461142168e-12,-1.9864486461142168
4617,7.810796578749599e-09,-1.6937355674037273e-12,-1.6937355674037273
4618,7.811044694351014e-09,-1.4456199659885664e-12,-1.4456199659885665
4619,7.811267575268837e-09,-1.2227390481652613e-12,-1.2227390481652614
4620,7.811459734003508e-09,-1.030580313494467e-12,-1.030580313494467
4621,7.811613642844475e-09,-8.766714725274406e-13,-0.8766714725274406
4622,7.811761407037392e-09,-7.2890727961034e-13,-0.7289072796103401
4623,7.811966125630815e-09,-5.241886861875504e-13,-0.5241886861875504
4624,7.8120552913255e-09,-4.3502299150302305e-13,-0.43502299150302304
4625,7.812160015294254e-09,-3.3029902274838303e-13,-0.330299022748383
4626,7.812232025956119e-09,-2.582883608834964e-13,-0.2582883608834964
4627,7.812351584466888e-09,-1.3872985011393208e-13,-0.13872985011393207
4628,7.812456769140251e-09,-3.354517675114866e-14,-0.03354517675114866
4629,7.812507144114083e-09,1.682979708092074e-14,0.01682979708092074
4630,7.812542985140953e-09,5.267082395038746e-14,0.05267082395038746
4631,7.81264659029438e-09,1.5627597737818537e-13,0.15627597737818538
4632,7.812711022003589e-09,2.2070768658663797e-13,0.22070768658663797
4633,7.812740211463683e-09,2.4989714668043327e-13,0.24989714668043328
4634,7.812745892249386e-09,2.555779323833883e-13,0.25557793238338833
4635,7.812858789205167e-09,3.684748881647672e-13,0.3684748881647672
4636,7.812878270366643e-09,3.8795604964042123e-13,0.38795604964042124
4637,7.812876377864646e-09,3.8606354764329347e-13,0.3860635476432935
4638,7.812924633724674e-09,4.343194076716585e-13,0.4343194076716585
4639,7.812982524320203e-09,4.922100032007616e-13,0.49221000320076164
4640,7.81298215201873e-09,4.918377017272573e-13,0.49183770172725727
4641,7.81296266150601e-09,4.723471890078655e-13,0.47234718900786554
4642,7.813065448141008e-09,5.751338240055455e-13,0.5751338240055455
4643,7.813047574011097e-09,5.572596940950038e-13,0.5572596940950038
4644,7.813023078373916e-09,5.327640569140228e-13,0.5327640569140228
4645,7.81310117463547e-09,6.108603184680163e-13,0.6108603184680163
4646,7.813099671768629e-09,6.093574516266255e-13,0.6093574516266255
4647,7.813068130538498e-09,5.778162214954376e-13,0.5778162214954375
4648,7.813113896853498e-09,6.235825364953414e-13,0.6235825364953413
4649,7.813132794104341e-09,6.424797873384762e-13,0.6424797873384762
4650,7.813109629677692e-09,6.193153606899273e-13,0.6193153606899272
4651,7.813109788675941e-09,6.194743589385223e-13,0.6194743589385222
4652,7.813162116094598e-09,6.718017775953307e-13,0.6718017775953307
4653,7.813133384628607e-09,6.430703116042476e-13,0.6430703116042475
4654,7.813097731981865e-09,6.074176648622502e-13,0.6074176648622502
4655,7.8131835153859e-09,6.932010688969646e-13,0.6932010688969646
4656,7.813148365077129e-09,6.580507601265341e-13,0.6580507601265341
4657,7.813106736904323e-09,6.164225873209915e-13,0.6164225873209915
4658,7.813184656996577e-09,6.943426795744832e-13,0.6943426795744833
4659,7.813143494163344e-09,6.531798463413714e-13,0.6531798463413714
4660,7.813114117719033e-09,6.238034020304038e-13,0.6238034020304039
4661,7.813154770435144e-09,6.644561181413612e-13,0.6644561181413612
4662,7.81315334016919e-09,6.630258521879455e-13,0.6630258521879455
4663,7.813103407780238e-09,6.130934632352118e-13,0.6130934632352119
4664,7.813147709121262e-09,6.573948042596532e-13,0.6573948042596532
4665,7.813147333702707e-09,6.57019385704903e-13,0.6570193857049029
4666,7.813111284874939e-09,6.209705579365522e-13,0.6209705579365522
4667,7.813108444509193e-09,6.18130192190129e-13,0.618130192190129
4668,7.813150691747886e-09,6.603774308836337e-13,0.6603774308836337
4669,7.813108140566666e-09,6.178262496635999e-13,0.6178262496635999
4670,7.813077754174479e-09,5.874398574764349e-13,0.5874398574764349
4671,7.813146178837658e-09,6.558645206558257e-13,0.6558645206558257
4672,7.813076746110404e-09,5.864317934015122e-13,0.5864317934015122
4673,7.813060975942572e-09,5.706616255693144e-13,0.5706616255693143
4674,7.813119501839916e-09,6.291875229139125e-13,0.6291875229139126
4675,7.813100087180691e-09,6.097728636890133e-13,0.6097728636890133
4676,7.813040840302455e-09,5.505259854522395e-13,0.5505259854522394
4677,7.813102044612846e-09,6.117302958437458e-13,0.6117302958437458
4678,7.813085803779298e-09,5.954894622959449e-13,0.5954894622959449
4679,7.81304346191686e-09,5.531475998578366e-13,0.5531475998578366
4680,7.813059069549234e-09,5.687552322318516e-13,0.5687552322318516
4681,7.813078475467079e-09,5.881611500767352e-13,0.5881611500767352
4682,7.813045715783441e-09,5.554014664390537e-13,0.5554014664390537
4683,7.813008649499697e-09,5.183351826944612e-13,0.5183351826944611
4684,7.813083923311945e-09,5.936089949429317e-13,0.5936089949429317
4685,7.813029784652244e-09,5.394703352418233e-13,0.5394703352418233
4686,7.812995436192295e-09,5.051218752931087e-13,0.5051218752931087
4687,7.813045107776416e-09,5.54793459413251e-13,0.554793459413251
4688,7.813028873773342e-09,5.385594563391368e-13,0.5385594563391367
4689,7.812978036739649e-09,4.877224226462083e-13,0.48772242264620835
4690,7.813017007925953e-09,5.266936089502765e-13,0.5266936089502765
4691,7.813017602299136e-09,5.272879821337602e-13,0.5272879821337602
4692,7.812985699690868e-09,4.953853738659557e-13,0.4953853738659557
4693,7.812954134811577e-09,4.638204945748804e-13,0.46382049457488045
4694,7.81302617061338e-09,5.358562963776416e-13,0.5358562963776415
4695,7.812986053615115e-09,4.957392981126364e-13,0.49573929811263645
4696,7.81292924288495e-09,4.3892856794732886e-13,0.4389285679473289
4697,7.812997578657103e-09,5.07264340101103e-13,0.507264340101103
4698,7.812975232789543e-09,4.849184725402535e-13,0.4849184725402535
4699,7.812943951795038e-09,4.536374780355164e-13,0.4536374780355164
4700,7.812942327077425e-09,4.520127604224654e-13,0.4520127604224654
4701,7.812968596401597e-09,4.782820845949969e-13,0.4782820845949969
4702,7.812938465772703e-09,4.481514557003212e-13,0.4481514557003212
4703,7.812895506077657e-09,4.05191760654222e-13,0.405191760654222
4704,7.812972934633303e-09,4.826203163002903e-13,0.4826203163002903
4705,7.81293703583201e-09,4.4672151500755724e-13,0.44672151500755725
4706,7.812882734298037e-09,3.924199810350872e-13,0.3924199810350872
4707,7.812940176765704e-09,4.4986244870124774e-13,0.44986244870124775
4708,7.812926399808698e-09,4.3608549169547444e-13,0.43608549169547445
4709,7.812898816865173e-09,4.0850254817075953e-13,0.40850254817075954
4710,7.812876981426443e-09,3.86667109440189e-13,0.386667109440189
4711,7.8129348035275e-09,4.4448921049704536e-13,0.4444892104970454
4712,7.812901691207105e-09,4.11376890102763e-13,0.411376890102763
4713,7.812848463954855e-09,3.581496378529002e-13,0.3581496378529002
4714,7.812914146494558e-09,4.2383217755522217e-13,0.4238321775552222
4715,7.812895026670561e-09,4.0471235355860323e-13,0.40471235355860324
4716,7.81286220770817e-09,3.7189339116714114e-13,0.37189339116714115
4717,7.812855836258578e-09,3.655219415752585e-13,0.3655219415752585
4718,7.812899616884404e-09,4.0930256740130943e-13,0.40930256740130944
4719,7.812869321565199e-09,3.790072481966332e-13,0.37900724819663323
4720,7.81282424903117e-09,3.339347141669029e-13,0.3339347141669029
4721,7.812879021434145e-09,3.887071171428834e-13,0.3887071171428834
4722,7.812868545981175e-09,3.782316641725457e-13,0.3782316641725457
4723,7.812841515330237e-09,3.512010132344949e-13,0.35120101323449493
4724,7.812812310325394e-09,3.219960083920516e-13,0.3219960083920516
4725,7.812884932517942e-09,3.9461820093980154e-13,0.39461820093980154
4726,7.81284381999169e-09,3.5350567468749305e-13,0.35350567468749305
4727,7.812806001529136e-09,3.156872121332115e-13,0.3156872121332115
4728,7.812848452950203e-09,3.581386332008495e-13,0.3581386332008495
4729,7.81284079560973e-09,3.5048129272734473e-13,0.35048129272734474
4730,7.812811797402899e-09,3.2148308589677587e-13,0.3214830858967759
4731,7.812799305577833e-09,3.0899126083110394e-13,0.30899126083110395
4732,7.812854036117053e-09,3.6372180005069936e-13,0.3637218000506994
4733,7.812824691168815e-09,3.343768518128425e-13,0.3343768518128425
4734,7.812768641928046e-09,2.783276110433801e-13,0.2783276110433801
4735,7.812818836368664e-09,3.285220516612035e-13,0.3285220516612035
4736,7.800344784954466e-09,-1.2145529362536514e-11,-12.145529362536514
4737,7.803820023334954e-09,-8.670290982048243e-12,-8.670290982048243
4738,7.80609425691148e-09,-6.396057405522908e-12,-6.396057405522908
4739,7.808011788488253e-09,-4.478525828749272e-12,-4.478525828749272
4740,7.808949988526745e-09,-3.5403257902576175e-12,-3.5403257902576177
4741,7.809593315918429e-09,-2.896998398573718e-12,-2.896998398573718
4742,7.810072238538307e-09,-2.418075778695715e-12,-2.418075778695715
4743,7.810475048905291e-09,-2.0152654117112202e-12,-2.01526541171122
4744,7.810795408895455e-09,-1.6949054215478391e-12,-1.6949054215478392
4745,7.811124522828826e-09,-1.36579148817612e-12,-1.36579148817612
4746,7.811365088859464e-09,-1.1252254575385188e-12,-1.1252254575385188
4747,7.811555315112182e-09,-9.349992048199627e-13,-0.9349992048199628
4748,7.81173570675673e-09,-7.546075602726425e-13,-0.7546075602726425
4749,7.811891373875465e-09,-5.98940441537442e-13,-0.5989404415374421
4750,7.811998395715856e-09,-4.919186011459091e-13,-0.4919186011459091
4751,7.812205450141545e-09,-2.8486417545766236e-13,-0.28486417545766235
4752,7.812295871545633e-09,-1.9444277136948946e-13,-0.19444277136948945
4753,7.812385898489866e-09,-1.044158271367211e-13,-0.10441582713672111
4754,7.812444187665218e-09,-4.612665178395798e-14,-0.04612665178395798
4755,7.812573828022912e-09,8.351370590975032e-14,0.08351370590975031
4756,7.812647210837494e-09,1.5689652049160745e-13,0.15689652049160746
4757,7.812699469653258e-09,2.0915533625595189e-13,0.2091553362559519
4758,7.812718804935332e-09,2.28490618329298e-13,0.228490618329298
4759,7.81284668595816e-09,3.5637164115771407e-13,0.3563716411577141
4760,7.812874458528645e-09,3.841442116423967e-13,0.3841442116423967
4761,7.81288076956107e-09,3.9045524406821757e-13,0.3904552440682176
4762,7.812943850422135e-09,4.53536105132389e-13,0.453536105132389
4763,7.813004574688462e-09,5.142603714595003e-13,0.5142603714595002
4764,7.813009655178527e-09,5.193408615246044e-13,0.5193408615246043
4765,7.812998990125702e-09,5.086758086993533e-13,0.5086758086993532
4766,7.813109732161903e-09,6.194178449002814e-13,0.6194178449002814
4767,7.813096811887243e-09,6.064975702410976e-13,0.6064975702410975
4768,7.813068239067135e-09,5.779247501329034e-13,0.5779247501329033
4769,7.81316009348834e-09,6.697791713375047e-13,0.6697791713375046
4770,7.813148455851956e-09,6.581415349534255e-13,0.6581415349534254
4771,7.813119288780637e-09,6.28974463634492e-13,0.6289744636344919
4772,7.813193233157734e-09,7.02918840731588e-13,0.702918840731588
4773,7.813192572309405e-09,7.022579924024038e-13,0.7022579924024037
4774,7.81315822424248e-09,6.679099254769767e-13,0.6679099254769767
4775,7.813198453021988e-09,7.081387049859651e-13,0.7081387049859651
4776,7.813221112034242e-09,7.307977172392828e-13,0.7307977172392828
4777,7.813186040912887e-09,6.957265958850252e-13,0.6957265958850252
4778,7.813204508209807e-09,7.141938928041337e-13,0.7141938928041337
4779,7.813233231327441e-09,7.429170104384887e-13,0.7429170104384887
4780,7.813202263125263e-09,7.119488082605137e-13,0.7119488082605137
4781,7.813196694229224e-09,7.063799122217592e-13,0.7063799122217591
4782,7.813242282084546e-09,7.519677675440718e-13,0.7519677675440718
4783,7.813208016904877e-09,7.177025878747313e-13,0.7177025878747313
4784,7.81318089176572e-09,6.905774487173484e-13,0.6905774487173484
4785,7.813247048020456e-09,7.567337034538836e-13,0.7567337034538836
4786,7.813209008516184e-09,7.186941991816866e-13,0.7186941991816865
4787,7.813161162972468e-09,6.708486554654987e-13,0.6708486554654987
4788,7.813253679136468e-09,7.633648194660765e-13,0.7633648194660765
4789,7.813199153904483e-09,7.088395874803684e-13,0.7088395874803683
4790,7.813154022118804e-09,6.637078018019117e-13,0.6637078018019117
4791,7.813233601772218e-09,7.432874552157727e-13,0.7432874552157727
4792,7.813185475880925e-09,6.951615639228344e-13,0.6951615639228343
4793,7.813142267497006e-09,6.519531800034213e-13,0.6519531800034213
4794,7.813206383174833e-09,7.160688578311216e-13,0.7160688578311215
4795,7.813184678911013e-09,6.943645940108946e-13,0.6943645940108946
4796,7.813140686242347e-09,6.503719253449598e-13,0.6503719253449598
4797,7.813167758689279e-09,6.7744437227676e-13,0.6774443722767599
4798,7.813168159762768e-09,6.778454457654167e-13,0.6778454457654166
4799,7.813127169033077e-09,6.368547160746598e-13,0.6368547160746597
4800,7.813119043588316e-09,6.287292713131844e-13,0.6287292713131843
4801,7.81315517492387e-09,6.648606068668613e-13,0.6648606068668612
4802,7.81311845917624e-09,6.281448592371604e-13,0.6281448592371603
4803,7.813103551504788e-09,6.13237187785702e-13,0.6132371877857019
4804,7.813146755524794e-09,6.564412077913708e-13,0.6564412077913707
4805,7.813110013024475e-09,6.196987074730638e-13,0.6196987074730638
4806,7.813054334201378e-09,5.640198843758311e-13,0.5640198843758311
4807,7.813153686341391e-09,6.63372024389093e-13,0.6633720243890929
4808,7.813090216848059e-09,5.999025310561941e-13,0.5999025310561941
4809,7.813051507686315e-09,5.611933693121614e-13,0.5611933693121613
4810,7.81311012261021e-09,6.198082932076478e-13,0.6198082932076477
4811,7.813074692211361e-09,5.843778943584828e-13,0.5843778943584828
4812,7.813029901651211e-09,5.395873342087616e-13,0.5395873342087616
4813,7.813074430457851e-09,5.841161408489905e-13,0.5841161408489904
4814,7.813069097321575e-09,5.787830045726429e-13,0.5787830045726429
4815,7.81303306036582e-09,5.427460488180809e-13,0.5427460488180809
4816,7.813023404379957e-09,5.330900629547621e-13,0.533090062954762
4817,7.81306249499113e-09,5.721806741281295e-13,0.5721806741281295
4818,7.813028922481124e-09,5.386081641217357e-13,0.5386081641217356
4819,7.812978374346653e-09,4.880600296501932e-13,0.4880600296501932
4820,7.813053011203677e-09,5.626968866748557e-13,0.5626968866748556
4821,7.813020699675008e-09,5.303853580051711e-13,0.5303853580051711
4822,7.812961050774605e-09,4.707364576028396e-13,0.4707364576028396
4823,7.813021123760687e-09,5.308094436849388e-13,0.5308094436849388
4824,7.813005465496072e-09,5.151511790694687e-13,0.5151511790694686
4825,7.812968263944554e-09,4.779496275513313e-13,0.47794962755133136
4826,7.812966293922101e-09,4.759796050988709e-13,0.4759796050988709
4827,7.813002678635703e-09,5.123643187002576e-13,0.5123643187002576
4828,7.812970996269554e-09,4.806819525512664e-13,0.4806819525512664
4829,7.812920488196352e-09,4.3017387934999723e-13,0.43017387934999723
4830,7.812993394287239e-09,5.030799702366125e-13,0.5030799702366124
4831,7.812965390320906e-09,4.750760039032671e-13,0.47507600390326715
4832,7.812911390683028e-09,4.2107636602572567e-13,0.4210763660257257
4833,7.812958106704921e-09,4.677923879186181e-13,0.46779238791861816
4834,7.81295324004663e-09,4.629257296269825e-13,0.4629257296269825
4835,7.812924703574399e-09,4.3438925739662087e-13,0.4343892573966209
4836,7.812893744235574e-09,4.034299185714059e-13,0.4034299185714059
4837,7.812969479416504e-09,4.791650995018505e-13,0.47916509950185054
4838,7.812913093856221e-09,4.2277953921848315e-13,0.42277953921848316
4839,7.81287358292697e-09,3.832686099678974e-13,0.3832686099678974
4840,7.81293200518814e-09,4.416908711373331e-13,0.44169087113733313
4841,7.812916264741e-09,4.2595042399718857e-13,0.4259504239971886
4842,7.812883220074821e-09,3.929057578184693e-13,0.3929057578184693
4843,7.812877105310093e-09,3.867909930909226e-13,0.38679099309092263
4844,7.812919248384063e-09,4.2893406706070574e-13,0.42893406706070575
4845,7.81288975485947e-09,3.9944054246763687e-13,0.3994405424676369
4846,7.812840116479041e-09,3.4980216203902697e-13,0.349802162039027
4847,7.812906735254425e-09,4.1642093742234447e-13,0.4164209374223445
4848,7.812881544521678e-09,3.912302046760559e-13,0.3912302046760559
4849,7.812850192051145e-09,3.598777341430977e-13,0.3598777341430977
4850,7.812852655385586e-09,3.6234106858403907e-13,0.3623410685840391
4851,7.812888662064995e-09,3.983477479929344e-13,0.39834774799293443
4852,7.812860506527198e-09,3.701922101958756e-13,0.3701922101958756
4853,7.812811821079164e-09,3.215067621617175e-13,0.32150676216171753
4854,7.812879624860417e-09,3.8931054341450737e-13,0.3893105434145074
4855,7.812859122326285e-09,3.6880800928226336e-13,0.36880800928226337
4856,7.812816131595951e-09,3.2581727894897676e-13,0.3258172789489768
4857,7.81282467451276e-09,3.3436019575696767e-13,0.3343601957569677
4858,7.812863838497315e-09,3.7352418031235806e-13,0.37352418031235807
4859,7.812836854602595e-09,3.465402855929957e-13,0.3465402855929957
4860,7.812791145614785e-09,3.0083129778296207e-13,0.3008312977829621
4861,7.812848997965083e-09,3.586836480804308e-13,0.3586836480804308
4862,7.812835921538206e-09,3.456072212033547e-13,0.3456072212033547
4863,7.812790893727516e-09,3.005794105132394e-13,0.3005794105132394
4864,7.800236676946785e-09,-1.225363737021697e-11,-12.25363737021697
4865,7.803635551742764e-09,-8.854762574238316e-12,-8.854762574238316
4866,7.805946690192436e-09,-6.543624124566817e-12,-6.543624124566818
4867,7.807916160975726e-09,-4.574153341276759e-12,-4.574153341276759
4868,7.808774150761715e-09,-3.716163555287537e-12,-3.716163555287537
4869,7.809442509223823e-09,-3.0478050931797744e-12,-3.0478050931797744
4870,7.809934773059853e-09,-2.5555412571491202e-12,-2.55554125714912
4871,7.810351361210548e-09,-2.1389531064546956e-12,-2.1389531064546956
4872,7.810693114827056e-09,-1.7971994899460318e-12,-1.7971994899460317
4873,7.810977433429789e-09,-1.5128808872135928e-12,-1.5128808872135928
4874,7.811223475413234e-09,-1.2668389037684734e-12,-1.2668389037684733
4875,7.8114239464007e-09,-1.0663679163018845e-12,-1.0663679163018844
4876,7.811590197934724e-09,-9.001163822780116e-13,-0.9001163822780116
4877,7.811832646953485e-09,-6.576673635173462e-13,-0.6576673635173462
4878,7.811954876491174e-09,-5.354378258281737e-13,-0.5354378258281738
4879,7.812075862042396e-09,-4.1445227460665685e-13,-0.41445227460665685
4880,7.812179906988882e-09,-3.1040732812011735e-13,-0.31040732812011734
4881,7.812257439777015e-09,-2.3287453998769176e-13,-0.23287453998769175
4882,7.812439345835157e-09,-5.096848184584375e-14,-0.050968481845843745
4883,7.812483745106742e-09,-6.569210260172607e-15,-0.006569210260172606
4884,7.812540581153028e-09,5.0266836025862507e-14,0.05026683602586251
4885,7.812593164606028e-09,1.0285028902570341e-13,0.10285028902570341
4886,7.812731423774682e-09,2.411094576794766e-13,0.2411094576794766
4887,7.812749812250103e-09,2.5949793310064544e-13,0.25949793310064545
4888,7.812759730775522e-09,2.6941645852003165e-13,0.26941645852003165
4889,7.81285202625017e-09,3.6171193316840005e-13,0.36171193316840006
4890,7.812904028570806e-09,4.137142538037887e-13,0.41371425380378873
4891,7.812918982293745e-09,4.286679767425235e-13,0.4286679767425235
4892,7.812915052819811e-09,4.2473850280878427e-13,0.4247385028087843
4893,7.813029050986187e-09,5.387366691842295e-13,0.5387366691842295
4894,7.813023857630675e-09,5.335433136729696e-13,0.5335433136729696
4895,7.812998184102702e-09,5.078697856992733e-13,0.5078697856992732
4896,7.813089914870648e-09,5.996005536461026e-13,0.5996005536461025
4897,7.813092497358908e-09,6.021830419058001e-13,0.6021830419058001
4898,7.8130716501298e-09,5.813358127978687e-13,0.5813358127978686
4899,7.813117860019014e-09,6.275457020115906e-13,0.6275457020115905
4900,7.813153829754234e-09,6.635154372314585e-13,0.6635154372314584
4901,7.813125203754009e-09,6.348894370067039e-13,0.6348894370067039
4902,7.813135122604689e-09,6.448082876867419e-13,0.6448082876867418
4903,7.813185313819805e-09,6.949995028031021e-13,0.6949995028031021
4904,7.813162328652434e-09,6.720143354312465e-13,0.6720143354312464
4905,7.813137072433876e-09,6.467581168737398e-13,0.6467581168737397
4906,7.813214871583377e-09,7.245572663748908e-13,0.7245572663748907
4907,7.81318301536541e-09,6.927010484075415e-13,0.6927010484075414
4908,7.813139381296613e-09,6.490669796101563e-13,0.6490669796101562
4909,7.813226694753858e-09,7.363804368557366e-13,0.7363804368557365
4910,7.81319561704726e-09,7.053027302583405e-13,0.7053027302583404
4911,7.813144264299252e-09,6.539499822495422e-13,0.6539499822495421
4912,7.813221357280773e-09,7.31042963770699e-13,0.731042963770699
4913,7.813196149959734e-09,7.058356427311714e-13,0.7058356427311714
4914,7.813143940719114e-09,6.536264021111639e-13,0.6536264021111639
4915,7.813211785293473e-09,7.214709764706935e-13,0.7214709764706935
4916,7.813194142749147e-09,7.038284321441947e-13,0.7038284321441947
4917,7.813143014159937e-09,6.526998429345578e-13,0.6526998429345577
4918,7.813194159906646e-09,7.038455896435743e-13,0.7038455896435742
4919,7.813187145254115e-09,6.968309371128646e-13,0.6968309371128646
4920,7.81314569341324e-09,6.553790962381497e-13,0.6553790962381496
4921,7.813165176878646e-09,6.748625616434202e-13,0.6748625616434202
4922,7.81318097430061e-09,6.906599836077289e-13,0.6906599836077288
4923,7.813144884896575e-09,6.545705795730729e-13,0.6545705795730729
4924,7.813131243248e-09,6.409289309984258e-13,0.6409289309984257
4925,7.81317449185582e-09,6.841775388184381e-13,0.684177538818438
4926,7.813133727317808e-09,6.434130008059159e-13,0.6434130008059159
4927,7.813099795584517e-09,6.094812675147234e-13,0.6094812675147233
4928,7.813150712103782e-09,6.603977867794221e-13,0.6603977867794221
4929,7.813125928651582e-09,6.356143345792277e-13,0.6356143345792277
4930,7.8130836423274e-09,5.93328010397405e-13,0.5933280103974049
4931,7.813136102181352e-09,6.457878643495825e-13,0.6457878643495825
4932,7.813122966855192e-09,6.326525381894861e-13,0.6326525381894861
4933,7.813060133680114e-09,5.69819363111619e-13,0.569819363111619
4934,7.813118124320399e-09,6.278100033961882e-13,0.6278100033961882
4935,7.813104000228962e-09,6.136859119598394e-13,0.6136859119598393
4936,7.813059072408817e-09,5.687580918150816e-13,0.5687580918150815
4937,7.813075227156713e-09,5.849128397103871e-13,0.5849128397103871
4938,7.813092444124582e-09,6.021298075791311e-13,0.602129807579131
4939,7.813058077490694e-09,5.677631736915002e-13,0.5677631736915002
4940,7.813019619375963e-09,5.293050589605065e-13,0.5293050589605065
4941,7.813105797158538e-09,6.154828415354626e-13,0.6154828415354625
4942,7.813041723249599e-09,5.514089325964573e-13,0.5514089325964573
4943,7.81299737710392e-09,5.07062786917238e-13,0.5070627869172379
4944,7.813067793541358e-09,5.774792243551748e-13,0.5774792243551747
4945,7.813039404981409e-09,5.490906644061945e-13,0.5490906644061945
4946,7.812985701222304e-09,4.953869053015243e-13,0.49538690530152435
4947,7.813032806716722e-09,5.424923997198279e-13,0.5424923997198279
4948,7.813025574193765e-09,5.352598767625573e-13,0.5352598767625573
4949,7.813002194105752e-09,5.118797887493738e-13,0.5118797887493738
4950,7.812969195626586e-09,4.788813095832025e-13,0.47888130958320246
4951,7.813025805454088e-09,5.354911370859485e-13,0.5354911370859484
4952,7.812991126976551e-09,5.008126595484565e-13,0.5008126595484564
4953,7.812940068481012e-09,4.4975416400927075e-13,0.44975416400927076
4954,7.813011134680812e-09,5.208203638091781e-13,0.5208203638091781
4955,7.812983852169709e-09,4.935378527064589e-13,0.49353785270645895
4956,7.812928936380996e-09,4.386220639931672e-13,0.4386220639931672
4957,7.81296992149994e-09,4.796071829376815e-13,0.4796071829376815
4958,7.812988270320667e-09,4.979560036643917e-13,0.4979560036643917
4959,7.812935964016847e-09,4.456496998448924e-13,0.4456496998448924
4960,7.812908232700255e-09,4.1791838325287283e-13,0.41791838325287284
4961,7.812977500425491e-09,4.871861084890612e-13,0.48718610848906124
4962,7.81294266297681e-09,4.5234865980802857e-13,0.4523486598080286
4963,7.812888153818122e-09,3.9783950111952753e-13,0.39783950111952754
4964,7.812952852823823e-09,4.625385068210793e-13,0.4625385068210793
4965,7.812933749289964e-09,4.4343497296210193e-13,0.44343497296210194
4966,7.81289766235249e-09,4.0734803548738834e-13,0.40734803548738835
4967,7.812896279289988e-09,4.059649729860572e-13,0.4059649729860572
4968,7.812933761297504e-09,4.434469805011622e-13,0.4434469805011622
4969,7.81290521349536e-09,4.1489917835809813e-13,0.41489917835809814
4970,7.812862529973713e-09,3.722156567103853e-13,0.3722156567103853
4971,7.812919647560198e-09,4.293332431955606e-13,0.4293332431955606
4972,7.812902312251662e-09,4.1199793465968986e-13,0.41199793465968987
4973,7.812860465598566e-09,3.701512815638643e-13,0.3701512815638643
4974,7.812880108604321e-09,3.897942873188161e-13,0.3897942873188161
4975,7.812897046986442e-09,4.067326694393399e-13,0.4067326694393399
4976,7.812873266123095e-09,3.8295180609309714e-13,0.38295180609309715
4977,7.812826759081171e-09,3.3644476416895124e-13,0.33644476416895125
4978,7.81289684635483e-09,4.0653203782732144e-13,0.40653203782732145
4979,7.812872645661297e-09,3.82331344294838e-13,0.382331344294838
4980,7.812829556891982e-09,3.392425749801044e-13,0.3392425749801044
4981,7.81285210808033e-09,3.617937633273684e-13,0.3617937633273684
4982,7.812872326878753e-09,3.8201256175107295e-13,0.38201256175107295
4983,7.812845312355323e-09,3.5499803832033787e-13,0.3549980383203379
4984,7.812803172317119e-09,3.128580001166377e-13,0.3128580001166377
4985,7.812867932363403e-09,3.776180464005004e-13,0.3776180464005004
4986,7.812847803174289e-09,3.5748885728635176e-13,0.35748885728635177
4987,7.812811965007002e-09,3.2165069000011497e-13,0.321650690000115
4988,7.81281669275189e-09,3.2637843488840095e-13,0.32637843488840096
4989,7.812849990660592e-09,3.596763435895585e-13,0.3596763435895585
4990,7.812822213319618e-09,3.3189900261531695e-13,0.33189900261531696
4991,7.812755555648481e-09,2.6524133147906153e-13,0.26524133147906154
4992,7.80020199670742e-09,-1.2288317609582993e-11,-12.288317609582993
4993,7.803580706101931e-09,-8.909608215071048e-12,-8.909608215071048
4994,7.805816237604684e-09,-6.674076712318043e-12,-6.674076712318043
4995,7.807848994298774e-09,-4.641320018227942e-12,-4.641320018227941
4996,7.808696396145818e-09,-3.793918171184453e-12,-3.793918171184453
4997,7.809363815634634e-09,-3.1264986823681716e-12,-3.1264986823681715
4998,7.80986109775463e-09,-2.6292165623720596e-12,-2.6292165623720596
4999,7.810280909238384e-09,-2.2094050786188356e-12,-2.2094050786188357
5000,7.810620728502691e-09,-1.8695858143111575e-12,-1.8695858143111574
5001,7.81091114154136e-09,-1.579172775641906e-12,-1.5791727756419058
5002,7.811152595696208e-09,-1.3377186207947132e-12,-1.3377186207947132
5003,7.811353262517692e-09,-1.1370517993107192e-12,-1.1370517993107192
5004,7.811562699531864e-09,-9.27614785138327e-13,-0.927614785138327
5005,7.811770745812805e-09,-7.195685041976361e-13,-0.7195685041976362
5006,7.811893240871606e-09,-5.97073445396422e-13,-0.597073445396422
5007,7.812021722976119e-09,-4.6859134088358e-13,-0.46859134088357995
5008,7.812118226510449e-09,-3.720878065532522e-13,-0.3720878065532522
5009,7.81223344730451e-09,-2.5686701249294936e-13,-0.25686701249294935
5010,7.81238283621504e-09,-1.0747810196279779e-13,-0.10747810196279779
5011,7.812430748952185e-09,-5.956536481697012e-14,-0.05956536481697012
5012,7.81250082424541e-09,1.0509928407394111e-14,0.010509928407394111
5013,7.812549754777345e-09,5.944046034264254e-14,0.05944046034264255
5014,7.81269200164159e-09,2.0168732458681742e-13,0.20168732458681743
5015,7.812711571436592e-09,2.2125711959007215e-13,0.22125711959007216
5016,7.81274046097926e-09,2.5014666225790365e-13,0.25014666225790366
5017,7.812806096871164e-09,3.1578255416175443e-13,0.31578255416175444
5018,7.812867676356165e-09,3.7736203916252225e-13,0.37736203916252226
5019,7.812884625986883e-09,3.9431166988058557e-13,0.3943116698805856
5020,7.812885229589337e-09,3.9491527233506256e-13,0.3949152723350626
5021,7.812998352940085e-09,5.080386230825836e-13,0.5080386230825835
5022,7.81299511402162e-09,5.047997046175547e-13,0.5047997046175546
5023,7.81298278509793e-09,4.924707809282987e-13,0.4924707809282987
5024,7.813059105151723e-09,5.687908347206906e-13,0.5687908347206906
5025,7.813062586199638e-09,5.722718826358898e-13,0.5722718826358898
5026,7.813048946882098e-09,5.586325650959136e-13,0.5586325650959135
5027,7.813095880557577e-09,6.055662405749325e-13,0.6055662405749325
5028,7.813123064894173e-09,6.327505771709331e-13,0.6327505771709331
5029,7.81310534417887e-09,6.150298618677981e-13,0.6150298618677981
5030,7.813107322630995e-09,6.170083139921497e-13,0.6170083139921496
5031,7.813168028113519e-09,6.777137965166226e-13,0.6777137965166226
5032,7.813144469403198e-09,6.541550861955221e-13,0.6541550861955221
5033,7.81311027952137e-09,6.199652043670608e-13,0.6199652043670607
5034,7.813201287180677e-09,7.109728636749509e-13,0.7109728636749508
5035,7.813168983376948e-09,6.786690599457453e-13,0.6786690599457452
5036,7.813123244004372e-09,6.329296873698277e-13,0.6329296873698277
5037,7.813205913146087e-09,7.155988290842948e-13,0.7155988290842947
5038,7.813182604425681e-09,6.922901086791152e-13,0.6922901086791151
5039,7.813130185039575e-09,6.398707225730256e-13,0.6398707225730256
5040,7.813203140326136e-09,7.128260091332174e-13,0.7128260091332174
5041,7.813188174676973e-09,6.978603599705853e-13,0.6978603599705853
5042,7.81313239109284e-09,6.420767758384362e-13,0.6420767758384361
5043,7.813192044953468e-09,7.017306364657068e-13,0.7017306364657068
5044,7.813184388209306e-09,6.940738923033969e-13,0.6940738923033969
5045,7.813155865614863e-09,6.655512978608432e-13,0.6655512978608431
5046,7.813150073102126e-09,6.597587851240135e-13,0.6597587851240134
5047,7.813184158141605e-09,6.938438246023955e-13,0.6938438246023955
5048,7.813146087710466e-09,6.557733934632283e-13,0.6557733934632283
5049,7.813127364324993e-09,6.370500079909787e-13,0.6370500079909787
5050,7.813190439846362e-09,7.001255293594507e-13,0.7001255293594506
5051,7.813142451757165e-09,6.521374401626352e-13,0.6521374401626352
5052,7.813104163536914e-09,6.1384921991207e-13,0.61384921991207
5053,7.813176184214097e-09,6.85869897094525e-13,0.685869897094525
5054,7.81313654781555e-09,6.462334985475284e-13,0.6462334985475283
5055,7.813081967424779e-09,5.91653107776295e-13,0.591653107776295
5056,7.813131098832271e-09,6.407845152690507e-13,0.6407845152690507
5057,7.813128352385538e-09,6.380380685358191e-13,0.638038068535819
5058,7.813081278549823e-09,5.909642328209521e-13,0.590964232820952
5059,7.813118007606035e-09,6.276932890323202e-13,0.6276932890323201
5060,7.813114150611016e-09,6.238362940138116e-13,0.6238362940138116
5061,7.813066461327938e-09,5.761470109357332e-13,0.5761470109357332
5062,7.813093936691502e-09,6.036223744998833e-13,0.6036223744998832
5063,7.813107307072693e-09,6.169927556909745e-13,0.6169927556909744
5064,7.813062861993566e-09,5.725476765635158e-13,0.5725476765635158
5065,7.813047261706662e-09,5.569473896592194e-13,0.5569473896592193
5066,7.81309674805484e-09,6.064337378381925e-13,0.6064337378381924
5067,7.813060290618378e-09,5.699763013760863e-13,0.5699763013760862
5068,7.81301043295806e-09,5.201186410580912e-13,0.5201186410580911
5069,7.813092988231442e-09,6.026739144393929e-13,0.6026739144393929
5070,7.81304135413297e-09,5.510398159668346e-13,0.5510398159668346
5071,7.813012384494866e-09,5.220701778635108e-13,0.5220701778635107
5072,7.813038631972365e-09,5.483176553622667e-13,0.5483176553622666
5073,7.813037844462117e-09,5.475301451142818e-13,0.5475301451142818
5074,7.81299807812194e-09,5.077638049369128e-13,0.5077638049369128
5075,7.813005522091425e-09,5.152077744228724e-13,0.5152077744228724
5076,7.813031106633506e-09,5.40792316503262e-13,0.540792316503262
5077,7.812999615330884e-09,5.093010138821171e-13,0.509301013882117
5078,7.812952367995717e-09,4.620536787145981e-13,0.46205367871459807
5079,7.813029436013483e-09,5.391216964807334e-13,0.5391216964807334
5080,7.812993877976933e-09,5.035636599308126e-13,0.5035636599308125
5081,7.812937828681954e-09,4.4751436495124157e-13,0.4475143649512416
5082,7.812995501976262e-09,5.051876592599243e-13,0.5051876592599243
5083,7.812980967107728e-09,4.90652790725475e-13,0.490652790725475
5084,7.812946678807447e-09,4.563644904448062e-13,0.45636449044480626
5085,7.81294448652355e-09,4.5417220654698625e-13,0.45417220654698626
5086,7.812980766936902e-09,4.904526198993799e-13,0.4904526198993799
5087,7.81294895370755e-09,4.586393905481696e-13,0.45863939054816966
5088,7.812900825593643e-09,4.1051127664077774e-13,0.41051127664077774
5089,7.812970821658794e-09,4.805073417913876e-13,0.4805073417913876
5090,7.812944886133365e-09,4.545718163627101e-13,0.4545718163627101
5091,7.81289386723831e-09,4.035529213078744e-13,0.4035529213078744
5092,7.812932798363344e-09,4.424840463416692e-13,0.4424840463416692
5093,7.81293520155167e-09,4.4488723466709195e-13,0.44488723466709196
5094,7.812902491551596e-09,4.1217723459396465e-13,0.41217723459396466
5095,7.812871814837172e-09,3.8150052017006235e-13,0.38150052017006236
5096,7.812946715480586e-09,4.564011635832906e-13,0.4564011635832906
5097,7.812909414643254e-09,4.191003262512079e-13,0.4191003262512079
5098,7.812854508178679e-09,3.6419386167659955e-13,0.36419386167659956
5099,7.812914128103778e-09,4.238137867758714e-13,0.4238137867758714
5100,7.812900912844813e-09,4.105985278106085e-13,0.4105985278106085
5101,7.812873790931157e-09,3.8347661415468875e-13,0.38347661415468876
5102,7.81284804310823e-09,3.577287912271228e-13,0.3577287912271228
5103,7.812910035918203e-09,4.197216012010964e-13,0.4197216012010964
5104,7.812879492994328e-09,3.891786773252788e-13,0.38917867732527883
5105,7.812826125744472e-09,3.3581142746989383e-13,0.33581142746989384
5106,7.81288713987225e-09,3.968255552478191e-13,0.3968255552478191
5107,7.812875399887181e-09,3.8508557017865723e-13,0.38508557017865724
5108,7.812835474928226e-09,3.451606112234536e-13,0.3451606112234536
5109,7.812821521896787e-09,3.3120757978486864e-13,0.33120757978486864
5110,7.812884690280072e-09,3.9437596306941396e-13,0.39437596306941397
5111,7.812851275250431e-09,3.6096093342857365e-13,0.36096093342857366
5112,7.812799745858783e-09,3.0943154178082315e-13,0.30943154178082316
5113,7.812860798584158e-09,3.704842671560889e-13,0.3704842671560889
5114,7.812847788320719e-09,3.574740037165887e-13,0.3574740037165887
5115,7.812822083594828e-09,3.3176927782537906e-13,0.33176927782537907
5116,7.812793040014136e-09,3.027256971338917e-13,0.3027256971338917
5117,7.812861800522491e-09,3.7148620548873706e-13,0.37148620548873706
5118,7.812829358862456e-09,3.390445454532999e-13,0.33904454545329993
5119,7.812765588855386e-09,2.752745383832424e-13,0.2752745383832424
5120,7.800139359827145e-09,-1.2350954489857531e-11,-12.35095448985753
5121,7.80346663030668e-09,-9.023684010322043e-12,-9.023684010322043
5122,7.805746008408962e-09,-6.744305908040792e-12,-6.744305908040792
5123,7.807741195681736e-09,-4.749118635265952e-12,-4.749118635265952
5124,7.808604902357361e-09,-3.8854119596414314e-12,-3.8854119596414316
5125,7.809270957730109e-09,-3.219356586893517e-12,-3.219356586893517
5126,7.809786134905117e-09,-2.7041794118849342e-12,-2.704179411884934
5127,7.810200080394332e-09,-2.29023392267078e-12,-2.29023392267078
5128,7.810546257284653e-09,-1.9440570323489185e-12,-1.9440570323489186
5129,7.810840106105797e-09,-1.650208211205169e-12,-1.650208211205169
5130,7.811089018135023e-09,-1.4012961819791546e-12,-1.4012961819791545
5131,7.811305686913211e-09,-1.1846274037910125e-12,-1.1846274037910125
5132,7.81147896979648e-09,-1.0113445205229736e-12,-1.0113445205229736
5133,7.81166288152022e-09,-8.274327967822446e-13,-0.8274327967822447
5134,7.811862627474589e-09,-6.276868424134511e-13,-0.6276868424134512
5135,7.811969527531971e-09,-5.207867850309426e-13,-0.5207867850309427
5136,7.812085253076353e-09,-4.0506124064923916e-13,-0.40506124064923915
5137,7.812170453179619e-09,-3.1986113738332196e-13,-0.31986113738332195
5138,7.81228772517577e-09,-2.025891412328938e-13,-0.2025891412328938
5139,7.812411812466776e-09,-7.850185022622176e-14,-0.07850185022622176
5140,7.812468043663775e-09,-2.2270653227161994e-14,-0.022270653227161995
5141,7.812523150624437e-09,3.283630743419324e-14,0.03283630743419324
5142,7.812578077255172e-09,8.776293816920982e-14,0.08776293816920981
5143,7.81269714206093e-09,2.068277439270057e-13,0.2068277439270057
5144,7.812725731008545e-09,2.354166915425156e-13,0.2354166915425156
5145,7.81272337078173e-09,2.330564647281776e-13,0.2330564647281776
5146,7.812835780619028e-09,3.4546630202598587e-13,0.3454663020259859
5147,7.812866101308564e-09,3.7578699156149824e-13,0.37578699156149825
5148,7.81288740677572e-09,3.970924587176307e-13,0.3970924587176307
5149,7.812888698250243e-09,3.9838393324044113e-13,0.39838393324044113
5150,7.812985343354272e-09,4.950290372694412e-13,0.4950290372694412
5151,7.812981433124927e-09,4.911188079242636e-13,0.4911188079242636
5152,7.812976002518875e-09,4.856882018726096e-13,0.4856882018726096
5153,7.8130440716044e-09,5.537572873970066e-13,0.5537572873970066
5154,7.813059256181086e-09,5.689418640833179e-13,0.5689418640833178
5155,7.813022631398018e-09,5.323170810158885e-13,0.5323170810158885
5156,7.813094220915102e-09,6.039065980994003e-13,0.6039065980994003
5157,7.813108722579945e-09,6.184082629423173e-13,0.6184082629423172
5158,7.81308251738633e-09,5.922030693282883e-13,0.5922030693282883
5159,7.8131045581594e-09,6.142438423978004e-13,0.6142438423978004
5160,7.813147863525204e-09,6.575492082015423e-13,0.6575492082015423
5161,7.81312521394551e-09,6.348996285071253e-13,0.6348996285071252
5162,7.81310311064108e-09,6.12796324077315e-13,0.612796324077315
5163,7.813179624794166e-09,6.893104771636362e-13,0.6893104771636361
5164,7.813146139128754e-09,6.558248117512584e-13,0.6558248117512584
5165,7.813118094206683e-09,6.277798896808475e-13,0.6277798896808474
5166,7.81318121889662e-09,6.909045796178416e-13,0.6909045796178416
5167,7.813158594904097e-09,6.682805870946952e-13,0.6682805870946952
5168,7.813129616592376e-09,6.393022753739915e-13,0.6393022753739914
5169,7.813180229535033e-09,6.899152180303943e-13,0.6899152180303942
5170,7.813162364105845e-09,6.720497888422868e-13,0.6720497888422867
5171,7.813117014802105e-09,6.267004851029752e-13,0.6267004851029752
5172,7.813177129936547e-09,6.868156195445298e-13,0.6868156195445297
5173,7.813166305506002e-09,6.759911889999233e-13,0.6759911889999233
5174,7.813124364337582e-09,6.340500205797113e-13,0.6340500205797113
5175,7.813151192676395e-09,6.608783593923763e-13,0.6608783593923763
5176,7.813162759378852e-09,6.724450618493207e-13,0.6724450618493206
5177,7.813128818321422e-09,6.385040044194447e-13,0.6385040044194447
5178,7.813119756180193e-09,6.294418631910505e-13,0.6294418631910504
5179,7.813162308540483e-09,6.719942234809469e-13,0.6719942234809468
5180,7.813127122412384e-09,6.368080953812429e-13,0.6368080953812428
5181,7.813082640280647e-09,5.923259636445395e-13,0.5923259636445395
5182,7.813162761167785e-09,6.724468507829053e-13,0.6724468507829052
5183,7.81311387557603e-09,6.235612590277064e-13,0.6235612590277063
5184,7.813056990930382e-09,5.666766133792896e-13,0.5666766133792895
5185,7.813132534044897e-09,6.422197278948784e-13,0.6422197278948784
5186,7.813113190577098e-09,6.2287626009513e-13,0.62287626009513
5187,7.813052901130052e-09,5.625868130492941e-13,0.562586813049294
5188,7.813104932669936e-09,6.146183529332312e-13,0.6146183529332312
5189,7.813106929824547e-09,6.166155075450582e-13,0.6166155075450581
5190,7.81305280029925e-09,5.624859822472529e-13,0.5624859822472529
5191,7.813070126500487e-09,5.798121834848748e-13,0.5798121834848747
5192,7.813091266409972e-09,6.009520929692687e-13,0.6009520929692687
5193,7.813056506752796e-09,5.661924357941119e-13,0.5661924357941118
5194,7.813020232410976e-09,5.299180939738842e-13,0.5299180939738841
5195,7.813090271003957e-09,5.999566869547098e-13,0.5999566869547097
5196,7.813050908258038e-09,5.605939410360485e-13,0.5605939410360484
5197,7.81299577991149e-09,5.05465594486841e-13,0.5054655944868409
5198,7.813066171900168e-09,5.758575831657882e-13,0.5758575831657882
5199,7.813037818658105e-09,5.475043411025767e-13,0.5475043411025766
5200,7.81300712622275e-09,5.168119057471733e-13,0.5168119057471733
5201,7.813017636017824e-09,5.273217008213245e-13,0.5273217008213245
5202,7.813025054373033e-09,5.347400560309591e-13,0.5347400560309591
5203,7.812996340064542e-09,5.060257475392556e-13,0.5060257475392556
5204,7.812973076880628e-09,4.827625636253204e-13,0.4827625636253204
5205,7.813028195252517e-09,5.37880935514541e-13,0.537880935514541
5206,7.812993095887696e-09,5.027815706936902e-13,0.5027815706936901
5207,7.812940975524549e-09,4.5066120754677213e-13,0.45066120754677214
5208,7.8130122495388e-09,5.219352217980906e-13,0.5219352217980906
5209,7.81298571171196e-09,4.953973949575431e-13,0.49539739495754315
5210,7.812935310324252e-09,4.4499600725004656e-13,0.44499600725004657
5211,7.812972804556147e-09,4.824902391446463e-13,0.48249023914464634
5212,7.812975706829837e-09,4.853925128351185e-13,0.4853925128351185
5213,7.812945611383303e-09,4.5529706630094e-13,0.45529706630093997
5214,7.812911774273757e-09,4.2145995675435104e-13,0.42145995675435105
5215,7.812980919077572e-09,4.906047605692339e-13,0.4906047605692339
5216,7.8129447463526e-09,4.544320355976224e-13,0.4544320355976224
5217,7.81289188097993e-09,4.0156666292788095e-13,0.40156666292788096
5218,7.812953091944613e-09,4.627776276102209e-13,0.46277762761022095
5219,7.81293670151827e-09,4.4638720126767133e-13,0.44638720126767134
5220,7.812899933078415e-09,4.0961876141238767e-13,0.4096187614123877
5221,7.812899127055415e-09,4.0881273841230763e-13,0.40881273841230764
5222,7.812937413513837e-09,4.4709919683434256e-13,0.44709919683434257
5223,7.812906980528061e-09,4.16666211058815e-13,0.416666211058815
5224,7.812858624948538e-09,3.6831063153563564e-13,0.36831063153563565
5225,7.81292503843024e-09,4.34724113237593e-13,0.434724113237593
5226,7.812903062682196e-09,4.127483651933757e-13,0.4127483651933757
5227,7.81286088128168e-09,3.705669646767952e-13,0.37056696467679523
5228,7.812877911929405e-09,3.875976124021975e-13,0.38759761240219753
5229,7.812902776913608e-09,4.1246259660576283e-13,0.41246259660576284
5230,7.812874527348378e-09,3.842130313752952e-13,0.3842130313752952
5231,7.81282880169096e-09,3.384873739568596e-13,0.3384873739568596
5232,7.812900616396834e-09,4.1030207983159666e-13,0.41030207983159667
5233,7.812874707407253e-09,3.8439309025109074e-13,0.38439309025109075
5234,7.812830842376288e-09,3.4052805928591183e-13,0.34052805928591184
5235,7.812855258771843e-09,3.6494445484061127e-13,0.3649444548406113
5236,7.812872285895911e-09,3.81971578908953e-13,0.381971578908953
5237,7.8128456350681e-09,3.553207510969782e-13,0.3553207510969782
5238,7.812803266181922e-09,3.1295186491972065e-13,0.31295186491972066
5239,7.812874787177428e-09,3.8447286042593136e-13,0.3844728604259314
5240,7.81284944831556e-09,3.5913399855782695e-13,0.35913399855782696
5241,7.812808213965641e-09,3.1789964863891256e-13,0.31789964863891257
5242,7.812824748130087e-09,3.3443381308447944e-13,0.33443381308447945
5243,7.812851179027488e-09,3.6086471048576556e-13,0.36086471048576557
5244,7.812826136017288e-09,3.3582170028547813e-13,0.33582170028547814
5245,7.812782413125227e-09,2.9209880822511207e-13,0.2920988082251121
5246,7.81284257845823e-09,3.5226414122725274e-13,0.35226414122725275
5247,7.81281569951428e-09,3.25385197278187e-13,0.325385197278187
5248,7.80034975153554e-09,-1.2140562781462157e-11,-12.140562781462156
5249,7.803762846130902e-09,-8.727468186100378e-12,-8.727468186100378
5250,7.806143473645683e-09,-6.3468406713191776e-12,-6.346840671319177
5251,7.808056463404689e-09,-4.4338509123137735e-12,-4.4338509123137735
5252,7.808913936785183e-09,-3.5763775318193068e-12,-3.5763775318193067
5253,7.809572473432705e-09,-2.9178408842971447e-12,-2.917840884297145
5254,7.810084243746332e-09,-2.406070570670109e-12,-2.406070570670109
5255,7.810492146543158e-09,-1.9981677738440855e-12,-1.9981677738440855
5256,7.810823087113245e-09,-1.667227203757217e-12,-1.6672272037572171
5257,7.811100558382947e-09,-1.3897559340552189e-12,-1.3897559340552188
5258,7.811342703337209e-09,-1.147610979793827e-12,-1.147610979793827
5259,7.811548760676369e-09,-9.415536406335066e-13,-0.9415536406335067
5260,7.811708824560174e-09,-7.814897568282257e-13,-0.7814897568282257
5261,7.811898866715364e-09,-5.914476016385576e-13,-0.5914476016385577
5262,7.812071863450573e-09,-4.18450866428892e-13,-0.418450866428892
5263,7.812173611081077e-09,-3.1670323592563205e-13,-0.31670323592563204
5264,7.81227823846097e-09,-2.1207585603203334e-13,-0.21207585603203333
5265,7.812341325745932e-09,-1.4898857106998993e-13,-0.14898857106998992
5266,7.812515384538485e-09,2.5070221482788193e-14,0.02507022148278819
5267,7.812573811109358e-09,8.349679235585954e-14,0.08349679235585954
5268,7.812613232727455e-09,1.229184104524868e-13,0.12291841045248679
5269,7.81266860602238e-09,1.782917053775131e-13,0.1782917053775131
5270,7.812800699035123e-09,3.103847181207638e-13,0.3103847181207638
5271,7.81282686096907e-09,3.3654665206811057e-13,0.3365466520681106
5272,7.812828047872294e-09,3.3773355529138476e-13,0.33773355529138477
5273,7.812923427983438e-09,4.3311366643563736e-13,0.43311366643563737
5274,7.81296475614395e-09,4.744418269475261e-13,0.47444182694752607
5275,7.812973953349664e-09,4.836390326615577e-13,0.48363903266155767
5276,7.81298541247216e-09,4.950981551579371e-13,0.49509815515793715
5277,7.813080059554216e-09,5.897452372133723e-13,0.5897452372133722
5278,7.813073500402123e-09,5.831860851203781e-13,0.5831860851203781
5279,7.813048415650139e-09,5.5810133313645e-13,0.5581013331364499
5280,7.813147532165915e-09,6.572178489125764e-13,0.6572178489125764
5281,7.813141441578896e-09,6.511272618934762e-13,0.6511272618934761
5282,7.813116361895557e-09,6.260475785547044e-13,0.6260475785547044
5283,7.81317166466313e-09,6.813503461284105e-13,0.6813503461284105
5284,7.813185358217884e-09,6.950439008820654e-13,0.6950439008820654
5285,7.813162557663038e-09,6.722433460351297e-13,0.6722433460351297
5286,7.813186852492424e-09,6.965381754212392e-13,0.6965381754212392
5287,7.813216580855207e-09,7.262665382048685e-13,0.7262665382048684
5288,7.813181122863413e-09,6.908085464104137e-13,0.6908085464104137
5289,7.81320910368203e-09,7.187893650273765e-13,0.7187893650273764
5290,7.813230550935725e-09,7.402366187226157e-13,0.7402366187226157
5291,7.813200294376748e-09,7.099800597456059e-13,0.7099800597456059
5292,7.813204328855662e-09,7.140145386597503e-13,0.7140145386597503
5293,7.813242719424598e-09,7.524051075953982e-13,0.7524051075953981
5294,7.813208633951439e-09,7.183196344361471e-13,0.7183196344361471
5295,7.813191516269384e-09,7.012019523813486e-13,0.7012019523813485
5296,7.813248589105424e-09,7.582747884218545e-13,0.7582747884218545
5297,7.813210992524845e-09,7.206782078421721e-13,0.7206782078421721
5298,7.813172713195052e-09,6.823988780494213e-13,0.6823988780494212
5299,7.813248814863422e-09,7.585005464192203e-13,0.7585005464192203
5300,7.813208436653748e-09,7.181223367458091e-13,0.718122336745809
5301,7.813157504169606e-09,6.671898526041205e-13,0.6671898526041204
5302,7.813237826772559e-09,7.475124555566772e-13,0.7475124555566771
5303,7.813203028978572e-09,7.127146615701031e-13,0.7127146615701031
5304,7.813139312151619e-09,6.48997834616606e-13,0.648997834616606
5305,7.813227724800132e-09,7.374104831297064e-13,0.7374104831297064
5306,7.813191006396207e-09,7.00692079204683e-13,0.7006920792046829
5307,7.813131476378573e-09,6.411620615705645e-13,0.6411620615705644
5308,7.813195962745123e-09,7.056484281210375e-13,0.7056484281210375
5309,7.813177692041163e-09,6.873777241608549e-13,0.6873777241608549
5310,7.813136905114376e-09,6.46590797373471e-13,0.6465907973734709
5311,7.813132096840371e-09,6.417825233688236e-13,0.6417825233688236
5312,7.813154289618585e-09,6.639753015829182e-13,0.6639753015829182
5313,7.813119816353414e-09,6.295020364116234e-13,0.6295020364116234
5314,7.813125143011582e-09,6.348286945799904e-13,0.6348286945799904
5315,7.813151271904469e-09,6.609575874661307e-13,0.6609575874661306
5316,7.813113296259704e-09,6.22981942701893e-13,0.622981942701893
5317,7.813081689272711e-09,5.913749557089439e-13,0.5913749557089438
5318,7.81314440586895e-09,6.540915519482145e-13,0.6540915519482144
5319,7.81310134667125e-09,6.110323542477354e-13,0.6110323542477354
5320,7.813051229073461e-09,5.609147564588869e-13,0.5609147564588869
5321,7.813123927078846e-09,6.336127618435479e-13,0.6336127618435479
5322,7.813093304954001e-09,6.029906369990303e-13,0.6029906369990302
5323,7.813044768854817e-09,5.544545378141321e-13,0.554454537814132
5324,7.813082880458533e-09,5.925661415307994e-13,0.5925661415307993
5325,7.813077290800023e-09,5.869764830204417e-13,0.5869764830204417
5326,7.813031607101228e-09,5.412927842260813e-13,0.5412927842260813
5327,7.813049226037053e-09,5.589117200502743e-13,0.5589117200502742
5328,7.813065260302982e-09,5.749459859791624e-13,0.5749459859791624
5329,7.813031512043803e-09,5.411977268006087e-13,0.5411977268006086
5330,7.812994942934517e-09,5.046286175147365e-13,0.5046286175147364
5331,7.81306393681739e-09,5.736225003872093e-13,0.5736225003872093
5332,7.813024085258921e-09,5.33770941919083e-13,0.5337709419190829
5333,7.812981188257866e-09,4.908739408636077e-13,0.49087394086360775
5334,7.813029332661911e-09,5.390183449086412e-13,0.5390183449086412
5335,7.813013730504758e-09,5.234161877555972e-13,0.5234161877555972
5336,7.812962586275932e-09,4.722719589296222e-13,0.4722719589296222
5337,7.812996664783092e-09,5.06350466089915e-13,0.506350466089915
5338,7.813002469465999e-09,5.121551489961308e-13,0.5121551489961308
5339,7.812969988666265e-09,4.79674349262267e-13,0.479674349262267
5340,7.812948524173755e-09,4.582098567524852e-13,0.4582098567524852
5341,7.813001715837068e-09,5.114015200660362e-13,0.5114015200660361
5342,7.812963289137095e-09,4.729748200929902e-13,0.47297482009299024
5343,7.812914583956582e-09,4.242696395792929e-13,0.4242696395792929
5344,7.812979559813308e-09,4.892454963055888e-13,0.48924549630558883
5345,7.812956939181812e-09,4.666248648091771e-13,0.46662486480917714
5346,7.812918980504811e-09,4.286661878089389e-13,0.4286661878089389
5347,7.812927675237029e-09,4.3736092002613207e-13,0.4373609200261321
5348,7.812957054053032e-09,4.66739736029352e-13,0.466739736029352
5349,7.812925884595825e-09,4.3557027882310933e-13,0.43557027882310934
5350,7.81287868794711e-09,3.88373630107154e-13,0.38837363010715403
5351,7.812950770206975e-09,4.604558899730062e-13,0.4604558899730062
5352,7.812922990453651e-09,4.3267613664893083e-13,0.43267613664893084
5353,7.812874806638857e-09,3.844923218549275e-13,0.3844923218549275
5354,7.812910350418149e-09,4.2003610114628014e-13,0.42003610114628015
5355,7.812916096445717e-09,4.257821287149645e-13,0.4257821287149645
5356,7.812889064764787e-09,3.9875044778484985e-13,0.39875044778484986
5357,7.812848244417468e-09,3.5793010046549905e-13,0.35793010046549906
5358,7.812924170336666e-09,4.338560196631382e-13,0.4338560196631382
5359,7.812891637468122e-09,4.013231511199407e-13,0.4013231511199407
5360,7.812836954620246e-09,3.466403032434075e-13,0.3466403032434075
5361,7.812889053976976e-09,3.987396599732336e-13,0.39873965997323363
5362,7.812884600209976e-09,3.9428589297393473e-13,0.39428589297393474
5363,7.812858355307458e-09,3.680409904553385e-13,0.3680409904553385
5364,7.812820321495247e-09,3.30007178244547e-13,0.330007178244547
5365,7.812897433558726e-09,4.071192417239396e-13,0.4071192417239396
5366,7.81286353391782e-09,3.7321960081705257e-13,0.3732196008170526
5367,7.812809994903235e-09,3.1968058623249156e-13,0.31968058623249157
5368,7.812863867201567e-09,3.735528845648746e-13,0.3735528845648746
5369,7.812857695814381e-09,3.6738149737886987e-13,0.3673814973788699
5370,7.812832439189248e-09,3.421248722455485e-13,0.3421248722455485
5371,7.812799346872384e-09,3.090325553813485e-13,0.3090325553813485
5372,7.812868788910224e-09,3.7847459322181825e-13,0.37847459322181826
5373,7.812838752715339e-09,3.484383983363661e-13,0.3484383983363661
5374,7.812790484007515e-09,3.001696905122571e-13,0.3001696905122571
5375,7.812827703638104e-09,3.373893211016206e-13,0.3373893211016206
5376,7.800220191056442e-09,-1.2270123260560807e-11,-12.270123260560807
5377,7.803636598512857e-09,-8.853715804145836e-12,-8.853715804145835
5378,7.805890875844067e-09,-6.599438472935611e-12,-6.599438472935611
5379,7.807884151587096e-09,-4.606162729906026e-12,-4.606162729906026
5380,7.80877502931784e-09,-3.715284999162118e-12,-3.7152849991621175
5381,7.809418683908187e-09,-3.071630408815089e-12,-3.071630408815089
5382,7.809927663946208e-09,-2.5626503707941077e-12,-2.5626503707941075
5383,7.81033167941746e-09,-2.158634899542368e-12,-2.158634899542368
5384,7.810667180683985e-09,-1.8231336330169394e-12,-1.8231336330169394
5385,7.81094318594972e-09,-1.5471283672824675e-12,-1.5471283672824674
5386,7.811189161579992e-09,-1.3011527370103042e-12,-1.3011527370103042
5387,7.811461541463397e-09,-1.0287728536052436e-12,-1.0287728536052436
5388,7.81162748050325e-09,-8.628338137525353e-13,-0.8628338137525353
5389,7.8117832227843e-09,-7.070915327017273e-13,-0.7070915327017273
5390,7.811926165570814e-09,-5.641487461880883e-13,-0.5641487461880883
5391,7.812028548950366e-09,-4.617653666359371e-13,-0.4617653666359371
5392,7.81219223794545e-09,-2.9807637155178796e-13,-0.29807637155178796
5393,7.812306230745025e-09,-1.8408357197709653e-13,-0.18408357197709652
5394,7.812386395542352e-09,-1.0391877465074513e-13,-0.10391877465074513
5395,7.812446977940824e-09,-4.33363761779036e-14,-0.0433363761779036
5396,7.81253853821798e-09,4.822390097730238e-14,0.048223900977302385
5397,7.812640560368473e-09,1.5024605147063568e-13,0.1502460514706357
5398,7.81268507220735e-09,1.9475789034686513e-13,0.19475789034686514
5399,7.81269681086427e-09,2.0649654726836568e-13,0.2064965472683657
5400,7.8128114201412e-09,3.211058241983324e-13,0.3211058241983324
5401,7.81285037178476e-09,3.600574677582415e-13,0.3600574677582415
5402,7.812860843632759e-09,3.7052931575635566e-13,0.37052931575635567
5403,7.812888769482326e-09,3.984551653231734e-13,0.39845516532317343
5404,7.812986356026206e-09,4.96041709203597e-13,0.49604170920359697
5405,7.812988141083768e-09,4.978267667654314e-13,0.4978267667654314
5406,7.81296766072157e-09,4.773464045676147e-13,0.47734640456761473
5407,7.813065141718369e-09,5.748274013665468e-13,0.5748274013665468
5408,7.813068023094063e-09,5.777087770601443e-13,0.5777087770601442
5409,7.813061624973097e-09,5.713106560948185e-13,0.5713106560948185
5410,7.813091118145325e-09,6.008038283221813e-13,0.6008038283221813
5411,7.813126768420374e-09,6.364541033719264e-13,0.6364541033719263
5412,7.813108973654063e-09,6.186593370604106e-13,0.6186593370604105
5413,7.81312537364849e-09,6.350593314871324e-13,0.6350593314871323
5414,7.81317247523978e-09,6.82160922777615e-13,0.682160922777615
5415,7.81315027717608e-09,6.599628590779296e-13,0.6599628590779295
5416,7.813130919369707e-09,6.406050527044501e-13,0.64060505270445
5417,7.813206382714048e-09,7.160683970451982e-13,0.7160683970451982
5418,7.813176284529903e-09,6.859702129005342e-13,0.6859702129005342
5419,7.813134693938255e-09,6.443796212527954e-13,0.6443796212527954
5420,7.813223295048211e-09,7.329807312085281e-13,0.732980731208528
5421,7.813180656927529e-09,6.903426105267881e-13,0.690342610526788
5422,7.813157549109787e-09,6.6723479278417e-13,0.66723479278417
5423,7.813217748730682e-09,7.274344136800155e-13,0.7274344136800155
5424,7.813184393928472e-09,6.940796114698568e-13,0.6940796114698567
5425,7.813152652039624e-09,6.623377226215961e-13,0.6623377226215961
5426,7.813212962140721e-09,7.226478237188179e-13,0.7226478237188179
5427,7.813197504019827e-09,7.071897028243886e-13,0.7071897028243885
5428,7.81314446582533e-09,6.541515083283529e-13,0.6541515083283529
5429,7.813198180046986e-09,7.078657299839876e-13,0.7078657299839876
5430,7.81319238753425e-09,7.020732172471579e-13,0.7020732172471579
5431,7.813161302590603e-09,6.709882736002605e-13,0.6709882736002605
5432,7.813159818344934e-09,6.695040279311822e-13,0.6695040279311821
5433,7.813183376621574e-09,6.930623045714136e-13,0.6930623045714136
5434,7.813149427676573e-09,6.591133595707329e-13,0.6591133595707328
5435,7.813137699346677e-09,6.473850296749252e-13,0.6473850296749252
5436,7.81318052747379e-09,6.902131567873933e-13,0.6902131567873933
5437,7.813143124369088e-09,6.528100520853909e-13,0.6528100520853909
5438,7.813096223436514e-09,6.059091195119811e-13,0.605909119511981
5439,7.813178878348075e-09,6.885640310729342e-13,0.6885640310729342
5440,7.813111179354962e-09,6.208650379601151e-13,0.620865037960115
5441,7.813079605896922e-09,5.8929157991935e-13,0.58929157991935
5442,7.813154030114795e-09,6.637157977929338e-13,0.6637157977929338
5443,7.813123871106909e-09,6.335567899063933e-13,0.6335567899063933
5444,7.813066385352471e-09,5.760710354684963e-13,0.5760710354684963
5445,7.813127720512512e-09,6.374061955096945e-13,0.6374061955096945
5446,7.813110637660452e-09,6.20323343449687e-13,0.620323343449687
5447,7.81306341818928e-09,5.731038722780009e-13,0.5731038722780009
5448,7.813080797326689e-09,5.904830096866944e-13,0.5904830096866943
5449,7.813110599333905e-09,6.202850169028897e-13,0.6202850169028896
5450,7.813054797643597e-09,5.6448332659446e-13,0.56448332659446
5451,7.813048340867294e-09,5.580265502916028e-13,0.5580265502916028
5452,7.813087332138443e-09,5.970178214409162e-13,0.5970178214409162
5453,7.813056858224036e-09,5.665439070333774e-13,0.5665439070333773
5454,7.813009418497193e-09,5.191041801903508e-13,0.5191041801903508
5455,7.813073172105705e-09,5.828577887025495e-13,0.5828577887025495
5456,7.813048632409258e-09,5.583180922557842e-13,0.5583180922557841
5457,7.812989690327357e-09,4.993760103547503e-13,0.49937601035475027
5458,7.813047679476864e-09,5.573651598613323e-13,0.5573651598613323
5459,7.813037185809297e-09,5.468714922944969e-13,0.5468714922944968
5460,7.812999420499754e-09,5.091061827517214e-13,0.5091061827517214
5461,7.812985941915186e-09,4.956275981838161e-13,0.49562759818381613
5462,7.813028404720377e-09,5.380904033742652e-13,0.5380904033742652
5463,7.812995272748818e-09,5.049584318156066e-13,0.5049584318156065
5464,7.812947507951059e-09,4.571936340562145e-13,0.45719363405621455
5465,7.813021914957223e-09,5.316006402203101e-13,0.5316006402203101
5466,7.8129905829239e-09,5.002686068983033e-13,0.5002686068983032
5467,7.812933558226437e-09,4.4324390943425567e-13,0.4432439094342557
5468,7.812990354401188e-09,5.000400841853976e-13,0.5000400841853976
5469,7.812975866234662e-09,4.855519176595281e-13,0.48555191765952815
5470,7.812945378144311e-09,4.55063827308584e-13,0.455063827308584
5471,7.812931912217803e-09,4.415979008010425e-13,0.4415979008010425
5472,7.812978992883992e-09,4.886785669895962e-13,0.48867856698959616
5473,7.812945833726064e-09,4.555194090614624e-13,0.45551940906146243
5474,7.812895500697303e-09,4.0518638030094105e-13,0.40518638030094106
5475,7.812964243912634e-09,4.739295956311353e-13,0.4739295956311353
5476,7.812937737608971e-09,4.474232919687528e-13,0.4474232919687528
5477,7.812895805574954e-09,4.05491257951844e-13,0.405491257951844
5478,7.812919824935673e-09,4.295106186709792e-13,0.4295106186709792
5479,7.81293589582053e-09,4.4558150352824304e-13,0.44558150352824305
5480,7.81290629113811e-09,4.159768211074401e-13,0.4159768211074401
5481,7.812863289891015e-09,3.729755740130804e-13,0.3729755740130804
5482,7.81293740768625e-09,4.4709336924766545e-13,0.44709336924766546
5483,7.81290683497392e-09,4.1652065691715883e-13,0.41652065691715884
5484,7.812856089352022e-09,3.657750350198981e-13,0.3657750350198981
5485,7.812899682790343e-09,4.093684733408694e-13,0.4093684733408694
5486,7.812899888842966e-09,4.0957452596375026e-13,0.40957452596375027
5487,7.812874127792772e-09,3.8381347576968e-13,0.38381347576968
5488,7.812833302105757e-09,3.429877887546297e-13,0.3429877887546297
5489,7.812912313772758e-09,4.2199945575537983e-13,0.42199945575537984
5490,7.812876798751929e-09,3.8648443492665234e-13,0.38648443492665235
5491,7.812823851874361e-09,3.335375573585943e-13,0.3335375573585943
5492,7.812879638250314e-09,3.8932393331133757e-13,0.3893239333113376
5493,7.812870974688909e-09,3.8066037190660334e-13,0.38066037190660335
5494,7.812846162993242e-09,3.558486762398157e-13,0.3558486762398157
5495,7.812808269016007e-09,3.179546990042205e-13,0.3179546990042205
5496,7.812885296999608e-09,3.9498268260513685e-13,0.39498268260513686
5497,7.812851283680103e-09,3.6096936310046473e-13,0.36096936310046474
5498,7.812816006695861e-09,3.2569237885870643e-13,0.32569237885870644
5499,7.812833587278033e-09,3.432729610310477e-13,0.3432729610310477
5500,7.812849289696782e-09,3.589753797799923e-13,0.35897537977999233
5501,7.812824410211375e-09,3.3409589437237e-13,0.33409589437237003
5502,7.81278356457504e-09,2.93250258037346e-13,0.293250258037346
5503,7.812841812198344e-09,3.514978813418486e-13,0.3514978813418486
5504,7.800203989199962e-09,-1.2286325117040507e-11,-12.286325117040507
5505,7.80357217175032e-09,-8.918142566681876e-12,-8.918142566681876
5506,7.805882432972014e-09,-6.6078813449881356e-12,-6.607881344988136
5507,7.807793689444112e-09,-4.69662487289083e-12,-4.69662487289083
5508,7.808742857895196e-09,-3.747456421806063e-12,-3.7474564218060626
5509,7.809396060945656e-09,-3.0942533713461716e-12,-3.0942533713461717
5510,7.809888190530353e-09,-2.6021237866495254e-12,-2.6021237866495253
5511,7.810294871648171e-09,-2.1954426688314586e-12,-2.1954426688314586
5512,7.810630441165223e-09,-1.859873151779272e-12,-1.859873151779272
5513,7.810907652605874e-09,-1.58266171112791e-12,-1.58266171112791
5514,7.811214456152201e-09,-1.2758581648009458e-12,-1.2758581648009457
5515,7.811416686772689e-09,-1.0736275443134673e-12,-1.0736275443134673
5516,7.811589562890407e-09,-9.007514265954906e-13,-0.9007514265954907
5517,7.811755260532646e-09,-7.350537843564862e-13,-0.7350537843564863
5518,7.81189115462268e-09,-5.991596943217729e-13,-0.599159694321773
5519,7.811996047035795e-09,-4.942672812071101e-13,-0.4942672812071101
5520,7.812202799565389e-09,-2.87514751613792e-13,-0.287514751613792
5521,7.81227293812181e-09,-2.1737619519266322e-13,-0.2173761951926632
5522,7.81236044069102e-09,-1.2987362598314718e-13,-0.12987362598314717
5523,7.81241745598303e-09,-7.28583339729459e-14,-0.0728583339729459
5524,7.812543294883961e-09,5.298056695853941e-14,0.052980566958539414
5525,7.812609082157593e-09,1.1876784059072347e-13,0.11876784059072347
5526,7.812659364662532e-09,1.6905034553000702e-13,0.16905034553000703
5527,7.812677724596331e-09,1.8741027932898518e-13,0.18741027932898519
5528,7.812804683965998e-09,3.1436964899562563e-13,0.31436964899562564
5529,7.812832827523361e-09,3.425132063586785e-13,0.3425132063586785
5530,7.812836234628688e-09,3.459203116857142e-13,0.3459203116857142
5531,7.812899937008648e-09,4.0962269164526293e-13,0.40962269164526294
5532,7.812960046993129e-09,4.697326761264982e-13,0.4697326761264982
5533,7.812966095567314e-09,4.757812503114147e-13,0.47578125031141466
5534,7.812951565198218e-09,4.612508812159812e-13,0.4612508812159812
5535,7.813071892448986e-09,5.815781319834192e-13,0.5815781319834191
5536,7.81304720362053e-09,5.568893035278284e-13,0.5568893035278284
5537,7.813024329882037e-09,5.3401556503425e-13,0.53401556503425
5538,7.813110530053386e-09,6.202157363840678e-13,0.6202157363840678
5539,7.813113754850118e-09,6.234405331158001e-13,0.6234405331158
5540,7.813082016918608e-09,5.91702601605469e-13,0.591702601605469
5541,7.81313720898914e-09,6.468946721373643e-13,0.6468946721373643
5542,7.813153090518088e-09,6.627762010852036e-13,0.6627762010852035
5543,7.8131317768381e-09,6.414625210976145e-13,0.6414625210976145
5544,7.813142827351903e-09,6.525130349002385e-13,0.6525130349002385
5545,7.813186447922383e-09,6.961336053805763e-13,0.6961336053805762
5546,7.813161158066453e-09,6.708437494506682e-13,0.6708437494506682
5547,7.813139198418811e-09,6.488841018087123e-13,0.6488841018087123
5548,7.813211009682344e-09,7.206953653415517e-13,0.7206953653415517
5549,7.813177130343123e-09,6.868160261203445e-13,0.6868160261203444
5550,7.813134470077612e-09,6.441557606092315e-13,0.6441557606092314
5551,7.813221512240369e-09,7.311979233662015e-13,0.7311979233662015
5552,7.813187423189342e-09,6.971088723397813e-13,0.6971088723397812
5553,7.813136999548385e-09,6.466852313826944e-13,0.6466852313826944
5554,7.81321212779294e-09,7.218134759369817e-13,0.7218134759369816
5555,7.813190288627264e-09,6.999743102614432e-13,0.6999743102614432
5556,7.813132948698018e-09,6.426343810157455e-13,0.6426343810157454
5557,7.81320099379557e-09,7.106794785670763e-13,0.7106794785670763
5558,7.813184789852e-09,6.944755349981942e-13,0.6944755349981941
5559,7.813131293690507e-09,6.409793735045007e-13,0.6409793735045006
5560,7.813181647725684e-09,6.91333408682114e-13,0.6913334086821139
5561,7.813176431574823e-09,6.861172578201776e-13,0.6861172578201775
5562,7.813132338725876e-09,6.420244088735051e-13,0.6420244088735051
5563,7.81314942637553e-09,6.591120585281259e-13,0.6591120585281258
5564,7.813183585384702e-09,6.932710676997257e-13,0.6932710676997257
5565,7.813119409099973e-09,6.290947829705836e-13,0.6290947829705835
5566,7.8131139033045e-09,6.235889874982677e-13,0.6235889874982676
5567,7.813153617440343e-09,6.633031233410315e-13,0.6633031233410315
5568,7.813108913995838e-09,6.185996788358696e-13,0.6185996788358695
5569,7.813080558964841e-09,5.902446478390734e-13,0.5902446478390734
5570,7.81316098906644e-09,6.70674749437032e-13,0.670674749437032
5571,7.813109732785319e-09,6.194184683165306e-13,0.6194184683165306
5572,7.813061398591684e-09,5.710842746812035e-13,0.5710842746812035
5573,7.8131299352665e-09,6.396209494975393e-13,0.6396209494975392
5574,7.813106378128272e-09,6.160638112695889e-13,0.6160638112695889
5575,7.81305135825615e-09,5.610439391477386e-13,0.5610439391477385
5576,7.813098725720918e-09,6.08411403915969e-13,0.6084114039159689
5577,7.813090383679668e-09,6.000693626654853e-13,0.6000693626654853
5578,7.813053762094997e-09,5.634477779944648e-13,0.5634477779944648
5579,7.813051451307802e-09,5.611369907991921e-13,0.5611369907991921
5580,7.813084408966756e-09,5.940946497535695e-13,0.5940946497535694
5581,7.813050167802165e-09,5.598534851623495e-13,0.5598534851623495
5582,7.813002855333552e-09,5.125410165493184e-13,0.5125410165493184
5583,7.813081465520488e-09,5.911512034855972e-13,0.5911512034855971
5584,7.813043221210425e-09,5.529068934230176e-13,0.5529068934230176
5585,7.812986749266334e-09,4.964349493315575e-13,0.49643494933155746
5586,7.81304988333462e-09,5.595690176173436e-13,0.5595690176173436
5587,7.813030124888438e-09,5.398105714360764e-13,0.5398105714360764
5588,7.812986187161718e-09,4.958728447152323e-13,0.49587284471523235
5589,7.813005108766452e-09,5.147944494496666e-13,0.5147944494496666
5590,7.81302237270738e-09,5.320583903775335e-13,0.5320583903775334
5591,7.812988511908016e-09,4.981975910134758e-13,0.49819759101347577
5592,7.812948479450415e-09,4.581651334128702e-13,0.4581651334128702
5593,7.81302429204338e-09,5.339777263784303e-13,0.5339777263784302
5594,7.812981332510965e-09,4.910181939626569e-13,0.49101819396265695
5595,7.81294788313922e-09,4.575688222180031e-13,0.45756882221800316
5596,7.812984678114924e-09,4.943637979214584e-13,0.4943637979214584
5597,7.81297511656307e-09,4.84802246067363e-13,0.48480224606736305
5598,7.812932548888424e-09,4.422345714217803e-13,0.4422345714217803
5599,7.812941592327165e-09,4.5127801016269913e-13,0.45127801016269914
5600,7.812971758843152e-09,4.814445261492841e-13,0.48144452614928407
5601,7.812939607288513e-09,4.4929297151014973e-13,0.44929297151014974
5602,7.8128934000827e-09,4.030857656968047e-13,0.4030857656968047
5603,7.812968267928997e-09,4.779536119943152e-13,0.47795361199431524
5604,7.812938616409042e-09,4.483020920396609e-13,0.4483020920396609
5605,7.812887104933835e-09,3.9679061683281074e-13,0.39679061683281075
5606,7.812930510561235e-09,4.4019624423245323e-13,0.44019624423245324
5607,7.812928538207748e-09,4.382238907453219e-13,0.4382238907453219
5608,7.812901449308048e-09,4.1113499104555433e-13,0.41113499104555434
5609,7.81286601988498e-09,3.757055679783446e-13,0.3757055679783446
5610,7.81294003533153e-09,4.49721014527847e-13,0.449721014527847
5611,7.812903450772363e-09,4.131364553610169e-13,0.4131364553610169
5612,7.812849821579263e-09,3.595072622607594e-13,0.3595072622607594
5613,7.812909980298632e-09,4.196659816296479e-13,0.4196659816296479
5614,7.812895040941372e-09,4.047266243696986e-13,0.4047266243696986
5615,7.812869348466965e-09,3.79034149963038e-13,0.379034149963038
5616,7.812844900250077e-09,3.5458593307457613e-13,0.35458593307457614
5617,7.812905787336465e-09,4.154730194629404e-13,0.4154730194629404
5618,7.81287366491976e-09,3.833506027571916e-13,0.3833506027571916
5619,7.812822001249673e-09,3.316869326703788e-13,0.3316869326703788
5620,7.812884200356215e-09,3.9388603921272207e-13,0.3938860392127221
5621,7.812867923201895e-09,3.776088848921429e-13,0.3776088848921429
5622,7.812837338156764e-09,3.4702383976192424e-13,0.34702383976192425
5623,7.812819081926903e-09,3.287676099007443e-13,0.32876760990074433
5624,7.812878653550796e-09,3.883392337932319e-13,0.38833923379323193
5625,7.812843558658309e-09,3.5324434130634257e-13,0.3532443413063426
5626,7.81280261121539e-09,3.1229689838732215e-13,0.31229689838732216
5627,7.812851983586815e-09,3.6166926981291274e-13,0.36166926981291275
5628,7.812843458315398e-09,3.5314399839527904e-13,0.35314399839527905
5629,7.812819400601027e-09,3.290862840242921e-13,0.32908628402429213
5630,7.812789759950199e-09,2.9944563319641697e-13,0.299445633196417
5631,7.812849671200422e-09,3.5935688341943566e-13,0.35935688341943567
5632,7.800192311204152e-09,-1.2298003112850457e-11,-12.298003112850457
5633,7.803567082640848e-09,-8.923231676154252e-12,-8.923231676154252
5634,7.805870264916822e-09,-6.620049400180049e-12,-6.620049400180049
5635,7.807788240894514e-09,-4.7020734224884385e-12,-4.702073422488438
5636,7.808718853442257e-09,-3.771460874745326e-12,-3.771460874745326
5637,7.809390389511197e-09,-3.099924805805389e-12,-3.0999248058053888
5638,7.809877549628131e-09,-2.6127646888713844e-12,-2.6127646888713842
5639,7.810285951916898e-09,-2.204362400104497e-12,-2.204362400104497
5640,7.810621929554753e-09,-1.8683847622495324e-12,-1.8683847622495324
5641,7.81091105933173e-09,-1.5792549852716346e-12,-1.5792549852716347
5642,7.811204372936472e-09,-1.2859413805303325e-12,-1.2859413805303326
5643,7.811406280166557e-09,-1.0840341504458521e-12,-1.0840341504458522
5644,7.811583068438079e-09,-9.072458789238417e-13,-0.9072458789238418
5645,7.811748212540898e-09,-7.421017761039998e-13,-0.7421017761039999
5646,7.811882487266568e-09,-6.078270504341108e-13,-0.6078270504341109
5647,7.811992228638374e-09,-4.980856786282782e-13,-0.4980856786282782
5648,7.812197157594123e-09,-2.9315672287897205e-13,-0.29315672287897204
5649,7.812263811524762e-09,-2.265027922402117e-13,-0.2265027922402117
5650,7.812354751800905e-09,-1.3556251609734155e-13,-0.13556251609734155
5651,7.812402592438606e-09,-8.772187839598417e-14,-0.08772187839598418
5652,7.812548707654887e-09,5.839333788445604e-14,0.05839333788445605
5653,7.812604521352734e-09,1.1420703573194595e-13,0.11420703573194595
5654,7.812657568085322e-09,1.6725376832008991e-13,0.16725376832008992
5655,7.812671739447974e-09,1.8142513097115913e-13,0.18142513097115914
5656,7.81280219217125e-09,3.118778542476565e-13,0.3118778542476565
5657,7.812826569942102e-09,3.3625562509996114e-13,0.33625562509996115
5658,7.812830467377862e-09,3.401530608595034e-13,0.3401530608595034
5659,7.812900061691897e-09,4.0974737489509876e-13,0.40974737489509877
5660,7.812953365624346e-09,4.630513073436106e-13,0.4630513073436106
5661,7.812961782963437e-09,4.714686464349734e-13,0.4714686464349734
5662,7.812950151019115e-09,4.598367021122997e-13,0.4598367021122997
5663,7.813066915961014e-09,5.766016440117107e-13,0.5766016440117107
5664,7.813043281004175e-09,5.529666871728302e-13,0.5529666871728302
5665,7.81302930010874e-09,5.389857917384124e-13,0.5389857917384123
5666,7.813097899992544e-09,6.07585675541404e-13,0.607585675541404
5667,7.813110120929697e-09,6.198066126942804e-13,0.6198066126942804
5668,7.81307723173811e-09,5.869174211070956e-13,0.5869174211070955
5669,7.813137756700972e-09,6.474423839698497e-13,0.6474423839698497
5670,7.813149254150015e-09,6.589398330130265e-13,0.6589398330130265
5671,7.813127428157396e-09,6.371138403938838e-13,0.6371138403938837
5672,7.813143163129315e-09,6.528488123130573e-13,0.6528488123130572
5673,7.813183485746522e-09,6.931714295200743e-13,0.6931714295200743
5674,7.813157861224487e-09,6.675469074845743e-13,0.6675469074845742
5675,7.813139139790579e-09,6.488254735762351e-13,0.6488254735762351
5676,7.813207920194043e-09,7.176058770409456e-13,0.7176058770409456
5677,7.81317503043325e-09,6.847161162476202e-13,0.6847161162476202
5678,7.813131605127581e-09,6.412908105785471e-13,0.6412908105785471
5679,7.813219979124287e-09,7.296648072841984e-13,0.7296648072841984
5680,7.813184717047825e-09,6.944027308223118e-13,0.6944027308223117
5681,7.813133786433932e-09,6.434721169293707e-13,0.6434721169293707
5682,7.813211587209736e-09,7.212728927337804e-13,0.7212728927337804
5683,7.813188294535523e-09,6.979802185207536e-13,0.6979802185207535
5684,7.813132259226752e-09,6.419449097492076e-13,0.6419449097492076
5685,7.813199498599458e-09,7.091842824560558e-13,0.7091842824560558
5686,7.81318216188146e-09,6.918475644573609e-13,0.6918475644573608
5687,7.813129102707652e-09,6.387883906492877e-13,0.6387883906492876
5688,7.813181688112215e-09,6.91373795213039e-13,0.691373795213039
5689,7.813173954633644e-09,6.836403166419715e-13,0.6836403166419714
5690,7.813132008098423e-09,6.416937814210057e-13,0.6416937814210056
5691,7.81314992527116e-09,6.596109541577951e-13,0.659610954157795
5692,7.8131712499558e-09,6.809356387974348e-13,0.6809356387974348
5693,7.813127749379395e-09,6.374350623925369e-13,0.6374350623925369
5694,7.813112601530057e-09,6.222872130548186e-13,0.6222872130548186
5695,7.813151716237624e-09,6.614019206214696e-13,0.6614019206214695
5696,7.813109514264371e-09,6.191999473686662e-13,0.6191999473686661
5697,7.813075998241298e-09,5.856839242954588e-13,0.5856839242954588
5698,7.813159095073664e-09,6.687807566619171e-13,0.668780756661917
5699,7.813116443020985e-09,6.261287039822607e-13,0.6261287039822606
5700,7.813061425371477e-09,5.711110544748639e-13,0.5711110544748639
5701,7.813128234614077e-09,6.379202970748328e-13,0.6379202970748328
5702,7.813105328078468e-09,6.150137614655367e-13,0.6150137614655367
5703,7.8130566258253e-09,5.663115082977051e-13,0.566311508297705
5704,7.813086423062027e-09,5.961087450243415e-13,0.5961087450243414
5705,7.8130888726271e-09,5.985583100976923e-13,0.5985583100976922
5706,7.813054085051719e-09,5.637707347165939e-13,0.5637707347165939
5707,7.813050498158567e-09,5.601838415643058e-13,0.5601838415643058
5708,7.813083174196007e-09,5.9285987900438e-13,0.59285987900438
5709,7.813049024565184e-09,5.587102481815722e-13,0.5587102481815721
5710,7.813001797179336e-09,5.114828623340269e-13,0.5114828623340268
5711,7.813080361368996e-09,5.900470519931379e-13,0.5900470519931379
5712,7.813041968848496e-09,5.516545314935796e-13,0.5516545314935796
5713,7.812986227521143e-09,4.959132041411031e-13,0.4959132041411031
5714,7.813050243669212e-09,5.599293522093692e-13,0.5599293522093691
5715,7.813028591392886e-09,5.382770758833129e-13,0.5382770758833129
5716,7.812983754401778e-09,4.934400847755551e-13,0.49344008477555507
5717,7.813006689316379e-09,5.16374999376716e-13,0.5163749993767159
5718,7.81302298159532e-09,5.326672783176013e-13,0.5326672783176013
5719,7.812986216814647e-09,4.959024976446498e-13,0.49590249764464983
5720,7.812951514809922e-09,4.612004929200149e-13,0.4612004929200149
5721,7.813021535106992e-09,5.312207899891798e-13,0.5312207899891798
5722,7.812985322727325e-09,4.950084103231097e-13,0.49500841032310966
5723,7.812927924847474e-09,4.3761053047129255e-13,0.43761053047129256
5724,7.812993228675357e-09,5.029143583547653e-13,0.5029143583547653
5725,7.812972078791213e-09,4.817644742103845e-13,0.48176447421038454
5726,7.81293593276472e-09,4.456184477172705e-13,0.4456184477172705
5727,7.812943327159061e-09,4.530128420588932e-13,0.4530128420588932
5728,7.812971751253736e-09,4.814369367340767e-13,0.48143693673407667
5729,7.812940924892308e-09,4.5061057530531705e-13,0.45061057530531706
5730,7.812892338567457e-09,4.0202425045477846e-13,0.40202425045477846
5731,7.812967310903739e-09,4.769965867366623e-13,0.4769965867366623
5732,7.81293889751556e-09,4.485831985579321e-13,0.4485831985579321
5733,7.812885010282343e-09,3.9469596534062306e-13,0.39469596534062307
5734,7.812930383818001e-09,4.4006950099848967e-13,0.4400695009984897
5735,7.812932609278485e-09,4.4229496148278773e-13,0.44229496148278774
5736,7.812896112295749e-09,4.0579797874644013e-13,0.40579797874644014
5737,7.812864007849694e-09,3.736935326917003e-13,0.3736935326917003
5738,7.812938721170077e-09,4.4840685307457733e-13,0.44840685307457734
5739,7.812902298265454e-09,4.119839484516648e-13,0.4119839484516648
5740,7.81284936610593e-09,3.5905178892809824e-13,0.35905178892809825
5741,7.812908700452178e-09,4.183861351751374e-13,0.4183861351751374
5742,7.812901463944777e-09,4.111496277748829e-13,0.4111496277748829
5743,7.81286956514477e-09,3.7925082776720924e-13,0.37925082776720925
5744,7.812841885653041e-09,3.515713360390345e-13,0.3515713360390345
5745,7.812901611640218e-09,4.1129732321582973e-13,0.41129732321582974
5746,7.8128726746366e-09,3.8236031959789767e-13,0.3823603195978977
5747,7.812821625004414e-09,3.31310687411472e-13,0.331310687411472
5748,7.812877103439845e-09,3.867891228421751e-13,0.3867891228421751
5749,7.81286944791541e-09,3.7913359840730925e-13,0.37913359840730926
5750,7.8128397011754e-09,3.493868583968564e-13,0.3493868583968564
5751,7.812822597696393e-09,3.322833793905174e-13,0.3322833793905174
5752,7.812882189540656e-09,3.9187522365352183e-13,0.39187522365352184
5753,7.812842760197619e-09,3.524458806164156e-13,0.35244588061641563
5754,7.812811029448948e-09,3.2071513194547723e-13,0.32071513194547724
5755,7.812839680575558e-09,3.4936625855557917e-13,0.3493662585555792
5756,7.812843588636499e-09,3.532743194964118e-13,0.3532743194964118
5757,7.812818652257582e-09,3.283379405797883e-13,0.3283379405797883
5758,7.812787737208416e-09,2.974228914133194e-13,0.2974228914133194
5759,7.812844745453112e-09,3.544311361093995e-13,0.3544311361093995
5760,7.800206568598245e-09,-1.2283745718757001e-11,-12.283745718757002
5761,7.803574078482471e-09,-8.916235834531235e-12,-8.916235834531234
5762,7.805877062186817e-09,-6.613252130184923e-12,-6.6132521301849225
5763,7.807798250438706e-09,-4.692063878296672e-12,-4.692063878296672
5764,7.808725476020177e-09,-3.764838296825242e-12,-3.764838296825242
5765,7.809398085178217e-09,-3.092229138785087e-12,-3.0922291387850867
5766,7.809884300602693e-09,-2.6060137143090232e-12,-2.6060137143090234
5767,7.810293240953893e-09,-2.1970733631089854e-12,-2.1970733631089856
5768,7.810627917467826e-09,-1.8623968491761665e-12,-1.8623968491761664
5769,7.810920520432254e-09,-1.56979388474882e-12,-1.56979388474882
5770,7.811210043124099e-09,-1.2802711929036135e-12,-1.2802711929036135
5771,7.811411628779819e-09,-1.0786855371834923e-12,-1.0786855371834922
5772,7.81158780236292e-09,-9.025119540831726e-13,-0.9025119540831726
5773,7.811752803459472e-09,-7.375108575298815e-13,-0.7375108575298815
5774,7.811886587881815e-09,-6.037264351874448e-13,-0.6037264351874448
5775,7.812000885802986e-09,-4.894285140163616e-13,-0.4894285140163616
5776,7.81220085675641e-09,-2.8945756059172307e-13,-0.28945756059172306
5777,7.812269795995494e-09,-2.2051832150874346e-13,-0.22051832150874345
5778,7.812356858785197e-09,-1.3345553180544185e-13,-0.13345553180544184
5779,7.812403246293832e-09,-8.706802317081248e-14,-0.08706802317081248
5780,7.812558303196479e-09,6.798887947665882e-14,0.06798887947665881
5781,7.812606367965875e-09,1.1605364887212326e-13,0.11605364887212326
5782,7.812648550179543e-09,1.582358625403331e-13,0.15823586254033312
5783,7.812682987096836e-09,1.9267277983379532e-13,0.19267277983379533
5784,7.812808900048776e-09,3.185857317736614e-13,0.3185857317736614
5785,7.812833536618687e-09,3.432223016845383e-13,0.3432223016845383
5786,7.812825524879628e-09,3.3521056262590237e-13,0.3352105626259024
5787,7.812907920531345e-09,4.1760621434235994e-13,0.41760621434235995
5788,7.81295526143316e-09,4.649471161573644e-13,0.46494711615736445
5789,7.812961915778203e-09,4.716014612011028e-13,0.47160146120110286
5790,7.812956285787372e-09,4.659714703699287e-13,0.46597147036992875
5791,7.813062568039252e-09,5.722537222495007e-13,0.5722537222495007
5792,7.813050854644241e-09,5.605403272386191e-13,0.560540327238619
5793,7.813032317660227e-09,5.42003343224874e-13,0.542003343224874
5794,7.81310858016999e-09,6.182658529869613e-13,0.6182658529869612
5795,7.813107478756107e-09,6.171644391049876e-13,0.6171644391049875
5796,7.81307675574625e-09,5.864414292483201e-13,0.5864414292483201
5797,7.813144595848276e-09,6.542815312738883e-13,0.6542815312738882
5798,7.813151601203773e-09,6.612868867709689e-13,0.6612868867709688
5799,7.813124283266365e-09,6.339689493622637e-13,0.6339689493622637
5800,7.813151051459062e-09,6.607371420594101e-13,0.66073714205941
5801,7.813187443003137e-09,6.971286861344835e-13,0.6971286861344834
5802,7.813150912328818e-09,6.605980118156259e-13,0.6605980118156258
5803,7.813148189815848e-09,6.578754988453518e-13,0.6578754988453518
5804,7.813204688377103e-09,7.143740601001465e-13,0.7143740601001465
5805,7.813173970246156e-09,6.836559291532553e-13,0.6836559291532552
5806,7.813137746401052e-09,6.474320840492111e-13,0.647432084049211
5807,7.813220633196352e-09,7.303188793498046e-13,0.7303188793498046
5808,7.81318371370003e-09,6.933993830268394e-13,0.6933993830268393
5809,7.813135078802921e-09,6.447644859189734e-13,0.6447644859189734
5810,7.813215628790175e-09,7.253144731721546e-13,0.7253144731721546
5811,7.813186569027766e-09,6.962547107632429e-13,0.6962547107632429
5812,7.813147061378227e-09,6.567470612242289e-13,0.6567470612242289
5813,7.81319619579438e-09,7.058814773780133e-13,0.7058814773780132
5814,7.813173805013745e-09,6.834906967421685e-13,0.6834906967421684
5815,7.813127571055243e-09,6.372567382402174e-13,0.6372567382402173
5816,7.813187208734152e-09,6.968944171500637e-13,0.6968944171500636
5817,7.813174465401288e-09,6.841510842854294e-13,0.6841510842854294
5818,7.813127680017561e-09,6.373657005585522e-13,0.6373657005585521
5819,7.81315823920447e-09,6.67924887466957e-13,0.667924887466957
5820,7.813163239951465e-09,6.729256344622749e-13,0.6729256344622748
5821,7.813128801895759e-09,6.384875787565316e-13,0.6384875787565315
5822,7.813121772850444e-09,6.314585334419822e-13,0.6314585334419821
5823,7.813148524969844e-09,6.582106528419214e-13,0.6582106528419214
5824,7.813110296705974e-09,6.199823889714946e-13,0.6199823889714946
5825,7.81307959253413e-09,5.892782171275742e-13,0.5892782171275741
5826,7.813157262284102e-09,6.66947967099439e-13,0.6669479670994389
5827,7.81311255059966e-09,6.222362826577661e-13,0.6222362826577661
5828,7.813068508897951e-09,5.781945809485807e-13,0.5781945809485807
5829,7.81312480273473e-09,6.344884177281558e-13,0.6344884177281558
5830,7.81310587836528e-09,6.155640482781817e-13,0.6155640482781817
5831,7.813043235034003e-09,5.529207170007168e-13,0.5529207170007168
5832,7.813104332807979e-09,6.140184909762493e-13,0.6140184909762493
5833,7.813088327625773e-09,5.980133087706381e-13,0.5980133087706381
5834,7.813048338780205e-09,5.580244632024208e-13,0.5580244632024207
5835,7.813058559445665e-09,5.682451286622244e-13,0.5682451286622243
5836,7.813091568821063e-09,6.012545040602292e-13,0.6012545040602292
5837,7.813034758226423e-09,5.444439094201932e-13,0.5444439094201932
5838,7.8130075110061e-09,5.171966890981884e-13,0.5171966890981884
5839,7.813079120011718e-09,5.888056947157507e-13,0.5888056947157506
5840,7.813039287833364e-09,5.489735163614575e-13,0.5489735163614574
5841,7.812983287869583e-09,4.929735525807345e-13,0.49297355258073455
5842,7.813052005741688e-09,5.616914246851469e-13,0.5616914246851469
5843,7.813029248907293e-09,5.389345902908167e-13,0.5389345902908167
5844,7.812979215877274e-09,4.889015602714221e-13,0.4889015602714221
5845,7.813013896767161e-09,5.235824501587479e-13,0.5235824501587478
5846,7.813017167073279e-09,5.268527562766702e-13,0.5268527562766702
5847,7.81298577128887e-09,4.954569718669212e-13,0.4954569718669212
5848,7.812956303920654e-09,4.659896036512636e-13,0.4659896036512636
5849,7.81302028949422e-09,5.299751772182655e-13,0.5299751772182655
5850,7.812982875303551e-09,4.925609865490495e-13,0.4925609865490495
5851,7.812929122701139e-09,4.3880838413650885e-13,0.43880838413650886
5852,7.81299622679252e-09,5.059124755172852e-13,0.5059124755172851
5853,7.81297458007273e-09,4.842657557273629e-13,0.4842657557273629
5854,7.812929772599026e-09,4.3945828202375097e-13,0.439458282023751
5855,7.812951371044714e-09,4.610567277119433e-13,0.46105672771194334
5856,7.812967177953448e-09,4.768636364452612e-13,0.47686363644526125
5857,7.81293901227836e-09,4.486979613578897e-13,0.4486979613578897
5858,7.812893184190942e-09,4.028698739392085e-13,0.40286987393920853
5859,7.812969085525855e-09,4.787712088525866e-13,0.47877120885258656
5860,7.812936823599435e-09,4.465092824322932e-13,0.4465092824322932
5861,7.8128810341064e-09,3.9071978939830403e-13,0.39071978939830404
5862,7.812938572498854e-09,4.4825818185167525e-13,0.44825818185167526
5863,7.812926175080693e-09,4.358607636901725e-13,0.4358607636901725
5864,7.812898842614975e-09,4.0852829797235606e-13,0.40852829797235607
5865,7.812872877219776e-09,3.825629027738266e-13,0.3825629027738266
5866,7.81293495443489e-09,4.446401178869282e-13,0.4446401178869282
5867,7.812897699242469e-09,4.0738492546630716e-13,0.40738492546630717
5868,7.81285915490656e-09,3.6884058955754655e-13,0.36884058955754656
5869,7.812904936698546e-09,4.146223815434626e-13,0.4146223815434626
5870,7.812891695771094e-09,4.013814540917661e-13,0.4013814540917661
5871,7.812867925180563e-09,3.7761086356110767e-13,0.3776108635611077
5872,7.81284288816058e-09,3.525738435778232e-13,0.35257384357782323
5873,7.812905216178761e-09,4.1490186175847503e-13,0.41490186175847504
5874,7.812862054903426e-09,3.7174058642345647e-13,0.3717405864234565
5875,7.812822288780089e-09,3.3197446308652194e-13,0.33197446308652195
5876,7.812885794187619e-09,3.954798706163844e-13,0.3954798706163844
5877,7.812866983550977e-09,3.76669233974304e-13,0.376669233974304
5878,7.81283553458645e-09,3.452202694479946e-13,0.3452202694479946
5879,7.812826615532804e-09,3.3630121580131416e-13,0.33630121580131417
5880,7.81287575892073e-09,3.854446037280758e-13,0.3854446037280758
5881,7.812845859362424e-09,3.555450454214111e-13,0.35554504542141113
5882,7.812795208472691e-09,3.048941556889713e-13,0.3048941556889713
5883,7.812860779312465e-09,3.7046499546247296e-13,0.37046499546247297
5884,7.812843318534633e-09,3.5300421763019134e-13,0.35300421763019135
5885,7.812814904766983e-09,3.245904499807008e-13,0.3245904499807008
5886,7.812796488725722e-09,3.061744087192965e-13,0.3061744087192965
5887,7.812845928913993e-09,3.5561459699077607e-13,0.3556145969907761
5888,7.80023694645234e-09,-1.2253367864661945e-11,-12.253367864661945
5889,7.803636602795455e-09,-8.853711521547254e-12,-8.853711521547254
5890,7.805945151899288e-09,-6.545162417714194e-12,-6.545162417714194
5891,7.807868701651928e-09,-4.621612665074053e-12,-4.6216126650740526
5892,7.8087580087803e-09,-3.7323055367022616e-12,-3.7323055367022615
5893,7.809459737494499e-09,-3.0305768225033823e-12,-3.0305768225033822
5894,7.809932462408183e-09,-2.5578519088191213e-12,-2.557851908819121
5895,7.810341220640523e-09,-2.1490936764790068e-12,-2.1490936764790067
5896,7.810674828049799e-09,-1.8154862672034215e-12,-1.8154862672034215
5897,7.811007386412157e-09,-1.4829279048448789e-12,-1.482927904844879
5898,7.811246543847333e-09,-1.2437704696697708e-12,-1.243770469669771
5899,7.811443219530884e-09,-1.0470947861180761e-12,-1.0470947861180762
5900,7.811630676541519e-09,-8.596377754834282e-13,-0.8596377754834282
5901,7.811789793889723e-09,-7.005204272797814e-13,-0.7005204272797815
5902,7.811909318912198e-09,-5.809954048048198e-13,-0.5809954048048198
5903,7.812085603544705e-09,-4.047107722969832e-13,-0.4047107722969832
5904,7.812214045018742e-09,-2.762692982605551e-13,-0.2762692982605551
5905,7.812298262807734e-09,-1.9205150926796406e-13,-0.19205150926796405
5906,7.812380855621616e-09,-1.0945869538644e-13,-0.10945869538644
5907,7.81244553855402e-09,-4.4775762982095355e-14,-0.04477576298209535
5908,7.812604017415565e-09,1.137030985621747e-13,0.11370309856217468
5909,7.812632859985173e-09,1.4254566817088326e-13,0.14254566817088327
5910,7.812651592125578e-09,1.6127780857567569e-13,0.1612778085756757
5911,7.81275323645872e-09,2.629221417169521e-13,0.2629221417169521
5912,7.812818052016154e-09,3.2773769915204603e-13,0.32773769915204604
5913,7.812842614806107e-09,3.523004891050853e-13,0.3523004891050853
5914,7.812844509042828e-09,3.5419472582568905e-13,0.35419472582568906
5915,7.812959175430107e-09,4.688611131050914e-13,0.46886111310509143
5916,7.812971303993235e-09,4.809896762328721e-13,0.4809896762328721
5917,7.812953150898106e-09,4.628365811033498e-13,0.46283658110334985
5918,7.813032901069416e-09,5.425867524138885e-13,0.5425867524138884
5919,7.81305921330089e-09,5.688989838873961e-13,0.568898983887396
5920,7.813060243238744e-09,5.699289217411487e-13,0.5699289217411486
5921,7.813055438732341e-09,5.651244153390507e-13,0.5651244153390507
5922,7.813130565133752e-09,6.402508167496447e-13,0.6402508167496447
5923,7.813114183435237e-09,6.238691182345836e-13,0.6238691182345836
5924,7.81308653430117e-09,5.962199841672385e-13,0.5962199841672384
5925,7.813185836161307e-09,6.955218443047513e-13,0.6955218443047513
5926,7.813156881349669e-09,6.665670326661362e-13,0.6665670326661361
5927,7.813116962651981e-09,6.266483349784787e-13,0.6266483349784786
5928,7.813204990544248e-09,7.146762272456182e-13,0.7146762272456182
5929,7.8131841758141e-09,6.93861497097807e-13,0.693861497097807
5930,7.813137162693707e-09,6.468483767045992e-13,0.6468483767045992
5931,7.81321247771919e-09,7.221634021881514e-13,0.7221634021881513
5932,7.813200154243617e-09,7.098399266148121e-13,0.7098399266148121
5933,7.813149776572832e-09,6.594622558298387e-13,0.6594622558298386
5934,7.813212573969238e-09,7.222596522360138e-13,0.7222596522360137
5935,7.813206155844743e-09,7.158415277406057e-13,0.7158415277406056
5936,7.813163939776862e-09,6.7362545985956e-13,0.6736254598595599
5937,7.813196984036465e-09,7.066697194624645e-13,0.7066697194624645
5938,7.81320559799562e-09,7.152836786178076e-13,0.7152836786178075
5939,7.813172675762972e-09,6.823614459694162e-13,0.6823614459694162
5940,7.813175151619948e-09,6.848373029454498e-13,0.6848373029454498
5941,7.813207109481869e-09,7.167951648664696e-13,0.7167951648664695
5942,7.813171335255406e-09,6.810209384033551e-13,0.6810209384033551
5943,7.813148228684496e-09,6.579143674932354e-13,0.6579143674932354
5944,7.813205930845687e-09,7.156165286847606e-13,0.7156165286847606
5945,7.813167126490992e-09,6.768121739899837e-13,0.6768121739899836
5946,7.813118346256583e-09,6.28031939580896e-13,0.628031939580896
5947,7.813202255861108e-09,7.11941544105958e-13,0.711941544105958
5948,7.813159814387596e-09,6.695000705932526e-13,0.6695000705932526
5949,7.813104616923158e-09,6.143026061555491e-13,0.6143026061555491
5950,7.813177111044324e-09,6.867967273216742e-13,0.6867967273216742
5951,7.81313595153146e-09,6.456372144577156e-13,0.6456372144577156
5952,7.813082464694105e-09,5.921503771027055e-13,0.5921503771027055
5953,7.813152713459677e-09,6.623991426746674e-13,0.6623991426746674
5954,7.813136110448394e-09,6.457961313911477e-13,0.6457961313911477
5955,7.813089011919974e-09,5.986976029718023e-13,0.5986976029718023
5956,7.813114787932158e-09,6.244736151558529e-13,0.6244736151558529
5957,7.813123522075124e-09,6.33207758122016e-13,0.6332077581220159
5958,7.813085178289512e-09,5.948639725101109e-13,0.5948639725101108
5959,7.81307119826144e-09,5.80883944437431e-13,0.580883944437431
5960,7.813120833877153e-09,6.305195601505011e-13,0.630519560150501
5961,7.81307983702172e-09,5.895227047174696e-13,0.5895227047174696
5962,7.813030731255608e-09,5.404169386060932e-13,0.5404169386060932
5963,7.813106823355894e-09,6.165090388917201e-13,0.61650903889172
5964,7.813071842657001e-09,5.815283399986478e-13,0.5815283399986477
5965,7.813013833368439e-09,5.235190514367118e-13,0.5235190514367117
5966,7.81307794321868e-09,5.876289016777349e-13,0.5876289016777348
5967,7.81305673812154e-09,5.664238045377203e-13,0.5664238045377202
5968,7.813019757422004e-09,5.294431050021183e-13,0.5294431050021182
5969,7.813020171695655e-09,5.29857378652225e-13,0.5298573786522249
5970,7.813059000905684e-09,5.686865886818062e-13,0.5686865886818061
5971,7.813015290427739e-09,5.249761107363151e-13,0.524976110736315
5972,7.81297610015128e-09,4.857858342782419e-13,0.4857858342782419
5973,7.813046814310635e-09,5.564999936327432e-13,0.5564999936327432
5974,7.81300878797942e-09,5.184736624169419e-13,0.5184736624169418
5975,7.812950750040815e-09,4.604357238125979e-13,0.46043572381259795
5976,7.813027402185733e-09,5.370878687304222e-13,0.5370878687304221
5977,7.813000565254618e-09,5.102509376155402e-13,0.5102509376155402
5978,7.812948490644803e-09,4.581763278003011e-13,0.4581763278003011
5979,7.812979533792456e-09,4.892194754534492e-13,0.4892194754534492
5980,7.81299683611414e-09,5.06521797138222e-13,0.506521797138222
5981,7.812950120742769e-09,4.59806425766633e-13,0.45980642576663305
5982,7.812918235793444e-09,4.279214764417129e-13,0.4279214764417129
5983,7.812995695479245e-09,5.053811622426587e-13,0.5053811622426586
5984,7.812957085874365e-09,4.667715573631144e-13,0.46677155736311443
5985,7.812902666216566e-09,4.1235189956395206e-13,0.4123518995639521
5986,7.812963809879399e-09,4.73495562396435e-13,0.47349556239643503
5987,7.812946684065828e-09,4.563697488253428e-13,0.4563697488253428
5988,7.812912361667389e-09,4.220473503863494e-13,0.4220473503863494
5989,7.8129080924316e-09,4.177781145968075e-13,0.4177781145968075
5990,7.812948446111198e-09,4.581317941960662e-13,0.45813179419606626
5991,7.812917530574141e-09,4.272162571386197e-13,0.4272162571386197
5992,7.812868261662708e-09,3.7794734570533855e-13,0.37794734570533856
5993,7.812937634772395e-09,4.4732045539269254e-13,0.44732045539269255
5994,7.812914126043794e-09,4.2381172679174366e-13,0.42381172679174367
5995,7.812870679623288e-09,3.803653062853614e-13,0.3803653062853614
5996,7.812890784688904e-09,4.0047037190117223e-13,0.40047037190117224
5997,7.812910028084843e-09,4.197137678404002e-13,0.4197137678404002
5998,7.812883177628306e-09,3.928633113034165e-13,0.3928633113034165
5999,7.81283872821237e-09,3.484138953672679e-13,0.3484138953672679
6000,7.812910267314052e-09,4.1995299704975913e-13,0.41995299704975914
6001,7.812885039637117e-09,3.947253201144431e-13,0.3947253201144431
6002,7.81283731571378e-09,3.470013967769538e-13,0.3470013967769538
6003,7.812867405034571e-09,3.7709071756885775e-13,0.37709071756885776
6004,7.812880573347582e-09,3.90259030580052e-13,0.390259030580052
6005,7.812853573975877e-09,3.632596588746774e-13,0.3632596588746774
6006,7.812812452708245e-09,3.2213839124235326e-13,0.3221383912423533
6007,7.812884442377245e-09,3.9412806024267515e-13,0.39412806024267516
6008,7.812858033977039e-09,3.677196600364681e-13,0.3677196600364681
6009,7.812813108271088e-09,3.227939540859466e-13,0.32279395408594663
6010,7.812840294098462e-09,3.499797814599344e-13,0.3499797814599344
6011,7.812857829442299e-09,3.675151252966287e-13,0.3675151252966287
6012,7.812829756466497e-09,3.3944214949500467e-13,0.3394421494950047
6013,7.812788745299596e-09,2.984309825932964e-13,0.2984309825932964
6014,7.812854200075527e-09,3.638857585242335e-13,0.3638857585242335
6015,7.812813213194754e-09,3.228988777511889e-13,0.3228988777511889
6016,7.800110745969984e-09,-1.2379568347017954e-11,-12.379568347017955
6017,7.80339878009447e-09,-9.09153422253287e-12,-9.09153422253287
6018,7.805752464182377e-09,-6.737850134624944e-12,-6.737850134624944
6019,7.807682015237988e-09,-4.808299079014607e-12,-4.808299079014606
6020,7.808547468915678e-09,-3.942845401324506e-12,-3.9428454013245062
6021,7.80923263289093e-09,-3.2576814260724578e-12,-3.2576814260724576
6022,7.809756014711669e-09,-2.7342996053336997e-12,-2.7342996053336996
6023,7.810170182733379e-09,-2.320131583623643e-12,-2.3201315836236427
6024,7.810530222422413e-09,-1.9600918945890015e-12,-1.9600918945890016
6025,7.810837289429868e-09,-1.6530248871341234e-12,-1.6530248871341233
6026,7.811085992316495e-09,-1.4043220005071814e-12,-1.4043220005071815
6027,7.811293139848045e-09,-1.1971744689573725e-12,-1.1971744689573725
6028,7.811484729701836e-09,-1.0055846151664814e-12,-1.0055846151664813
6029,7.811653678080344e-09,-8.36636236658768e-13,-0.8366362366587681
6030,7.811785437944864e-09,-7.048763721380678e-13,-0.7048763721380679
6031,7.81192762314511e-09,-5.626911718924531e-13,-0.5626911718924531
6032,7.812106268519428e-09,-3.8404579757424657e-13,-0.38404579757424656
6033,7.812182956524333e-09,-3.0735779266956737e-13,-0.30735779266956736
6034,7.812275297969153e-09,-2.1501634784908559e-13,-0.21501634784908558
6035,7.812337705025672e-09,-1.5260929133005958e-13,-0.15260929133005957
6036,7.812472913249413e-09,-1.74010675896606e-14,-0.0174010675896606
6037,7.812540322082919e-09,5.0007765916747095e-14,0.0500077659167471
6038,7.812580337681176e-09,9.002336417357053e-14,0.09002336417357053
6039,7.812612579116175e-09,1.222647991728039e-13,0.1222647991728039
6040,7.812737721498526e-09,2.474071815236302e-13,0.24740718152363023
6041,7.812772200862335e-09,2.8188654533214524e-13,0.28188654533214524
6042,7.812776291990812e-09,2.8597767380980204e-13,0.28597767380980205
6043,7.812829153297724e-09,3.3883898072139667e-13,0.3388389807213967
6044,7.812909581691703e-09,4.192673747009336e-13,0.4192673747009336
6045,7.812917435137245e-09,4.2712082024238667e-13,0.4271208202423867
6046,7.812901582231234e-09,4.1126791423190106e-13,0.41126791423190107
6047,7.813003950865637e-09,5.136365486345064e-13,0.5136365486345064
6048,7.81300949431003e-09,5.191799930272619e-13,0.5191799930272618
6049,7.812984464527096e-09,4.941502100934787e-13,0.49415021009347876
6050,7.813052489512697e-09,5.6217519569451e-13,0.5621751956945099
6051,7.813072406930022e-09,5.820926130193179e-13,0.5820926130193178
6052,7.813059831675599e-09,5.695173585964732e-13,0.5695173585964731
6053,7.813067935002636e-09,5.776206856336298e-13,0.5776206856336298
6054,7.813127798873224e-09,6.374845562217109e-13,0.6374845562217109
6055,7.81310784413224e-09,6.175298152371152e-13,0.6175298152371151
6056,7.81307387325925e-09,5.835589422474959e-13,0.5835589422474958
6057,7.81317635074755e-09,6.860364305482188e-13,0.6860364305482187
6058,7.813133713711071e-09,6.433993940686513e-13,0.6433993940686512
6059,7.813103501821224e-09,6.131875042211478e-13,0.6131875042211478
6060,7.813180176897017e-09,6.898625800149201e-13,0.6898625800149201
6061,7.813146171573504e-09,6.558572565012701e-13,0.65585725650127
6062,7.813112028502104e-09,6.217141851016057e-13,0.6217141851016057
6063,7.813177789375413e-09,6.874750584108898e-13,0.6874750584108897
6064,7.813167760993209e-09,6.774466762063765e-13,0.6774466762063764
6065,7.813123846359994e-09,6.335320429918064e-13,0.6335320429918063
6066,7.813163920830429e-09,6.736065134265958e-13,0.6736065134265957
6067,7.813169372713948e-09,6.790583969458848e-13,0.6790583969458848
6068,7.813137322721948e-09,6.470084049452581e-13,0.647008404945258
6069,7.81313994678936e-09,6.496324723582704e-13,0.6496324723582704
6070,7.813173710254475e-09,6.833959374722933e-13,0.6833959374722932
6071,7.813140439694773e-09,6.501253777709366e-13,0.6501253777709366
6072,7.81311117092529e-09,6.20856608288224e-13,0.620856608288224
6073,7.81317686471359e-09,6.865503965880855e-13,0.6865503965880855
6074,7.813133284014645e-09,6.429696976426409e-13,0.6429696976426409
6075,7.813089828730786e-09,5.995144137834986e-13,0.5995144137834986
6076,7.813167812547022e-09,6.774982300196782e-13,0.6774982300196781
6077,7.81313382776914e-09,6.435134521371967e-13,0.6435134521371967
6078,7.813078049660228e-09,5.877353432260187e-13,0.5877353432260186
6079,7.813139611906415e-09,6.49297589412244e-13,0.6492975894122439
6080,7.81310644187936e-09,6.161275623573311e-13,0.616127562357331
6081,7.813072027540576e-09,5.817132235741109e-13,0.5817132235741108
6082,7.813115906747485e-09,6.25592430482695e-13,0.625592430482695
6083,7.813115639030864e-09,6.25324713861254e-13,0.625324713861254
6084,7.813073935248509e-09,5.836209315067077e-13,0.5836209315067077
6085,7.813071581147437e-09,5.812668304346443e-13,0.5812668304346442
6086,7.81310583347931e-09,6.155191623082408e-13,0.6155191623082408
6087,7.813073336904435e-09,5.830225874327673e-13,0.5830225874327672
6088,7.813024957526674e-09,5.346432096719019e-13,0.5346432096719018
6089,7.813105436905261e-09,6.151225882585999e-13,0.6151225882585999
6090,7.813065814601342e-09,5.755002843398456e-13,0.5755002843398456
6091,7.813009531660794e-09,5.19217343792104e-13,0.5192173437921039
6092,7.813076968683557e-09,5.866543665549963e-13,0.5866543665549963
6093,7.813055195871055e-09,5.64881554052414e-13,0.5648815540524139
6094,7.813003500244109e-09,5.131859271065671e-13,0.5131859271065671
6095,7.813039128726695e-09,5.488144096926452e-13,0.5488144096926452
6096,7.813042271259587e-09,5.519569425845401e-13,0.5519569425845401
6097,7.813010336518277e-09,5.200222012748486e-13,0.5200222012748486
6098,7.812985653707144e-09,4.953393901413152e-13,0.4953393901413152
6099,7.813042119742333e-09,5.518054253309353e-13,0.5518054253309352
6100,7.813006816168033e-09,5.165018510308968e-13,0.5165018510308967
6101,7.812953972967298e-09,4.636586502955827e-13,0.4636586502955827
6102,7.81302360270764e-09,5.33288390637164e-13,0.5332883906371639
6103,7.812999135273268e-09,5.088209562651948e-13,0.5088209562651947
6104,7.812947117448541e-09,4.568031315387396e-13,0.4568031315387396
6105,7.812986315639675e-09,4.960013226726719e-13,0.4960013226726719
6106,7.812989163323786e-09,4.988490067837594e-13,0.4988490067837594
6107,7.812954814335289e-09,4.645000182864857e-13,0.46450001828648574
6108,7.812922675736866e-09,4.323614198633126e-13,0.4323614198633126
6109,7.812996830015503e-09,5.065156985010018e-13,0.5065156985010018
6110,7.812951257311906e-09,4.609429949040496e-13,0.4609429949040496
6111,7.812904290785102e-09,4.1397646809920434e-13,0.41397646809920435
6112,7.812965144125697e-09,4.7482980869495e-13,0.47482980869495
6113,7.812947127640042e-09,4.568133230391609e-13,0.45681332303916095
6114,7.812908305992322e-09,4.1799167531973285e-13,0.41799167531973286
6115,7.812916908621565e-09,4.265943045623734e-13,0.4265943045623734
6116,7.812945946727035e-09,4.556324100328897e-13,0.45563241003288973
6117,7.812917096486696e-09,4.267821696938108e-13,0.42678216969381083
6118,7.812868851712635e-09,3.7853739563265947e-13,0.3785373956326595
6119,7.812941504262844e-09,4.51189945841239e-13,0.451189945841239
6120,7.81291565081152e-09,4.2533649451701865e-13,0.42533649451701866
6121,7.812866752670124e-09,3.764383531216732e-13,0.37643835312167323
6122,7.812899728164204e-09,4.094138472017879e-13,0.4094138472017879
6123,7.812915939968239e-09,4.2562565123642053e-13,0.42562565123642054
6124,7.812877264470972e-09,3.869501539698435e-13,0.3869501539698435
6125,7.812839271207923e-09,3.4895689092030296e-13,0.34895689092030296
6126,7.812915240251262e-09,4.249259342593527e-13,0.4249259342593527
6127,7.81288431267956e-09,3.9399836255779157e-13,0.3939983625577916
6128,7.812834470170968e-09,3.4415585396515696e-13,0.34415585396515697
6129,7.812877278050604e-09,3.8696373360205387e-13,0.3869637336020539
6130,7.81287949665351e-09,3.8918233650761096e-13,0.38918233650761097
6131,7.812854677287113e-09,3.64362970110453e-13,0.364362970110453
6132,7.812812742759431e-09,3.2242844242854745e-13,0.32242844242854746
6133,7.812889018469354e-09,3.987041523520847e-13,0.39870415235208473
6134,7.812858152832702e-09,3.678385156996268e-13,0.36783851569962683
6135,7.81280873194323e-09,3.184176262268175e-13,0.3184176262268175
6136,7.812851243293572e-09,3.6092897656953964e-13,0.36092897656953965
6137,7.81286187747374e-09,3.715631567379292e-13,0.3715631567379292
6138,7.812823163812557e-09,3.328494955548807e-13,0.3328494955548807
6139,7.812789417965729e-09,2.9910364872616073e-13,0.29910364872616074
6140,7.812859318593983e-09,3.6900427698053755e-13,0.36900427698053756
6141,7.81283430645644e-09,3.4399213943711165e-13,0.34399213943711165
6142,7.812806956751907e-09,3.166424349047527e-13,0.3166424349047527
6143,7.812789299896112e-09,2.9898557910957706e-13,0.29898557910957707
6144,7.800237793973179e-09,-1.2252520343823713e-11,-12.252520343823713
6145,7.803658283017092e-09,-8.832031299910202e-12,-8.832031299910202
6146,7.80590316660384e-09,-6.587147713162826e-12,-6.587147713162826
6147,7.807898073962719e-09,-4.592240354283868e-12,-4.5922403542838675
6148,7.808786805813418e-09,-3.703508503584797e-12,-3.703508503584797
6149,7.80943055798196e-09,-3.059756335042245e-12,-3.059756335042245
6150,7.80994020884297e-09,-2.5501054740320926e-12,-2.5501054740320925
6151,7.810343883088693e-09,-2.1464312283090885e-12,-2.1464312283090883
6152,7.810676413722581e-09,-1.8139005944211071e-12,-1.813900594421107
6153,7.81095808052943e-09,-1.5322337875722418e-12,-1.5322337875722418
6154,7.811192592835923e-09,-1.2977214810798763e-12,-1.2977214810798763
6155,7.811473166766982e-09,-1.0171475500208764e-12,-1.0171475500208764
6156,7.811638661663414e-09,-8.516526535881268e-13,-0.8516526535881268
6157,7.811791996907222e-09,-6.983174097804538e-13,-0.6983174097804539
6158,7.811935512369323e-09,-5.54801947679308e-13,-0.554801947679308
6159,7.812037434447956e-09,-4.528798690464951e-13,-0.4528798690464951
6160,7.812197240264539e-09,-2.9307405246332003e-13,-0.29307405246332
6161,7.812315012782622e-09,-1.7530153437996394e-13,-0.17530153437996393
6162,7.812394094001193e-09,-9.622031580984886e-14,-0.09622031580984887
6163,7.812442035469696e-09,-4.827884730645033e-14,-0.04827884730645033
6164,7.812551135996703e-09,6.082167970028045e-14,0.060821679700280455
6165,7.812644936940278e-09,1.546226232752536e-13,0.1546226232752536
6166,7.812689587313086e-09,1.9927299608407239e-13,0.1992729960840724
6167,7.81270176851423e-09,2.1145419722732721e-13,0.21145419722732722
6168,7.812817407783224e-09,3.2709346622115514e-13,0.32709346622115515
6169,7.812853909129874e-09,3.63594812871247e-13,0.363594812871247
6170,7.812873790497476e-09,3.8347618047381975e-13,0.38347618047381976
6171,7.812891062922286e-09,4.007486052836863e-13,0.40074860528368633
6172,7.812990916722645e-09,5.006024056421572e-13,0.5006024056421572
6173,7.812989035957136e-09,4.987216401335466e-13,0.49872164013354664
6174,7.81298272728285e-09,4.924129658474509e-13,0.4924129658474509
6175,7.813065786981292e-09,5.754726642895015e-13,0.5754726642895015
6176,7.81307200723889e-09,5.816929218884311e-13,0.581692921888431
6177,7.813060277797688e-09,5.699634806853966e-13,0.5699634806853966
6178,7.813099172439318e-09,6.088581223160873e-13,0.6088581223160873
6179,7.813125280488418e-09,6.349661714154616e-13,0.6349661714154615
6180,7.813119139892574e-09,6.288255755711554e-13,0.6288255755711554
6181,7.813105897094873e-09,6.155827778707114e-13,0.6155827778707114
6182,7.81319655022007e-09,7.062359030681988e-13,0.7062359030681987
6183,7.813140843234822e-09,6.505289178195357e-13,0.6505289178195357
6184,7.813135017247343e-09,6.447029303406306e-13,0.6447029303406305
6185,7.813207086225732e-09,7.167719087298698e-13,0.7167719087298697
6186,7.813177121018984e-09,6.868067019816611e-13,0.686806701981661
6187,7.813135418944248e-09,6.451046272455365e-13,0.6451046272455364
6188,7.81322538823603e-09,7.350739190277829e-13,0.7350739190277829
6189,7.813192550706676e-09,7.02236389674117e-13,0.702236389674117
6190,7.813143653297118e-09,6.53338980115238e-13,0.6533389801152379
6191,7.8132217178051e-09,7.314034880981048e-13,0.7314034880981047
6192,7.813199512666982e-09,7.091983499792438e-13,0.7091983499792438
6193,7.81314454009318e-09,6.542257761771682e-13,0.6542257761771682
6194,7.81321881826902e-09,7.285039520181182e-13,0.7285039520181181
6195,7.813197384784693e-09,7.070704676904695e-13,0.7070704676904694
6196,7.813143652917647e-09,6.533386006444776e-13,0.6533386006444776
6197,7.81319767274879e-09,7.073584317874816e-13,0.7073584317874816
6198,7.81319121288251e-09,7.008985655084328e-13,0.7008985655084328
6199,7.813147237913445e-09,6.569235964429639e-13,0.6569235964429638
6200,7.813172681644769e-09,6.82367327766202e-13,0.6823673277662019
6201,7.81318475746146e-09,6.944431444582912e-13,0.6944431444582911
6202,7.813149424152916e-09,6.591098359136723e-13,0.6591098359136722
6203,7.813125002038195e-09,6.34687721192513e-13,0.6346877211925129
6204,7.81319685165538e-09,7.065373383772041e-13,0.706537338377204
6205,7.813135960774284e-09,6.456464572812361e-13,0.645646457281236
6206,7.813095375536205e-09,6.050612192029888e-13,0.6050612192029887
6207,7.813178661561851e-09,6.883472448485457e-13,0.6883472448485457
6208,7.813114878544355e-09,6.245642273524184e-13,0.6245642273524183
6209,7.813082674541436e-09,5.923602244331901e-13,0.59236022443319
6210,7.813155836070354e-09,6.655217533516429e-13,0.6655217533516429
6211,7.81311944967624e-09,6.291353592368888e-13,0.6291353592368888
6212,7.813067259436262e-09,5.769451192599541e-13,0.5769451192599541
6213,7.813123705088451e-09,6.333907714487315e-13,0.6333907714487315
6214,7.813111027187188e-09,6.207128701852068e-13,0.6207128701852067
6215,7.81305624394219e-09,5.659296251875014e-13,0.5659296251875013
6216,7.813091383774857e-09,6.010694578544403e-13,0.6010694578544402
6217,7.813096082896808e-09,6.057685798053726e-13,0.6057685798053726
6218,7.813062409284949e-09,5.720949679463945e-13,0.5720949679463945
6219,7.813039789005818e-09,5.494746888156889e-13,0.5494746888156888
6220,7.813091140669625e-09,6.008263526223147e-13,0.6008263526223147
6221,7.813057021911459e-09,5.667075944563684e-13,0.5667075944563683
6222,7.813000780007963e-09,5.104656909608553e-13,0.5104656909608553
6223,7.813077414832751e-09,5.871005157489741e-13,0.587100515748974
6224,7.81304699119822e-09,5.566768812171842e-13,0.5566768812171842
6225,7.812987550518844e-09,4.972362018420786e-13,0.49723620184207856
6226,7.813046992201107e-09,5.566778841041938e-13,0.5566778841041937
6227,7.813031405276994e-09,5.410909599916732e-13,0.5410909599916731
6228,7.81299171328598e-09,5.013989689782823e-13,0.5013989689782823
6229,7.812995719846689e-09,5.054055296864853e-13,0.5054055296864852
6230,7.813025787781593e-09,5.35473464590537e-13,0.5354734645905369
6231,7.812994327541364e-09,5.040132243616337e-13,0.5040132243616336
6232,7.812945124820473e-09,4.548105034709828e-13,0.4548105034709828
6233,7.813021202880341e-09,5.308885633384759e-13,0.5308885633384759
6234,7.812988949735958e-09,4.986354189557797e-13,0.49863541895577973
6235,7.812931603328604e-09,4.4128901160210137e-13,0.4412890116021014
6236,7.81298893306635e-09,4.986187493473778e-13,0.49861874934737777
6237,7.812975318387304e-09,4.850040703017712e-13,0.48500407030177123
6238,7.812942179910532e-09,4.5186559353007765e-13,0.45186559353007766
6239,7.812931451865561e-09,4.4113754855860514e-13,0.44113754855860515
6240,7.812977065416475e-09,4.867510994724057e-13,0.48675109947240575
6241,7.812944775815794e-09,4.544614987916597e-13,0.4544614987916597
6242,7.812893800912242e-09,4.034865952399726e-13,0.4034865952399726
6243,7.812962534098702e-09,4.722197817000713e-13,0.47221978170007134
6244,7.812935766583632e-09,4.4545226662928277e-13,0.4454522666292828
6245,7.812894640464195e-09,4.0432614719223674e-13,0.40432614719223675
6246,7.812918126072184e-09,4.2781175518185737e-13,0.4278117551818574
6247,7.812933348433316e-09,4.430341163138797e-13,0.44303411631387973
6248,7.812905888357003e-09,4.1557404000036173e-13,0.41557404000036174
6249,7.812860528997288e-09,3.7021468028590037e-13,0.3702146802859004
6250,7.812935954394553e-09,4.4564007755061157e-13,0.4456400775506116
6251,7.812904830392523e-09,4.145160755204504e-13,0.4145160755204504
6252,7.81285342587386e-09,3.631115568579159e-13,0.3631115568579159
6253,7.812899716210875e-09,4.0940189387283626e-13,0.40940189387283626
6254,7.812898908588677e-09,4.085942716745518e-13,0.4085942716745518
6255,7.812871949088506e-09,3.8163477150407037e-13,0.3816347715040704
6256,7.812832441140812e-09,3.4212682380945896e-13,0.34212682380945897
6257,7.81291546660557e-09,4.2515228856791336e-13,0.4251522885679134
6258,7.812866863719532e-09,3.7654940252919005e-13,0.37654940252919006
6259,7.812839139233413e-09,3.4882491641085716e-13,0.34882491641085717
6260,7.812858544256791e-09,3.682299397889484e-13,0.3682299397889484
6261,7.81287183101889e-09,3.815167018874867e-13,0.3815167018874867
6262,7.812844072895399e-09,3.5375857839675245e-13,0.35375857839675245
6263,7.812805907162889e-09,3.155928458866238e-13,0.3155928458866238
6264,7.81288317459254e-09,3.9286027553733354e-13,0.39286027553733355
6265,7.812850775216389e-09,3.6046089938662334e-13,0.36046089938662335
6266,7.812798644824372e-09,3.083305073696098e-13,0.3083305073696098
6267,7.812848285915306e-09,3.5797159830365093e-13,0.35797159830365094
6268,7.812850343161823e-09,3.6002884482088786e-13,0.36002884482088787
6269,7.812818223780884e-09,3.2790946388122204e-13,0.32790946388122205
6270,7.812782086671953e-09,2.917723549509767e-13,0.2917723549509767
6271,7.812840116207991e-09,3.4980189098848385e-13,0.34980189098848385
6272,7.800101337561687e-09,-1.2388976755315186e-11,-12.388976755315186
6273,7.803395482791717e-09,-9.094831525284887e-12,-9.094831525284887
6274,7.805685207760591e-09,-6.8051065564109546e-12,-6.805106556410955
6275,7.807639021282153e-09,-4.8512930348493564e-12,-4.851293034849356
6276,7.80857980651941e-09,-3.910507797592573e-12,-3.9105077975925733
6277,7.809226150364825e-09,-3.2641639521769115e-12,-3.2641639521769115
6278,7.809730884911084e-09,-2.7594294059178946e-12,-2.7594294059178948
6279,7.810163459920968e-09,-2.3268543960345737e-12,-2.3268543960345736
6280,7.81049592815902e-09,-1.994386157981619e-12,-1.994386157981619
6281,7.81078192979589e-09,-1.7083845211117764e-12,-1.7083845211117763
6282,7.81102427112627e-09,-1.4660431907318931e-12,-1.4660431907318932
6283,7.811280359977567e-09,-1.2099543394352195e-12,-1.2099543394352195
6284,7.811492573796134e-09,-9.97740520868766e-13,-0.9977405208687661
6285,7.811641860710344e-09,-8.48453606657991e-13,-0.8484536066579911
6286,7.811792497944151e-09,-6.97816372851494e-13,-0.697816372851494
6287,7.811919989087878e-09,-5.703252291243037e-13,-0.5703252291243037
6288,7.812009207949127e-09,-4.811063678757431e-13,-0.48110636787574307
6289,7.812203030148086e-09,-2.8728416891675863e-13,-0.2872841689167586
6290,7.812275281841646e-09,-2.150324753564013e-13,-0.2150324753564013
6291,7.812354400871767e-09,-1.359134452355208e-13,-0.1359134452355208
6292,7.812411987402797e-09,-7.832691420569122e-14,-0.07832691420569123
6293,7.812507249715375e-09,1.693539837252083e-14,0.016935398372520827
6294,7.812597113649811e-09,1.0679933280865599e-13,0.10679933280865599
6295,7.812639870788786e-09,1.4955647178388059e-13,0.1495564717838806
6296,7.812667708953502e-09,1.7739463649999858e-13,0.1773946364999986
6297,7.812762551923785e-09,2.7223760678294755e-13,0.27223760678294756
6298,7.812800597065909e-09,3.102827489064415e-13,0.31028274890644153
6299,7.812823782404107e-09,3.334680871043923e-13,0.3334680871043923
6300,7.812842646708756e-09,3.523323917540107e-13,0.3523323917540107
6301,7.81293493502767e-09,4.446207106680407e-13,0.4446207106680407
6302,7.812938373330915e-09,4.4805901391258967e-13,0.4480590139125897
6303,7.812919600017933e-09,4.292857009302971e-13,0.4292857009302971
6304,7.813017140781376e-09,5.268264643739874e-13,0.5268264643739874
6305,7.813022458820137e-09,5.321445031350831e-13,0.5321445031350831
6306,7.812997004599158e-09,5.066902821558263e-13,0.5066902821558262
6307,7.813057210427111e-09,5.668961101091093e-13,0.5668961101091092
6308,7.813080103193353e-09,5.897888763508148e-13,0.5897888763508148
6309,7.813065532790093e-09,5.752184730901623e-13,0.5752184730901623
6310,7.813069673168454e-09,5.793588514515043e-13,0.5793588514515042
6311,7.813130243993069e-09,6.399296760661545e-13,0.6399296760661545
6312,7.813108165083188e-09,6.178507661852252e-13,0.6178507661852252
6313,7.813074135527755e-09,5.838212107530201e-13,0.5838212107530201
6314,7.813167506639379e-09,6.771923223767114e-13,0.6771923223767113
6315,7.813134698085328e-09,6.443837683261052e-13,0.6443837683261051
6316,7.81309185410176e-09,6.015397847568645e-13,0.6015397847568644
6317,7.813171605140432e-09,6.812908234291411e-13,0.681290823429141
6318,7.813155869274046e-09,6.655549570431753e-13,0.6655549570431752
6319,7.813104367692184e-09,6.14053375181149e-13,0.614053375181149
6320,7.813171175281375e-09,6.808609643728049e-13,0.6808609643728049
6321,7.813161794438918e-09,6.714801219158086e-13,0.6714801219158085
6322,7.813119138401796e-09,6.288240847931682e-13,0.6288240847931682
6323,7.813153457574733e-09,6.631432577306985e-13,0.6631432577306985
6324,7.813163390384516e-09,6.730760675137072e-13,0.6730760675137072
6325,7.813132626337607e-09,6.423120206048112e-13,0.6423120206048112
6326,7.813127062998105e-09,6.367486811021907e-13,0.6367486811021906
6327,7.813167476227508e-09,6.771619105057732e-13,0.6771619105057731
6328,7.813133445289718e-09,6.431309727157982e-13,0.6431309727157981
6329,7.813096067717977e-09,6.057534009749578e-13,0.6057534009749578
6330,7.813171225263095e-09,6.809109460929565e-13,0.6809109460929564
6331,7.813132127143822e-09,6.418128268195446e-13,0.6418128268195445
6332,7.813079978726944e-09,5.896644099414135e-13,0.5896644099414134
6333,7.813154048410707e-09,6.637340937045945e-13,0.6637340937045945
6334,7.813126677699758e-09,6.363633827551436e-13,0.6363633827551436
6335,7.813074017241298e-09,5.837029242960019e-13,0.5837029242960019
6336,7.813103104244287e-09,6.127899272844974e-13,0.6127899272844973
6337,7.813111666053318e-09,6.213517363153438e-13,0.6213517363153438
6338,7.813075062303772e-09,5.847479867700607e-13,0.5847479867700607
6339,7.813091631189793e-09,6.013168727902015e-13,0.6013168727902014
6340,7.813108207285757e-09,6.178929687547892e-13,0.6178929687547892
6341,7.813072686599972e-09,5.823722829697105e-13,0.5823722829697104
6342,7.813045566610775e-09,5.552522937726469e-13,0.5552522937726468
6343,7.813112444374952e-09,6.221300579499169e-13,0.6221300579499168
6344,7.813057144859985e-09,5.668305429827282e-13,0.5668305429827282
6345,7.81301566797404e-09,5.253536570378288e-13,0.5253536570378288
6346,7.813090836496705e-09,6.005221797028239e-13,0.6005221797028238
6347,7.813059062163107e-09,5.687478461045516e-13,0.5687478461045515
6348,7.813012215305117e-09,5.219009881144944e-13,0.5219009881144944
6349,7.813053099132473e-09,5.627848154710442e-13,0.5627848154710442
6350,7.813043844003258e-09,5.535296862559476e-13,0.5535296862559476
6351,7.81300335867441e-09,5.130443574078948e-13,0.5130443574078948
6352,7.813015816970524e-09,5.255026535213826e-13,0.5255026535213826
6353,7.813038443375397e-09,5.481290583943628e-13,0.5481290583943628
6354,7.813005860091453e-09,5.155457744501448e-13,0.5155457744501447
6355,7.812961533705358e-09,4.71219388355519e-13,0.47121938835551896
6356,7.813038011835827e-09,5.476975188246593e-13,0.5476975188246592
6357,7.813001714861286e-09,5.114005442840809e-13,0.5114005442840809
6358,7.812944595404553e-09,4.542810875501581e-13,0.4542810875501581
6359,7.813009366184438e-09,5.190518674355284e-13,0.5190518674355283
6360,7.812989699705706e-09,4.993853887035423e-13,0.49938538870354227
6361,7.812949884440906e-09,4.595701239031398e-13,0.45957012390313984
6362,7.812959175213267e-09,4.688608962646569e-13,0.46886089626465693
6363,7.812989902505722e-09,4.995881887199057e-13,0.4995881887199057
6364,7.812954509810004e-09,4.641954930012889e-13,0.4641954930012889
6365,7.812913901342894e-09,4.2358702589149604e-13,0.42358702589149605
6366,7.81297533156036e-09,4.850172433581669e-13,0.4850172433581669
6367,7.81295338988337e-09,4.6307556636722e-13,0.46307556636721997
6368,7.812896787889228e-09,4.0647357222517016e-13,0.40647357222517017
6369,7.812949020331774e-09,4.587060147716689e-13,0.4587060147716689
6370,7.812942000366653e-09,4.5168604965031405e-13,0.45168604965031406
6371,7.812913785685627e-09,4.2347136862474615e-13,0.42347136862474616
6372,7.812884795122422e-09,3.944808054194933e-13,0.3944808054194933
6373,7.812949662423406e-09,4.593481064032691e-13,0.4593481064032691
6374,7.812914903118596e-09,4.2458880159381833e-13,0.42458880159381834
6375,7.812874556703151e-09,3.8424238614911526e-13,0.38424238614911527
6376,7.812907522249677e-09,4.172079326742974e-13,0.4172079326742974
6377,7.812912230695766e-09,4.2191637876391313e-13,0.42191637876391314
6378,7.81287256754453e-09,3.822532275283104e-13,0.3822532275283104
6379,7.812868765437247e-09,3.7845112024478394e-13,0.37845112024478395
6380,7.812918912525335e-09,4.2859820833272404e-13,0.42859820833272405
6381,7.812872873479279e-09,3.825591622763315e-13,0.3825591622763315
6382,7.81284254585085e-09,3.5223153384691524e-13,0.35223153384691525
6383,7.812887151337688e-09,3.968370206857931e-13,0.39683702068579313
6384,7.812877607431224e-09,3.8729311422205497e-13,0.387293114222055
6385,7.812844088209755e-09,3.537738927524388e-13,0.3537738927524388
6386,7.812842858832911e-09,3.525445159090575e-13,0.3525445159090575
6387,7.812884191791018e-09,3.9387747401555944e-13,0.39387747401555945
6388,7.812854963543591e-09,3.6464922658904346e-13,0.3646492265890435
6389,7.812806296689625e-09,3.159823726221435e-13,0.3159823726221435
6390,7.812870657397143e-09,3.8034308014082545e-13,0.38034308014082546
6391,7.812852414069288e-09,3.620997522854981e-13,0.3620997522854981
6392,7.812828681425833e-09,3.3836710883087666e-13,0.3383671088308767
6393,7.812806653066879e-09,3.163387498762395e-13,0.3163387498762395
6394,7.812859934908708e-09,3.6962059170548694e-13,0.36962059170548694
6395,7.812832068879996e-09,3.4175456299353606e-13,0.34175456299353607
6396,7.812781872081238e-09,2.915577642359875e-13,0.2915577642359875
6397,7.812845476883002e-09,3.5516256600001255e-13,0.35516256600001256
6398,7.812827839054955e-09,3.3752473795296405e-13,0.33752473795296406
6399,7.812793693191735e-09,3.0337887473270557e-13,0.3033788747327056
6400,7.800245293236975e-09,-1.2245021080026956e-11,-12.245021080026957
6401,7.803665670499645e-09,-8.824643817357429e-12,-8.82464381735743
6402,7.805987285730434e-09,-6.5030285865679314e-12,-6.503028586567932
6403,7.807933936416133e-09,-4.556377900868967e-12,-4.556377900868967
6404,7.808798292989645e-09,-3.692021327357205e-12,-3.692021327357205
6405,7.809465702747747e-09,-3.0246115692554214e-12,-3.024611569255421
6406,7.80995679965698e-09,-2.5335146600230134e-12,-2.5335146600230134
6407,7.810373861495603e-09,-2.1164528213994298e-12,-2.1164528213994296
6408,7.81071209091295e-09,-1.7782234040524301e-12,-1.77822340405243
6409,7.810997519765812e-09,-1.4927945511903116e-12,-1.4927945511903116
6410,7.811241544428485e-09,-1.2487698885174274e-12,-1.2487698885174274
6411,7.811440193061835e-09,-1.0501212551674065e-12,-1.0501212551674064
6412,7.81160870054953e-09,-8.816137674731343e-13,-0.8816137674731344
6413,7.811852755190392e-09,-6.375591266101808e-13,-0.6375591266101809
6414,7.811968532939109e-09,-5.217813778938722e-13,-0.5217813778938722
6415,7.812090568133558e-09,-3.997461834441178e-13,-0.3997461834441178
6416,7.812190715752705e-09,-2.995985642969033e-13,-0.2995985642969033
6417,7.812270964900961e-09,-2.1934941604153253e-13,-0.21934941604153252
6418,7.812457317814313e-09,-3.2996502689235217e-14,-0.032996502689235215
6419,7.812494729267372e-09,4.414950369495287e-15,0.004414950369495288
6420,7.812556754657621e-09,6.644034061875208e-14,0.06644034061875208
6421,7.812614558706712e-09,1.2424438970943657e-13,0.12424438970943656
6422,7.812723347579804e-09,2.330332628016864e-13,0.2330332628016864
6423,7.812761622247527e-09,2.7130793052509554e-13,0.27130793052509555
6424,7.812768896485163e-09,2.7858216816095254e-13,0.27858216816095255
6425,7.812870085670233e-09,3.7977135323021953e-13,0.37977135323021954
6426,7.812909160452054e-09,4.188461350518687e-13,0.4188461350518687
6427,7.812923322409251e-09,4.330080922490916e-13,0.4330080922490916
6428,7.812935349762106e-09,4.450354451040707e-13,0.4450354451040707
6429,7.813031341580116e-09,5.410272631140396e-13,0.5410272631140396
6430,7.813028102526126e-09,5.377882091237392e-13,0.5377882091237391
6431,7.81300409192034e-09,5.137776033371468e-13,0.5137776033371467
6432,7.813100879596954e-09,6.105652799518287e-13,0.6105652799518286
6433,7.813101256140369e-09,6.109418233663329e-13,0.6109418233663328
6434,7.813065686855221e-09,5.753725382188725e-13,0.5753725382188725
6435,7.813142990253279e-09,6.526759362766545e-13,0.6526759362766544
6436,7.813148076787771e-09,6.577624707688702e-13,0.6577624707688702
6437,7.813116203114149e-09,6.258887971465439e-13,0.6258887971465439
6438,7.813159981544466e-09,6.696672274631956e-13,0.6696672274631955
6439,7.81318246358782e-09,6.921492708169093e-13,0.6921492708169092
6440,7.813159578654938e-09,6.692643379358999e-13,0.6692643379358999
6441,7.813158148483853e-09,6.678341668501743e-13,0.6678341668501743
6442,7.81321004967553e-09,7.197353585279244e-13,0.7197353585279244
6443,7.81318131360168e-09,6.909992846776082e-13,0.6909992846776082
6444,7.81315214121777e-09,6.618269007680296e-13,0.6618269007680295
6445,7.813228278258236e-09,7.379639412337059e-13,0.7379639412337059
6446,7.81319341568317e-09,7.031013661673259e-13,0.7031013661673259
6447,7.81314676333105e-09,6.564490140470127e-13,0.6564490140470126
6448,7.813231450986158e-09,7.411366691561046e-13,0.7411366691561045
6449,7.813197943175917e-09,7.076288589143538e-13,0.7076288589143538
6450,7.813144640896877e-09,6.54326579874155e-13,0.654326579874155
6451,7.8132199234234e-09,7.29609106397587e-13,0.7296091063975869
6452,7.813197046134144e-09,7.067318171418936e-13,0.7067318171418936
6453,7.81313925552916e-09,6.48941212158148e-13,0.6489412121581479
6454,7.813205904770625e-09,7.155904536225123e-13,0.7155904536225123
6455,7.813188584884865e-09,6.982705678625452e-13,0.6982705678625452
6456,7.813151448331267e-09,6.611340142646484e-13,0.6611340142646484
6457,7.813164836764424e-09,6.745224474219115e-13,0.6745224474219115
6458,7.813180115233019e-09,6.8980091601636e-13,0.68980091601636
6459,7.813136514205283e-09,6.461998882801813e-13,0.6461998882801813
6460,7.813149943567072e-09,6.596292500694558e-13,0.6596292500694557
6461,7.813168468164076e-09,6.781538470733802e-13,0.6781538470733801
6462,7.813132504310653e-09,6.42189993650298e-13,0.6421899936502979
6463,7.813090298081906e-09,5.999837649039676e-13,0.5999837649039675
6464,7.813167045094514e-09,6.767307775118843e-13,0.6767307775118843
6465,7.813120879115489e-09,6.30564798486148e-13,0.630564798486148
6466,7.813073485141977e-09,5.831708249748004e-13,0.5831708249748003
6467,7.813153661594477e-09,6.63347277474506e-13,0.663347277474506
6468,7.813115281704933e-09,6.249673879302571e-13,0.6249673879302571
6469,7.813060241314285e-09,5.699269972822925e-13,0.5699269972822925
6470,7.813124547974325e-09,6.34233657322676e-13,0.634233657322676
6471,7.813103634663095e-09,6.133203460923316e-13,0.6133203460923315
6472,7.81304730610474e-09,5.569917877381826e-13,0.5569917877381826
6473,7.81309352401705e-09,6.03209700047981e-13,0.6032097000479809
6474,7.813085935957096e-09,5.95621640093298e-13,0.595621640093298
6475,7.813050416030252e-09,5.601017132497401e-13,0.56010171324974
6476,7.81304443605896e-09,5.541217419572876e-13,0.5541217419572876
6477,7.813082910111463e-09,5.925957944602169e-13,0.5925957944602168
6478,7.813041705848154e-09,5.513915311515889e-13,0.5513915311515889
6479,7.812997295599021e-09,5.069812820189214e-13,0.5069812820189213
6480,7.813074072400084e-09,5.837580830815271e-13,0.5837580830815271
6481,7.813037672426337e-09,5.473581093345627e-13,0.5473581093345626
6482,7.812982577961106e-09,4.922636441032453e-13,0.49226364410324536
6483,7.813040215829108e-09,5.499015121059421e-13,0.5499015121059421
6484,7.813021859744227e-09,5.315454272246763e-13,0.5315454272246762
6485,7.812985295676481e-09,4.949813594789061e-13,0.49498135947890615
6486,7.812994899918796e-09,5.045856017935431e-13,0.5045856017935431
6487,7.813015925824422e-09,5.256115074195002e-13,0.5256115074195001
6488,7.812984733626075e-09,4.944193090726897e-13,0.49441930907268966
6489,7.81293737036259e-09,4.4705604558787764e-13,0.44705604558787765
6490,7.813016417022216e-09,5.261027052137447e-13,0.5261027052137447
6491,7.81297625920374e-09,4.859448867369455e-13,0.4859448867369455
6492,7.81292798569832e-09,4.376713813182233e-13,0.4376713813182233
6493,7.812984864218227e-09,4.945499012243655e-13,0.49454990122436554
6494,7.81296802035143e-09,4.777060344282282e-13,0.4777060344282282
6495,7.812933093103705e-09,4.427787867022594e-13,0.4427787867022594
6496,7.81292976940063e-09,4.3945508362734214e-13,0.43945508362734215
6497,7.812967919574839e-09,4.776052578362956e-13,0.47760525783629565
6498,7.812937372151524e-09,4.4705783452146224e-13,0.44705783452146225
6499,7.812883921905992e-09,3.936075889897735e-13,0.3936075889897735
6500,7.812958480348095e-09,4.68166031092311e-13,0.468166031092311
6501,7.812932573011922e-09,4.422586949201181e-13,0.4422586949201181
6502,7.812884603272847e-09,3.94288955845072e-13,0.394288955845072
6503,7.812915319316705e-09,4.250049997027812e-13,0.4250049997027812
6504,7.81292465150559e-09,4.3433718858728725e-13,0.43433718858728726
6505,7.81289818388084e-09,4.078695638374082e-13,0.4078695638374082
6506,7.812853777914306e-09,3.6346359730332194e-13,0.36346359730332195
6507,7.812930735777131e-09,4.404214601287328e-13,0.4404214601287328
6508,7.812899258460718e-09,4.089441437156129e-13,0.4089441437156129
6509,7.81284681825793e-09,3.565039409278116e-13,0.3565039409278116
6510,7.812895427920232e-09,4.0511360323011296e-13,0.405113603230113
6511,7.8128919730558e-09,4.016587387973793e-13,0.4016587387973793
6512,7.812864091387471e-09,3.737770704690903e-13,0.3737770704690903
6513,7.812826223973189e-09,3.35909656186721e-13,0.33590965618672103
6514,7.812904327837711e-09,4.1401352070844904e-13,0.41401352070844905
6515,7.812869832292185e-09,3.7951797518250967e-13,0.3795179751825097
6516,7.812817388538635e-09,3.270742216325935e-13,0.32707422163259353
6517,7.812869161550511e-09,3.788472335085015e-13,0.3788472335085015
6518,7.812864702118555e-09,3.743878015528514e-13,0.3743878015528514
6519,7.812839544508185e-09,3.4923019118293224e-13,0.34923019118293225
6520,7.812800350572545e-09,3.1003625554252694e-13,0.31003625554252695
6521,7.812877573468591e-09,3.8725915158900186e-13,0.38725915158900187
6522,7.812843136578403e-09,3.5282226140059396e-13,0.352822261400594
6523,7.812794400335497e-09,3.0408601849465493e-13,0.30408601849465494
6524,7.812840343890447e-09,3.500295734447058e-13,0.3500295734447058
6525,7.812840938358498e-09,3.506240414958796e-13,0.3506240414958796
6526,7.812817914593529e-09,3.276002765266835e-13,0.3276002765266835
6527,7.81276018874252e-09,2.698744255176895e-13,0.26987442551768953
6528,7.800156970062247e-09,-1.2333344254755772e-11,-12.333344254755772
6529,7.803538034018617e-09,-8.952280298385841e-12,-8.95228029838584
6530,7.805759592242455e-09,-6.7307220745469924e-12,-6.730722074546993
6531,7.80780039593928e-09,-4.689918377722595e-12,-4.689918377722595
6532,7.808646969130603e-09,-3.843345186399537e-12,-3.843345186399537
6533,7.809315840230603e-09,-3.174474086399569e-12,-3.174474086399569
6534,7.809816101927904e-09,-2.6742123890980866e-12,-2.6742123890980865
6535,7.81023607419884e-09,-2.254240118162683e-12,-2.254240118162683
6536,7.81057845022871e-09,-1.9118640882918496e-12,-1.9118640882918496
6537,7.810870003116229e-09,-1.6203112007736096e-12,-1.6203112007736096
6538,7.811114444871477e-09,-1.3758694455249702e-12,-1.3758694455249703
6539,7.81131653544015e-09,-1.1737788768531225e-12,-1.1737788768531225
6540,7.811518732233529e-09,-9.715820834734255e-13,-0.9715820834734256
6541,7.811738676576216e-09,-7.516377407868245e-13,-0.7516377407868245
6542,7.81185913466308e-09,-6.311796539222218e-13,-0.6311796539222219
6543,7.811989477990357e-09,-5.008363266449282e-13,-0.5008363266449283
6544,7.812092733122666e-09,-3.975811943359901e-13,-0.3975811943359901
6545,7.812188329342409e-09,-3.0198497459370683e-13,-0.3019849745937068
6546,7.812357871538446e-09,-1.3244277855612314e-13,-0.13244277855612313
6547,7.8124110135453e-09,-7.930077170207201e-14,-0.07930077170207202
6548,7.812471814817087e-09,-1.8499499915659976e-14,-0.018499499915659978
6549,7.81252157999496e-09,3.126567795702211e-14,0.03126567795702211
6550,7.812661356070873e-09,1.7104175387031977e-13,0.17104175387031978
6551,7.81269289315393e-09,2.0257883692819794e-13,0.20257883692819795
6552,7.812709058174641e-09,2.1874385763908782e-13,0.21874385763908782
6553,7.812780342543024e-09,2.9002822602115357e-13,0.2900282260211536
6554,7.812854085719302e-09,3.637714023000906e-13,0.3637714023000906
6555,7.81286782622001e-09,3.7751190300781406e-13,0.37751190300781406
6556,7.812863815268283e-09,3.7350095128081256e-13,0.37350095128081257
6557,7.812970065048308e-09,4.797507313053186e-13,0.4797507313053186
6558,7.81297953322325e-09,4.892189062473086e-13,0.4892189062473086
6559,7.812960111557368e-09,4.697972403658697e-13,0.46979724036586973
6560,7.813028270658778e-09,5.379563417756374e-13,0.5379563417756373
6561,7.8130545622362e-09,5.642479191977591e-13,0.5642479191977591
6562,7.813047153991176e-09,5.568396741733829e-13,0.5568396741733829
6563,7.813041163584437e-09,5.508492674350203e-13,0.5508492674350203
6564,7.813139594152604e-09,6.492798356016695e-13,0.6492798356016695
6565,7.81309360370591e-09,6.032893889076586e-13,0.6032893889076586
6566,7.813069762506713e-09,5.794481897105171e-13,0.579448189710517
6567,7.813163483978269e-09,6.73169661266247e-13,0.673169661266247
6568,7.813150068006376e-09,6.597536893738028e-13,0.6597536893738027
6569,7.813087872450596e-09,5.975581335935744e-13,0.5975581335935743
6570,7.813176795324651e-09,6.864810076490465e-13,0.6864810076490464
6571,7.813164123982811e-09,6.738096658086652e-13,0.6738096658086652
6572,7.813113990962246e-09,6.236766452439131e-13,0.6236766452439131
6573,7.813182843031475e-09,6.925287144722249e-13,0.6925287144722249
6574,7.813174429649721e-09,6.841153327187917e-13,0.6841153327187917
6575,7.813134537975773e-09,6.442236587702834e-13,0.6442236587702833
6576,7.813169359188526e-09,6.790448715237831e-13,0.679044871523783
6577,7.81318090962795e-09,6.905953109481401e-13,0.6905953109481401
6578,7.813148042526983e-09,6.577282099802197e-13,0.6577282099802196
6579,7.81314739249357e-09,6.57078176567706e-13,0.657078176567706
6580,7.813190683818956e-09,7.003695019533142e-13,0.7003695019533142
6581,7.813145229862602e-09,6.549155455993035e-13,0.6549155455993034
6582,7.813122065070035e-09,6.317507530325213e-13,0.6317507530325213
6583,7.813189542452224e-09,6.992281352212844e-13,0.6992281352212844
6584,7.813151818992885e-09,6.615046758823669e-13,0.6615046758823668
6585,7.813101368788974e-09,6.110544719720541e-13,0.6110544719720541
6586,7.813181018536059e-09,6.907042190563663e-13,0.6907042190563663
6587,7.813147575967683e-09,6.572616506803449e-13,0.6572616506803448
6588,7.813091712613376e-09,6.013982963733551e-13,0.6013982963733551
6589,7.81315874330427e-09,6.684289872670542e-13,0.6684289872670541
6590,7.813137826659117e-09,6.475123421150293e-13,0.6475123421150293
6591,7.813082871351235e-09,5.925570342325505e-13,0.5925570342325505
6592,7.813113145094816e-09,6.228307778139943e-13,0.6228307778139942
6593,7.813118934951258e-09,6.286206342555013e-13,0.6286206342555013
6594,7.81308368775547e-09,5.933734384684321e-13,0.593373438468432
6595,7.813091169780453e-09,6.008554634506459e-13,0.6008554634506459
6596,7.813117145475572e-09,6.26831158569814e-13,0.626831158569814
6597,7.813084058173143e-09,5.937438561406618e-13,0.5937438561406617
6598,7.813045411081973e-09,5.550967649710038e-13,0.5550967649710038
6599,7.813115709937686e-09,6.253956206833346e-13,0.6253956206833345
6600,7.813076386900672e-09,5.860725836692406e-13,0.5860725836692405
6601,7.813021686000829e-09,5.313716838265355e-13,0.5313716838265354
6602,7.813092647602224e-09,6.023332852218523e-13,0.6023332852218523
6603,7.813066092184203e-09,5.757778672010562e-13,0.5757778672010562
6604,7.813009196913374e-09,5.188825963713491e-13,0.518882596371349
6605,7.81306191816847e-09,5.716038514673129e-13,0.5716038514673129
6606,7.813050529058329e-09,5.602147413262217e-13,0.5602147413262216
6607,7.813016134072554e-09,5.258197555517803e-13,0.5258197555517803
6608,7.813009953767805e-09,5.196394508029069e-13,0.5196394508029069
6609,7.813047221997757e-09,5.569076807546521e-13,0.556907680754652
6610,7.813013708034668e-09,5.233937176655725e-13,0.5233937176655724
6611,7.812965039147822e-09,4.747248308195991e-13,0.4747248308195991
6612,7.813039485944206e-09,5.491716272034249e-13,0.5491716272034248
6613,7.813006905533397e-09,5.165912163949639e-13,0.5165912163949639
6614,7.812951133767069e-09,4.608194500664949e-13,0.4608194500664949
6615,7.813008325187722e-09,5.180108707196164e-13,0.5180108707196164
6616,7.81299311570149e-09,5.028013844883923e-13,0.5028013844883923
6617,7.812960934575237e-09,4.706202582350035e-13,0.4706202582350035
6618,7.812952857025107e-09,4.625427081044976e-13,0.46254270810449766
6619,7.812993925302358e-09,5.036109853556416e-13,0.5036109853556415
6620,7.812960882425113e-09,4.705681081105069e-13,0.4705681081105069
6621,7.812911019777465e-09,4.207054604625184e-13,0.4207054604625184
6622,7.812983212517532e-09,4.928982005297468e-13,0.4928982005297468
6623,7.812957146535477e-09,4.66832218474665e-13,0.466832218474665
6624,7.812914316673641e-09,4.240023566387209e-13,0.42400235663872093
6625,7.812931922246674e-09,4.41607929671138e-13,0.441607929671138
6626,7.812946452263403e-09,4.561379464008654e-13,0.4561379464008654
6627,7.812918603202455e-09,4.2828888545291393e-13,0.42828888545291394
6628,7.812879135017875e-09,3.888207008729784e-13,0.38882070087297843
6629,7.812955544897818e-09,4.652305808153608e-13,0.4652305808153608
6630,7.812919177612766e-09,4.2886329576389675e-13,0.42886329576389676
6631,7.812863967625793e-09,3.736533087911011e-13,0.3736533087911011
6632,7.812925110963365e-09,4.347966463629323e-13,0.4347966463629323
6633,7.812908818169428e-09,4.18503852426015e-13,0.418503852426015
6634,7.812881373570101e-09,3.9105925309850924e-13,0.39105925309850925
6635,7.812861464175872e-09,3.7114985886977774e-13,0.37114985886977775
6636,7.812918703951942e-09,4.2838963493979214e-13,0.42838963493979215
6637,7.812885898514973e-09,3.955841979704318e-13,0.3955841979704318
6638,7.812843926717841e-09,3.536124008388471e-13,0.3536124008388471
6639,7.81288428280979e-09,3.939684927879396e-13,0.3939684927879396
6640,7.812880529030819e-09,3.9021471381625166e-13,0.39021471381625167
6641,7.812848958988015e-09,3.5864467101232993e-13,0.35864467101232994
6642,7.812837539520213e-09,3.472252032104091e-13,0.3472252032104091
6643,7.812888172547714e-09,3.978582307120572e-13,0.3978582307120572
6644,7.812857919268449e-09,3.6760495144661913e-13,0.36760495144661914
6645,7.812807104176298e-09,3.167898592951564e-13,0.3167898592951564
6646,7.812870954387223e-09,3.8064007022092355e-13,0.38064007022092355
6647,7.812853916122978e-09,3.6360180597525953e-13,0.36360180597525954
6648,7.812824683891108e-09,3.3436957410575967e-13,0.3343695741057597
6649,7.81280897681029e-09,3.1866249328747336e-13,0.31866249328747337
6650,7.812865049659562e-09,3.747353425592416e-13,0.3747353425592416
6651,7.812834003964033e-09,3.436896470309882e-13,0.3436896470309882
6652,7.812781029954306e-09,2.907156373035637e-13,0.2907156373035637
6653,7.812844810694978e-09,3.5449637797512883e-13,0.35449637797512884
6654,7.8128313245481e-09,3.4101023109707045e-13,0.34101023109707046
6655,7.812791576666464e-09,3.01262349461688e-13,0.301262349461688
6656,7.800239558268269e-09,-1.2250756048733481e-11,-12.250756048733482
6657,7.803653900319545e-09,-8.836413997457095e-12,-8.836413997457095
6658,7.805982480600616e-09,-6.5078337163862786e-12,-6.507833716386279
6659,7.807923677884913e-09,-4.566636432089645e-12,-4.566636432089645
6660,7.80878842376832e-09,-3.701890548682797e-12,-3.701890548682797
6661,7.809448387849317e-09,-3.041926467685395e-12,-3.041926467685395
6662,7.8099597369504e-09,-2.53057736660237e-12,-2.53057736660237
6663,7.810364269640298e-09,-2.126044676704246e-12,-2.1260446767042462
6664,7.810706679253331e-09,-1.78363506367112e-12,-1.78363506367112
6665,7.810990582227161e-09,-1.4997320898415033e-12,-1.4997320898415032
6666,7.811235634442443e-09,-1.2546798745596459e-12,-1.254679874559646
6667,7.811436814850496e-09,-1.0534994665065454e-12,-1.0534994665065454
6668,7.81160098054217e-09,-8.893337748322087e-13,-0.8893337748322088
6669,7.811839179054734e-09,-6.511352622685555e-13,-0.6511352622685556
6670,7.81196608822584e-09,-5.242260911625011e-13,-0.5242260911625012
6671,7.812085103158298e-09,-4.052111587046396e-13,-0.4052111587046396
6672,7.812190001398999e-09,-3.003129180032997e-13,-0.3003129180032997
6673,7.812262621233407e-09,-2.276930835952749e-13,-0.2276930835952749
6674,7.812448409738213e-09,-4.190457878891924e-14,-0.04190457878891924
6675,7.812491979839083e-09,1.6655220802892965e-15,0.0016655220802892965
6676,7.812555641751196e-09,6.532743419375002e-14,0.06532743419375002
6677,7.81259118441918e-09,1.0087010217787589e-13,0.10087010217787588
6678,7.812731773185937e-09,2.4145886893461437e-13,0.24145886893461438
6679,7.812761105191511e-09,2.707908745090372e-13,0.2707908745090372
6680,7.81278126378961e-09,2.909494726071145e-13,0.2909494726071145
6681,7.812844459223738e-09,3.5414490673586334e-13,0.35414490673586335
6682,7.812909745541757e-09,4.194312247542505e-13,0.4194312247542505
6683,7.812923830656125e-09,4.335163391224985e-13,0.4335163391224985
6684,7.812920066604338e-09,4.2975228733522624e-13,0.42975228733522625
6685,7.813040509729212e-09,5.501954122098486e-13,0.5501954122098486
6686,7.81301972034229e-09,5.294060252878193e-13,0.5294060252878192
6687,7.813020537884938e-09,5.30223567935982e-13,0.5302235679359819
6688,7.813085155656792e-09,5.948413397897602e-13,0.5948413397897602
6689,7.813096754722684e-09,6.064404056815533e-13,0.6064404056815532
6690,7.81308153664415e-09,5.912223271481122e-13,0.5912223271481122
6691,7.813119922903383e-09,6.296085863801244e-13,0.6296085863801244
6692,7.813148848333142e-09,6.585340161398652e-13,0.6585340161398652
6693,7.81312593046762e-09,6.356161506178666e-13,0.6356161506178666
6694,7.813139739842271e-09,6.494255252685972e-13,0.6494255252685972
6695,7.813187474038424e-09,6.971597214216709e-13,0.6971597214216708
6696,7.813170402163911e-09,6.800878469086598e-13,0.6800878469086598
6697,7.813126565837198e-09,6.362515201959974e-13,0.6362515201959974
6698,7.813222260800654e-09,7.319464836511398e-13,0.7319464836511398
6699,7.813185052201821e-09,6.947378848188814e-13,0.6947378848188813
6700,7.813140631896713e-09,6.50317579711064e-13,0.650317579711064
6701,7.813228953038563e-09,7.386387215608066e-13,0.7386387215608066
6702,7.813196685609817e-09,7.063712928144879e-13,0.7063712928144879
6703,7.813145395040803e-09,6.550807238002816e-13,0.6550807238002816
6704,7.813223512051276e-09,7.33197734273351e-13,0.733197734273351
6705,7.813200850843513e-09,7.105365265106341e-13,0.710536526510634
6706,7.8131454888785e-09,6.551745614983103e-13,0.6551745614983102
6707,7.813213741898924e-09,7.234275819212695e-13,0.7234275819212694
6708,7.813196705884397e-09,7.063915673951134e-13,0.7063915673951133
6709,7.813141994955685e-09,6.516806386823128e-13,0.6516806386823127
6710,7.813197811851929e-09,7.074975349262115e-13,0.7074975349262115
6711,7.813188454590869e-09,6.981402738664668e-13,0.6981402738664667
6712,7.813145195493393e-09,6.548811763904357e-13,0.6548811763904356
6713,7.813168693217342e-09,6.783789003393338e-13,0.6783789003393338
6714,7.813184476300732e-09,6.941619837299114e-13,0.6941619837299113
6715,7.813141977174769e-09,6.51662857766684e-13,0.651662857766684
6716,7.813130736437695e-09,6.404221206928974e-13,0.6404221206928974
6717,7.813175328751478e-09,6.850144344753796e-13,0.6850144344753796
6718,7.813138212716406e-09,6.478983994035971e-13,0.6478983994035971
6719,7.81307778630752e-09,5.874719905183219e-13,0.5874719905183219
6720,7.813166403409458e-09,6.760890924560988e-13,0.6760890924560987
6721,7.813128953602748e-09,6.386392857455166e-13,0.6386392857455165
6722,7.813076296966101e-09,5.859826490990329e-13,0.5859826490990329
6723,7.813150491197589e-09,6.601768805867782e-13,0.6601768805867781
6724,7.81311265023784e-09,6.223359208374176e-13,0.6223359208374175
6725,7.813059581306212e-09,5.69266989209792e-13,0.5692669892097919
6726,7.813119980203467e-09,6.296658864649403e-13,0.6296658864649403
6727,7.813102545392277e-09,6.122310752746897e-13,0.6122310752746897
6728,7.813052000835673e-09,5.616865186703164e-13,0.5616865186703164
6729,7.813081466198114e-09,5.91151881111955e-13,0.5911518811119549
6730,7.813091045639304e-09,6.007313223018963e-13,0.6007313223018963
6731,7.813057500342772e-09,5.671860257700319e-13,0.5671860257700319
6732,7.813027005936944e-09,5.36691619941433e-13,0.536691619941433
6733,7.813087614085218e-09,5.972997682158711e-13,0.597299768215871
6734,7.813050403453507e-09,5.600891365045392e-13,0.5600891365045392
6735,7.812996699558877e-09,5.063852418745975e-13,0.5063852418745974
6736,7.813067040481634e-09,5.767261646312207e-13,0.5767261646312206
6737,7.813037481281494e-09,5.471669644915535e-13,0.5471669644915534
6738,7.81298490086426e-09,4.945865472577955e-13,0.49458654725779555
6739,7.813035268126704e-09,5.449538097019131e-13,0.5449538097019131
6740,7.813024688861376e-09,5.3437454437356e-13,0.5343745443735599
6741,7.812991247214572e-09,5.009328975693851e-13,0.5009328975693851
6742,7.81297953333167e-09,4.892190146675259e-13,0.4892190146675259
6743,7.813029687656807e-09,5.393733398049673e-13,0.5393733398049673
6744,7.812978666999924e-09,4.883526829216013e-13,0.48835268292160133
6745,7.812942654492928e-09,4.5234017592602887e-13,0.4523401759260289
6746,7.813008731438276e-09,5.184171212736467e-13,0.5184171212736467
6747,7.812983754808354e-09,4.934404913513697e-13,0.49344049135136975
6748,7.812929531120097e-09,4.3921680309488414e-13,0.43921680309488415
6749,7.81297516917398e-09,4.848548569777829e-13,0.4848548569777829
6750,7.812970271751452e-09,4.799574344495029e-13,0.47995743444950295
6751,7.812941313118e-09,4.509988009982298e-13,0.4509988009982298
6752,7.812912760247212e-09,4.2244593021000936e-13,0.42244593021000937
6753,7.812975544145302e-09,4.85229828299137e-13,0.485229828299137
6754,7.812937995161197e-09,4.476808441948267e-13,0.44768084419482673
6755,7.812886915794766e-09,3.9660147776382064e-13,0.39660147776382065
6756,7.812954621211777e-09,4.643068947745117e-13,0.46430689477451176
6757,7.812931826863987e-09,4.4151254698501357e-13,0.4415125469850136
6758,7.812895113474497e-09,4.0479915749503786e-13,0.40479915749503786
6759,7.812897864176724e-09,4.075498597217965e-13,0.4075498597217965
6760,7.81293193333264e-09,4.4161901563835164e-13,0.44161901563835165
6761,7.812903026795104e-09,4.1271247810146643e-13,0.41271247810146644
6762,7.812854770447185e-09,3.644561301821238e-13,0.3644561301821238
6763,7.812922819122603e-09,4.325048056006238e-13,0.4325048056006238
6764,7.81289829623129e-09,4.07981914287532e-13,0.407981914287532
6765,7.812858722336998e-09,3.6840801999577915e-13,0.36840801999577916
6766,7.812878490188633e-09,3.8817587163089267e-13,0.3881758716308927
6767,7.812903755135018e-09,4.134408180158879e-13,0.4134408180158879
6768,7.812859782144622e-09,3.6946782761938373e-13,0.36946782761938374
6769,7.812825831139637e-09,3.355168226345752e-13,0.3355168226345752
6770,7.812897450716226e-09,4.0713639922331917e-13,0.4071363992233192
6771,7.812872465304266e-09,3.8215098726344503e-13,0.38215098726344504
6772,7.812825305030533e-09,3.349907135303766e-13,0.3349907135303766
6773,7.812850897080713e-09,3.605827637108107e-13,0.3605827637108107
6774,7.812873266665197e-09,3.829523481941834e-13,0.3829523481941834
6775,7.812843053853777e-09,3.527395367748333e-13,0.35273953677483333
6776,7.812799862085256e-09,3.095477682537136e-13,0.3095477682537136
6777,7.812871622337077e-09,3.8130802007433755e-13,0.38130802007433756
6778,7.812845950570932e-09,3.5563625392917147e-13,0.3556362539291715
6779,7.812803323346482e-09,3.1300902947926495e-13,0.31300902947926496
6780,7.812822372887072e-09,3.320585700700525e-13,0.3320585700700525
6781,7.812848758139562e-09,3.58443822559877e-13,0.358443822559877
6782,7.812822392646657e-09,3.3207832965464606e-13,0.33207832965464607
6783,7.81276432863299e-09,2.7401431598805386e-13,0.27401431598805387
6784,7.800080801417288e-09,-1.2409512899714777e-11,-12.409512899714777
6785,7.803412611342899e-09,-9.07770297410331e-12,-9.077702974103309
6786,7.805659194145501e-09,-6.831120171501105e-12,-6.831120171501105
6787,7.807679251986121e-09,-4.811062330881512e-12,-4.811062330881512
6788,7.808538887672323e-09,-3.951426644679294e-12,-3.9514266446792945
6789,7.8092073280188e-09,-3.2829862982024548e-12,-3.282986298202455
6790,7.809719557437837e-09,-2.77075687916548e-12,-2.77075687916548
6791,7.810138331882212e-09,-2.3519824347902383e-12,-2.3519824347902385
6792,7.810487936640333e-09,-2.002377676669738e-12,-2.002377676669738
6793,7.810783392357516e-09,-1.7069219594861477e-12,-1.7069219594861478
6794,7.81103438201626e-09,-1.4559323007420537e-12,-1.4559323007420537
6795,7.811253812148962e-09,-1.2365021680408082e-12,-1.2365021680408081
6796,7.811429989445454e-09,-1.0603248715480477e-12,-1.0603248715480478
6797,7.811608484468036e-09,-8.818298489661107e-13,-0.8818298489661107
6798,7.81181790727916e-09,-6.72407037842178e-13,-0.672407037842178
6799,7.811924986446742e-09,-5.653278702607749e-13,-0.5653278702607749
6800,7.81204326555829e-09,-4.470487587123249e-13,-0.4470487587123249
6801,7.81213187355293e-09,-3.5844076407279697e-13,-0.35844076407279696
6802,7.812234611683433e-09,-2.5570263356980856e-13,-0.25570263356980855
6803,7.812380576249821e-09,-1.097380671812352e-13,-0.1097380671812352
6804,7.812430230920387e-09,-6.00833966149837e-14,-0.06008339661498369
6805,7.81249411238344e-09,3.798066438405347e-15,0.0037980664384053473
6806,7.812522369782032e-09,3.2055465029569177e-14,0.03205546502956918
6807,7.812684859920564e-09,1.9454560356149247e-13,0.19454560356149248
6808,7.812687491875548e-09,1.9717755854530965e-13,0.19717755854530966
6809,7.812700607767384e-09,2.1029345038146423e-13,0.21029345038146424
6810,7.81279196914765e-09,3.0165483064812775e-13,0.30165483064812776
6811,7.812843301702394e-09,3.529873853914635e-13,0.3529873853914635
6812,7.812860338692702e-09,3.7002437569957485e-13,0.37002437569957486
6813,7.812853741024327e-09,3.634267073244031e-13,0.36342670732440313
6814,7.812964050165705e-09,4.737358487029121e-13,0.47373584870291213
6815,7.812966109689047e-09,4.757953720447113e-13,0.4757953720447113
6816,7.812939933470736e-09,4.49619153733742e-13,0.449619153733742
6817,7.813022452152294e-09,5.321378352917224e-13,0.5321378352917223
6818,7.813035427314688e-09,5.451129976858883e-13,0.5451129976858883
6819,7.813025436310354e-09,5.351219933512715e-13,0.5351219933512714
6820,7.81304280433469e-09,5.524900176876969e-13,0.5524900176876969
6821,7.813098944756862e-09,6.086304398598654e-13,0.6086304398598653
6822,7.813081950240174e-09,5.916359231718611e-13,0.5916359231718611
6823,7.813051354190392e-09,5.610398733895918e-13,0.5610398733895917
6824,7.813147043299155e-09,6.567289821530027e-13,0.6567289821530027
6825,7.813120123209734e-09,6.298088927314911e-13,0.6298088927314911
6826,7.813076546956017e-09,5.862326390149538e-13,0.5862326390149537
6827,7.813157672763044e-09,6.67358446041942e-13,0.6673584460419419
6828,7.813143168550326e-09,6.528542333239197e-13,0.6528542333239197
6829,7.813093832147308e-09,6.035178303054013e-13,0.6035178303054013
6830,7.813161325819634e-09,6.71011502631806e-13,0.671011502631806
6831,7.813155290770871e-09,6.649764538689913e-13,0.6649764538689913
6832,7.813114890660314e-09,6.245763433116959e-13,0.6245763433116959
6833,7.813147968394659e-09,6.57654077656676e-13,0.6576540776566759
6834,7.813161359863582e-09,6.710455465800221e-13,0.671045546580022
6835,7.813129664649638e-09,6.393503326352869e-13,0.6393503326352868
6836,7.813124109143496e-09,6.337948264933625e-13,0.6337948264933625
6837,7.81316860783642e-09,6.782935194182506e-13,0.6782935194182506
6838,7.813133741195596e-09,6.434268785937238e-13,0.6434268785937237
6839,7.813095648321472e-09,6.053340044695861e-13,0.6053340044695861
6840,7.813174309384595e-09,6.839950675928087e-13,0.6839950675928087
6841,7.813135872926803e-09,6.455586098002104e-13,0.6455586098002104
6842,7.813083408519201e-09,5.930942021989085e-13,0.5930942021989084
6843,7.81315791294093e-09,6.675986239282018e-13,0.6675986239282018
6844,7.813131717505136e-09,6.414031881337253e-13,0.6414031881337252
6845,7.813073081141143e-09,5.82766824140278e-13,0.5827668241402779
6846,7.813138137581195e-09,6.478232641930439e-13,0.6478232641930438
6847,7.813112917059994e-09,6.226027429920662e-13,0.6226027429920662
6848,7.813058294276918e-09,5.679799599158887e-13,0.5679799599158887
6849,7.813103005310839e-09,6.126909938362581e-13,0.612690993836258
6850,7.813111289943584e-09,6.209756265817086e-13,0.6209756265817086
6851,7.813077444404366e-09,5.871300873632286e-13,0.5871300873632286
6852,7.813059648580957e-09,5.693342639545947e-13,0.5693342639545946
6853,7.813113999500338e-09,6.236851833360215e-13,0.6236851833360214
6854,7.813066961334875e-09,5.766470178726292e-13,0.5766470178726292
6855,7.81302395198337e-09,5.336376663670302e-13,0.5336376663670301
6856,7.813097010675712e-09,6.066963587094228e-13,0.6066963587094227
6857,7.813066149619814e-09,5.758353028111436e-13,0.5758353028111436
6858,7.813008771336916e-09,5.184570199135942e-13,0.5184570199135942
6859,7.813070953963585e-09,5.806396465829157e-13,0.5806396465829157
6860,7.81305255597429e-09,5.622416572876833e-13,0.5622416572876833
6861,7.813009257682905e-09,5.189433659031169e-13,0.5189433659031168
6862,7.813026902287216e-09,5.365879702137434e-13,0.5365879702137434
6863,7.813044750016804e-09,5.544356998013851e-13,0.5544356998013851
6864,7.81301255891589e-09,5.222445988880094e-13,0.5222445988880093
6865,7.812971750440585e-09,4.814361235824473e-13,0.4814361235824473
6866,7.813046158232795e-09,5.558439157931179e-13,0.5558439157931179
6867,7.813007486150766e-09,5.171718337633842e-13,0.5171718337633842
6868,7.812952044171633e-09,4.61729854630731e-13,0.46172985463073096
6869,7.813017997707668e-09,5.276833906660657e-13,0.5276833906660656
6870,7.8129977266507e-09,5.074123336976473e-13,0.5074123336976473
6871,7.812953339820334e-09,4.630255033319054e-13,0.46302550333190545
6872,7.812973677582841e-09,4.83363265838986e-13,0.483363265838986
6873,7.812987162862358e-09,4.968485453553064e-13,0.49684854535530637
6874,7.812961276613918e-09,4.709622969153683e-13,0.47096229691536834
6875,7.812914612715044e-09,4.242983980419181e-13,0.4242983980419181
6876,7.812993615600007e-09,5.033012830050711e-13,0.503301283005071
6877,7.812955689123812e-09,4.653748068093557e-13,0.46537480680935567
6878,7.812902227900733e-09,4.119135837306705e-13,0.4119135837306705
6879,7.812959087338681e-09,4.68773021678577e-13,0.468773021678577
6880,7.812947106443889e-09,4.567921268866888e-13,0.45679212688668885
6881,7.812921547001089e-09,4.3123268408659226e-13,0.43123268408659227
6882,7.812888088305206e-09,3.977739882032551e-13,0.3977739882032551
6883,7.812965880949494e-09,4.755666324913711e-13,0.47556663249137116
6884,7.812909080708984e-09,4.1876639198208237e-13,0.4187663919820824
6885,7.812866324139215e-09,3.7600982221299833e-13,0.37600982221299833
6886,7.812935757042653e-09,4.454427256501649e-13,0.4454427256501649
6887,7.81291287381739e-09,4.225595003875772e-13,0.4225595003875772
6888,7.812873889295399e-09,3.835749783967875e-13,0.3835749783967875
6889,7.812883886859157e-09,3.935725421545479e-13,0.3935725421545479
6890,7.812913398435716e-09,4.2308411871378864e-13,0.42308411871378865
6891,7.8128847145662e-09,3.9440024919807764e-13,0.39440024919807765
6892,7.812837063094673e-09,3.4674877767076466e-13,0.3467487776707647
6893,7.812907371545575e-09,4.170572285723219e-13,0.4170572285723219
6894,7.812884878063888e-09,3.9456374688568845e-13,0.39456374688568846
6895,7.812840002692023e-09,3.496883750210246e-13,0.3496883750210246
6896,7.812860629258884e-09,3.7031494188180097e-13,0.370314941881801
6897,7.812882338211879e-09,3.920238948764239e-13,0.3920238948764239
6898,7.812856566482293e-09,3.6625216529095466e-13,0.36625216529095467
6899,7.812809702358384e-09,3.1938804138130066e-13,0.31938804138130067
6900,7.812881438486706e-09,3.911241697035868e-13,0.3911241697035868
6901,7.812856424234968e-09,3.6610991796592456e-13,0.36610991796592457
6902,7.812815257430845e-09,3.24943113842356e-13,0.324943113842356
6903,7.812833182518257e-09,3.4286820125500455e-13,0.34286820125500456
6904,7.812858236668635e-09,3.6792235163261427e-13,0.3679223516326143
6905,7.812832672943236e-09,3.4235862623393636e-13,0.34235862623393637
6906,7.812785096091924e-09,2.947817749211447e-13,0.2947817749211447
6907,7.81285254214067e-09,3.6222782366712296e-13,0.362227823667123
6908,7.812833739066338e-09,3.4342474933519567e-13,0.3434247493351957
6909,7.812796236730032e-09,3.0592241302935657e-13,0.3059224130293566
6910,7.812799496167023e-09,3.0918185002049974e-13,0.30918185002049975
6911,7.812827392851551e-09,3.3707853454887764e-13,0.33707853454887765
6912,7.800326875764168e-09,-1.2163438552834809e-11,-12.163438552834808
6913,7.803760451616194e-09,-8.72986270080842e-12,-8.72986270080842
6914,7.806096708509432e-09,-6.393605807570484e-12,-6.393605807570483
6915,7.808011315139137e-09,-4.478999177865252e-12,-4.478999177865252
6916,7.808873761565261e-09,-3.6165527517409744e-12,-3.6165527517409743
6917,7.809532945752531e-09,-2.9573685644712953e-12,-2.9573685644712953
6918,7.810061850553347e-09,-2.4284637636557875e-12,-2.4284637636557873
6919,7.810474561054971e-09,-2.0157532620312572e-12,-2.0157532620312573
6920,7.810815162245886e-09,-1.6751520711167826e-12,-1.6751520711167827
6921,7.811094028016422e-09,-1.3962863005805336e-12,-1.3962863005805335
6922,7.811322599870791e-09,-1.1677144462114335e-12,-1.1677144462114335
6923,7.811534093670695e-09,-9.562206463077276e-13,-0.9562206463077276
6924,7.811712810656566e-09,-7.775036604360284e-13,-0.7775036604360285
6925,7.811849379825084e-09,-6.40934491918617e-13,-0.6409344919186171
6926,7.812028361925492e-09,-4.619523915106908e-13,-0.46195239151069084
6927,7.81217745774907e-09,-3.128565679328164e-13,-0.3128565679328164
6928,7.812268283099782e-09,-2.2203121722022974e-13,-0.22203121722022973
6929,7.812359104520262e-09,-1.312097967405183e-13,-0.1312097967405183
6930,7.812427848223483e-09,-6.246609351934646e-14,-0.06246609351934646
6931,7.812578663537496e-09,8.834922049398135e-14,0.08834922049398135
6932,7.812630070468509e-09,1.3975615150634961e-13,0.13975615150634962
6933,7.812658338085705e-09,1.6802376870298912e-13,0.16802376870298913
6934,7.812740896828534e-09,2.5058251153124283e-13,0.25058251153124284
6935,7.812826566310025e-09,3.362519930226833e-13,0.3362519930226833
6936,7.812854258134553e-09,3.639438175505701e-13,0.3639438175505701
6937,7.8128534877547e-09,3.631734376969105e-13,0.3631734376969105
6938,7.812967125098592e-09,4.768107815893526e-13,0.4768107815893526
6939,7.812985731173389e-09,4.954168563865393e-13,0.49541685638653926
6940,7.81298069849664e-09,4.903841796372417e-13,0.49038417963724173
6941,7.813030660430102e-09,5.403461130991756e-13,0.5403461130991756
6942,7.813075998864714e-09,5.85684547711708e-13,0.585684547711708
6943,7.81307150313909e-09,5.811888220883339e-13,0.5811888220883339
6944,7.813077394612381e-09,5.870802953784572e-13,0.5870802953784572
6945,7.813151281553868e-09,6.609672368654658e-13,0.6609672368654658
6946,7.813135154480233e-09,6.448401632306129e-13,0.6448401632306129
6947,7.813101985022384e-09,6.116707053818406e-13,0.6116707053818405
6948,7.813215448162093e-09,7.251338450902185e-13,0.7251338450902185
6949,7.813169893998353e-09,6.795796813504158e-13,0.6795796813504158
6950,7.813136124732757e-09,6.458104157547702e-13,0.6458104157547702
6951,7.813221200234088e-09,7.308859170860145e-13,0.7308859170860145
6952,7.813206442941478e-09,7.161286244758798e-13,0.7161286244758798
6953,7.813156536519168e-09,6.662222021651772e-13,0.6662222021651771
6954,7.813231949448107e-09,7.416351311049048e-13,0.7416351311049048
6955,7.813219691349925e-09,7.293770329225664e-13,0.7293770329225664
6956,7.813168072701333e-09,6.777583843309661e-13,0.677758384330966
6957,7.81323368785787e-09,7.433735408682681e-13,0.743373540868268
6958,7.813223985630785e-09,7.336713137822927e-13,0.7336713137822927
6959,7.813179197862456e-09,6.888835454531657e-13,0.6888835454531657
6960,7.813219600629308e-09,7.292863123057837e-13,0.7292863123057837
6961,7.813223143015961e-09,7.328286989588913e-13,0.7328286989588912
6962,7.81318527844771e-09,6.949641307072248e-13,0.6949641307072247
6963,7.813198804981119e-09,7.084906641162082e-13,0.7084906641162082
6964,7.813220116086126e-09,7.298017691236376e-13,0.7298017691236376
6965,7.813184748977579e-09,6.944346605762915e-13,0.6944346605762914
6966,7.81317368545335e-09,6.833711363475977e-13,0.6833711363475976
6967,7.813216320700896e-09,7.260063838935806e-13,0.7260063838935805
6968,7.813178981157546e-09,6.886668405439402e-13,0.6886668405439401
6969,7.813142068464592e-09,6.517541475896073e-13,0.6517541475896073
6970,7.813211920764535e-09,7.216064475321456e-13,0.7216064475321455
6971,7.813171338047226e-09,6.810237302239493e-13,0.6810237302239492
6972,7.813117599105761e-09,6.27284788758782e-13,0.6272847887587819
6973,7.813196483921108e-09,7.061696041053513e-13,0.7061696041053512
6974,7.813160600705221e-09,6.702863882188477e-13,0.6702863882188477
6975,7.813106848129914e-09,6.165338129113614e-13,0.6165338129113613
6976,7.813139344000058e-09,6.490296830554228e-13,0.6490296830554227
6977,7.813145919550709e-09,6.556052337062758e-13,0.6556052337062758
6978,7.813110664440246e-09,6.203501232433474e-13,0.6203501232433474
6979,7.813123997470672e-09,6.336831536695965e-13,0.6336831536695965
6980,7.813128861581089e-09,6.385472640861269e-13,0.6385472640861268
6981,7.813088409401722e-09,5.980950847194978e-13,0.5980950847194978
6982,7.813098076202502e-09,6.077618854994872e-13,0.6077618854994872
6983,7.813119104927053e-09,6.287906100510928e-13,0.6287906100510927
6984,7.813083690872552e-09,5.93376555549678e-13,0.5933765555496779
6985,7.81305054006298e-09,5.602257459782724e-13,0.5602257459782723
6986,7.813113577745693e-09,6.232634286909246e-13,0.6232634286909245
6987,7.813075007741298e-09,5.846934242957304e-13,0.5846934242957303
6988,7.813020582933539e-09,5.302686165362487e-13,0.5302686165362487
6989,7.813091979408425e-09,6.016650914229495e-13,0.6016650914229494
6990,7.813064105329512e-09,5.737910125098679e-13,0.5737910125098679
6991,7.81300613057279e-09,5.158162557871256e-13,0.5158162557871255
6992,7.813060793959237e-09,5.704796422346627e-13,0.5704796422346626
6993,7.813046480322156e-09,5.56166005153509e-13,0.556166005153509
6994,7.8130084162336e-09,5.181019165970509e-13,0.5181019165970508
6995,7.813009211739838e-09,5.188974228360578e-13,0.5188974228360578
6996,7.813041359933451e-09,5.510456164484574e-13,0.5510456164484574
6997,7.813008334538966e-09,5.180202219633541e-13,0.5180202219633541
6998,7.812962301971017e-09,4.719876540149422e-13,0.4719876540149422
6999,7.813031057627567e-09,5.407433105650657e-13,0.5407433105650656
7000,7.813001820652313e-09,5.115063353110612e-13,0.5115063353110612
7001,7.81294456203823e-09,4.5424772122829986e-13,0.45424772122829987
7002,7.81300298671175e-09,5.126723947475694e-13,0.5126723947475693
7003,7.812988358384988e-09,4.980440679858518e-13,0.4980440679858518
7004,7.812952898089264e-09,4.625837722617805e-13,0.46258377226178055
7005,7.812947619190201e-09,4.573048731991116e-13,0.45730487319911156
7006,7.8129869491119e-09,4.966347948970008e-13,0.49663479489700085
7007,7.812953528796773e-09,4.632144797705697e-13,0.4632144797705697
7008,7.812904547469966e-09,4.142331529635403e-13,0.4142331529635403
7009,7.81297515196227e-09,4.848376452682947e-13,0.4848376452682947
7010,7.812949624096859e-09,4.593097798564717e-13,0.45930977985647176
7011,7.8129004794621e-09,4.1016514509721174e-13,0.41016514509721175
7012,7.81293514427869e-09,4.448299616873304e-13,0.4448299616873304
7013,7.812940749251556e-09,4.504349345533744e-13,0.4504349345533744
7014,7.812911062142665e-09,4.2074782566240825e-13,0.42074782566240826
7015,7.812872074042807e-09,3.8175972580444933e-13,0.38175972580444933
7016,7.812949600054676e-09,4.592857376732969e-13,0.4592857376732969
7017,7.812913071304816e-09,4.2275698781329545e-13,0.42275698781329546
7018,7.81285682167638e-09,3.6650735937730343e-13,0.36650735937730344
7019,7.812915396864266e-09,4.2508254726316823e-13,0.42508254726316824
7020,7.812902702130763e-09,4.1238781376091565e-13,0.41238781376091566
7021,7.812875799578312e-09,3.85485261309544e-13,0.385485261309544
7022,7.812843890613909e-09,3.535762969065033e-13,0.35357629690650333
7023,7.812917099685093e-09,4.2678536809021965e-13,0.42678536809021966
7024,7.812880396405788e-09,3.9008208878550237e-13,0.3900820887855024
7025,7.812827888602995e-09,3.3757428599224664e-13,0.33757428599224665
7026,7.812887469659446e-09,3.9715534244363486e-13,0.3971553424436349
7027,7.812873854140144e-09,3.8353982314134465e-13,0.38353982314134466
7028,7.812846137785542e-09,3.558234685393054e-13,0.3558234685393054
7029,7.81282477244332e-09,3.3445812631819743e-13,0.33445812631819744
7030,7.812883389779566e-09,3.930754625635176e-13,0.3930754625635176
7031,7.812851200440481e-09,3.6088612347867215e-13,0.36088612347867216
7032,7.812801403603905e-09,3.110892869025535e-13,0.3110892869025535
7033,7.812860292207534e-09,3.6997789053142953e-13,0.36997789053142954
7034,7.812851164526284e-09,3.6085020928170857e-13,0.3608502092817086
7035,7.812817664766243e-09,3.273504492410885e-13,0.3273504492410885
7036,7.812793772880595e-09,3.0345856359238326e-13,0.30345856359238327
7037,7.812862765354004e-09,3.724510370020319e-13,0.3724510370020319
7038,7.812831774735947e-09,3.4146041894414074e-13,0.34146041894414075
7039,7.81276656908257e-09,2.7625476556738653e-13,0.27625476556738654
7040,7.800139912119732e-09,-1.2350402197270867e-11,-12.350402197270867
7041,7.803490505604036e-09,-8.999808712966577e-12,-8.999808712966576
7042,7.805757874757794e-09,-6.732439559208427e-12,-6.7324395592084265
7043,7.807766380153215e-09,-4.723934163787209e-12,-4.723934163787209
7044,7.808622306458525e-09,-3.8680078584777165e-12,-3.8680078584777164
7045,7.80928597539387e-09,-3.2043389231316598e-12,-3.20433892313166
7046,7.809801841552255e-09,-2.688472764747517e-12,-2.688472764747517
7047,7.81021405353772e-09,-2.2762607792818955e-12,-2.2762607792818956
7048,7.810561849927932e-09,-1.928464389069938e-12,-1.928464389069938
7049,7.810853087936035e-09,-1.6372263809676422e-12,-1.6372263809676422
7050,7.81110165787237e-09,-1.3886564446321013e-12,-1.3886564446321013
7051,7.811315528812642e-09,-1.1747855043601667e-12,-1.1747855043601667
7052,7.811488571192763e-09,-1.0017431242390394e-12,-1.0017431242390393
7053,7.811685030225616e-09,-8.052840913864616e-13,-0.8052840913864616
7054,7.811859494807937e-09,-6.308195090655764e-13,-0.6308195090655765
7055,7.811987416786502e-09,-5.028975305000947e-13,-0.5028975305000948
7056,7.812094503055608e-09,-3.9581126139446183e-13,-0.3958112613944618
7057,7.812173813067941e-09,-3.16501249060898e-13,-0.316501249060898
7058,7.812310788974904e-09,-1.7952534209847866e-13,-0.17952534209847865
7059,7.812413405213978e-09,-7.690910302473193e-14,-0.07690910302473193
7060,7.812477516229736e-09,-1.279808726637339e-14,-0.01279808726637339
7061,7.812522260413138e-09,3.19460961354197e-14,0.0319460961354197
7062,7.812609036377156e-09,1.1872206015399027e-13,0.11872206015399027
7063,7.812689720236273e-09,1.994059192704191e-13,0.19940591927041912
7064,7.8127278249282e-09,2.3751061119823684e-13,0.23751061119823685
7065,7.812732621519927e-09,2.4230720292447565e-13,0.24230720292447566
7066,7.812848714717265e-09,3.5840040026286895e-13,0.35840040026286896
7067,7.812872141832548e-09,3.81827515545284e-13,0.381827515545284
7068,7.81287496260134e-09,3.846482843374395e-13,0.3846482843374395
7069,7.812919542907583e-09,4.2922859058086143e-13,0.42922859058086144
7070,7.812983147871978e-09,4.928335549752124e-13,0.49283355497521236
7071,7.812983357014577e-09,4.930426975742848e-13,0.4930426975742848
7072,7.812965404361324e-09,4.750900443214008e-13,0.47509004432140084
7073,7.81306799203167e-09,5.776777146679026e-13,0.5776777146679025
7074,7.813060889558764e-09,5.705752417612216e-13,0.5705752417612215
7075,7.813030197367354e-09,5.398830503513071e-13,0.539883050351307
7076,7.8131018135016e-09,6.114991845981534e-13,0.6114991845981533
7077,7.813109395761074e-09,6.190814440712135e-13,0.6190814440712135
7078,7.813080760816181e-09,5.904464991785359e-13,0.5904464991785359
7079,7.813123904717176e-09,6.335904001737404e-13,0.6335904001737404
7080,7.813146879747258e-09,6.565654302552833e-13,0.6565654302552832
7081,7.813127586830384e-09,6.37272513381827e-13,0.637272513381827
7082,7.81311677538316e-09,6.264610661582361e-13,0.626461066158236
7083,7.81317695459395e-09,6.866402769481846e-13,0.6866402769481845
7084,7.813138847489673e-09,6.485331726705331e-13,0.648533172670533
7085,7.813109925935936e-09,6.196116189335589e-13,0.6196116189335589
7086,7.813201576852393e-09,7.112625353903847e-13,0.7112625353903846
7087,7.813160023909665e-09,6.697095926630854e-13,0.6697095926630854
7088,7.813104143343649e-09,6.138290266466075e-13,0.6138290266466074
7089,7.813200308362956e-09,7.09994045953631e-13,0.7099940459536309
7090,7.813164901003403e-09,6.745866864006313e-13,0.6745866864006312
7091,7.813121143715029e-09,6.308293980263431e-13,0.6308293980263431
7092,7.813185163007283e-09,6.948486902809094e-13,0.6948486902809093
7093,7.813167347397185e-09,6.770330801826276e-13,0.6770330801826275
7094,7.813114507584581e-09,6.241932675791025e-13,0.6241932675791024
7095,7.813169020944553e-09,6.787066275510219e-13,0.6787066275510218
7096,7.813161512221093e-09,6.711979040903106e-13,0.6711979040903105
7097,7.81311957270608e-09,6.292583890784116e-13,0.6292583890784116
7098,7.813138960111174e-09,6.486457941712e-13,0.6486457941711999
7099,7.813155772780052e-09,6.654584630498241e-13,0.665458463049824
7100,7.81312177051941e-09,6.314562024073113e-13,0.6314562024073113
7101,7.813102779471526e-09,6.124651545237293e-13,0.6124651545237293
7102,7.813153710383575e-09,6.633960665722678e-13,0.6633960665722678
7103,7.813109295092902e-09,6.189807758994982e-13,0.6189807758994982
7104,7.813051470416865e-09,5.611560998624822e-13,0.5611560998624822
7105,7.813147127921135e-09,6.568136041325652e-13,0.6568136041325652
7106,7.813109765338489e-09,6.194510214867595e-13,0.6194510214867595
7107,7.813055040206728e-09,5.647258897254994e-13,0.5647258897254993
7108,7.81311898870058e-09,6.286743835782023e-13,0.6286743835782023
7109,7.813094782314987e-09,6.044679979843133e-13,0.6044679979843133
7110,7.813045248017967e-09,5.54933700964262e-13,0.554933700964262
7111,7.813089532716488e-09,5.992183994853558e-13,0.5992183994853557
7112,7.813083231740037e-09,5.929174230346847e-13,0.5929174230346846
7113,7.81305084675667e-09,5.605324396678142e-13,0.5605324396678142
7114,7.813040300803454e-09,5.499864864512107e-13,0.5499864864512106
7115,7.813088351830587e-09,5.980375135841389e-13,0.5980375135841388
7116,7.81303806038098e-09,5.477460639769323e-13,0.5477460639769323
7117,7.812997841169554e-09,5.075268525521161e-13,0.507526852552116
7118,7.813071375420075e-09,5.810611030724151e-13,0.5810611030724151
7119,7.81303730675205e-09,5.469924350468376e-13,0.5469924350468376
7120,7.812995852878295e-09,5.055385612930492e-13,0.5055385612930492
7121,7.813034238568321e-09,5.439242513189209e-13,0.5439242513189209
7122,7.813026282421729e-09,5.359681047266792e-13,0.5359681047266791
7123,7.812972941030095e-09,4.826267130931079e-13,0.48262671309310795
7124,7.812991100386493e-09,5.007860694901763e-13,0.5007860694901762
7125,7.81303515404153e-09,5.448397245283134e-13,0.5448397245283133
7126,7.812979915648461e-09,4.896013314585986e-13,0.4896013314585986
7127,7.812942745620121e-09,4.5243130311862627e-13,0.4524313031186263
7128,7.813019469756063e-09,5.291554390607035e-13,0.5291554390607035
7129,7.812983526529586e-09,4.932122125839529e-13,0.4932122125839529
7130,7.81292680004193e-09,4.3648572492744746e-13,0.43648572492744747
7131,7.812987147249846e-09,4.968329328440226e-13,0.4968329328440226
7132,7.81297172054371e-09,4.81406226707541e-13,0.481406226707541
7133,7.812942053519664e-09,4.5173920266182015e-13,0.45173920266182016
7134,7.812924765482343e-09,4.344511653406698e-13,0.4344511653406698
7135,7.812985425319956e-09,4.951110029536811e-13,0.4951110029536811
7136,7.812931417008461e-09,4.4110269145875973e-13,0.44110269145875974
7137,7.812898736336057e-09,4.0842201905439817e-13,0.4084220190543982
7138,7.812952089355759e-09,4.617750387562693e-13,0.4617750387562693
7139,7.812933969437216e-09,4.436551202132251e-13,0.4436551202132251
7140,7.812888946966221e-09,3.986326492188093e-13,0.3986326492188093
7141,7.812920350855042e-09,4.300365380397976e-13,0.43003653803979763
7142,7.812929656724919e-09,4.393424079165666e-13,0.4393424079165666
7143,7.812901948366308e-09,4.116340493055494e-13,0.4116340493055494
7144,7.812857432299043e-09,3.6711798204084727e-13,0.3671179820408473
7145,7.812933161300021e-09,4.4284698301890873e-13,0.44284698301890874
7146,7.812902734494198e-09,4.1242017719576434e-13,0.41242017719576435
7147,7.812849176289235e-09,3.5886197223275034e-13,0.35886197223275035
7148,7.812898605581275e-09,4.082912642723964e-13,0.4082912642723964
7149,7.812895450878213e-09,4.0513656121111534e-13,0.40513656121111535
7150,7.812868268655812e-09,3.779543388093511e-13,0.3779543388093511
7151,7.812830330605758e-09,3.4001628875544436e-13,0.3400162887554444
7152,7.812907453511259e-09,4.171391942565618e-13,0.4171391942565618
7153,7.812871919272947e-09,3.81604955944327e-13,0.38160495594432703
7154,7.812816891215098e-09,3.265768980960744e-13,0.32657689809607443
7155,7.812874395292553e-09,3.840809755506865e-13,0.3840809755506865
7156,7.812866701793937e-09,3.7638747693472934e-13,0.37638747693472935
7157,7.812841629347648e-09,3.5131503064545893e-13,0.35131503064545894
7158,7.812803080593615e-09,3.1276627661284544e-13,0.31276627661284545
7159,7.812881232678029e-09,3.9091836102619475e-13,0.39091836102619476
7160,7.81284559281132e-09,3.5527849431730556e-13,0.35527849431730557
7161,7.812796069491847e-09,3.057551748442507e-13,0.3057551748442507
7162,7.812845601755988e-09,3.5528743898522857e-13,0.3552874389852286
7163,7.81284359180779e-09,3.532774907877663e-13,0.3532774907877663
7164,7.812820203777996e-09,3.298894609936694e-13,0.3298894609936694
7165,7.812779393378232e-09,2.8907906122925114e-13,0.28907906122925114
7166,7.812864344440259e-09,3.740301232561484e-13,0.37403012325614843
7167,7.81279799774541e-09,3.0768342840801615e-13,0.30768342840801616
7168,7.800229634565784e-09,-1.2260679751218241e-11,-12.260679751218241
7169,7.803576599388047e-09,-8.913714928954934e-12,-8.913714928954935
7170,7.805963506710232e-09,-6.526807606770481e-12,-6.526807606770481
7171,7.807883623716164e-09,-4.606690600838755e-12,-4.606690600838754
7172,7.80874582684732e-09,-3.744487469681983e-12,-3.744487469681983
7173,7.809401994079415e-09,-3.0883202375875705e-12,-3.0883202375875705
7174,7.809927149953063e-09,-2.5631643639390288e-12,-2.5631643639390287
7175,7.810342527592032e-09,-2.147786724970184e-12,-2.1477867249701843
7176,7.810685022965457e-09,-1.8052913515452144e-12,-1.8052913515452145
7177,7.810968928189006e-09,-1.5213861279960898e-12,-1.5213861279960899
7178,7.811209989781352e-09,-1.2803245356504998e-12,-1.2803245356504998
7179,7.811424449497614e-09,-1.065864819388797e-12,-1.065864819388797
7180,7.811607461198026e-09,-8.828531189765025e-13,-0.8828531189765025
7181,7.811746990780575e-09,-7.433235364271194e-13,-0.7433235364271195
7182,7.811943665027559e-09,-5.466492894433032e-13,-0.5466492894433033
7183,7.812083020189084e-09,-4.0729412791841874e-13,-0.40729412791841874
7184,7.812180739629046e-09,-3.095746879567028e-13,-0.3095746879567028
7185,7.812275137724072e-09,-2.1517659293017894e-13,-0.21517659293017893
7186,7.812336815492e-09,-1.534988250024753e-13,-0.1534988250024753
7187,7.812516353056286e-09,2.6038739283469494e-14,0.026038739283469493
7188,7.81255058280965e-09,6.026849264682404e-14,0.06026849264682404
7189,7.812605004120857e-09,1.1468980385429943e-13,0.11468980385429943
7190,7.812638676431673e-09,1.4836211467067055e-13,0.14836211467067056
7191,7.812777999256868e-09,2.8768493986576065e-13,0.28768493986576066
7192,7.81279539481994e-09,3.0508050293736726e-13,0.30508050293736727
7193,7.812793011336989e-09,3.0269701998642944e-13,0.30269701998642945
7194,7.81289682613446e-09,4.065118174568046e-13,0.4065118174568046
7195,7.812927085214206e-09,4.3677089720386546e-13,0.43677089720386547
7196,7.812945242537724e-09,4.549282207218604e-13,0.4549282207218604
7197,7.812944995068578e-09,4.5468075157599057e-13,0.4546807515759906
7198,7.81304062373307e-09,5.503094160682855e-13,0.5503094160682854
7199,7.81303489673325e-09,5.445824162477282e-13,0.5445824162477282
7200,7.813012542408912e-09,5.222280919099333e-13,0.5222280919099332
7201,7.813113053262892e-09,6.227389458899847e-13,0.6227389458899847
7202,7.813095247058248e-09,6.049327412455492e-13,0.6049327412455492
7203,7.813086468164837e-09,5.961538478347169e-13,0.5961538478347168
7204,7.813129288377274e-09,6.389740602713258e-13,0.6389740602713258
7205,7.813144846461608e-09,6.545321446060583e-13,0.6545321446060582
7206,7.81311594398983e-09,6.256296728273199e-13,0.6256296728273198
7207,7.81315406949844e-09,6.637551814368494e-13,0.6637551814368493
7208,7.813182606838031e-09,6.922925210289489e-13,0.6922925210289489
7209,7.813145969396904e-09,6.556550799011558e-13,0.6556550799011558
7210,7.813151212110719e-09,6.608977937163181e-13,0.6608977937163181
7211,7.813217546255927e-09,7.272319389243039e-13,0.7272319389243038
7212,7.813162736773236e-09,6.724224562340243e-13,0.6724224562340243
7213,7.813152982504446e-09,6.626681874437697e-13,0.6626681874437697
7214,7.81321885328875e-09,7.285389717482895e-13,0.7285389717482894
7215,7.813189514479808e-09,6.992001628052343e-13,0.6992001628052342
7216,7.813132995481342e-09,6.426811643394882e-13,0.6426811643394882
7217,7.81323093493303e-09,7.406206160270558e-13,0.7406206160270558
7218,7.813175535508832e-09,6.852211918296726e-13,0.6852211918296726
7219,7.813150931681827e-09,6.606173648244047e-13,0.6606173648244047
7220,7.813205490659605e-09,7.151763426027315e-13,0.7151763426027314
7221,7.813185520495845e-09,6.952061788422322e-13,0.6952061788422321
7222,7.813129241024744e-09,6.389267077414425e-13,0.6389267077414424
7223,7.813195208872248e-09,7.04894555245454e-13,0.704894555245454
7224,7.813177802683995e-09,6.87488366992557e-13,0.687488366992557
7225,7.813124407841194e-09,6.340935241918823e-13,0.6340935241918823
7226,7.813173072255706e-09,6.827579387038942e-13,0.6827579387038941
7227,7.813165731475162e-09,6.754171581597009e-13,0.6754171581597008
7228,7.813126405592117e-09,6.360912751149041e-13,0.636091275114904
7229,7.813137291984816e-09,6.469776678136681e-13,0.6469776678136681
7230,7.81315559675983e-09,6.652824428271211e-13,0.665282442827121
7231,7.813124781186212e-09,6.344668692099777e-13,0.6344668692099776
7232,7.813064498379905e-09,5.741840629024482e-13,0.5741840629024482
7233,7.813167372659096e-09,6.770583420932465e-13,0.6770583420932464
7234,7.813109128532343e-09,6.188142153407501e-13,0.6188142153407501
7235,7.813070377899866e-09,5.800635828636199e-13,0.5800635828636198
7236,7.813137614155492e-09,6.472998384892222e-13,0.6472998384892221
7237,7.813106173973003e-09,6.158596560005099e-13,0.6158596560005098
7238,7.81306081060174e-09,5.704962847380103e-13,0.5704962847380103
7239,7.813104588896532e-09,6.142745795293904e-13,0.6142745795293904
7240,7.813089138283737e-09,5.988239667350055e-13,0.5988239667350055
7241,7.813042050516025e-09,5.517361990222221e-13,0.551736199022222
7242,7.813076481849677e-09,5.86167532674496e-13,0.586167532674496
7243,7.813078601220979e-09,5.882869039762163e-13,0.5882869039762163
7244,7.8130436549184e-09,5.533406013970661e-13,0.5533406013970661
7245,7.813025629325445e-09,5.353150084430282e-13,0.5353150084430282
7246,7.813075101822942e-09,5.847875059392478e-13,0.5847875059392478
7247,7.813038838756824e-09,5.48524439821614e-13,0.5485244398216139
7248,7.812987627632724e-09,4.973133157215966e-13,0.4973133157215966
7249,7.81306101771146e-09,5.707033944580094e-13,0.5707033944580093
7250,7.813031086033664e-09,5.407717166619848e-13,0.5407717166619848
7251,7.81297138349236e-09,4.810691753571696e-13,0.4810691753571696
7252,7.813029891269975e-09,5.395769529729601e-13,0.53957695297296
7253,7.813014559214689e-09,5.242448976861365e-13,0.5242448976861365
7254,7.812979993412862e-09,4.896790958594201e-13,0.4896790958594201
7255,7.812975039693136e-09,4.847253761333338e-13,0.48472537613333383
7256,7.813013050113685e-09,5.227357966822539e-13,0.5227357966822539
7257,7.812977630855013e-09,4.873165380104112e-13,0.48731653801041125
7258,7.812929162843724e-09,4.388485267219451e-13,0.43884852672194513
7259,7.813009006798523e-09,5.186924815204037e-13,0.5186924815204037
7260,7.812973512973847e-09,4.831986568441484e-13,0.48319865684414837
7261,7.812918615020259e-09,4.28300703256594e-13,0.42830070325659403
7262,7.81296842646646e-09,4.781121494569869e-13,0.47811214945698693
7263,7.81296357623383e-09,4.732619168282644e-13,0.4732619168282644
7264,7.812933782791812e-09,4.4346847480923173e-13,0.44346847480923174
7265,7.812906283982375e-09,4.159696653731017e-13,0.4159696653731017
7266,7.812968103184477e-09,4.777888674742061e-13,0.47778886747420607
7267,7.812923452865878e-09,4.331385488754959e-13,0.4331385488754959
7268,7.812903076858139e-09,4.1276254113678095e-13,0.41276254113678096
7269,7.812938153996815e-09,4.4783967981309585e-13,0.44783967981309586
7270,7.812923103644358e-09,4.327893273557383e-13,0.43278932735573833
7271,7.812888846541995e-09,3.9853222499258283e-13,0.39853222499258284
7272,7.81289107506535e-09,4.0076074834801816e-13,0.40076074834801817
7273,7.812926755345695e-09,4.3644102869288675e-13,0.43644102869288676
7274,7.81289744296418e-09,4.071286471777859e-13,0.4071286471777859
7275,7.812848955735408e-09,3.586414184058125e-13,0.3586414184058125
7276,7.812917156687022e-09,4.268423700194381e-13,0.4268423700194381
7277,7.812893309470503e-09,4.029951535002392e-13,0.40299515350023923
7278,7.812853506240346e-09,3.631919233439514e-13,0.3631919233439514
7279,7.812868161807688e-09,3.7784749068525263e-13,0.37784749068525264
7280,7.812893152694868e-09,4.028383778660978e-13,0.40283837786609783
7281,7.812866168122523e-09,3.7585380552037766e-13,0.37585380552037767
7282,7.81282036822436e-09,3.300539073581811e-13,0.33005390735818113
7283,7.812888237383004e-09,3.9792306600197185e-13,0.39792306600197186
7284,7.812866883668852e-09,3.765693518491638e-13,0.3765693518491638
7285,7.812837211278005e-09,3.468969610026891e-13,0.34689696100268913
7286,7.812829866160652e-09,3.395518436498059e-13,0.3395518436498059
7287,7.812867278047392e-09,3.769637303894054e-13,0.3769637303894054
7288,7.812840523949323e-09,3.5020963232050133e-13,0.35020963232050134
7289,7.812794554942727e-09,3.0424062572445137e-13,0.3042406257244514
7290,7.812862105156197e-09,3.7179083919415117e-13,0.3717908391941512
7291,7.812841635988386e-09,3.513216713837654e-13,0.3513216713837654
7292,7.812803531865664e-09,3.132175486620882e-13,0.31321754866208823
7293,7.81281286958398e-09,3.2255526697767394e-13,0.32255526697767395
7294,7.812844983056018e-09,3.546687390154997e-13,0.3546687390154997
7295,7.812800554158608e-09,3.102398416054654e-13,0.3102398416054654
7296,7.800093606224415e-09,-1.2396708092586963e-11,-12.396708092586962
7297,7.803346433214384e-09,-9.143881102618674e-12,-9.143881102618675
7298,7.8057294687964e-09,-6.760845520602275e-12,-6.760845520602276
7299,7.807660184393564e-09,-4.830129923438471e-12,-4.830129923438471
7300,7.808531219706668e-09,-3.9590946103340894e-12,-3.9590946103340894
7301,7.809203396810143e-09,-3.28691750685967e-12,-3.28691750685967
7302,7.8097161878188e-09,-2.774126498202402e-12,-2.774126498202402
7303,7.810154097509948e-09,-2.336216807054638e-12,-2.3362168070546376
7304,7.810505612686506e-09,-1.9847016304961094e-12,-1.9847016304961094
7305,7.810803159260474e-09,-1.6871550565279351e-12,-1.6871550565279352
7306,7.811050199767015e-09,-1.4401145499870109e-12,-1.440114549987011
7307,7.811264819728358e-09,-1.2254945886442146e-12,-1.2254945886442146
7308,7.811458944609459e-09,-1.0313697075437265e-12,-1.0313697075437265
7309,7.811624711993002e-09,-8.65602323999977e-13,-0.865602323999977
7310,7.811751190193745e-09,-7.391241232574856e-13,-0.7391241232574857
7311,7.811943233135624e-09,-5.470811813787128e-13,-0.5470811813787129
7312,7.812067022189718e-09,-4.2329212728463723e-13,-0.4232921272846372
7313,7.812158442930053e-09,-3.3187138694903013e-13,-0.3318713869490301
7314,7.812250316053745e-09,-2.3999826325695346e-13,-0.23999826325695345
7315,7.812306404569739e-09,-1.8390974726379279e-13,-0.18390974726379278
7316,7.812471408647848e-09,-1.8905669154527358e-14,-0.01890566915452736
7317,7.812516623808673e-09,2.6309491670993437e-14,0.026309491670993435
7318,7.812558127962303e-09,6.781364530053085e-14,0.06781364530053084
7319,7.812602447301083e-09,1.1213298408103549e-13,0.11213298408103549
7320,7.812725133233677e-09,2.348189166747157e-13,0.23481891667471572
7321,7.812749429309896e-09,2.5911499289332356e-13,0.25911499289332357
7322,7.812755564891305e-09,2.6525057430258197e-13,0.265250574302582
7323,7.812831230249615e-09,3.409159326131185e-13,0.34091593261311853
7324,7.812883043756443e-09,3.9272943944016885e-13,0.39272943944016886
7325,7.812894871832938e-09,4.0455751593584515e-13,0.40455751593584516
7326,7.812886861964128e-09,3.9654764712595674e-13,0.39654764712595675
7327,7.812997201381853e-09,5.068870648501324e-13,0.5068870648501324
7328,7.812992275878488e-09,5.019615614855851e-13,0.501961561485585
7329,7.81296349573182e-09,4.731814148169573e-13,0.47318141481695736
7330,7.813049954322757e-09,5.596400057545871e-13,0.559640005754587
7331,7.813056058814669e-09,5.657444976665495e-13,0.5657444976665494
7332,7.813036137846582e-09,5.458235295796267e-13,0.5458235295796267
7333,7.81306967642106e-09,5.793621040580217e-13,0.5793621040580217
7334,7.813107493907833e-09,6.171795908303481e-13,0.617179590830348
7335,7.813089796990767e-09,5.994826737648991e-13,0.599482673764899
7336,7.813073794275122e-09,5.834799581192303e-13,0.5834799581192303
7337,7.813150940626495e-09,6.606263094923277e-13,0.6606263094923277
7338,7.813123670556612e-09,6.333562396095378e-13,0.6333562396095378
7339,7.813083034740502e-09,5.927204234999441e-13,0.592720423499944
7340,7.813168872137805e-09,6.785578208028483e-13,0.6785578208028482
7341,7.813139183971817e-09,6.488696548147639e-13,0.6488696548147639
7342,7.81310289876087e-09,6.125844438677571e-13,0.612584443867757
7343,7.813170965135889e-09,6.806508188867229e-13,0.6806508188867229
7344,7.813155138792832e-09,6.648244758294632e-13,0.6648244758294631
7345,7.813105920540745e-09,6.156062237426914e-13,0.6156062237426914
7346,7.813162028951848e-09,6.717146348457172e-13,0.6717146348457171
7347,7.81315796715104e-09,6.676528340368261e-13,0.6676528340368261
7348,7.81311925007462e-09,6.289357576169343e-13,0.6289357576169342
7349,7.813138098685442e-09,6.477843684401059e-13,0.6477843684401059
7350,7.813159741122634e-09,6.694268056314469e-13,0.6694268056314469
7351,7.813127470576806e-09,6.371562598038823e-13,0.6371562598038822
7352,7.813106944000491e-09,6.166296834884634e-13,0.6166296834884634
7353,7.81316258100049e-09,6.722666834868925e-13,0.6722666834868924
7354,7.813127869292155e-09,6.375549751528138e-13,0.6375549751528138
7355,7.813079754405514e-09,5.894400885119262e-13,0.5894400885119262
7356,7.813158266173998e-09,6.679518569959976e-13,0.6679518569959976
7357,7.81312138606132e-09,6.310717443169479e-13,0.6310717443169479
7358,7.813082344049508e-09,5.920297325059622e-13,0.5920297325059621
7359,7.81311829223621e-09,6.279779192076519e-13,0.6279779192076519
7360,7.813098418945914e-09,6.081046289112642e-13,0.6081046289112642
7361,7.81306017130193e-09,5.698569849270043e-13,0.5698569849270042
7362,7.813109690609854e-09,6.193762928520209e-13,0.6193762928520209
7363,7.81310224701984e-09,6.119327028368217e-13,0.6119327028368217
7364,7.813065345927848e-09,5.750316108457344e-13,0.5750316108457344
7365,7.813065609524501e-09,5.7529520749892e-13,0.5752952074989199
7366,7.81309942551921e-09,6.091112022081997e-13,0.6091112022081997
7367,7.813063644353854e-09,5.733300368511814e-13,0.5733300368511813
7368,7.813011013195958e-09,5.206988789557511e-13,0.5206988789557511
7369,7.8130979903879e-09,6.07676070897535e-13,0.607676070897535
7370,7.813055291850052e-09,5.649775330497332e-13,0.5649775330497332
7371,7.813002164832293e-09,5.118505152907167e-13,0.5118505152907167
7372,7.813067808394927e-09,5.774940779249378e-13,0.5774940779249378
7373,7.813044159966876e-09,5.538456498740642e-13,0.5538456498740641
7374,7.812996385601033e-09,5.060712840305e-13,0.5060712840305
7375,7.813029687738123e-09,5.393734211201302e-13,0.5393734211201302
7376,7.813034983008638e-09,5.446686916356038e-13,0.5446686916356037
7377,7.813002393463426e-09,5.120791464238396e-13,0.5120791464238396
7378,7.812974795042915e-09,4.844807259131125e-13,0.4844807259131125
7379,7.813033126529258e-09,5.428122122556568e-13,0.5428122122556568
7380,7.81299934116326e-09,5.090268462577498e-13,0.5090268462577497
7381,7.812945352692665e-09,4.550383756625849e-13,0.4550383756625849
7382,7.813014573444842e-09,5.242591278396504e-13,0.5242591278396503
7383,7.81299193974871e-09,5.016254317070602e-13,0.5016254317070602
7384,7.812942191647021e-09,4.518773300185948e-13,0.4518773300185948
7385,7.812973418675363e-09,4.831043583601964e-13,0.48310435836019644
7386,7.812981459769195e-09,4.911454521926524e-13,0.49114545219265243
7387,7.812953002741879e-09,4.626884248764797e-13,0.4626884248764797
7388,7.812911135109471e-09,4.208207924686165e-13,0.42082079246861653
7389,7.812988685055103e-09,4.983707381004217e-13,0.4983707381004217
7390,7.812951419698287e-09,4.611053812844336e-13,0.4611053812844336
7391,7.812892067896385e-09,4.0175357938241745e-13,0.40175357938241746
7392,7.812955264658661e-09,4.649503416588276e-13,0.4649503416588276
7393,7.81294004546882e-09,4.4973115181815975e-13,0.44973115181815976
7394,7.812906750379045e-09,4.1643606204265065e-13,0.41643606204265066
7395,7.81290059921223e-09,4.1028489522716276e-13,0.41028489522716277
7396,7.812943123491683e-09,4.528091746807918e-13,0.4528091746807918
7397,7.812911449772047e-09,4.2113545504412613e-13,0.42113545504412614
7398,7.812861850937892e-09,3.7153662088975763e-13,0.37153662088975764
7399,7.812931154523115e-09,4.40840206112801e-13,0.440840206112801
7400,7.812904562377746e-09,4.1424806074341196e-13,0.41424806074341197
7401,7.812880837377916e-09,3.9052306091410654e-13,0.39052306091410655
7402,7.812869601194492e-09,3.792868774894444e-13,0.3792868774894444
7403,7.812907073010507e-09,4.16758693504128e-13,0.41675869350412803
7404,7.812875673837965e-09,3.8535952096259e-13,0.38535952096259
7405,7.81283964691108e-09,3.493325940781235e-13,0.3493325940781235
7406,7.812904009190692e-09,4.1369487368995555e-13,0.41369487368995556
7407,7.812868885485533e-09,3.785711685303324e-13,0.3785711685303324
7408,7.812848180585065e-09,3.5786626806259396e-13,0.357866268062594
7409,7.812845734624964e-09,3.5542030796146667e-13,0.3554203079614667
7410,7.812886248170173e-09,3.959338531710584e-13,0.3959338531710584
7411,7.812843199489234e-09,3.5288517223165244e-13,0.35288517223165244
7412,7.812807317926756e-09,3.170036097534619e-13,0.3170036097534619
7413,7.812879490880133e-09,3.891765631310425e-13,0.3891765631310425
7414,7.812857275469199e-09,3.6696115219659724e-13,0.36696115219659725
7415,7.812818298157153e-09,3.2798384015025455e-13,0.32798384015025456
7416,7.812817432367508e-09,3.2711805050541625e-13,0.32711805050541626
7417,7.812853338866636e-09,3.6302454963357394e-13,0.36302454963357395
7418,7.81282863957563e-09,3.383252586270187e-13,0.33832525862701873
7419,7.812780620695091e-09,2.9030637808850473e-13,0.29030637808850474
7420,7.812848591199533e-09,3.5827688253036854e-13,0.35827688253036855
7421,7.812824699069939e-09,3.3438475293617447e-13,0.3343847529361745
7422,7.812791912010196e-09,3.0159769319363776e-13,0.3015976931936378
7423,7.812783566092923e-09,2.9325177592038747e-13,0.2932517759203875
7424,7.800316794174741e-09,-1.2173520142260937e-11,-12.173520142260937
7425,7.803793078701906e-09,-8.697235615096434e-12,-8.697235615096433
7426,7.806012851678448e-09,-6.4774626385548e-12,-6.4774626385548
7427,7.808028336462724e-09,-4.461977854278533e-12,-4.461977854278533
7428,7.80889916016667e-09,-3.591154150333166e-12,-3.591154150333166
7429,7.809538298973653e-09,-2.9520153433497025e-12,-2.9520153433497023
7430,7.810043358726353e-09,-2.4469555906490485e-12,-2.4469555906490483
7431,7.81044259102288e-09,-2.047723294121663e-12,-2.047723294121663
7432,7.810769205111303e-09,-1.7211092056990439e-12,-1.7211092056990438
7433,7.81103976665214e-09,-1.450547664862513e-12,-1.450547664862513
7434,7.811319838218122e-09,-1.1704760988801342e-12,-1.1704760988801342
7435,7.811546848468997e-09,-9.434658480051193e-13,-0.9434658480051193
7436,7.81170859039961e-09,-7.817239173924283e-13,-0.7817239173924283
7437,7.811868325959892e-09,-6.219883571100303e-13,-0.6219883571100303
7438,7.81199887441822e-09,-4.914398987817024e-13,-0.4914398987817024
7439,7.812100665498126e-09,-3.896488188763801e-13,-0.3896488188763801
7440,7.812299062542362e-09,-1.9125177464048444e-13,-0.19125177464048443
7441,7.812368362956294e-09,-1.219513607087956e-13,-0.1219513607087956
7442,7.812445184778851e-09,-4.5129538150977375e-14,-0.04512953815097737
7443,7.812496850075241e-09,6.5357582390941824e-15,0.006535758239094183
7444,7.812641585535837e-09,1.5127121883482935e-13,0.15127121883482936
7445,7.812689241235753e-09,1.9892691875061501e-13,0.19892691875061502
7446,7.812720794907104e-09,2.304805901017322e-13,0.23048059010173222
7447,7.812772939800325e-09,2.8262548332280273e-13,0.28262548332280274
7448,7.81287430636087e-09,3.8399204386748835e-13,0.38399204386748836
7449,7.8128946876812e-09,4.043733641968485e-13,0.4043733641968485
7450,7.812885339608753e-09,3.9502529175051553e-13,0.39502529175051554
7451,7.81299302812506e-09,5.027138080579098e-13,0.5027138080579098
7452,7.813007274893972e-09,5.169605769700754e-13,0.5169605769700754
7453,7.813000334888761e-09,5.100205717589414e-13,0.5100205717589413
7454,7.813046747577991e-09,5.564332609890267e-13,0.5564332609890267
7455,7.813107500521466e-09,6.171862044636002e-13,0.6171862044636002
7456,7.813088132821748e-09,5.978185047452968e-13,0.5978185047452967
7457,7.813079957124216e-09,5.896428072131267e-13,0.5896428072131267
7458,7.813162977249278e-09,6.726629322758816e-13,0.6726629322758816
7459,7.813144538331351e-09,6.542240143486379e-13,0.6542240143486379
7460,7.813110372952492e-09,6.200586354892747e-13,0.6200586354892746
7461,7.81320749716546e-09,7.171828484582961e-13,0.717182848458296
7462,7.813182962022663e-09,6.926477056606552e-13,0.6926477056606551
7463,7.813139074223452e-09,6.487599064498541e-13,0.648759906449854
7464,7.813228398604677e-09,7.380842876748518e-13,0.7380842876748518
7465,7.813194941941673e-09,7.046276246705881e-13,0.704627624670588
7466,7.813175188184666e-09,6.848738676637169e-13,0.6848738676637168
7467,7.813223239618375e-09,7.329253013724597e-13,0.7329253013724597
7468,7.813209630658496e-09,7.193163414933131e-13,0.719316341493313
7469,7.81318562547372e-09,6.953111567175831e-13,0.695311156717583
7470,7.813210841359957e-09,7.205270429542733e-13,0.7205270429542733
7471,7.813224388005316e-09,7.340736883135564e-13,0.7340736883135563
7472,7.813180438189741e-09,6.901238727384891e-13,0.6901238727384891
7473,7.813197862077594e-09,7.075477605918519e-13,0.7075477605918519
7474,7.813220812767337e-09,7.304984503346225e-13,0.7304984503346225
7475,7.813185279315071e-09,6.949649980689628e-13,0.6949649980689627
7476,7.813178769331547e-09,6.884550145444908e-13,0.6884550145444908
7477,7.813212381442038e-09,7.220671250352347e-13,0.7220671250352346
7478,7.813178521238985e-09,6.882069219823718e-13,0.6882069219823718
7479,7.813160418125575e-09,6.701038085730012e-13,0.6701038085730011
7480,7.81321179637944e-09,7.214820624379072e-13,0.7214820624379071
7481,7.813172775726412e-09,6.824614094097194e-13,0.6824614094097193
7482,7.813128079247906e-09,6.377649309035156e-13,0.6377649309035156
7483,7.813207688310304e-09,7.173739933013053e-13,0.7173739933013052
7484,7.813163688404588e-09,6.733740875858692e-13,0.6733740875858691
7485,7.813109546627806e-09,6.192323108035149e-13,0.6192323108035148
7486,7.81318487694054e-09,6.945626235376991e-13,0.694562623537699
7487,7.813145984955205e-09,6.55670638202331e-13,0.655670638202331
7488,7.813089754056361e-09,5.994397393588687e-13,0.5994397393588686
7489,7.813142940569714e-09,6.526262527121003e-13,0.6526262527121003
7490,7.813138683720935e-09,6.483694039323791e-13,0.6483694039323791
7491,7.813086704954592e-09,5.963906375891877e-13,0.5963906375891876
7492,7.813123559507204e-09,6.33245190202021e-13,0.633245190202021
7493,7.813126106596263e-09,6.357922792607869e-13,0.6357922792607869
7494,7.813084347763543e-09,5.940334465409326e-13,0.5940334465409326
7495,7.813079060299283e-09,5.88745982281101e-13,0.588745982281101
7496,7.813120124781827e-09,6.298104648246412e-13,0.6298104648246412
7497,7.813070575929393e-09,5.802616123904243e-13,0.5802616123904243
7498,7.813030582313335e-09,5.40267996332648e-13,0.540267996332648
7499,7.813110837668648e-09,6.205233516454563e-13,0.6205233516454562
7500,7.813069518669644e-09,5.792043526419251e-13,0.579204352641925
7501,7.813011991065003e-09,5.216767480001701e-13,0.52167674800017
7502,7.813079950537687e-09,5.896362206849289e-13,0.5896362206849288
7503,7.81305627649536e-09,5.659621783577303e-13,0.5659621783577302
7504,7.813003322787318e-09,5.130084703159856e-13,0.5130084703159855
7505,7.813041001929893e-09,5.506876128911027e-13,0.5506876128911027
7506,7.813042578414062e-09,5.522640970600053e-13,0.5522640970600052
7507,7.813008459872737e-09,5.181455557344934e-13,0.5181455557344934
7508,7.812985310584261e-09,4.949962672587778e-13,0.4949962672587778
7509,7.813039203970326e-09,5.488896533234157e-13,0.5488896533234157
7510,7.813004888212625e-09,5.145738956227288e-13,0.5145738956227287
7511,7.812951155180062e-09,4.608408630594015e-13,0.4608408630594015
7512,7.813021675348543e-09,5.313610315401908e-13,0.5313610315401908
7513,7.812996829879978e-09,5.065155629757302e-13,0.5065155629757302
7514,7.812944949992873e-09,4.546356758706695e-13,0.4546356758706695
7515,7.812981797904748e-09,4.914835877451963e-13,0.49148358774519635
7516,7.81298516776773e-09,4.948534507276072e-13,0.49485345072760717
7517,7.81295134404808e-09,4.610297310778484e-13,0.46102973107784845
7518,7.812923238979894e-09,4.329246628919188e-13,0.43292466289191883
7519,7.812988297344406e-09,4.979830274035409e-13,0.4979830274035409
7520,7.81295255629453e-09,4.622419775269045e-13,0.4622419775269045
7521,7.812898354398736e-09,4.0804008173408584e-13,0.40804008173408585
7522,7.812961799958306e-09,4.714856413040271e-13,0.4714856413040271
7523,7.812943494749612e-09,4.5318043260970513e-13,0.45318043260970514
7524,7.812905443888322e-09,4.151295713197513e-13,0.4151295713197513
7525,7.81290866925426e-09,4.183549372576241e-13,0.4183549372576241
7526,7.812942151965221e-09,4.5183764821908184e-13,0.45183764821908184
7527,7.812912683539909e-09,4.22369222906306e-13,0.422369222906306
7528,7.812852585861122e-09,3.6227154411972844e-13,0.36227154411972845
7529,7.812944538158678e-09,4.5422384167545087e-13,0.4542238416754509
7530,7.812909959292215e-09,4.19644975212556e-13,0.419644975212556
7531,7.812863588155033e-09,3.7327383803073116e-13,0.37327383803073116
7532,7.812890205779154e-09,3.998914621511736e-13,0.3998914621511736
7533,7.812902968681867e-09,4.126543648650212e-13,0.4126543648650212
7534,7.812884443705393e-09,3.9412938839033645e-13,0.39412938839033645
7535,7.812836146537262e-09,3.4583222025919973e-13,0.34583222025919974
7536,7.812907390275167e-09,4.170759581648516e-13,0.4170759581648516
7537,7.812872596221678e-09,3.8228190467577266e-13,0.38228190467577267
7538,7.812831871419675e-09,3.4155710267287214e-13,0.34155710267287215
7539,7.81285698362908e-09,3.6666931207681846e-13,0.36666931207681847
7540,7.812881696337088e-09,3.913820200852582e-13,0.3913820200852582
7541,7.812849780135635e-09,3.5946581863271614e-13,0.35946581863271615
7542,7.81280764175084e-09,3.17327433837329e-13,0.31732743383732903
7543,7.81287815660673e-09,3.878422897274732e-13,0.3878422897274732
7544,7.812851166261008e-09,3.6085194400518455e-13,0.36085194400518456
7545,7.812819583316198e-09,3.2926899919541024e-13,0.32926899919541025
7546,7.812822973833232e-09,3.326595162292069e-13,0.3326595162292069
7547,7.812851416467764e-09,3.611021507615399e-13,0.3611021507615399
7548,7.812823593807139e-09,3.3327949013648843e-13,0.33327949013648844
7549,7.8127838845231e-09,2.9357020609844646e-13,0.2935702060984465
7550,7.81285225534209e-09,3.6194102508744624e-13,0.36194102508744624
7551,7.81281619090181e-09,3.258765848078117e-13,0.32587658480781173
7552,7.800161152968438e-09,-1.2329161348564215e-11,-12.329161348564215
7553,7.803493322117334e-09,-8.996992199667948e-12,-8.996992199667948
7554,7.805850432690683e-09,-6.639881626319154e-12,-6.639881626319154
7555,7.807783075619839e-09,-4.707238697163431e-12,-4.707238697163431
7556,7.808642369321571e-09,-3.84794499543147e-12,-3.8479449954314697
7557,7.809318233661109e-09,-3.1720806558936985e-12,-3.1720806558936987
7558,7.809825448889043e-09,-2.6648654279589805e-12,-2.6648654279589805
7559,7.810261957303093e-09,-2.228357013909045e-12,-2.228357013909045
7560,7.810610210820046e-09,-1.8801034969561135e-12,-1.8801034969561135
7561,7.810899879662344e-09,-1.590434654658056e-12,-1.590434654658056
7562,7.811144441736929e-09,-1.345872580073325e-12,-1.3458725800733249
7563,7.81135646058884e-09,-1.1338537281625387e-12,-1.1338537281625387
7564,7.81154544269246e-09,-9.44871624541964e-13,-0.944871624541964
7565,7.811704007531237e-09,-7.863067857654159e-13,-0.7863067857654159
7566,7.811824123281266e-09,-6.661910357367755e-13,-0.6661910357367755
7567,7.812038529410835e-09,-4.5178490616744766e-13,-0.45178490616744765
7568,7.812133175327373e-09,-3.5713898962934793e-13,-0.3571389896293479
7569,7.812231993416501e-09,-2.583209005011981e-13,-0.2583209005011981
7570,7.812299093550544e-09,-1.9122076645835135e-13,-0.19122076645835134
7571,7.812409279201295e-09,-8.103511570728845e-14,-0.08103511570728845
7572,7.81251722602877e-09,2.691171176770051e-14,0.02691171176770051
7573,7.812572734523706e-09,8.242020670363575e-14,0.08242020670363574
7574,7.812596971863272e-09,1.066575462695492e-13,0.1066575462695492
7575,7.812698802706292e-09,2.0848838928954743e-13,0.20848838928954744
7576,7.81276412843506e-09,2.738141180569044e-13,0.2738141180569044
7577,7.812791153285516e-09,3.008389685133324e-13,0.3008389685133324
7578,7.812796232013752e-09,3.0591769674990626e-13,0.30591769674990626
7579,7.812908962883313e-09,4.186485663109875e-13,0.4186485663109875
7580,7.81292488596431e-09,4.3457164730708724e-13,0.43457164730708725
7581,7.812915026853169e-09,4.2471253616675324e-13,0.42471253616675325
7582,7.812976567062946e-09,4.862527459438228e-13,0.4862527459438228
7583,7.813018044789148e-09,5.277304721454059e-13,0.5277304721454058
7584,7.813016187279776e-09,5.258729627733951e-13,0.525872962773395
7585,7.8130093949429e-09,5.190806258981536e-13,0.5190806258981535
7586,7.813100759711299e-09,6.104453942966061e-13,0.610445394296606
7587,7.813083890338647e-09,5.93576021644361e-13,0.593576021644361
7588,7.813049866665011e-09,5.595523480089416e-13,0.5595523480089416
7589,7.813140612110024e-09,6.502977930214162e-13,0.6502977930214161
7590,7.813129958847897e-09,6.396445308947908e-13,0.6396445308947908
7591,7.813086929465756e-09,5.966151487540551e-13,0.5966151487540551
7592,7.813161438007454e-09,6.71123690451604e-13,0.6711236904516039
7593,7.813158552566002e-09,6.682382489998597e-13,0.6682382489998596
7594,7.813118972437548e-09,6.28658120545615e-13,0.628658120545615
7595,7.813164070287698e-09,6.737559706960729e-13,0.6737559706960728
7596,7.813174597104747e-09,6.842827877443321e-13,0.684282787744332
7597,7.813145675117329e-09,6.55360800326489e-13,0.6553608003264889
7598,7.813153099896436e-09,6.627855794339956e-13,0.6627855794339955
7599,7.813189383453975e-09,6.990691369726894e-13,0.6990691369726894
7600,7.813159630886378e-09,6.693165693755594e-13,0.6693165693755594
7601,7.813135168466441e-09,6.44854149438638e-13,0.644854149438638
7602,7.813200154026777e-09,7.098397097743776e-13,0.7098397097743776
7603,7.813164240019549e-09,6.739257025461755e-13,0.6739257025461755
7604,7.813116864260634e-09,6.265499436313256e-13,0.6265499436313255
7605,7.81319974368336e-09,7.094293663571462e-13,0.7094293663571462
7606,7.813160801119993e-09,6.704868029904317e-13,0.6704868029904316
7607,7.813112756272812e-09,6.224419558098866e-13,0.6224419558098866
7608,7.813183775282713e-09,6.934609657102366e-13,0.6934609657102365
7609,7.813160077713198e-09,6.69763396195895e-13,0.669763396195895
7610,7.813101594574077e-09,6.112802570744742e-13,0.6112802570744742
7611,7.813162211856755e-09,6.718975397522155e-13,0.6718975397522154
7612,7.813147694064404e-09,6.573797474019828e-13,0.6573797474019828
7613,7.81310222246266e-09,6.119081456576149e-13,0.6119081456576149
7614,7.813131946217584e-09,6.416319005820111e-13,0.641631900582011
7615,7.813135017057608e-09,6.447027406052504e-13,0.6447027406052503
7616,7.813084708775762e-09,5.94394458759316e-13,0.594394458759316
7617,7.813087624900135e-09,5.973105831325416e-13,0.5973105831325416
7618,7.813134699657422e-09,6.443853404192553e-13,0.6443853404192552
7619,7.813098231406043e-09,6.079170890404785e-13,0.6079170890404785
7620,7.81305088161377e-09,5.605672967676596e-13,0.5605672967676596
7621,7.813129951122957e-09,6.396368059543119e-13,0.6396368059543118
7622,7.813090710702148e-09,6.003963851457613e-13,0.6003963851457612
7623,7.813034286571372e-09,5.439722543701077e-13,0.5439722543701077
7624,7.813104631153311e-09,6.14316836309063e-13,0.614316836309063
7625,7.813072965592296e-09,5.826512752937453e-13,0.5826512752937453
7626,7.813025317671531e-09,5.350033545285472e-13,0.5350033545285472
7627,7.813065467168756e-09,5.751528517536726e-13,0.5751528517536726
7628,7.813063890142486e-09,5.735758254836838e-13,0.5735758254836838
7629,7.813031501228886e-09,5.411869118839381e-13,0.5411869118839381
7630,7.813015137419707e-09,5.24823102704723e-13,0.524823102704723
7631,7.81306187322829e-09,5.715589112872634e-13,0.5715589112872633
7632,7.813025861154975e-09,5.355468379725599e-13,0.5355468379725599
7633,7.812975714717408e-09,4.854004004059233e-13,0.4854004004059233
7634,7.813049350584777e-09,5.590362677748385e-13,0.5590362677748385
7635,7.813019491846682e-09,5.291775296799679e-13,0.5291775296799679
7636,7.812961478167102e-09,4.711638500992334e-13,0.4711638500992334
7637,7.813018857452886e-09,5.285431358837924e-13,0.5285431358837923
7638,7.813009232420995e-09,5.18918103992498e-13,0.5189181039924979
7639,7.812978955099546e-09,4.88640782543885e-13,0.48864078254388504
7640,7.812944332729471e-09,4.540184124688192e-13,0.4540184124688192
7641,7.813020674711253e-09,5.303603942501496e-13,0.5303603942501496
7642,7.812962077080382e-09,4.717627633793144e-13,0.4717627633793144
7643,7.812922282117267e-09,4.3196780026459174e-13,0.43196780026459175
7644,7.812991614948844e-09,5.013006318412379e-13,0.5013006318412379
7645,7.812966551067752e-09,4.762367507491301e-13,0.47623675074913013
7646,7.812915052413235e-09,4.247380962329696e-13,0.4247380962329696
7647,7.812954607740565e-09,4.642934235625186e-13,0.4642934235625186
7648,7.812954821219973e-09,4.64506902970281e-13,0.464506902970281
7649,7.812927763951871e-09,4.374496348688957e-13,0.4374496348688957
7650,7.812890261967931e-09,3.9994765092876266e-13,0.39994765092876267
7651,7.812963120245502e-09,4.728059284995713e-13,0.4728059284995713
7652,7.812927291104199e-09,4.3697678719642046e-13,0.43697678719642047
7653,7.812873614179098e-09,3.832998620955193e-13,0.3832998620955193
7654,7.81293436378865e-09,4.440494716484124e-13,0.4440494716484124
7655,7.812918012014116e-09,4.276976971133119e-13,0.4276976971133119
7656,7.812880674557855e-09,3.9036024085285353e-13,0.39036024085285354
7657,7.812877272494068e-09,3.869581770659199e-13,0.3869581770659199
7658,7.812923452649037e-09,4.331383320350614e-13,0.4331383320350614
7659,7.812892448451347e-09,4.0213413434495986e-13,0.40213413434495987
7660,7.812841038728514e-09,3.5072441151199745e-13,0.35072441151199746
7661,7.812905923945939e-09,4.1560962893667357e-13,0.4156096289366736
7662,7.812887383546688e-09,3.970692296860852e-13,0.3970692296860852
7663,7.812850832489369e-09,3.605181723663849e-13,0.3605181723663849
7664,7.812850814925294e-09,3.605006082911906e-13,0.3605006082911906
7665,7.8128918084197e-09,4.0149410269748736e-13,0.40149410269748737
7666,7.812862744645743e-09,3.7243032874053743e-13,0.37243032874053744
7667,7.812813722715565e-09,3.2340839856214847e-13,0.3234083985621485
7668,7.812880784956741e-09,3.9047063973906686e-13,0.39047063973906687
7669,7.812859466153899e-09,3.6915183689621283e-13,0.36915183689621284
7670,7.81282585781101e-09,3.3554349400801835e-13,0.33554349400801836
7671,7.81282327011858e-09,3.329558015778929e-13,0.3329558015778929
7672,7.812867477296646e-09,3.771629796436539e-13,0.3771629796436539
7673,7.81283787017477e-09,3.4755585776796287e-13,0.3475558577679629
7674,7.81278848774737e-09,2.981734303672225e-13,0.2981734303672225
7675,7.812853468103535e-09,3.631537865325342e-13,0.3631537865325342
7676,7.812835980898275e-09,3.4566658127229826e-13,0.34566658127229827
7677,7.812806748449565e-09,3.164341325623639e-13,0.3164341325623639
7678,7.812792218947831e-09,3.019046308286684e-13,0.3019046308286684
7679,7.81283779788559e-09,3.474835685881124e-13,0.3474835685881124
7680,7.800305525898932e-09,-1.2184788418069904e-11,-12.184788418069905
7681,7.803758878222001e-09,-8.731436095001131e-12,-8.731436095001131
7682,7.80605446991725e-09,-6.435844399751663e-12,-6.435844399751662
7683,7.807996884733482e-09,-4.493429583520382e-12,-4.493429583520382
7684,7.808852633988577e-09,-3.6376803284256563e-12,-3.6376803284256565
7685,7.809536519743678e-09,-2.9537945733248598e-12,-2.95379457332486
7686,7.810038230829548e-09,-2.4520834874541446e-12,-2.4520834874541446
7687,7.810447629500112e-09,-2.042684816890743e-12,-2.042684816890743
7688,7.810805237215253e-09,-1.6850771017492037e-12,-1.6850771017492037
7689,7.811084913806384e-09,-1.4054005106182614e-12,-1.4054005106182614
7690,7.811315373880152e-09,-1.1749404368506148e-12,-1.1749404368506149
7691,7.811522006659615e-09,-9.683076573872477e-13,-0.9683076573872478
7692,7.81170358753842e-09,-7.867267785819824e-13,-0.7867267785819825
7693,7.81184617926027e-09,-6.441350567317942e-13,-0.6441350567317943
7694,7.811993836130725e-09,-4.964781862772426e-13,-0.49647818627724255
7695,7.81217883297821e-09,-3.114813387921815e-13,-0.3114813387921815
7696,7.812261279479009e-09,-2.2903483799383435e-13,-0.22903483799383434
7697,7.812354639613085e-09,-1.356747039171395e-13,-0.13567470391713948
7698,7.812407269063362e-09,-8.304525364013089e-14,-0.08304525364013089
7699,7.812579011539289e-09,8.869722228629489e-14,0.08869722228629488
7700,7.812620964742353e-09,1.3065042535062148e-13,0.1306504253506215
7701,7.812666210152419e-09,1.7589583541675462e-13,0.17589583541675463
7702,7.812690946712875e-09,2.0063239587298902e-13,0.20063239587298903
7703,7.81285935418292e-09,3.690398659168494e-13,0.3690398659168494
7704,7.812843985020813e-09,3.536707038106725e-13,0.3536707038106725
7705,7.812849654259763e-09,3.5933994276049057e-13,0.3593399427604906
7706,7.812952306060668e-09,4.619917436654948e-13,0.46199174366549484
7707,7.812979623510186e-09,4.893091931832223e-13,0.48930919318322236
7708,7.812982366053791e-09,4.920517367886331e-13,0.49205173678863307
7709,7.813011298964546e-09,5.20984647543364e-13,0.5209846475433639
7710,7.813082009220772e-09,5.916949037700443e-13,0.5916949037700443
7711,7.813074947080187e-09,5.846327631841798e-13,0.5846327631841798
7712,7.813058368951343e-09,5.680546343405187e-13,0.5680546343405186
7713,7.813151059834524e-09,6.607455175211925e-13,0.6607455175211925
7714,7.813138368218103e-09,6.480539011001858e-13,0.6480539011001858
7715,7.813102096668103e-09,6.117823511005523e-13,0.6117823511005522
7716,7.813188671051833e-09,6.983567348302035e-13,0.6983567348302034
7717,7.813181507484133e-09,6.91193167131103e-13,0.6911931671311029
7718,7.813135870839713e-09,6.455565227110284e-13,0.6455565227110284
7719,7.81321141159609e-09,7.210972790868921e-13,0.721097279086892
7720,7.813206188750279e-09,7.158744332765406e-13,0.7158744332765405
7721,7.813161979485124e-09,6.716651681215975e-13,0.6716651681215975
7722,7.813216341192317e-09,7.260268753146405e-13,0.7260268753146405
7723,7.813219363920869e-09,7.290496038664758e-13,0.7290496038664758
7724,7.813183797292017e-09,6.93482975014338e-13,0.693482975014338
7725,7.813208705590097e-09,7.183912730946941e-13,0.7183912730946941
7726,7.813230687436779e-09,7.403731197761317e-13,0.7403731197761316
7727,7.81319092565025e-09,7.006113332478871e-13,0.700611333247887
7728,7.813195866847441e-09,7.055525304388812e-13,0.7055525304388811
7729,7.813236061284846e-09,7.457469678440561e-13,0.745746967844056
7730,7.813194965902541e-09,7.046515855386e-13,0.7046515855386
7731,7.81316705257551e-09,6.767382585068745e-13,0.6767382585068744
7732,7.813232414164263e-09,7.420998472610864e-13,0.7420998472610864
7733,7.813193481250296e-09,7.03166933293707e-13,0.7031669332937069
7734,7.813145774809719e-09,6.55460492716249e-13,0.655460492716249
7735,7.813234342715983e-09,7.440283989804493e-13,0.7440283989804493
7736,7.813184017141112e-09,6.937028241098638e-13,0.6937028241098637
7737,7.81313340615002e-09,6.430918330173714e-13,0.6430918330173714
7738,7.81320907413752e-09,7.187598205181763e-13,0.7187598205181762
7739,7.813178754559292e-09,6.884402422898907e-13,0.6884402422898906
7740,7.813119549449944e-09,6.292351329418118e-13,0.6292351329418118
7741,7.813186279843941e-09,6.959655269387867e-13,0.6959655269387867
7742,7.813164713897213e-09,6.743995802107146e-13,0.6743995802107146
7743,7.813108991191033e-09,6.186768740305505e-13,0.6186768740305505
7744,7.813132800650211e-09,6.424863332090926e-13,0.6424863332090925
7745,7.813161751775563e-09,6.714374585603213e-13,0.6714374585603212
7746,7.813096317762103e-09,6.060034451009873e-13,0.6060034451009872
7747,7.813117801743147e-09,6.274874261448195e-13,0.6274874261448194
7748,7.813143597840176e-09,6.532835231741154e-13,0.6532835231741153
7749,7.813106645899104e-09,6.163315821011385e-13,0.6163315821011385
7750,7.813058703237978e-09,5.683889209753503e-13,0.5683889209753502
7751,7.81313626841665e-09,6.459540996476788e-13,0.6459540996476788
7752,7.813093690713134e-09,6.033763961320006e-13,0.6033763961320006
7753,7.813040210001522e-09,5.49895684519265e-13,0.549895684519265
7754,7.813113044101384e-09,6.227297843816272e-13,0.6227297843816272
7755,7.813082610790348e-09,5.922964733454479e-13,0.5922964733454479
7756,7.81302334127939e-09,5.330269623883234e-13,0.5330269623883234
7757,7.813084358930826e-09,5.940446138233092e-13,0.5940446138233092
7758,7.813067186577876e-09,5.768722608739631e-13,0.576872260873963
7759,7.813030397185814e-09,5.400828688116961e-13,0.5400828688116961
7760,7.813016654354072e-09,5.263400370693018e-13,0.5263400370693018
7761,7.813064461273085e-09,5.741469560830949e-13,0.5741469560830949
7762,7.813021689090805e-09,5.313747738027271e-13,0.531374773802727
7763,7.812977894478771e-09,4.875801617686511e-13,0.4875801617686511
7764,7.813067998807934e-09,5.776844909314806e-13,0.5776844909314806
7765,7.81300452619752e-09,5.142118805173358e-13,0.5142118805173358
7766,7.812975477087397e-09,4.851627703947688e-13,0.4851627703947688
7767,7.813024602396253e-09,5.342880792503042e-13,0.5342880792503042
7768,7.812997317770956e-09,5.070034539533487e-13,0.5070034539533487
7769,7.812959509310166e-09,4.691949931641083e-13,0.46919499316410834
7770,7.812982368601666e-09,4.920542846637384e-13,0.4920542846637384
7771,7.812995339047781e-09,5.05024730778454e-13,0.505024730778454
7772,7.812966099362021e-09,4.757850450190184e-13,0.47578504501901836
7773,7.812922122929283e-09,4.3180861228061656e-13,0.43180861228061657
7774,7.813011970898842e-09,5.216565818397619e-13,0.5216565818397618
7775,7.812954823605217e-09,4.645092882150605e-13,0.4645092882150605
7776,7.812923643929406e-09,4.3332961240334216e-13,0.43332961240334217
7777,7.812949321604453e-09,4.590072874503483e-13,0.4590072874503483
7778,7.812952041352707e-09,4.617270357050825e-13,0.4617270357050825
7779,7.812918961151803e-09,4.2864683480016e-13,0.42864683480016
7780,7.812908401185273e-09,4.180868682704771e-13,0.4180868682704771
7781,7.812952014464494e-09,4.617001474912049e-13,0.46170014749120486
7782,7.812922298895296e-09,4.3198457829321095e-13,0.43198457829321096
7783,7.81287081788617e-09,3.805035691674076e-13,0.38050356916740763
7784,7.812941269424653e-09,4.5095510765067863e-13,0.45095510765067864
7785,7.81291677377392e-09,4.264594569171705e-13,0.4264594569171705
7786,7.812871581679495e-09,3.8126736249286935e-13,0.38126736249286935
7787,7.812894311761201e-09,4.0399744419859345e-13,0.40399744419859346
7788,7.812913561987614e-09,4.232476706115081e-13,0.4232476706115081
7789,7.812886080308572e-09,3.957659915697033e-13,0.3957659915697033
7790,7.81284095922939e-09,3.5064491238769995e-13,0.35064491238769996
7791,7.812912205271225e-09,4.2189095422296834e-13,0.42189095422296835
7792,7.812886613898671e-09,3.9629958166889206e-13,0.39629958166889206
7793,7.812839158125636e-09,3.488438086337127e-13,0.3488438086337127
7794,7.812871348847079e-09,3.810345300763281e-13,0.3810345300763281
7795,7.812882792275749e-09,3.9247795874626084e-13,0.39247795874626085
7796,7.812856533305707e-09,3.662189887044766e-13,0.3662189887044766
7797,7.812810122486726e-09,3.198081697231388e-13,0.3198081697231388
7798,7.812897928307283e-09,4.0761399028029903e-13,0.40761399028029904
7799,7.812851772899228e-09,3.614585822257445e-13,0.3614585822257445
7800,7.812812479135673e-09,3.221648186703076e-13,0.3221648186703076
7801,7.812843868170924e-09,3.5355385392153287e-13,0.3535538539215329
7802,7.812857782387925e-09,3.6746807092234284e-13,0.36746807092234285
7803,7.812832630605141e-09,3.423162881391008e-13,0.3423162881391008
7804,7.81278860541041e-09,2.9829109340799147e-13,0.2982910934079915
7805,7.812864269250838e-09,3.7395493383548655e-13,0.37395493383548656
7806,7.812828267856915e-09,3.3795353991218207e-13,0.3379535399121821
7807,7.812783383052491e-09,2.930687354886176e-13,0.2930687354886176
7808,7.800186304344646e-09,-1.2304009972356787e-11,-12.304009972356788
7809,7.803590210651856e-09,-8.900103665146171e-12,-8.90010366514617
7810,7.805882174416901e-09,-6.608139900101219e-12,-6.608139900101219
7811,7.807850336324224e-09,-4.639977992778839e-12,-4.639977992778839
7812,7.808714581712803e-09,-3.775732604199865e-12,-3.775732604199865
7813,7.80938393045807e-09,-3.1063838589328084e-12,-3.1063838589328086
7814,7.80987967788989e-09,-2.6106364271118497e-12,-2.61063642711185
7815,7.810304100783639e-09,-2.1862135333634473e-12,-2.186213533363447
7816,7.810636549370528e-09,-1.853764946474869e-12,-1.853764946474869
7817,7.810928669837883e-09,-1.5616444791193327e-12,-1.5616444791193327
7818,7.811176518779774e-09,-1.3137955372284947e-12,-1.3137955372284946
7819,7.811381341998706e-09,-1.1089723182960602e-12,-1.1089723182960602
7820,7.81154891110942e-09,-9.414032075820743e-13,-0.9414032075820743
7821,7.811779584825226e-09,-7.107294917763394e-13,-0.7107294917763395
7822,7.81192034427251e-09,-5.699700444925974e-13,-0.5699700444925975
7823,7.812037265800308e-09,-4.530485166944252e-13,-0.4530485166944252
7824,7.812148171279986e-09,-3.4214303701599486e-13,-0.34214303701599486
7825,7.812216716032109e-09,-2.735982848934741e-13,-0.2735982848934741
7826,7.812397184736326e-09,-9.312958067674444e-14,-0.09312958067674444
7827,7.812458006607953e-09,-3.2307709049055176e-14,-0.032307709049055174
7828,7.812521798705643e-09,3.148438864026675e-14,0.03148438864026675
7829,7.812550237708098e-09,5.99233910953219e-14,0.0599233910953219
7830,7.812699199388762e-09,2.0888507175940556e-13,0.20888507175940557
7831,7.812725138058377e-09,2.3482374137438327e-13,0.23482374137438328
7832,7.812751837892127e-09,2.615235751245544e-13,0.26152357512455443
7833,7.81279808198792e-09,3.0776767091681827e-13,0.3077676709168183
7834,7.812891664139496e-09,4.0134982249338385e-13,0.40134982249338386
7835,7.812903529512546e-09,4.1321519554379365e-13,0.41321519554379366
7836,7.812891634296831e-09,4.013199798285862e-13,0.4013199798285862
7837,7.812992759812128e-09,5.02445495125274e-13,0.5024454951252739
7838,7.813006128865171e-09,5.158145481687039e-13,0.5158145481687039
7839,7.812991151886096e-09,5.008375690933693e-13,0.5008375690933693
7840,7.813048190407137e-09,5.578760901351161e-13,0.5578760901351161
7841,7.813082267938516e-09,5.919536215134537e-13,0.5919536215134537
7842,7.81307145513604e-09,5.811408190371471e-13,0.5811408190371471
7843,7.813071091657261e-09,5.807773402588214e-13,0.5807773402588213
7844,7.813144767504585e-09,6.54453187582847e-13,0.654453187582847
7845,7.813124688541137e-09,6.343742241343388e-13,0.6343742241343387
7846,7.813089711908002e-09,5.993975909994133e-13,0.5993975909994133
7847,7.813183836756976e-09,6.935224399734165e-13,0.6935224399734164
7848,7.813159585024626e-09,6.692707076236633e-13,0.6692707076236633
7849,7.813115037596814e-09,6.24723279811122e-13,0.624723279811122
7850,7.813195482579086e-09,7.05168262083898e-13,0.7051682620838979
7851,7.813182078262367e-09,6.917639453648079e-13,0.6917639453648079
7852,7.8131308238786e-09,6.405095615981084e-13,0.6405095615981083
7853,7.813200744564595e-09,7.104302475926762e-13,0.7104302475926761
7854,7.813191068412571e-09,7.007540955689491e-13,0.7007540955689491
7855,7.813145433177614e-09,6.551188606116988e-13,0.6551188606116988
7856,7.813190065688192e-09,6.997513711897259e-13,0.6997513711897259
7857,7.813192286405292e-09,7.019720882895193e-13,0.7019720882895193
7858,7.81317013471834e-09,6.798204013377619e-13,0.6798204013377619
7859,7.813161385776014e-09,6.710714590119445e-13,0.6710714590119444
7860,7.813194818613676e-09,7.045042966734679e-13,0.7045042966734678
7861,7.813161492705454e-09,6.711783884512059e-13,0.6711783884512058
7862,7.813143862737872e-09,6.535484208699079e-13,0.6535484208699078
7863,7.813196521407398e-09,7.06207090395465e-13,0.7062070903954649
7864,7.813159865101152e-09,6.695507841498706e-13,0.6695507841498706
7865,7.813112499262687e-09,6.22184945684899e-13,0.6221849456848989
7866,7.813197047760448e-09,7.067334434451524e-13,0.7067334434451523
7867,7.813155080842226e-09,6.647665252233438e-13,0.6647665252233438
7868,7.813100472018253e-09,6.101577012501371e-13,0.610157701250137
7869,7.813173366806331e-09,6.830524893291042e-13,0.6830524893291041
7870,7.813146529848112e-09,6.562155311091679e-13,0.6562155311091679
7871,7.81309315977933e-09,6.028454623281345e-13,0.6028454623281344
7872,7.813126934438832e-09,6.366201218295882e-13,0.6366201218295882
7873,7.813125877314609e-09,6.355629976063605e-13,0.6355629976063605
7874,7.813084413032514e-09,5.940987155117163e-13,0.5940987155117162
7875,7.813114861224225e-09,6.245469072227129e-13,0.6245469072227129
7876,7.813119498926123e-09,6.29184609120574e-13,0.629184609120574
7877,7.81308609251589e-09,5.957781988870049e-13,0.5957781988870049
7878,7.813069489125135e-09,5.791748081327249e-13,0.5791748081327248
7879,7.813115744686365e-09,6.254303693629627e-13,0.6254303693629627
7880,7.813078048548921e-09,5.877342319187919e-13,0.5877342319187918
7881,7.813028879926189e-09,5.385656091864656e-13,0.5385656091864656
7882,7.813106710192292e-09,6.163958752899669e-13,0.6163958752899669
7883,7.813070374213579e-09,5.800598965762334e-13,0.5800598965762334
7884,7.81301182496523e-09,5.215106482273453e-13,0.5215106482273453
7885,7.81307587426278e-09,5.855599457770351e-13,0.5855599457770351
7886,7.813057355574677e-09,5.670412576749508e-13,0.5670412576749507
7887,7.813010368800397e-09,5.200544833945344e-13,0.5200544833945343
7888,7.813035062318027e-09,5.447480010245211e-13,0.544748001024521
7889,7.813045820856184e-09,5.555065391820947e-13,0.5555065391820947
7890,7.813012985847601e-09,5.226715305984799e-13,0.5226715305984798
7891,7.81298087841999e-09,4.905641029877657e-13,0.4905641029877657
7892,7.813045421598734e-09,5.55107281732077e-13,0.5551072817320769
7893,7.813009299262059e-09,5.189849450564317e-13,0.5189849450564317
7894,7.812953633774648e-09,4.633194576459206e-13,0.4633194576459206
7895,7.813022233360296e-09,5.319190432933148e-13,0.5319190432933147
7896,7.813000200827163e-09,5.098865101603135e-13,0.5098865101603135
7897,7.812950654631024e-09,4.603403140214192e-13,0.46034031402141923
7898,7.812979584343382e-09,4.892700263797413e-13,0.4892700263797413
7899,7.812989250846007e-09,4.989365290041333e-13,0.49893652900413327
7900,7.812959292930518e-09,4.689786135155345e-13,0.46897861351553455
7901,7.81291906200971e-09,4.287476927072555e-13,0.4287476927072555
7902,7.812994895094096e-09,5.045807770938755e-13,0.5045807770938755
7903,7.812957759787331e-09,4.674454703284771e-13,0.4674454703284771
7904,7.812917296278052e-09,4.269819610491456e-13,0.4269819610491456
7905,7.812947352693307e-09,4.570383763051146e-13,0.4570383763051146
7906,7.812947494208796e-09,4.571798917936783e-13,0.4571798917936783
7907,7.812911927417314e-09,4.216131003112146e-13,0.42161310031121463
7908,7.812907985691895e-09,4.176713748929263e-13,0.41767137489292633
7909,7.812949116066826e-09,4.588017498234994e-13,0.45880174982349936
7910,7.812916094195998e-09,4.257798789954566e-13,0.4257798789954566
7911,7.81287389455378e-09,3.8358023677732405e-13,0.38358023677732406
7912,7.812931309672446e-09,4.4099535544368367e-13,0.4409953554436837
7913,7.812913850412497e-09,4.2353609549444353e-13,0.42353609549444354
7914,7.812870644468032e-09,3.8033015102991856e-13,0.3803301510299186
7915,7.812890905956917e-09,4.0059163991416473e-13,0.40059163991416474
7916,7.812910215109718e-09,4.1990079271515395e-13,0.41990079271515396
7917,7.812883959880173e-09,3.936455631708648e-13,0.3936455631708648
7918,7.812838286942085e-09,3.479726250830663e-13,0.3479726250830663
7919,7.812909595948962e-09,4.192816319595018e-13,0.4192816319595018
7920,7.81288433723674e-09,3.9402291973699837e-13,0.3940229197369984
7921,7.812835608176673e-09,3.4529385967045205e-13,0.34529385967045206
7922,7.812867686601875e-09,3.7737228487305223e-13,0.37737228487305224
7923,7.812878582291608e-09,3.882679746054453e-13,0.3882679746054453
7924,7.812855943933406e-09,3.656296164035135e-13,0.3656296164035135
7925,7.812811050021684e-09,3.2073570468170014e-13,0.32073570468170015
7926,7.812883428106113e-09,3.9311378911031496e-13,0.39311378911031497
7927,7.812856161397257e-09,3.6584708025425976e-13,0.36584708025425977
7928,7.8128125554364e-09,3.2224111939819626e-13,0.3222411193981963
7929,7.812840118864286e-09,3.4980454728380643e-13,0.34980454728380644
7930,7.81285596068433e-09,3.656463673270784e-13,0.3656463673270784
7931,7.812831245943442e-09,3.4093162643956525e-13,0.34093162643956526
7932,7.812791216873973e-09,3.009025569707487e-13,0.3009025569707487
7933,7.812850596621186e-09,3.6028230418376066e-13,0.36028230418376067
7934,7.81283436158812e-09,3.4404727111758253e-13,0.34404727111758254
7935,7.812783041311966e-09,2.927269949638502e-13,0.2927269949638502
7936,7.800192160310315e-09,-1.2298154006687813e-11,-12.298154006687813
7937,7.803577085300356e-09,-8.91322901664628e-12,-8.91322901664628
7938,7.805884013440626e-09,-6.606300876376249e-12,-6.606300876376249
7939,7.807845452264487e-09,-4.644862052515343e-12,-4.644862052515343
7940,7.808711923411706e-09,-3.7783909052964735e-12,-3.7783909052964737
7941,7.809381603597577e-09,-3.108710719425288e-12,-3.108710719425288
7942,7.809878008760646e-09,-2.612305556356391e-12,-2.6123055563563913
7943,7.810294868341354e-09,-2.1954459756480847e-12,-2.195445975648085
7944,7.810640163368734e-09,-1.8501509482682686e-12,-1.8501509482682685
7945,7.810926808831959e-09,-1.5635054850433498e-12,-1.5635054850433499
7946,7.811174344385212e-09,-1.3159699317904687e-12,-1.3159699317904687
7947,7.811380681258797e-09,-1.1096330582050272e-12,-1.1096330582050271
7948,7.811547920202845e-09,-9.423941141576174e-13,-0.9423941141576174
7949,7.811773725932211e-09,-7.165883847911795e-13,-0.7165883847911796
7950,7.811920201916765e-09,-5.701124002378448e-13,-0.5701124002378448
7951,7.812034884539971e-09,-4.554297770309094e-13,-0.4554297770309094
7952,7.812146278290098e-09,-3.4403602690410024e-13,-0.34403602690410023
7953,7.8122149124889e-09,-2.7540182810234943e-13,-0.2754018281023494
7954,7.8123971143445e-09,-9.319997250279306e-14,-0.09319997250279306
7955,7.812453691320677e-09,-3.6622996325873356e-14,-0.036622996325873354
7956,7.8125188006969e-09,2.8486379897964145e-14,0.028486379897964143
7957,7.812561272392549e-09,7.095807554622762e-14,0.07095807554622761
7958,7.812681667568582e-09,1.9135325157977183e-13,0.19135325157977184
7959,7.812726111563507e-09,2.35797246505058e-13,0.235797246505058
7960,7.812753226456954e-09,2.629121399519109e-13,0.26291213995191093
7961,7.81279118066162e-09,3.0086634461818767e-13,0.3008663446181877
7962,7.812892201930878e-09,4.0188761387599097e-13,0.401887613875991
7963,7.81290448989883e-09,4.141755818281813e-13,0.4141755818281813
7964,7.812890835375355e-09,4.0052105835273593e-13,0.40052105835273594
7965,7.812991587355898e-09,5.012730388959481e-13,0.5012730388959481
7966,7.813006106395081e-09,5.157920780786792e-13,0.5157920780786791
7967,7.812992630087338e-09,5.023157703353361e-13,0.502315770335336
7968,7.81304232045526e-09,5.520061382581167e-13,0.5520061382581166
7969,7.813081278847979e-09,5.909645309765495e-13,0.5909645309765494
7970,7.813080542891544e-09,5.902285745418663e-13,0.5902285745418663
7971,7.813050572724571e-09,5.602584075687185e-13,0.5602584075687185
7972,7.8131595173162e-09,6.692029991979916e-13,0.6692029991979915
7973,7.81311613361679e-09,6.258192997872876e-13,0.6258192997872876
7974,7.813093646884262e-09,6.033325672591779e-13,0.6033325672591778
7975,7.813180555934097e-09,6.90241617094421e-13,0.690241617094421
7976,7.813160145340309e-09,6.698310233064038e-13,0.6698310233064038
7977,7.813114347203975e-09,6.240328869727376e-13,0.6240328869727375
7978,7.813193835621776e-09,7.035213047737839e-13,0.7035213047737838
7979,7.813181122239997e-09,6.908079229941645e-13,0.6908079229941645
7980,7.813130238165482e-09,6.399238484794774e-13,0.6399238484794774
7981,7.813197935179926e-09,7.076208629233318e-13,0.7076208629233317
7982,7.813190703822486e-09,7.003895054833966e-13,0.7003895054833965
7983,7.813149056391539e-09,6.587420745367652e-13,0.6587420745367651
7984,7.813184413986212e-09,6.940996692100478e-13,0.6940996692100477
7985,7.813193096195895e-09,7.027818788921488e-13,0.7027818788921487
7986,7.813160430864951e-09,6.701165479485279e-13,0.6701165479485278
7987,7.813165068133168e-09,6.747538161655199e-13,0.6747538161655199
7988,7.813197972747531e-09,7.076584305286084e-13,0.7076584305286083
7989,7.813163941403165e-09,6.736270861628187e-13,0.6736270861628186
7990,7.813130328072947e-09,6.400137559446308e-13,0.6400137559446307
7991,7.81321284426084e-09,7.225299438376144e-13,0.7225299438376144
7992,7.813155017091138e-09,6.647027741356017e-13,0.6647027741356016
7993,7.81311012732649e-09,6.198130094870981e-13,0.619813009487098
7994,7.813196350781081e-09,7.060364640785701e-13,0.70603646407857
7995,7.813151342567345e-09,6.610282503427224e-13,0.6610282503427224
7996,7.813098744721561e-09,6.084304045590418e-13,0.6084304045590417
7997,7.813171289393654e-09,6.80975076651459e-13,0.680975076651459
7998,7.813147090651685e-09,6.56776334682886e-13,0.656776334682886
7999,7.813092564687863e-09,6.022503708607115e-13,0.6022503708607114
8000,7.813121185700758e-09,6.308713837554726e-13,0.6308713837554726
8001,7.81313508544366e-09,6.447711266572799e-13,0.6447711266572799
8002,7.813087175227284e-09,5.968609102815033e-13,0.5968609102815032
8003,7.813109659222202e-09,6.193449051991275e-13,0.6193449051991274
8004,7.81312079958926e-09,6.304852722567962e-13,0.6304852722567962
8005,7.813088050612118e-09,5.977362951155681e-13,0.597736295115568
8006,7.813063707318895e-09,5.733930018923485e-13,0.5733930018923484
8007,7.813117830122139e-09,6.275158051366843e-13,0.6275158051366843
8008,7.813079724074959e-09,5.89409757956151e-13,0.5894097579561509
8009,7.81302885772715e-09,5.38543410146984e-13,0.5385434101469839
8010,7.813103869853651e-09,6.13555536648598e-13,0.613555536648598
8011,7.813071440797466e-09,5.81126480463416e-13,0.581126480463416
8012,7.813013063097006e-09,5.227487800032695e-13,0.5227487800032694
8013,7.813075165248769e-09,5.848509317663382e-13,0.5848509317663382
8014,7.813057168658223e-09,5.668543412204143e-13,0.5668543412204142
8015,7.813025739805647e-09,5.354254886444045e-13,0.5354254886444044
8016,7.813018430033285e-09,5.281157162823443e-13,0.5281157162823442
8017,7.813047916510564e-09,5.57602193561292e-13,0.5576021935612919
8018,7.813015306338406e-09,5.249920214031963e-13,0.5249920214031962
8019,7.812974598206011e-09,4.842838890086977e-13,0.48428388900869773
8020,7.813048533015024e-09,5.582186980216215e-13,0.5582186980216215
8021,7.813009413564073e-09,5.19099247070466e-13,0.519099247070466
8022,7.812955246091699e-09,4.649317746966238e-13,0.4649317746966238
8023,7.8130195605851e-09,5.292462680977035e-13,0.5292462680977035
8024,7.81299929112733e-09,5.089768103274896e-13,0.5089768103274895
8025,7.812953724874736e-09,4.634105577334637e-13,0.4634105577334637
8026,7.812975037849992e-09,4.847235329896406e-13,0.4847235329896406
8027,7.81299090463379e-09,5.00590316787934e-13,0.500590316787934
8028,7.812961029497138e-09,4.707151801352046e-13,0.4707151801352046
8029,7.812916153827117e-09,4.258395101149433e-13,0.4258395101149433
8030,7.812994598375067e-09,5.042840580643206e-13,0.5042840580643205
8031,7.812958237595228e-09,4.679232782258915e-13,0.46792327822589147
8032,7.812902687412719e-09,4.1237309571642416e-13,0.41237309571642417
8033,7.81296164982341e-09,4.713355064081922e-13,0.47133550640819216
8034,7.81294723912313e-09,4.569248061275468e-13,0.45692480612754677
8035,7.812915208890714e-09,4.2489457371151356e-13,0.42489457371151357
8036,7.812902534513107e-09,4.122201961050494e-13,0.4122201961050494
8037,7.812951190823208e-09,4.608765062058219e-13,0.46087650620582193
8038,7.812915036638094e-09,4.247223210913599e-13,0.42472232109135993
8039,7.812870276381395e-09,3.7996206439235973e-13,0.37996206439235974
8040,7.812935786966633e-09,4.454726496301255e-13,0.4454726496301255
8041,7.812913422071324e-09,4.231077543211488e-13,0.42310775432114883
8042,7.812874264348036e-09,3.8395003103330454e-13,0.38395003103330455
8043,7.812887106912504e-09,3.9679259550177553e-13,0.39679259550177554
8044,7.812913264401223e-09,4.229500842202151e-13,0.42295008422021513
8045,7.81288438282744e-09,3.940685104383514e-13,0.3940685104383514
8046,7.812837851553598e-09,3.4753723659565044e-13,0.34753723659565045
8047,7.812908590351447e-09,4.182760344445215e-13,0.4182760344445215
8048,7.812883615022567e-09,3.9330070556485146e-13,0.39330070556485147
8049,7.812840441766798e-09,3.5012744979582693e-13,0.35012744979582694
8050,7.812862003674873e-09,3.7168935787080653e-13,0.37168935787080654
8051,7.812882991226847e-09,3.9267690984491193e-13,0.39267690984491194
8052,7.812856781018798e-09,3.6646670179583523e-13,0.36646670179583524
8053,7.812812045319278e-09,3.2173100227604184e-13,0.32173100227604184
8054,7.812880740639978e-09,3.904263229752665e-13,0.3904263229752665
8055,7.812857509656868e-09,3.671953398658541e-13,0.3671953398658541
8056,7.812814790166813e-09,3.2447584981106907e-13,0.3244758498110691
8057,7.812835917201397e-09,3.4560288439466474e-13,0.34560288439466474
8058,7.812856253906807e-09,3.659395898046271e-13,0.3659395898046271
8059,7.812832895014946e-09,3.425806979439157e-13,0.3425806979439157
8060,7.812793377472062e-09,3.030631550600778e-13,0.3030631550600778
8061,7.812847438746834e-09,3.5712442983112507e-13,0.3571244298311251
8062,7.812833122128196e-09,3.428078111939971e-13,0.3428078111939971
8063,7.812785622282343e-09,2.9530796534050623e-13,0.29530796534050624
8064,7.800228326367443e-09,-1.2261987949559562e-11,-12.261987949559563
8065,7.80363614141322e-09,-8.854172903781756e-12,-8.854172903781755
8066,7.805948454433316e-09,-6.541859883686695e-12,-6.541859883686695
8067,7.807906172519266e-09,-4.58414179773627e-12,-4.58414179773627
8068,7.808770239637903e-09,-3.720074679099507e-12,-3.7200746790995067
8069,7.80943645701756e-09,-3.0538572994419687e-12,-3.053857299441969
8070,7.809928119229806e-09,-2.5621950871968267e-12,-2.5621950871968266
8071,7.81034823838303e-09,-2.1420759339721056e-12,-2.1420759339721056
8072,7.810687940932974e-09,-1.8023733840282956e-12,-1.8023733840282956
8073,7.81097200417899e-09,-1.5183101380125312e-12,-1.5183101380125312
8074,7.811218593874267e-09,-1.2717204427349264e-12,-1.2717204427349265
8075,7.811417565599865e-09,-1.0727487171375048e-12,-1.0727487171375047
8076,7.811588924972954e-09,-9.013893440487268e-13,-0.9013893440487268
8077,7.811834860813006e-09,-6.554535039962937e-13,-0.6554535039962938
8078,7.811948618042554e-09,-5.416962744486291e-13,-0.5416962744486291
8079,7.812073353713565e-09,-4.169606034377564e-13,-0.41696060343775637
8080,7.812173132785288e-09,-3.1718153171402403e-13,-0.317181531714024
8081,7.81226195878588e-09,-2.2835553112266356e-13,-0.22835553112266355
8082,7.812432773537112e-09,-5.754077989017931e-14,-0.05754077989017931
8083,7.812483160640456e-09,-7.15367654630523e-15,-0.00715367654630523
8084,7.812529941606059e-09,3.962728905671913e-14,0.03962728905671913
8085,7.812597939540816e-09,1.0762522381354682e-13,0.10762522381354682
8086,7.812720088359653e-09,2.297740426509777e-13,0.22977404265097773
8087,7.812751875757888e-09,2.615614408854285e-13,0.2615614408854285
8088,7.81275691483143e-09,2.6660051442754367e-13,0.2666005144275437
8089,7.812857080014652e-09,3.667656976499524e-13,0.3667656976499524
8090,7.812900366325603e-09,4.100520086005129e-13,0.4100520086005129
8091,7.812914850182425e-09,4.2453586542274673e-13,0.42453586542274674
8092,7.812916919544902e-09,4.266052278992612e-13,0.4266052278992612
8093,7.813025650521598e-09,5.353362045955003e-13,0.5353362045955002
8094,7.813021122161489e-09,5.308078444867344e-13,0.5308078444867343
8095,7.812996313691324e-09,5.059993743214099e-13,0.5059993743214098
8096,7.813087463191381e-09,5.971488743785154e-13,0.5971488743785154
8097,7.813096614562448e-09,6.063002454457052e-13,0.6063002454457052
8098,7.81306005648492e-09,5.69742167916938e-13,0.569742167916938
8099,7.81312829603413e-09,6.379817171279041e-13,0.6379817171279041
8100,7.813142652605617e-09,6.523382886150882e-13,0.6523382886150881
8101,7.813122236590819e-09,6.319222738162085e-13,0.6319222738162085
8102,7.813140309292357e-09,6.499949753546409e-13,0.6499949753546409
8103,7.813182478305864e-09,6.921639888614008e-13,0.6921639888614007
8104,7.813158458701199e-09,6.681443841967767e-13,0.6681443841967767
8105,7.813143179311033e-09,6.528649940304816e-13,0.6528649940304816
8106,7.813211215409706e-09,7.209010927037808e-13,0.7209010927037808
8107,7.813180198282905e-09,6.898839659027724e-13,0.6898839659027723
8108,7.813139433663577e-09,6.491193465750873e-13,0.6491193465750873
8109,7.81322876907656e-09,7.384547595571901e-13,0.7384547595571901
8110,7.813193154851232e-09,7.028405342296802e-13,0.7028405342296802
8111,7.81314392917236e-09,6.536148553580269e-13,0.6536148553580269
8112,7.813223187874826e-09,7.328735578237779e-13,0.7328735578237778
8113,7.81319485273894e-09,7.045384219368468e-13,0.7045384219368468
8114,7.81314334725395e-09,6.530329369469996e-13,0.6530329369469996
8115,7.8132138522436e-09,7.235379265973742e-13,0.7235379265973741
8116,7.81319575905064e-09,7.054447336378818e-13,0.7054447336378817
8117,7.813139997963703e-09,6.496836467008117e-13,0.6496836467008117
8118,7.813199511772515e-09,7.091974555124515e-13,0.7091974555124515
8119,7.813187344367844e-09,6.970300508418416e-13,0.6970300508418416
8120,7.813142466773365e-09,6.521524563627242e-13,0.6521524563627241
8121,7.813171708058323e-09,6.813937413203643e-13,0.6813937413203642
8122,7.813177324496627e-09,6.870101796243823e-13,0.6870101796243823
8123,7.813142431238639e-09,6.52116921636521e-13,0.6521169216365209
8124,7.813137331910561e-09,6.470175935586699e-13,0.6470175935586698
8125,7.81317315378771e-09,6.828394707072651e-13,0.682839470707265
8126,7.813136965233386e-09,6.466509163839353e-13,0.6466509163839352
8127,7.813080797109849e-09,5.904827928462599e-13,0.5904827928462598
8128,7.813166137020985e-09,6.758227039823191e-13,0.675822703982319
8129,7.813128790186375e-09,6.384758693730687e-13,0.6384758693730687
8130,7.813075890905283e-09,5.855765882803828e-13,0.5855765882803827
8131,7.813147383304957e-09,6.570689879542942e-13,0.6570689879542941
8132,7.813119147644619e-09,6.288333276166887e-13,0.6288333276166886
8133,7.813059687612235e-09,5.693732952328042e-13,0.5693732952328041
8134,7.813121695302884e-09,6.313809858815951e-13,0.6313809858815951
8135,7.813103753844019e-09,6.134395270161421e-13,0.613439527016142
8136,7.813056643958581e-09,5.663296415790399e-13,0.5663296415790399
8137,7.813081562665003e-09,5.912483480002519e-13,0.5912483480002518
8138,7.813090068827357e-09,5.997545103545955e-13,0.5997545103545955
8139,7.813054887008961e-09,5.645726919585272e-13,0.5645726919585271
8140,7.813032245099997e-09,5.419307829944804e-13,0.5419307829944804
8141,7.813090880542418e-09,6.005662254160811e-13,0.6005662254160811
8142,7.813041509661771e-09,5.511953447684777e-13,0.5511953447684776
8143,7.813007375155568e-09,5.17060838565976e-13,0.517060838565976
8144,7.81306537934838e-09,5.750650313777013e-13,0.5750650313777013
8145,7.813041371317574e-09,5.510570005712685e-13,0.5510570005712685
8146,7.812982948324568e-09,4.926340075653664e-13,0.4926340075653664
8147,7.813039520855516e-09,5.492065385133789e-13,0.5492065385133789
8148,7.81302573891118e-09,5.354245941776122e-13,0.5354245941776121
8149,7.812990731080128e-09,5.004167631251734e-13,0.5004167631251734
8150,7.81298517286348e-09,4.948585464778178e-13,0.49485854647781785
8151,7.81302205078065e-09,5.317364636474682e-13,0.5317364636474682
8152,7.812990408475771e-09,5.000941587687503e-13,0.5000941587687503
8153,7.812932668665659e-09,4.423543486567856e-13,0.44235434865678563
8154,7.81302161704557e-09,5.313027285683654e-13,0.5313027285683654
8155,7.81298433642861e-09,4.940221116067996e-13,0.4940221116067996
8156,7.812928008602091e-09,4.3769428508911705e-13,0.43769428508911706
8157,7.812981131743828e-09,4.908174268253669e-13,0.49081742682536694
8158,7.812969813838664e-09,4.794995216619537e-13,0.4794995216619537
8159,7.812941104517503e-09,4.507902005002436e-13,0.4507902005002436
8160,7.812919449422251e-09,4.2913510524853886e-13,0.4291351052485389
8161,7.812975092547992e-09,4.847782309892425e-13,0.4847782309892425
8162,7.81294177940625e-09,4.514650892475615e-13,0.4514650892475615
8163,7.812890604467397e-09,4.0029015039505083e-13,0.40029015039505084
8164,7.812955527902949e-09,4.652135859463071e-13,0.4652135859463071
8165,7.812935166504834e-09,4.4485218783186635e-13,0.44485218783186636
8166,7.812893084606972e-09,4.0277028996966573e-13,0.40277028996966574
8167,7.812904323392482e-09,4.1400907547954185e-13,0.41400907547954185
8168,7.812932645490838e-09,4.4233117383534875e-13,0.44233117383534876
8169,7.812904281732013e-09,4.139674150110641e-13,0.4139674150110641
8170,7.812855997574308e-09,3.656832573059972e-13,0.3656832573059972
8171,7.812928167519025e-09,4.378532020225491e-13,0.4378532020225491
8172,7.812902180792149e-09,4.11866475146276e-13,0.411866475146276
8173,7.812856153943367e-09,3.658396263643239e-13,0.36583962636432393
8174,7.812886714675263e-09,3.964003582608246e-13,0.3964003582608246
8175,7.812897721360193e-09,4.0740704319062586e-13,0.4074070431906259
8176,7.812871825624984e-09,3.815113079816786e-13,0.3815113079816786
8177,7.812826515189893e-09,3.3620087289025063e-13,0.33620087289025063
8178,7.812903329748296e-09,4.130154312935132e-13,0.4130154312935132
8179,7.812873695304525e-09,3.833809875230755e-13,0.38338098752307553
8180,7.812832336000306e-09,3.420216833037822e-13,0.3420216833037822
8181,7.812852992355622e-09,3.6267803861924757e-13,0.3626780386192476
8182,7.812869713924413e-09,3.7939960741032857e-13,0.3793996074103286
8183,7.812843957726023e-09,3.5364340902098017e-13,0.3536434090209802
8184,7.812805923995128e-09,3.156096781253516e-13,0.3156096781253516
8185,7.812869512615174e-09,3.791982981719523e-13,0.37919829817195233
8186,7.812847654909642e-09,3.5734059263926437e-13,0.3573405926392644
8187,7.812800963878609e-09,3.106495616064477e-13,0.3106495616064477
8188,7.81283277458719e-09,3.424602701876069e-13,0.3424602701876069
8189,7.812848646249898e-09,3.583319328956765e-13,0.3583319328956765
8190,7.81282062279503e-09,3.303084780282807e-13,0.3303084780282807
8191,7.81276771166903e-09,2.773973520268604e-13,0.2773973520268604
8192,7.800209051448325e-09,-1.2281262868676955e-11,-12.281262868676956
8193,7.803651580452157e-09,-8.838733864845562e-12,-8.838733864845562
8194,7.80587564895639e-09,-6.614665360611703e-12,-6.614665360611704
8195,7.807901612988345e-09,-4.588701328657495e-12,-4.588701328657495
8196,7.808746422372469e-09,-3.743891944533691e-12,-3.743891944533691
8197,7.80940703182481e-09,-3.0832824921931166e-12,-3.0832824921931166
8198,7.809911041636126e-09,-2.5792726808762976e-12,-2.5792726808762976
8199,7.810323834645536e-09,-2.1664796714664412e-12,-2.1664796714664414
8200,7.810662794245941e-09,-1.827520071061327e-12,-1.8275200710613269
8201,7.810949229265524e-09,-1.5410850514780876e-12,-1.5410850514780876
8202,7.811175188897389e-09,-1.3151254196132654e-12,-1.3151254196132653
8203,7.811389953735247e-09,-1.1003605817551708e-12,-1.1003605817551707
8204,7.811638605935423e-09,-8.517083815797925e-13,-0.8517083815797926
8205,7.81179026418952e-09,-7.000501274824115e-13,-0.7000501274824116
8206,7.811922873472233e-09,-5.674408447696776e-13,-0.5674408447696776
8207,7.812049654951428e-09,-4.4065936557448766e-13,-0.44065936557448765
8208,7.812133187497542e-09,-3.571268194599618e-13,-0.3571268194599618
8209,7.812300575817544e-09,-1.897384994582378e-13,-0.18973849945823779
8210,7.81239503107713e-09,-9.528323987216964e-14,-0.09528323987216965
8211,7.812463687176816e-09,-2.6627140186534624e-14,-0.026627140186534625
8212,7.812513027645593e-09,2.271332859013058e-14,0.022713328590130578
8213,7.812617338275821e-09,1.2702395881903765e-13,0.12702395881903766
8214,7.812688282855243e-09,1.9796853824024645e-13,0.19796853824024646
8215,7.812728585333394e-09,2.3827101639190955e-13,0.23827101639190956
8216,7.812741554098996e-09,2.5123978199325785e-13,0.25123978199325786
8217,7.81286545593722e-09,3.7514162021832625e-13,0.37514162021832625
8218,7.812883542137076e-09,3.932278200738061e-13,0.39322782007380613
8219,7.812878276329755e-09,3.879620127523699e-13,0.3879620127523699
8220,7.812954791702569e-09,4.644773855661351e-13,0.4644773855661351
8221,7.812995300233343e-09,5.049859163406791e-13,0.504985916340679
8222,7.812997815880539e-09,5.075015635364429e-13,0.5075015635364428
8223,7.812997261012972e-09,5.069466959696191e-13,0.506946695969619
8224,7.813090165727926e-09,5.998514109237614e-13,0.5998514109237614
8225,7.81307697250537e-09,5.866581883676543e-13,0.5866581883676543
8226,7.813047500990081e-09,5.571866730786869e-13,0.5571866730786869
8227,7.813140160539819e-09,6.498462228165759e-13,0.6498462228165759
8228,7.813128001266665e-09,6.376869496622596e-13,0.6376869496622596
8229,7.81310639994784e-09,6.160856308383102e-13,0.6160856308383101
8230,7.813158724981253e-09,6.684106642503392e-13,0.6684106642503391
8231,7.81315439679197e-09,6.640824749676684e-13,0.6640824749676684
8232,7.813153461938647e-09,6.631476216444428e-13,0.6631476216444427
8233,7.813159041378552e-09,6.687270615493248e-13,0.6687270615493247
8234,7.813185229767032e-09,6.949154500296802e-13,0.6949154500296801
8235,7.81315870345984e-09,6.683891428372153e-13,0.6683891428372153
8236,7.813172348767597e-09,6.820344505941946e-13,0.6820344505941945
8237,7.8132047693399e-09,7.144550228973769e-13,0.7144550228973768
8238,7.813175178860527e-09,6.848645435250335e-13,0.6848645435250335
8239,7.813158710452944e-09,6.683961359412279e-13,0.6683961359412278
8240,7.813222353310204e-09,7.320389932015072e-13,0.7320389932015071
8241,7.813174706392326e-09,6.843920753233186e-13,0.6843920753233186
8242,7.813127543109932e-09,6.372287929292216e-13,0.6372287929292215
8243,7.813231856721716e-09,7.41542404714103e-13,0.7415424047141029
8244,7.813183457177795e-09,6.931428607928293e-13,0.6931428607928293
8245,7.81313164711331e-09,6.413327963076766e-13,0.6413327963076766
8246,7.813209906587949e-09,7.195922709462106e-13,0.7195922709462106
8247,7.813179887415037e-09,6.895730980348665e-13,0.6895730980348664
8248,7.813123701076903e-09,6.333867599006933e-13,0.6333867599006933
8249,7.813192655386396e-09,7.023410693938705e-13,0.7023410693938704
8250,7.813171151537348e-09,6.808372203452275e-13,0.6808372203452274
8251,7.81311287225534e-09,6.225579383372883e-13,0.6225579383372882
8252,7.813165037802612e-09,6.747234856097446e-13,0.6747234856097446
8253,7.813158660633854e-09,6.683463168514022e-13,0.6683463168514021
8254,7.813115826001528e-09,6.255116845258992e-13,0.6255116845258991
8255,7.813125648927421e-09,6.353346104187265e-13,0.6353346104187264
8256,7.813130159425299e-09,6.398451082967007e-13,0.6398451082967006
8257,7.813121578452995e-09,6.312641359924555e-13,0.6312641359924555
8258,7.81307665271994e-09,5.863384029368797e-13,0.5863384029368797
8259,7.813161245426043e-09,6.709311090407162e-13,0.6709311090407162
8260,7.813098709024205e-09,6.083947072025127e-13,0.6083947072025127
8261,7.813059947739441e-09,5.696334224390377e-13,0.5696334224390377
8262,7.813131984815182e-09,6.416704981793516e-13,0.6416704981793515
8263,7.813097590534139e-09,6.072762171363223e-13,0.6072762171363223
8264,7.813040229110585e-09,5.499147935825551e-13,0.549914793582555
8265,7.813104992192635e-09,6.146778756325007e-13,0.6146778756325006
8266,7.813083269307642e-09,5.929549906399613e-13,0.5929549906399613
8267,7.813033254112749e-09,5.429397957463041e-13,0.542939795746304
8268,7.813068417662338e-09,5.781033453357661e-13,0.578103345335766
8269,7.813070208791432e-09,5.798944744297664e-13,0.5798944744297664
8270,7.81303660874269e-09,5.462944256881915e-13,0.5462944256881914
8271,7.813016098673353e-09,5.257843563508487e-13,0.5257843563508486
8272,7.813075008635765e-09,5.846943187625227e-13,0.5846943187625226
8273,7.813020494760797e-09,5.301804437945713e-13,0.5301804437945713
8274,7.812986556007297e-09,4.962416902943119e-13,0.4962416902943119
8275,7.813047232758464e-09,5.56918441461214e-13,0.5569184414612139
8276,7.813023838792663e-09,5.335244756602227e-13,0.5335244756602227
8277,7.812964352305746e-09,4.740379887433295e-13,0.47403798874332953
8278,7.813021286228383e-09,5.309719113804858e-13,0.5309719113804857
8279,7.813008658010684e-09,5.183436936815152e-13,0.5183436936815151
8280,7.812971523002074e-09,4.812086850717142e-13,0.48120868507171416
8281,7.812965853654704e-09,4.755393377016788e-13,0.47553933770167883
8282,7.81300670454942e-09,5.163902324172394e-13,0.5163902324172394
8283,7.812972879420307e-09,4.825651033046565e-13,0.48256510330465646
8284,7.812928449709745e-09,4.381353927429928e-13,0.4381353927429928
8285,7.812999865998427e-09,5.095516814243957e-13,0.5095516814243957
8286,7.812962290397159e-09,4.719760801567509e-13,0.4719760801567509
8287,7.812917879226455e-09,4.2756490945223673e-13,0.42756490945223674
8288,7.812956492815777e-09,4.661784987747649e-13,0.46617849877476486
8289,7.812958817941546e-09,4.685036245437686e-13,0.46850362454376865
8290,7.812930442175183e-09,4.401278581804237e-13,0.4401278581804237
8291,7.812893710462676e-09,4.03396145673733e-13,0.403396145673733
8292,7.812966088221844e-09,4.757739048416961e-13,0.47577390484169607
8293,7.812930423797956e-09,4.401094809536001e-13,0.4401094809536001
8294,7.812875754936287e-09,3.8544061928509193e-13,0.38544061928509193
8295,7.812935908858062e-09,4.455945410593672e-13,0.4455945410593672
8296,7.812924519991866e-09,4.3420567486376476e-13,0.43420567486376477
8297,7.812886049490125e-09,3.957351731229504e-13,0.3957351731229504
8298,7.812877422113968e-09,3.871077969657229e-13,0.3871077969657229
8299,7.812932851516356e-09,4.425371993531753e-13,0.4425371993531753
8300,7.812885724717365e-09,3.954104003621824e-13,0.3954104003621824
8301,7.812843443543143e-09,3.531292261406789e-13,0.35312922614067893
8302,7.81291134698968e-09,4.210326726781745e-13,0.4210326726781745
8303,7.812890410313893e-09,4.00095996891013e-13,0.400095996891013
8304,7.81285329593223e-09,3.629816152275435e-13,0.3629816152275435
8305,7.812856571252783e-09,3.662569357805136e-13,0.3662569357805136
8306,7.81289239977067e-09,4.0208545366741526e-13,0.40208545366741527
8307,7.812865321740097e-09,3.7500742309442685e-13,0.37500742309442686
8308,7.812816778322547e-09,3.2646400554486437e-13,0.3264640055448644
8309,7.812884249524784e-09,3.939352077812443e-13,0.3939352077812443
8310,7.812863725306608e-09,3.7341098960555057e-13,0.3734109896055506
8311,7.812827961434276e-09,3.3764711727318335e-13,0.33764711727318336
8312,7.812817729411798e-09,3.2741509479562296e-13,0.327415094795623
8313,7.812886935364615e-09,3.96621047613034e-13,0.396621047613034
8314,7.81283273222199e-09,3.42417904987717e-13,0.342417904987717
8315,7.81279168695693e-09,3.013726399276841e-13,0.3013726399276841
8316,7.812858410412033e-09,3.6809609503075507e-13,0.3680960950307551
8317,7.812838301795655e-09,3.4798747865282935e-13,0.34798747865282936
8318,7.812809968909488e-09,3.196545924854062e-13,0.31965459248540623
