offset_frequency_hz,phase_noise_dbc_per_hz
15384.63445798401,-94.65167936425536
30769.26891596802,-107.39569568448962
46153.90337395203,-103.31689284082188
61538.53783193604,-106.71316988662318
76923.17228992005,-106.7888555189931
92307.80674790406,-109.7852852892659
107692.44120588807,-114.10003547378028
123077.07566387208,-122.34755699423263
138461.7101218561,-120.84728361270857
153846.3445798401,-113.85586267277577
169230.97903782412,-115.10942626265647
184615.61349580812,-117.44498943518357
200000.24795379213,-112.69494182670687
215384.88241177614,-113.9503610295742
230769.51686976015,-117.14959906235188
246154.15132774416,-112.22422008718715
261538.78578572816,-120.47121444279512
276923.4202437122,-117.84345878169927
292308.0547016962,-115.46577860685954
307692.6891596802,-113.78920387328179
323077.3236176642,-116.87300331525051
338461.95807564823,-122.7881375797333
353846.59253363224,-127.91241422191062
369231.22699161625,-122.07675527933196
384615.86144960026,-119.4621168911256
400000.49590758426,-116.34785704504901
415385.1303655683,-115.66079253630514
430769.7648235523,-122.91089186884292
446154.3992815363,-121.69913256760965
461539.0337395203,-116.69121211129851
476923.6681975043,-123.17141427540054
492308.3026554883,-128.6075122476638
507692.9371134723,-128.5098766219424
523077.5715714563,-124.94940093488567
538462.2060294404,-118.34016037064066
553846.8404874244,-123.52326795061214
569231.4749454084,-126.70262525237426
584616.1094033924,-119.53985030235386
600000.7438613764,-120.65411417272819
615385.3783193604,-124.54971584648604
630770.0127773444,-127.74875190997925
646154.6472353284,-134.27285776161384
661539.2816933125,-130.48888818856724
676923.9161512965,-125.27157038185271
692308.5506092805,-122.63361049199302
707693.1850672645,-124.96070707254434
723077.8195252485,-127.96014889061163
738462.4539832325,-132.4470712791258
753847.0884412165,-124.47118917184609
769231.7228992005,-129.30272904790974
784616.3573571845,-128.04064289292182
800000.9918151685,-127.34811400461169
815385.6262731525,-132.62927501782877
830770.2607311365,-132.24337558561064
846154.8951891206,-131.55577170504978
861539.5296471046,-138.72070998398306
876924.1641050886,-143.84478087246316
892308.7985630726,-136.79801571705275
907693.4330210566,-133.36903134212466
923078.0674790406,-132.26501963471404
938462.7019370246,-136.8170464213225
953847.3363950086,-131.45347071838273
969231.9708529926,-135.60996721774077
984616.6053109766,-90.81603492037405
1000001.2397689606,-84.59407227339979
1015385.8742269446,-90.58649156005919
1030770.5086849286,-134.89848671883468
1046155.1431429127,-132.45866248142414
1061539.7776008968,-139.33556919242562
1076924.4120588808,-134.09475442382836
1092309.0465168648,-136.13667468246274
1107693.6809748488,-139.1117556570459
1123078.3154328328,-147.5128395167714
1138462.9498908168,-142.93818440783377
1153847.5843488008,-135.99739150107195
1169232.2188067848,-136.84333598887227
1184616.8532647688,-138.08343964741965
1200001.4877227528,-133.07026274677816
1215386.1221807369,-133.97169288921538
1230770.7566387209,-136.2712260365098
1246155.3910967049,-131.30851644225632
1261540.0255546889,-139.33269073055985
1276924.660012673,-135.98803280606063
1292309.294470657,-133.2752382530741
1307693.928928641,-131.37613593152574
1323078.563386625,-134.26654133896537
1338463.197844609,-139.77682630115902
1353847.832302593,-144.31452195974788
1369232.466760577,-138.45593139871346
1384617.101218561,-135.645895960981
1400001.735676545,-132.29336761140564
1415386.370134529,-131.4329835532079
1430771.004592513,-138.6898906877655
1446155.639050497,-136.83660310643293
1461540.273508481,-131.74941330064516
1476924.907966465,-138.27542620530818
1492309.542424449,-142.92106255814866
1507694.176882433,-143.09423650103946
1523078.811340417,-139.02928181475485
1538463.445798401,-132.51127068693452
1553848.080256385,-137.73833210245647
1569232.714714369,-140.49653212173573
1584617.349172353,-133.25451269395728
1600001.983630337,-134.26022425483734
1615386.618088321,-137.98140539498388
1630771.252546305,-141.0479532314022
1646155.887004289,-147.39169165205715
1661540.521462273,-143.29955601473608
1676925.155920257,-138.00187708964697
1692309.790378241,-135.28792991974527
1707694.424836225,-137.517029521214
1723079.0592942091,-140.51666568582635
1738463.6937521931,-144.57507970314333
1753848.3282101771,-136.56630852310562
1769232.9626681611,-141.30099806431872
1784617.5971261451,-139.9884657916556
1800002.2315841292,-139.25211193206863
1815386.8660421132,-144.40697537656393
1830771.5005000972,-143.8181320068728
1846156.1349580812,-143.13644616862018
1861540.7694160652,-150.22365946332104
1876925.4038740492,-155.37888070116998
1892310.0383320332,-148.24095052290417
1907694.6727900172,-144.59049893283904
1923079.3072480012,-143.1896323421468
1938463.9417059852,-147.79140337430547
1953848.5761639692,-142.10722066351173
1969233.2106219532,-146.2078372797309
1984617.8450799373,-98.66745762485064
2000002.4795379213,-92.50096648683402
2015387.1139959053,-98.5099914594957
2030771.7484538893,-145.44744457782213
2046156.3829118733,-142.86276770069753
2061541.0173698573,-149.35476275168043
2076925.6518278413,-144.4046777564241
2092310.2862858253,-146.1849003099425
2107694.9207438095,-149.0597807671064
2123079.5552017936,-157.24047567697352
2138464.1896597776,-152.42712993605096
2153848.8241177616,-145.64867861892242
2169233.4585757456,-146.4452728193827
2184618.0930337296,-147.46071782973897
2200002.7274917136,-142.4916302767396
2215387.3619496976,-143.38874934043636
2230771.9964076816,-145.34780274208433
2246156.6308656656,-140.49760540905424
2261541.2653236496,-148.45672922848
2276925.8997816336,-145.08842379903544
2292310.5342396176,-142.3506202678514
2307695.1686976016,-140.4081620824074
2323079.8031555857,-143.21794518164046
2338464.4376135697,-148.71346775238968
2353849.0720715537,-153.22742955793404
2369233.7065295377,-147.2041357289945
2384618.3409875217,-144.24638313958152
2400002.9754455057,-140.85880443750952
2415387.6099034897,-140.00169556283345
2430772.2443614737,-147.2286258468608
2446156.8788194577,-145.12240935300375
2461541.5132774417,-140.02941565922717
2476926.1477354257,-146.52390380027649
2492310.7821934097,-151.16093124527833
2507695.4166513938,-151.46120399145767
2523080.0511093778,-146.91537790566042
2538464.685567362,-140.5277907113553
2553849.320025346,-145.7181846016788
2569233.95448333,-148.43777121499627
2584618.588941314,-141.12573238256186
2600003.223399298,-142.0981325992309
2615387.857857282,-145.76215856203228
2630772.492315266,-148.75147769404253
2646157.12677325,-154.80058885719745
2661541.761231234,-150.89935566543912
2676926.395689218,-145.57463732014745
2692311.030147202,-142.8326160684269
2707695.664605186,-144.89239178386637
2723080.29906317,-147.8389923311487
2738464.933521154,-152.045822297749
2753849.567979138,-143.87548741273218
2769234.202437122,-148.593352370559
2784618.836895106,-147.14255341756012
2800003.47135309,-146.32126528093585
2815388.105811074,-151.2756340815253
2830772.740269058,-150.70448112358457
2846157.374727042,-150.16113844225902
2861542.009185026,-157.19545985674776
2876926.64364301,-162.00155178098998
2892311.278100994,-155.0151520951385
2907695.912558978,-151.40915781804205
2923080.547016962,-149.89116637407898
2938465.181474946,-154.56301424268622
2953849.81593293,-148.82293257595387
2969234.450390914,-152.9319343674884
2984619.084848898,-103.85752571845408
3000003.719306882,-97.71525830634741
3015388.353764866,-103.72900730870705
3030772.98822285,-152.03363153357625
3046157.622680834,-149.64527167339557
3061542.257138818,-155.87032156285724
3076926.891596802,-150.8968868121051
3092311.526054786,-152.71337915528764
3107696.16051277,-155.58329234571042
3123080.794970754,-163.5802291464559
3138465.429428738,-158.89037503694286
3153850.063886722,-151.98543452382043
3169234.698344706,-152.8330762963275
3184619.33280269,-153.87264762949437
3200003.967260674,-148.79447047287553
3215388.601718658,-149.5559802299314
3230773.236176642,-151.4652358568212
3246157.870634626,-146.60724214570763
3261542.50509261,-154.4553004251143
3276927.139550594,-151.2690732160033
3292311.774008578,-148.38208142587436
3307696.408466562,-146.273190746233
3323081.042924546,-149.00947444060887
3338465.67738253,-154.39617929751012
3353850.311840514,-159.21598715655676
3369234.946298498,-153.16849194750787
3384619.580756482,-150.2605252032079
3400004.215214466,-146.8358172360119
3415388.84967245,-145.88465527741562
3430773.484130434,-153.0607316677861
3446158.1185884182,-150.8934900119248
3461542.7530464022,-145.79789222085913
3476927.3875043862,-152.42068624019137
3492312.0219623703,-156.55072995529866
3507696.6564203543,-156.8794775813389
3523081.2908783383,-152.65203876768476
3538465.9253363223,-146.09054970313008
3553850.5597943063,-151.34328406003235
3569235.1942522903,-154.05348633215695
3584619.8287102743,-146.61217917676328
3600004.4631682583,-147.53476108766296
3615389.0976262423,-151.18175831306425
3630773.7320842263,-154.12882883011446
3646158.3665422103,-160.43107641545043
3661543.0010001943,-156.74358848559368
3676927.6354581784,-151.11221580828064
3692312.2699161624,-148.26912930849323
3707696.9043741464,-150.44694804083264
3723081.5388321304,-153.3793745301196
3738466.1732901144,-157.71013091915935
3753850.8077480984,-149.18283333144493
3769235.4422060824,-153.82161306669974
3784620.0766640664,-152.17251738751173
3800004.7111220504,-151.43339368812323
3815389.3455800344,-156.63512412009806
3830773.9800380184,-156.13853305261432
3846158.6144960024,-155.40340652116973
3861543.2489539864,-162.00162243089318
3876927.8834119705,-168.25590405661129
3892312.5178699545,-160.6511484866452
3907697.1523279385,-156.52960617992062
3923081.7867859225,-154.50766734539923
3938466.4212439065,-158.83907999649165
3953851.0557018905,-153.5407694585457
3969235.6901598745,-157.79959153124247
3984620.3246178585,-107.64859465262391
4000004.9590758425,-101.52174270128992
4015389.5935338265,-107.53745142222581
4030774.2279918105,-156.7595534038919
4046158.8624497945,-154.827762529824
4061543.4969077785,-161.30948227790793
4076928.1313657626,-156.127130165257
4092312.7658237466,-157.63170065581107
4107697.4002817306,-159.84258555278606
4123082.0347397146,-167.6147001309597
4138466.6691976986,-163.46160802703
4153851.3036556826,-156.6528218389673
4169235.9381136666,-157.6367129243563
4184620.5725716506,-158.56088554865119
4200005.207029635,-153.4922995008502
4215389.841487619,-154.32849455877917
4230774.475945603,-155.97037960842974
4246159.110403587,-151.2131452082738
4261543.744861571,-159.00470740311465
4276928.379319555,-155.50589421663688
4292313.013777539,-152.6600409458632
4307697.648235523,-150.77785041255945
4323082.282693507,-153.64406057047415
4338466.917151491,-158.80933559480903
4353851.551609475,-163.4113077399675
4369236.186067459,-157.64182819614552
4384620.820525443,-154.64408276801205
4400005.454983427,-151.18673700759115
4415390.089441411,-150.16300390242034
4430774.723899395,-157.1161080924223
4446159.358357379,-155.17941489642965
4461543.992815363,-150.00738691299136
4476928.627273347,-156.46741580667148
4492313.261731331,-161.0523929770883
4507697.896189315,-161.5036276509726
4523082.530647299,-156.59851274120425
4538467.165105283,-150.27024142894447
4553851.799563267,-155.5414039102107
4569236.434021251,-158.18542759537277
4584621.068479235,-150.69447313988195
4600005.702937219,-151.56559109598487
4615390.337395203,-155.19136338610684
4630774.971853187,-158.14691874577755
4646159.606311171,-164.32409060624266
4661544.240769155,-160.90228899201713
4676928.875227139,-155.06540641709282
4692313.509685123,-152.07119956510158
4707698.144143107,-154.18374594399796
4723082.778601091,-157.3170956817567
4738467.413059075,-161.53142785128122
4753852.047517059,-153.15618606108782
4769236.681975043,-157.99515862945972
4784621.316433027,-156.24068322674648
4800005.950891011,-155.41635019743907
4815390.585348995,-160.53244598495291
4830775.219806979,-160.06153929401233
4846159.854264963,-159.59022028001337
4861544.488722947,-167.0507434620896
4876929.123180931,-170.39450008303902
4892313.757638915,-164.25001015325915
4907698.392096899,-159.92660214543034
4923083.026554883,-157.7183469284285
4938467.661012867,-161.76946378894309
4953852.2954708515,-156.99389568342178
4969236.9299288355,-162.33709925771205
4984621.5643868195,-110.64028890550298
5000006.1988448035,-104.52397465370332
5015390.8333027875,-110.54051672108793
5030775.4677607715,-160.85981796107325
5046160.1022187555,-158.21693074104905
5061544.7366767395,-164.61239021467054
5076929.371134724,-160.0569633746021
5092314.005592708,-161.74622600315533
5107698.640050692,-163.91137872864033
5123083.274508676,-172.4271458178996
5138467.90896666,-167.08588825788982
5153852.543424644,-160.35020970022538
5169237.177882628,-161.3089714553995
5184621.812340612,-162.140415435221
5200006.446798596,-157.17059578673906
5215391.08125658,-158.14185891216025
5230775.715714564,-159.72494784823803
5246160.350172548,-154.83827336655077
5261544.984630532,-162.29768982571608
5276929.619088516,-158.86282854321396
5292314.2535465,-156.28754912273965
5307698.888004484,-154.65748022112297
5323083.522462468,-157.67311678625327
5338468.156920452,-162.76026550035039
5353852.791378436,-166.56223290267945
5369237.42583642,-161.24722570753448
5384622.060294404,-158.08110926827973
5400006.694752388,-154.61235614827206
5415391.329210372,-153.6585892581908
5430775.963668356,-160.9154304836646
5446160.59812634,-158.31839494266936
5461545.232584324,-153.44467781512418
5476929.867042308,-159.94920627176944
5492314.501500292,-163.97072570914304
5507699.135958276,-164.30413220477462
5523083.77041626,-160.46889757391824
5538468.404874244,-153.64861353032651
5553853.039332228,-159.1831966645506
5569237.673790212,-161.31293257752728
5584622.308248196,-154.03046685464844
5600006.94270618,-154.99614893028473
5615391.577164164,-158.629277112674
5630776.211622148,-161.7830936854055
5646160.846080132,-167.31785638979068
5661545.480538116,-163.93806957314064
5676930.1149961,-158.66462865100968
5692314.749454084,-155.57023481499047
5707699.383912068,-157.45100525680857
5723084.018370052,-160.5716176809732
5738468.652828036,-165.19800111849293
5753853.28728602,-156.70369921540077
5769237.921744004,-161.8168328184231
5784622.556201988,-159.43550668270905
5800007.190659972,-158.96024391886758
5815391.825117956,-164.23234967453914
5830776.45957594,-163.2305761202602
5846161.094033924,-162.81900928635937
5861545.728491908,-169.96882261562985
5876930.362949892,-175.34405369449195
5892314.997407876,-167.70954706278647
5907699.63186586,-163.09466331972445
5923084.266323844,-160.75111007576885
5938468.900781828,-164.91183861823453
5953853.535239812,-159.9729323573841
5969238.169697796,-166.1498948092131
5984622.80415578,-113.08302123005893
6000007.438613764,-106.97441782592172
6015392.073071748,-112.98989323106134
6030776.707529732,-164.10511132855873
6046161.341987716,-161.7038928638212
6061545.9764457,-168.40162038135423
6076930.610903684,-163.35958491033273
6092315.245361668,-164.6924067933038
6107699.879819652,-166.48263874142663
6123084.514277636,-174.08992632108553
6138469.14873562,-170.64966097234588
6153853.783193604,-163.0611707306109
6169238.417651588,-164.29296645592348
6184623.052109572,-165.87787996049386
6200007.686567556,-160.52575298508327
6215392.32102554,-161.2213803093921
6230776.955483524,-163.15248322987972
6246161.589941508,-158.07171690451577
6261546.224399492,-165.63458309871822
6276930.858857476,-161.85957625650872
6292315.49331546,-159.22930044647802
6307700.127773444,-157.48567707468908
6323084.762231428,-160.32980342376175
6338469.396689412,-165.11604001403038
6353854.031147396,-169.48728534320466
6369238.66560538,-164.1158454604548
6384623.300063364,-161.16216431595487
6400007.934521348,-157.64762913787345
6415392.568979332,-156.57522571263732
6430777.203437316,-163.7870385718405
6446161.8378953,-161.29084047571834
6461546.472353284,-156.36390755524286
6476931.106811268,-163.14267967312912
6492315.741269252,-167.34021312061915
6507700.375727236,-167.03267585030397
6523085.01018522,-163.5924392228291
6538469.644643204,-156.8076099491695
6553854.279101188,-162.606724761481
6569238.913559172,-163.6908320529696
6584623.548017156,-156.75448038384081
6600008.18247514,-157.8979344324274
6615392.816933124,-161.54888718575418
6630777.451391108,-164.25260703492938
6646162.085849092,-170.04393222519568
6661546.720307076,-167.9689328032633
6676931.35476506,-161.4452398772571
6692315.989223044,-158.1271901323973
6707700.623681028,-160.22896395163386
6723085.258139012,-163.40566146048317
6738469.892596996,-168.71912130689122
6753854.52705498,-159.76853580199815
6769239.161512964,-164.81846441709266
6784623.795970948,-162.09981597598505
6800008.430428932,-161.39827127013362
6815393.064886916,-167.50166671813173
6830777.6993449,-166.28368408145536
6846162.333802884,-164.9513880311187
6861546.968260868,-172.08984591074255
6876931.602718852,-178.06155710200898
6892316.2371768365,-170.73577580567752
6907700.8716348205,-165.67954518562047
6923085.5060928045,-163.09242247733062
6938470.1405507885,-167.47685827003207
6953854.7750087725,-162.8858665696481
6969239.4094667565,-168.1985366401338
6984624.0439247405,-115.17652301596924
7000008.6783827245,-109.07260132400565
7015393.3128407085,-115.08942064017907
7030777.947298693,-166.08928833003642
7046162.581756677,-164.67919202644185
7061547.216214661,-169.05799622895375
7076931.850672645,-164.98036208131808
7092316.485130629,-167.1635580034233
7107701.119588613,-168.32645489310576
7123085.754046597,-177.2839778458232
7138470.388504581,-174.6236778385294
7153855.022962565,-166.43538166648779
7169239.657420549,-166.50929220526282
7184624.291878533,-168.10115579258368
7200008.926336517,-163.172319607828
7215393.560794501,-164.01985259235317
7230778.195252485,-165.32497038965607
7246162.829710469,-160.6187606106895
7261547.464168453,-168.77514860024192
7276932.098626437,-164.15485027599956
7292316.733084421,-161.2697861346677
7307701.367542405,-160.03538383530056
7323086.002000389,-163.4857156137107
7338470.636458373,-168.65557998504534
7353855.270916357,-171.88412269206967
7369239.905374341,-167.33092802197683
7384624.539832325,-163.9304721310221
7400009.174290309,-160.2531805449521
7415393.808748293,-159.100374704462
7430778.443206277,-165.93904682246693
7446163.077664261,-163.96365863813443
7461547.712122245,-158.9795757375487
7476932.346580229,-165.90116977332497
7492316.981038213,-168.90729663857206
7507701.615496197,-171.6886100825309
7523086.249954181,-165.2944072109613
7538470.884412165,-159.0563752426677
7553855.518870149,-164.83225874288766
7569240.153328133,-165.44961368394226
7584624.787786117,-158.97035653280224
7600009.422244101,-160.45674907862775
7615394.056702085,-163.6287452793983
7630778.691160069,-166.52204629009788
7646163.325618053,-172.0189391009258
7661547.960076037,-170.27213674413366
7676932.594534021,-164.209191077333
7692317.228992005,-160.59128281054657
7707701.863449989,-162.0831777591839
7723086.497907973,-165.69557788693334
7738471.132365957,-171.730182348645
7753855.766823941,-162.2001888955375
7769240.401281925,-167.47661503592536
7784625.035739909,-164.55726211467476
7800009.670197893,-164.31778010983487
7815394.304655877,-169.24367263131023
7830778.939113861,-167.71635772527566
7846163.573571845,-167.9495740727111
7861548.208029829,-180.42741201616778
7876932.842487813,-176.5577480956586
7892317.476945797,-173.16649194601652
7907702.111403781,-168.49029357186066
7923086.745861765,-165.35602979828948
7938471.380319749,-169.25371910556737
7953856.014777733,-165.066612386234
7969240.649235717,-172.2697772742331
7984625.283693701,-116.97378328535216
8000009.918151685,-110.87711438956711
8015394.552609669,-116.8926628940816
8030779.187067653,-169.66689874036558
8046163.821525637,-166.35977268740933
8061548.455983621,-171.80664222612137
8076933.090441605,-167.3806864833677
8092317.724899589,-170.3979240152962
8107702.359357573,-172.42365715413482
8123086.993815557,-180.18591758636245
8138471.628273541,-175.06587340034682
8153856.262731525,-168.01422580092438
8169240.897189509,-168.91527528036852
8184625.531647493,-170.76104912161583
8200010.166105477,-165.47054741066333
8215394.800563461,-166.76001893117484
8230779.435021445,-167.28975070826306
8246164.069479429,-162.6282564963158
8261548.703937413,-170.13354119544599
8276933.338395397,-166.0404758528615
8292317.972853381,-163.6083701751804
8307702.607311365,-162.41763450912518
8323087.241769349,-166.04479037083675
8338471.876227333,-171.6647094928748
8353856.510685317,-174.50942485411895
8369241.145143301,-168.662270203998
8384625.779601285,-165.36058481523327
8400010.41405927,-162.42838012028275
8415395.048517253,-160.97552218928757
8430779.682975238,-167.39331464150047
8446164.317433221,-165.94027301060973
8461548.951891206,-160.9346997970023
8476933.58634919,-168.89459473907317
8492318.220807174,-171.2099411256675
8507702.855265157,-170.85877510994908
8523087.489723142,-168.3142638707153
8538472.124181125,-160.76888678486839
8553856.75863911,-166.00562465870726
8569241.393097093,-167.7596926012435
8584626.027555078,-161.22561672515394
8600010.662013061,-162.77063186268902
8615395.296471046,-166.46348808808338
8630779.93092903,-170.1299808826086
8646164.565387014,-175.44332830050763
8661549.199844997,-171.20627215935224
8676933.834302982,-166.6348248703066
8692318.468760965,-163.14411977181226
8707703.10321895,-164.22738808957914
8723087.737676933,-167.23970343946306
8738472.372134918,-174.1422867147091
8753857.006592901,-164.27415436175323
8769241.641050886,-169.4433175937466
8784626.27550887,-167.45729397050994
8800010.909966854,-166.57621670945673
8815395.544424837,-172.31284578490747
8830780.178882822,-169.82008333372193
8846164.813340805,-168.75333122277428
8861549.44779879,-177.08913482004806
8876934.082256773,-183.2444724591032
8892318.716714758,-175.78222292927424
8907703.351172742,-171.05275783872457
8923087.985630726,-167.8205718942391
8938472.62008871,-172.4140599771638
8953857.254546694,-167.58003657177707
8969241.889004678,-172.41412941895376
8984626.523462662,-118.59067254398111
9000011.157920646,-112.4914753791554
9015395.79237863,-118.50625967466443
9030780.426836614,-171.656592120779
9046165.061294599,-168.34746359132868
9061549.695752582,-171.69452140795778
9076934.330210567,-167.7224481963143
9092318.96466855,-171.4776162888137
9107703.599126535,-174.1785876161754
9123088.233584518,-189.47152599116095
9138472.868042503,-179.86852389473364
9153857.502500486,-171.12688311012744
9169242.13695847,-171.52283391453915
9184626.771416454,-173.1276912679232
9200011.405874439,-167.14734592731386
9215396.040332422,-168.33788004224246
9230780.674790407,-170.52117245278407
9246165.30924839,-165.29199652947034
9261549.943706375,-173.96012056358586
9276934.578164358,-168.01455251550584
9292319.212622343,-165.38936581253023
9307703.847080326,-164.31352595090132
9323088.48153831,-167.2215464574896
9338473.115996294,-171.9629517533045
9353857.750454279,-175.41691610335735
9369242.384912262,-171.19597003927902
9384627.019370247,-167.59309366883843
9400011.65382823,-164.1256995832832
9415396.288286215,-162.74885008300276
9430780.922744198,-169.59724417398365
9446165.557202183,-167.56107647077926
9461550.191660166,-162.40029084137444
9476934.82611815,-169.58546720997066
9492319.460576134,-172.2868188226621
9507704.095034119,-173.80281075266427
9523088.729492102,-169.81431103629478
9538473.363950087,-162.60262673882323
9553857.99840807,-167.68508150979795
9569242.632866055,-169.74878525494117
9584627.267324038,-163.03353345666093
9600011.901782023,-164.7185595617341
9615396.536240006,-167.1066928775931
9630781.17069799,-170.3666099554421
9646165.805155974,-175.77545847450136
9661550.439613959,-172.4259619603975
9676935.074071942,-168.3758433652454
9692319.708529927,-164.93927013281228
9707704.34298791,-165.1253989841243
9723088.977445895,-167.64870327976422
9738473.611903878,-174.3271959359214
9753858.246361863,-166.60349596117013
9769242.880819846,-171.66008747830608
9784627.51527783,-169.6185319663888
9800012.149735814,-168.78236829858142
9815396.784193799,-174.631913180787
9830781.418651782,-172.48316471044
9846166.053109767,-171.70457820998908
9861550.68756775,-183.01366802092875
9876935.322025735,-184.3112970493719
9892319.956483718,-175.36145371882492
9907704.590941703,-172.0117704670326
9923089.225399686,-169.35764806859024
9938473.859857671,-173.8836176064177
9953858.494315654,-169.46136450100138
9969243.128773639,-175.52126116357755
9984627.763231622,-120.01233846822623
10000012.397689607,-113.91838902627165
10015397.03214759,-119.93142340145337
10030781.666605575,-176.62846439139403
10046166.301063558,-169.00896615840935
10061550.935521543,-173.08194226667896
10076935.569979526,-168.89403660723715
10092320.204437511,-173.90210727879344
10107704.838895494,-180.94701017442537
10123089.473353479,-194.25889348351998
10138474.107811462,-179.79469314014085
10153858.742269447,-172.4798911458562
10169243.37672743,-173.84664102061006
10184628.011185415,-175.76316753422503
10200012.645643398,-170.21364939479872
10215397.280101383,-171.53584611445243
10230781.914559366,-172.0590001708251
10246166.549017351,-167.33811890076151
10261551.183475334,-177.99667112044617
10276935.81793332,-169.8682906966489
10292320.452391302,-167.02408476345326
10307705.086849287,-166.26488534698814
10323089.72130727,-169.69702842299213
10338474.355765255,-174.21128358113862
10353858.990223238,-175.762224873533
10369243.624681223,-171.04845471953908
10384628.259139206,-168.81878001668963
10400012.893597191,-166.08550079195777
10415397.528055174,-164.51417171596464
10430782.16251316,-171.19497445102868
10446166.796971142,-170.47448616183453
10461551.431429127,-164.96663753169366
10476936.06588711,-172.69786830066752
10492320.700345095,-174.96042775618136
10507705.334803078,-174.38733299457328
10523089.969261063,-172.55175291435594
10538474.603719046,-164.46589884637777
10553859.238177031,-169.095898970738
10569243.872635014,-171.14673886530497
10584628.507093,-164.62618314933115
10600013.141550982,-165.89120866474187
10615397.776008967,-168.28699807539905
10630782.41046695,-171.35446893791368
10646167.044924935,-177.19672551979414
10661551.679382918,-173.43005113108
10676936.313840903,-170.13506840225088
10692320.948298886,-166.52393961552278
10707705.582756871,-167.05167510649417
10723090.217214854,-170.34105139047455
10738474.85167284,-176.45450662362214
10753859.486130822,-167.47526200887336
10769244.120588807,-171.8720563675528
10784628.75504679,-172.4428072886069
10800013.389504775,-171.48012847135223
10815398.023962758,-177.64161007634993
10830782.658420743,-174.47544400101458
10846167.292878726,-172.306962913631
10861551.927336711,-179.34874371389247
10876936.561794695,-183.51855036393968
10892321.19625268,-175.35446169927047
10907705.830710663,-175.1668989518658
10923090.465168647,-172.8545614194931
10938475.09962663,-178.51243007981893
10953859.734084615,-173.09320372373259
10969244.368542599,-173.50813964267448
10984629.003000583,-121.3330095427027
11000013.637458567,-115.23700304104615
11015398.271916552,-121.24926854965858
11030782.906374535,-180.07069097712326
11046167.54083252,-170.35210804710727
11061552.175290503,-173.65953682736637
11076936.809748488,-169.27370448975464
11092321.44420647,-175.23597565085385
11107706.078664456,-178.82270538863207
11123090.713122439,-188.4914458157388
11138475.347580424,-180.20221064313284
11153859.982038407,-173.61557686128452
11169244.616496392,-174.09119059597256
11184629.250954375,-176.33933978787124
11200013.88541236,-170.52379123194243
11215398.519870343,-171.2421359299931
11230783.154328328,-174.3393809924079
11246167.78878631,-168.33243108505275
11261552.423244296,-177.92406791452905
11276937.057702279,-171.17735535214263
11292321.692160264,-168.00730300139503
11307706.326618247,-167.66459904411545
11323090.961076232,-171.80497235052033
11338475.595534215,-176.92598451971713
11353860.2299922,-174.9633504165179
11369244.864450183,-171.21732706073539
11384629.498908168,-169.8831282383981
11400014.13336615,-166.6849353000411
11415398.767824136,-165.20934008645273
11430783.402282119,-171.98518676139565
11446168.036740104,-172.37551690110547
11461552.671198087,-166.21986776360117
11476937.305656072,-173.25557809237176
11492321.940114055,-176.54621847933186
11507706.57457204,-176.6199027679677
11523091.209030023,-173.73626151900214
11538475.843488008,-165.75267525444525
11553860.47794599,-170.39151424468452
11569245.112403976,-172.85866465648482
11584629.746861959,-166.6404936198826
11600014.381319944,-168.4914291398886
11615399.015777927,-170.81669372642432
11630783.650235912,-173.80321879802506
11646168.284693895,-179.5335182161662
11661552.91915188,-174.7263582604592
11676937.553609863,-171.75342124093387
11692322.188067848,-168.11366814260296
11707706.822525831,-167.3288109045178
11723091.456983816,-169.92219685165372
11738476.091441799,-176.95225288982283
11753860.725899784,-169.09515781776062
11769245.360357767,-174.40250919004384
11784629.994815752,-176.25197792976107
11800014.629273735,-173.89709224612687
11815399.26373172,-179.05977556928087
11830783.898189703,-175.69305361682893
11846168.532647688,-175.88537965868477
11861553.167105671,-182.62155319964424
11876937.801563656,-187.4162067284642
11892322.436021639,-179.28753013279302
11907707.070479624,-178.68119046819533
11923091.704937607,-173.42880889833293
11938476.339395592,-177.6411797295831
11953860.973853575,-174.35458925672998
11969245.60831156,-174.7147229995572
11984630.242769543,-122.51754886700152
12000014.877227528,-116.42272035521052
12015399.511685511,-122.43500879326939
12030784.146143496,-183.21045547781566
12046168.78060148,-171.01388797134405
12061553.415059464,-174.8302209956736
12076938.049517447,-170.18697763892018
12092322.683975432,-174.18279683499375
12107707.318433415,-184.15859730307457
12123091.9528914,-189.05447110077702
12138476.587349383,-184.84213980597895
12153861.221807368,-177.00113850285334
12169245.856265351,-179.46540376670953
12184630.490723336,-179.62719491806246
12200015.12518132,-172.49279875922105
12215399.759639304,-173.77915006872925
12230784.394097287,-175.28758409371625
12246169.028555272,-169.40164939220935
12261553.663013255,-181.59492975311
12276938.29747124,-172.1568109554212
12292322.931929223,-168.43700522906332
12307707.566387208,-168.16529208759366
12323092.200845191,-172.41438230338963
12338476.835303176,-179.17984824229276
12353861.46976116,-179.2691245938194
12369246.104219144,-173.75665692786512
12384630.738677127,-170.79024298771958
12400015.373135112,-167.80171763692675
12415400.007593095,-167.16049250893514
12430784.64205108,-174.81277850133944
12446169.276509063,-173.2192107473638
12461553.910967048,-167.16254222377336
12476938.545425031,-172.440918162026
12492323.179883016,-185.37895228220873
12507707.814341,-176.02049837935127
12523092.448798984,-175.67284877214848
12538477.083256967,-167.26896758083518
12553861.717714952,-171.13724313088068
12569246.352172935,-174.6993192197455
12584630.98663092,-168.36216763109658
12600015.621088903,-169.81329030797627
12615400.255546888,-171.53401784061384
12630784.890004871,-174.84179178933482
12646169.524462856,-180.0758690074898
12661554.15892084,-175.07418429699342
12676938.793378824,-172.6073124649797
12692323.427836807,-169.14439585955995
12707708.062294792,-168.20904248796865
12723092.696752775,-170.81197461446146
12738477.33121076,-176.04341000503052
12753861.965668743,-169.3349141880975
12769246.600126728,-173.41929897276725
12784631.234584711,-177.41262642458423
12800015.869042696,-174.2062307940898
12815400.50350068,-179.21439004057433
12830785.137958664,-178.47755229127014
12846169.772416648,-176.89649947258505
12861554.406874632,-183.14640004438783
12876939.041332616,-188.86350019906345
12892323.6757906,-176.44507932501713
12907708.310248584,-181.69211098864793
12923092.944706568,-179.17842535627426
12938477.579164552,-185.00472522720463
12953862.213622537,-178.51373512957304
12969246.84808052,-174.20932283446115
12984631.482538505,-123.63843035142266
13000016.116996488,-117.54449067438422
13015400.751454473,-123.56177237260547
13030785.385912456,-184.5563072070114
13046170.02037044,-171.66839450738902
13061554.654828424,-176.04272187446014
13076939.289286409,-171.0180018886308
13092323.923744392,-177.1577226137572
13107708.558202377,-187.26372562243327
13123093.19266036,-180.16724171562234
13138477.827118345,-189.57483740165685
13153862.461576328,-175.7936072473742
13169247.096034313,-176.72608657183775
13184631.730492296,-179.93105683126277
13200016.36495028,-174.34232277446392
13215400.999408264,-175.06870759295506
13230785.633866249,-180.76606015726446
13246170.268324232,-172.84868974472465
13261554.902782217,-190.04489852199168
13276939.5372402,-175.22411649637098
13292324.171698185,-171.4660279588574
13307708.806156168,-170.80269345093595
13323093.440614153,-174.30035058714012
13338478.075072136,-179.83483272870384
13353862.70953012,-181.25054844836114
13369247.343988104,-174.20101410155144
13384631.978446089,-171.7943009425014
13400016.612904072,-168.67960694299725
13415401.247362057,-168.26448802019283
13430785.88182004,-176.3196347384992
13446170.516278025,-176.57434110655862
13461555.150736008,-170.1014769321714
13476939.785193993,-176.2200580274683
13492324.419651976,-179.89007209470745
13507709.05410996,-181.2124183523847
13523093.688567944,-176.8153458288833
13538478.323025929,-168.26476745096485
13553862.957483912,-171.11939012469645
13569247.591941897,-178.49495323581328
13584632.22639988,-169.3531799245651
13600016.860857865,-170.59030575366205
13615401.495315848,-173.0344832112131
13630786.129773833,-177.5487316814949
13646170.764231816,-187.26079703161915
13661555.3986898,-177.52084791086793
13676940.033147784,-175.56748335985594
13692324.667605769,-171.91747552899503
13707709.302063752,-170.28646749758667
13723093.936521737,-171.99733943541065
13738478.57097972,-177.36810988912563
13753863.205437705,-170.00153726820557
13769247.839895688,-172.33415242279824
13784632.474353673,-177.5292478513089
13800017.108811656,-175.90232589034844
13815401.743269641,-181.2836425993898
13830786.377727624,-180.87050744288723
13846171.012185609,-177.04568320334727
13861555.646643592,-179.64125326073793
13876940.281101577,-200.23297982525918
13892324.91555956,-180.56224429110583
13907709.550017545,-183.8764500850105
13923094.184475528,-185.63815625133128
13938478.818933513,-189.67621859745068
13953863.453391496,-179.76756397137143
13969248.087849481,-174.25382863707182
13984632.722307464,-124.65030829952158
14000017.356765449,-118.55971078090407
14015401.991223432,-124.57314045627099
14030786.625681417,-186.48646751751028
14046171.2601394,-173.0340659916065
14061555.894597385,-176.98122615713334
14076940.529055368,-172.22361575035453
14092325.163513353,-176.69118629390414
14107709.797971336,-190.04982486719956
14123094.432429321,-182.18327473570483
14138479.066887304,-187.44998234307585
14153863.70134529,-177.52771182968883
14169248.335803272,-177.22961370791802
14184632.970261257,-179.15114900306466
14200017.60471924,-174.72332595058407
14215402.239177225,-174.60359497571548
14230786.873635208,-184.63767239243987
14246171.508093193,-173.63982369160817
14261556.142551176,-185.35243296405378
14276940.777009161,-178.3431726577026
14292325.411467144,-173.57960968084848
14307710.04592513,-172.06199059848106
14323094.680383112,-175.16030911064846
14338479.314841097,-181.37503723810764
14353863.94929908,-180.35316826947198
14369248.583757065,-175.11371252463547
14384633.218215048,-173.54502979721204
14400017.852673033,-170.67144800070125
14415402.487131016,-169.94142200639047
14430787.121589001,-176.6965147422403
14446171.756046984,-178.8284685934859
14461556.39050497,-171.44121834783093
14476941.024962952,-177.65591649601188
14492325.659420937,-179.38370373072206
14507710.29387892,-178.3320311029141
14523094.928336905,-178.8509785901667
14538479.562794888,-170.18707312333646
14553864.197252873,-173.95971604913836
14569248.831710856,-178.95067565177106
14584633.466168841,-172.21747841739864
14600018.100626824,-173.45214094260194
14615402.73508481,-174.65525315964686
14630787.369542792,-177.58022308070065
14646172.004000777,-181.5772292319282
14661556.63845876,-176.61434170904926
14676941.272916745,-174.34272536280577
14692325.907374728,-172.36280102604795
14707710.541832713,-171.84908649863183
14723095.176290696,-173.64895600362172
14738479.810748681,-177.883101503583
14753864.445206665,-170.31392374959233
14769249.07966465,-172.81803746824784
14784633.714122633,-175.64291358547365
14800018.348580617,-174.1934370085832
14815402.9830386,-177.99590346993745
14830787.617496585,-179.51679444189352
14846172.251954569,-179.93141476218898
14861556.886412553,-179.91780938818061
14876941.520870537,-191.82651608809084
14892326.155328522,-179.56762284326322
14907710.789786505,-185.81868607406835
14923095.42424449,-187.422702780521
14938480.058702473,-185.80216677993005
14953864.693160458,-181.45962250621005
14969249.32761844,-173.56176541899822
14984633.962076426,-125.62047487064169
15000018.596534409,-119.53036926560219
15015403.230992394,-125.54755965631318
15030787.865450377,-182.51818634442517
15046172.499908362,-176.54700719381407
15061557.134366345,-179.066360652604
15076941.76882433,-173.72104040892853
15092326.403282313,-177.10018216140398
15107711.037740298,-185.07120214429312
15123095.67219828,-186.73279450111528
15138480.306656266,-185.98360065683008
15153864.941114249,-179.16072177158415
15169249.575572234,-179.8991611115838
15184634.210030217,-180.60696278556043
15200018.844488202,-176.51741223586362
15215403.478946185,-176.80385004856794
15230788.11340417,-182.82062494918875
15246172.747862153,-174.44894894323855
15261557.382320138,-182.19402085036296
15276942.01677812,-183.7953564260647
15292326.651236106,-174.7272925414402
15307711.285694089,-171.38496031293835
15323095.920152074,-172.94835849328
15338480.554610057,-181.38038220794212
15353865.189068042,-181.1040221282593
15369249.823526025,-176.82365102005252
15384634.45798401,-175.1442875705684
15400019.092441993,-171.4821175449171
15415403.726899978,-171.80044877016965
15430788.36135796,-176.71555501699862
15446172.995815946,-179.95085360767717
15461557.630273929,-172.8376384405239
15476942.264731914,-176.9679617986664
15492326.899189897,-191.47130326604585
15507711.533647882,-183.21260275192387
15523096.168105865,-177.08271792385466
15538480.80256385,-170.40909250867696
15553865.437021833,-173.86993008021716
15569250.071479818,-182.71036734868997
15584634.7059378,-173.87143370808292
15600019.340395786,-175.22466949500034
15615403.974853769,-178.1441505926103
15630788.609311754,-182.35645080483593
15646173.243769737,-191.0971634919861
15661557.878227722,-180.2926654373768
15676942.512685705,-174.99714648224352
15692327.14714369,-173.81530239011593
15707711.781601673,-173.408254156447
15723096.416059658,-172.9555005454034
15738481.050517641,-177.99263031319182
15753865.684975626,-172.41255896564974
15769250.31943361,-174.73929279407184
15784634.953891594,-175.31357289989012
15800019.588349579,-175.38654517357983
15815404.222807562,-178.7611303951036
15830788.857265547,-178.4491192096604
15846173.49172353,-183.63693110752052
15861558.126181515,-188.15114914858964
15876942.760639498,-191.02931846363867
15892327.395097483,-181.40180973561473
15907712.029555466,-185.27700721556573
15923096.664013451,-182.63693563023938
15938481.298471434,-180.0484436751881
15953865.932929419,-176.27699351251806
15969250.567387402,-178.5058841188571
15984635.201845387,-126.4986857531353
16000019.83630337,-120.41961102566147
16015404.470761355,-126.44037993838545
16030789.105219338,-180.87001714915357
16046173.739677323,-177.35184942007152
16061558.374135306,-181.9864842456457
16076943.008593291,-177.40157641745571
16092327.643051274,-181.69187010366193
16107712.277509259,-180.16170964767596
16123096.911967242,-181.1219067494527
16138481.546425227,-183.7795907673325
16153866.18088321,-177.74412342912515
16169250.815341195,-180.29181274749942
16184635.449799178,-180.25029286885112
16200020.084257163,-176.59925608648
16215404.718715146,-176.7491828840037
16230789.353173131,-182.52839574770422
16246173.987631114,-175.58326713033424
16261558.6220891,-181.60075320566708
16276943.256547082,-198.56436506765138
16292327.891005067,-180.21531773463025
16307712.52546305,-173.15640076637465
16323097.159921035,-173.79930727612157
16338481.794379018,-179.80173568414278
16353866.428837003,-183.11288514123217
16369251.063294986,-179.18100474234024
16384635.697752971,-177.2510143134214
16400020.332210954,-173.91974983361027
16415404.96666894,-173.53366993125505
16430789.601126922,-180.11197424182978
16446174.235584907,-179.85014431307948
16461558.87004289,-173.2888240247065
16476943.504500875,-178.50471889325857
16492328.138958858,-192.98912804924447
16507712.773416843,-185.66296983759568
16523097.407874826,-178.85652660858258
16538482.042332811,-173.2009345656876
16553866.676790794,-178.47473381668007
16569251.31124878,-180.1173017699277
16584635.945706762,-174.43994422005943
16600020.580164747,-175.52868215506913
16615405.21462273,-178.58215780656292
16630789.849080715,-184.31195429195768
16646174.483538698,-192.6236337743661
16661559.117996683,-184.65686140572313
16676943.752454666,-177.9657293954902
16692328.386912651,-176.42079368618855
16707713.021370634,-177.1169085937628
16723097.65582862,-177.25601320651808
16738482.290286602,-182.39093404107672
16753866.924744587,-174.19242434589626
16769251.55920257,-176.75778328502392
16784636.193660554,-176.15559926173663
16800020.82811854,-176.04681383767286
16815405.462576523,-181.96790673812387
16830790.097034506,-181.7896688656386
16846174.73149249,-185.05061974460816
16861559.365950476,-188.78465342171995
16876944.00040846,-184.96835828042887
16892328.634866443,-180.7296597540935
16907713.269324426,-181.9325935729005
16923097.903782412,-183.54863710152773
16938482.538240395,-179.86464718722883
16953867.17269838,-175.18578093725026
16969251.80715636,-179.43748581796717
16984636.44161435,-127.35170232344373
17000021.07607233,-121.27965828862315
17015405.710530315,-127.30151330040647
17030790.344988298,-180.82447082706207
17046174.979446284,-180.07088025893574
17061559.613904268,-188.9308749727225
17076944.24836225,-182.18076163221556
17092328.882820234,-180.46973110340346
17107713.51727822,-179.1571847635997
17123098.151736204,-180.08674075336495
17138482.786194187,-181.94901090081655
17153867.42065217,-178.46993309604687
17169252.055110157,-184.43280525412695
17184636.68956814,-184.81825192579893
17200021.324026123,-178.04042163663973
17215405.958484106,-176.91482293304023
17230790.592942093,-182.618355516538
17246175.227400076,-176.60169667871372
17261559.86185806,-184.01186347016832
17276944.49631604,-190.73118656476055
17292329.13077403,-183.76760844011517
17307713.76523201,-175.3483278581137
17323098.399689995,-176.6408175788773
17338483.034147978,-186.39764587357143
17353867.668605965,-183.34786989971778
17369252.303063948,-178.58191694972848
17384636.93752193,-179.22516515410948
17400021.571979914,-174.6266795326665
17415406.2064379,-173.99957702356446
17430790.840895884,-180.31197536024501
17446175.475353867,-181.9780115115692
17461560.10981185,-176.32545230629742
17476944.744269837,-181.5946379859662
17492329.37872782,-190.69011616556924
17507714.013185803,-187.20757729821415
17523098.647643786,-179.15275771408022
17538483.282101773,-173.84308544374565
17553867.916559756,-179.09590968897362
17569252.55101774,-181.1453311828036
17584637.185475722,-174.65037604130367
17600021.81993371,-175.87050676735316
17615406.45439169,-183.12631530393486
17630791.088849675,-199.01329879046048
17646175.723307658,-201.6021028224444
17661560.357765645,-188.95037631050573
17676944.992223628,-180.5515234652901
17692329.62668161,-177.31166050807204
17707714.261139594,-184.02015338450695
17723098.89559758,-179.15001902707044
17738483.530055564,-183.60882901825082
17753868.164513547,-177.39046410135373
17769252.79897153,-178.2421470429003
17784637.433429517,-173.42313111920038
17800022.0678875,-175.4343762295241
17815406.702345483,-184.7465902430791
17830791.336803466,-184.63515855087653
17846175.971261453,-183.78397538625302
17861560.605719436,-189.0706262509105
17876945.24017742,-182.82338183545377
17892329.874635402,-182.0563174238722
17907714.50909339,-180.65121768860797
17923099.143551372,-179.4066585580538
17938483.778009355,-179.05541936059936
17953868.41246734,-174.83751755863955
17969253.046925325,-183.46392155912255
17984637.681383308,-128.12701742705383
18000022.31584129,-122.06696043688113
18015406.950299274,-128.08881473197965
18030791.58475726,-180.52019417369178
18046176.219215244,-186.00313379126928
18061560.853673227,-186.43531988616405
18076945.48813121,-196.16970952315268
18092330.122589197,-182.587729391213
18107714.75704718,-177.8560193141877
18123099.391505163,-178.6184536818416
18138484.025963146,-181.4148466331705
18153868.660421133,-176.8684063143494
18169253.294879116,-182.52059264939368
18184637.9293371,-182.53081280397652
18200022.563795082,-177.47612313095945
18215407.19825307,-176.43072856026552
18230791.832711052,-180.36568111113692
18246176.467169035,-178.73654893972446
18261561.10162702,-188.20153100353184
18276945.736085005,-187.05828535264698
18292330.37054299,-186.6658628165737
18307715.00500097,-177.1937247537213
18323099.639458954,-177.99243959386445
18338484.27391694,-183.16911427959303
18353868.908374924,-180.22867473915582
18369253.542832907,-179.9786080298731
18384638.17729089,-182.20271733654124
18400022.811748877,-177.29762226327176
18415407.44620686,-175.38604975482775
18430792.080664843,-180.30243938448194
18446176.715122826,-184.9829560018536
18461561.349580813,-176.0045820630329
18476945.984038796,-186.16220237945367
18492330.61849678,-182.88824013024094
18507715.252954762,-186.96341340507848
18523099.88741275,-180.7410841187812
18538484.521870732,-175.23119006046358
18553869.156328715,-181.3288195526053
18569253.7907867,-177.70361780578494
18584638.425244685,-174.20405961136137
18600023.05970267,-176.4891321920553
18615407.69416065,-188.31987047482554
18630792.328618634,-188.52674946535484
18646176.96307662,-188.86451509015052
18661561.597534604,-189.6055970280218
18676946.231992587,-181.14146153636642
18692330.86645057,-177.6421063481347
18707715.500908557,-196.29096824194795
18723100.13536654,-183.89760953752688
18738484.769824523,-185.33469929754236
18753869.404282507,-177.72057487068477
18769254.038740493,-178.39844416515322
18784638.673198476,-174.409828748984
18800023.30765646,-177.79950455623023
18815407.942114443,-185.55674793292354
18830792.57657243,-185.95252382112568
18846177.211030412,-186.50136697191175
18861561.845488396,-183.55098534835702
18876946.47994638,-179.1414144624686
18892331.114404365,-180.48323257183011
18907715.74886235,-181.44976004802555
18923100.38332033,-181.81299184952815
18938485.017778315,-182.98461255038
18953869.6522363,-181.07106440875918
18969254.286694285,-181.88639393487415
18984638.921152268,-128.88965103200167
19000023.55561025,-122.83530560773882
19015408.190068237,-128.85654669507437
19030792.82452622,-185.28615843692643
19046177.458984204,-179.68342338421155
19061562.093442187,-179.07899731719968
19076946.727900174,-182.05534429015646
19092331.362358157,-185.68218734168107
19107715.99681614,-180.59671288859272
19123100.631274123,-183.79714812164798
19138485.26573211,-182.79962271490473
19153869.900190093,-181.0093333149857
19169254.534648076,-184.34530361271527
19184639.16910606,-188.0694199271238
19200023.803564046,-180.91050500144854
19215408.43802203,-178.91456306861056
19230793.07248001,-180.44074146302592
19246177.706937995,-176.9597917260141
19261562.34139598,-183.6477714337227
19276946.975853965,-183.67806193646032
19292331.610311948,-183.56586732083557
19307716.24476993,-177.57976651919293
19323100.879227918,-178.3951945865445
19338485.5136859,-188.1652142311179
19353870.148143884,-185.5085261267284
19369254.782601867,-183.51481000923576
19384639.417059854,-182.30325473404062
19400024.051517837,-177.65439397628697
19415408.68597582,-177.0616537354795
19430793.320433803,-181.89020280301298
19446177.95489179,-185.14964638259704
19461562.589349773,-177.0881001196139
19476947.223807756,-185.38685394729856
19492331.85826574,-183.90315062072557
19507716.492723726,-184.6828326119733
19523101.12718171,-180.97994747338274
19538485.761639692,-175.83090880242992
19553870.396097675,-184.59371467802384
19569255.03055566,-178.48993256677917
19584639.665013645,-174.89050589195884
19600024.299471628,-177.15715949963703
19615408.93392961,-185.1474775341302
19630793.568387598,-187.7037863738332
19646178.20284558,-199.20782823657186
19661562.837303564,-183.7420829623956
19676947.471761547,-179.16255455802508
19692332.106219534,-177.9643358200123
19707716.740677517,-190.33759711182802
19723101.3751355,-194.10011232131737
19738486.009593483,-194.49126853658026
19753870.64405147,-181.57033190263124
19769255.278509453,-179.69112883935895
19784639.912967436,-174.99836564558674
19800024.54742542,-180.6666310516988
19815409.181883406,-186.63962360340307
19830793.81634139,-186.74772082617972
19846178.450799372,-183.84735532936014
19861563.085257355,-183.41902668833512
19876947.719715342,-178.58180655830978
19892332.354173325,-180.46578048593236
19907716.988631308,-179.20312960926896
19923101.62308929,-177.91866885839252
19938486.257547278,-180.75693458907622
19953870.89200526,-181.08408648502393
19969255.526463244,-186.70137526595053
19984640.160921227,-129.60744615887708
20000024.795379214,-123.55522976721718
20015409.429837197,-129.5761583182105
20030794.06429518,-184.89431353807507
20046178.698753163,-177.9884536468897
20061563.33321115,-178.75597469437872
20076947.967669133,-181.88889363362662
20092332.602127116,-181.49052402886855
20107717.2365851,-177.73068199958348
20123101.871043086,-182.2094894840618
20138486.50550107,-184.83868129477577
20153871.139959052,-183.81959541886545
20169255.774417035,-187.62221824049072
20184640.408875022,-187.3361132969364
20200025.043333005,-180.06094732877222
20215409.67779099,-178.4694340024207
20230794.31224897,-179.96896784763373
20246178.946706958,-178.22540687002797
20261563.58116494,-183.49213586728007
20276948.215622924,-178.09914190523247
20292332.850080907,-178.24600571582755
20307717.484538894,-178.13405036773412
20323102.118996877,-179.95887918061806
20338486.75345486,-187.33929725047486
20353871.387912843,-184.29483553757478
20369256.02237083,-184.33381417364672
20384640.656828813,-185.09999074847528
20400025.291286796,-180.17780656547987
20415409.92574478,-177.73412657857727
20430794.560202766,-185.79558609373638
20446179.19466075,-182.15474053554257
20461563.829118732,-176.71959964307337
20476948.463576715,-186.85207708214844
20492333.098034702,-182.42466321749689
20507717.732492685,-180.96098465707598
20523102.36695067,-182.78844654779078
20538487.00140865,-176.5311706688928
20553871.63586664,-185.77043717009116
20569256.27032462,-176.84542236893992
20584640.904782604,-175.37138800062834
20600025.539240588,-178.10804674685758
20615410.173698574,-183.14245561392497
20630794.808156557,-191.80684814989058
20646179.44261454,-189.96587627485246
20661564.077072524,-183.0683359091073
20676948.71153051,-181.41355491228336
20692333.345988493,-178.5015502723077
20707717.980446476,-181.74517784713072
20723102.61490446,-193.297114483958
20738487.249362446,-190.99025506756936
20753871.88382043,-181.57857970037068
20769256.518278413,-190.17907925692845
20784641.152736396,-175.3521928060996
20800025.787194382,-180.3992075289525
20815410.421652365,-190.41157811548103
20830795.05611035,-191.40790151778563
20846179.69056833,-180.65708398476315
20861564.32502632,-188.0166694528133
20876948.9594843,-184.81719626374206
20892333.593942285,-183.19999826881227
20907718.228400268,-181.99600589492636
20923102.862858254,-180.4716763439045
20938487.497316238,-180.05644314155447
20953872.13177422,-179.62307666781288
20969256.766232204,-187.5878956965859
20984641.40069019,-130.33849485826923
21000026.035148174,-124.27278834018
21015410.669606157,-130.29307659080592
21030795.30406414,-185.10846988240925
21046179.938522127,-182.24895781049074
21061564.57298011,-180.2003056966302
21076949.207438093,-177.7816631191867
21092333.841896076,-184.64654511705294
21107718.476354063,-176.01922573554472
21123103.110812046,-176.92609568306165
21138487.74527003,-180.76997583249158
21153872.37972801,-185.52396822186978
21169257.014186,-185.67691899791788
21184641.64864398,-191.39963387364617
21200026.283101965,-183.4883261301006
21215410.917559948,-182.3089501850458
21230795.552017935,-178.98901465742608
21246180.186475918,-177.4078493521876
21261564.8209339,-182.88642562810625
21276949.455391884,-179.39410239709204
21292334.08984987,-179.19012191524286
21307718.724307854,-178.25317658066072
21323103.358765837,-183.65085822065353
21338487.99322382,-200.23183854426816
21353872.627681807,-187.02203695589543
21369257.26213979,-182.97963333870985
21384641.896597773,-183.28878526381538
21400026.531055756,-179.0231597465969
21415411.165513743,-177.99692366776054
21430795.799971726,-184.79478106348424
21446180.43442971,-182.5782485889631
21461565.068887692,-176.2732114431787
21476949.70334568,-181.63626285817674
21492334.33780366,-185.58788264152494
21507718.972261645,-182.3151565301099
21523103.606719628,-182.59079350053838
21538488.241177615,-175.74582075362005
21553872.875635598,-179.98629174563206
21569257.51009358,-177.71108631122797
21584642.144551564,-177.19441992513555
21600026.77900955,-177.90773564998275
21615411.413467534,-180.99801808967374
21630796.047925517,-184.13748285655214
21646180.6823835,-201.95104664059997
21661565.316841487,-179.09516148636823
21676949.95129947,-178.84751707292097
21692334.585757453,-179.3748697987485
21707719.220215436,-180.29091674042172
21723103.854673423,-184.2646699066728
21738488.489131406,-184.85789435404013
21753873.12358939,-181.319650899265
21769257.758047372,-185.53477177944654
21784642.39250536,-178.7149716319243
21800027.026963342,-190.57989195259148
21815411.661421325,-185.64358977122862
21830796.295879308,-191.0906360962843
21846180.930337295,-181.52603369005038
21861565.564795278,-189.42959514017016
21876950.19925326,-185.14990411919
21892334.833711244,-180.7184678546628
21907719.46816923,-180.20618295944882
21923104.102627214,-182.12616783935712
21938488.737085197,-179.6164518533347
21953873.37154318,-179.82624805028848
21969258.006001167,-178.07865443311837
21984642.64045915,-131.03825937730906
22000027.274917133,-124.94564220990068
22015411.909375116,-130.9593972997178
22030796.543833103,-192.0778192440399
22046181.178291086,-177.78299258425733
22061565.81274907,-177.75556219009172
22076950.447207052,-174.70219972417442
22092335.08166504,-183.03446507727315
22107719.716123022,-178.85948676398152
22123104.350581005,-178.18619775081473
22138488.98503899,-184.130922415381
22153873.619496975,-190.43531309313101
22169258.25395496,-187.96318483971422
22184642.88841294,-188.5877870143435
22200027.522870924,-182.37005820833474
22215412.15732891,-180.6149486465593
22230796.791786894,-178.2756296027767
22246181.426244877,-179.78546882224376
22261566.06070286,-203.92015110740397
22276950.695160847,-179.288860842223
22292335.32961883,-177.76008730370788
22307719.964076813,-178.2241642013056
22323104.598534796,-185.40270343723424
22338489.232992783,-189.31003118962292
22353873.867450766,-197.6209377065791
22369258.50190875,-183.1648663668335
22384643.136366732,-179.7176340929141
22400027.77082472,-176.4912477163545
22415412.405282702,-176.5444149767433
22430797.039740685,-185.91363096394758
22446181.67419867,-183.89330845245183
22461566.308656655,-178.01133329290735
22476950.94311464,-183.41061669949525
22492335.57757262,-187.41741379332612
22507720.212030604,-184.73110264400108
22523104.84648859,-182.33154583186618
22538489.480946574,-175.71682653318302
22553874.115404557,-179.61143024103038
22569258.74986254,-176.61987288524284
22584643.384320527,-175.89894494416782
22600028.01877851,-176.58097403512667
22615412.653236493,-180.23430554437797
22630797.287694477,-182.57716553955117
22646181.922152463,-202.90297497838105
22661566.556610446,-179.57230990733183
22676951.19106843,-180.02904593533162
22692335.825526413,-179.99359837357974
22707720.4599844,-177.14176111905655
22723105.094442382,-180.39820066247222
22738489.728900366,-184.44361254193313
22753874.36335835,-179.17541687658917
22769258.997816335,-184.49883218590017
22784643.63227432,-181.53210860959436
22800028.2667323,-189.99296727774936
22815412.901190285,-183.30234056709426
22830797.53564827,-187.9019079554496
22846182.170106255,-181.5618480227659
22861566.804564238,-188.8119239209126
22876951.43902222,-188.14089521644078
22892336.073480207,-184.1973388549084
22907720.70793819,-183.46262595973823
22923105.342396174,-177.68696014142196
22938489.976854157,-177.26710063611503
22953874.611312144,-182.4055088351671
22969259.245770127,-177.6651880263125
22984643.88022811,-131.72247159737438
23000028.514686093,-125.61730891084895
23015413.14914408,-131.63448872714324
23030797.783602063,-184.28951946280662
23046182.418060046,-179.52045632106064
23061567.05251803,-175.65284277818992
23076951.686976016,-172.68553912942195
23092336.321434,-184.31073068028581
23107720.95589198,-177.9527229057143
23123105.590349965,-178.30876169846547
23138490.22480795,-191.49362850088505
23153874.859265935,-191.5256583205468
23169259.493723918,-183.72204336491376
23184644.1281819,-185.48814414896674
23200028.762639888,-184.10216380104623
23215413.39709787,-186.9515269676383
23230798.031555854,-184.36851306615915
23246182.666013837,-181.88289777054854
23261567.300471824,-189.27859732530223
23276951.934929807,-178.0452247661827
23292336.56938779,-177.16835421599325
23307721.203845773,-183.003172358267
23323105.83830376,-192.81467257827615
23338490.472761743,-182.7421590753713
23353875.107219726,-196.1661647848141
23369259.74167771,-182.70864273290567
23384644.376135696,-179.74450746210888
23400029.01059368,-177.14596739861537
23415413.645051662,-178.05742939990748
23430798.279509645,-193.21233239124166
23446182.91396763,-183.3775474437118
23461567.548425615,-178.11024492661778
23476952.182883598,-180.03763219669986
23492336.81734158,-196.96015039292686
23507721.451799568,-190.60179669943582
23523106.08625755,-184.84679837398434
23538490.720715534,-175.57291372948598
23553875.355173517,-177.6864431291493
23569259.989631504,-178.6947807686164
23584644.624089487,-178.04901809203096
23600029.25854747,-177.27211211664348
23615413.893005453,-181.48393728656092
23630798.52746344,-188.11725284260493
23646183.161921423,-190.3840343409874
23661567.796379406,-179.6834033039512
23676952.430837393,-178.26456488703002
23692337.065295376,-177.97072038619223
23707721.69975336,-176.48133068591503
23723106.334211342,-178.07894772613392
23738490.96866933,-182.387565450046
23753875.603127312,-177.0320292551408
23769260.237585295,-181.0752035909423
23784644.872043278,-192.108517944369
23800029.506501265,-187.36309534166145
23815414.140959248,-183.2389394296465
23830798.77541723,-187.61727266252134
23846183.409875214,-183.56758812885457
23861568.0443332,-192.65356472531224
23876952.678791184,-191.12012528578327
23892337.313249167,-183.28763080401808
23907721.94770715,-186.88371552533042
23923106.582165137,-177.83622293631504
23938491.21662312,-175.60418870105275
23953875.851081103,-179.57279132698284
23969260.485539086,-178.25202580860838
23984645.119997073,-132.34566327064599
24000029.754455056,-126.24363157931788
24015414.38891304,-132.27502536093138
24030799.023371022,-183.50187464966405
24046183.65782901,-177.3119449929245
24061568.292286992,-178.00359240717353
24076952.926744975,-176.34289357328075
24092337.56120296,-187.41021005803714
24107722.195660945,-175.44235682832772
24123106.830118928,-175.38184433353462
24138491.46457691,-187.54429503951158
24153876.099034894,-185.1776197737071
24169260.73349288,-181.38428700108253
24184645.367950864,-181.6275498196968
24200030.002408847,-189.8735491655266
24215414.63686683,-192.9198948358262
24230799.271324817,-191.5000238229959
24246183.9057828,-188.78448259771403
24261568.540240783,-193.90121814036135
24276953.174698766,-183.61655537566384
24292337.809156753,-182.15049464967225
24307722.443614736,-193.36553036115123
24323107.07807272,-184.89881992472687
24338491.712530702,-183.37056393625556
24353876.34698869,-188.38978112840974
24369260.981446672,-182.02662743306468
24384645.615904655,-180.9866415861254
24400030.25036264,-178.93801220842113
24415414.884820625,-180.24480267723962
24430799.51927861,-219.43791896311726
24446184.15373659,-184.23190274956053
24461568.788194574,-181.93977466564746
24476953.42265256,-182.34306443328626
24492338.057110544,-216.1086873018223
24507722.691568527,-185.34204129479025
24523107.32602651,-187.40505745145796
24538491.960484497,-177.56366822360465
24553876.59494248,-178.99002745754836
24569261.229400463,-180.9272529176491
24584645.863858446,-186.44505505450576
24600030.498316433,-182.40451691795192
24615415.132774416,-181.87886119890015
24630799.7672324,-182.61969117296053
24646184.401690383,-188.07949223384398
24661569.03614837,-180.313381022645
24676953.670606352,-179.71437113503163
24692338.305064335,-178.77297361822247
24707722.93952232,-176.90000755011914
24723107.573980305,-178.71515604327325
24738492.20843829,-182.33251985557698
24753876.84289627,-175.5382441039921
24769261.477354255,-177.54444724231845
24784646.11181224,-188.7069902331456
24800030.746270224,-182.88799700573878
24815415.380728208,-182.5224473044513
24830800.01518619,-186.6017551029506
24846184.649644177,-182.51478327652353
24861569.28410216,-179.76857904008395
24876953.918560144,-185.45297999034656
24892338.553018127,-183.50676167110828
24907723.187476113,-201.0669210491412
24923107.821934097,-178.07371123495875
24938492.45639208,-178.30608269335374
24953877.090850063,-181.78270083588498
24969261.72530805,-176.24002728717295
24984646.359766033,-132.97104169849257
25000030.994224016,-126.86834281356512
25015415.628682,-132.91714456203871
25030800.263139986,-178.12968824061056
25046184.89759797,-177.66226952622472
25061569.53205595,-177.08973168160378
25076954.166513935,-176.28332189160747
25092338.80097192,-188.26505722862782
25107723.435429905,-178.01445087102653
25123108.069887888,-177.54958780412974
25138492.70434587,-190.83728757313335
25153877.338803858,-190.80508447478437
25169261.97326184,-182.59238085538766
25184646.607719824,-178.34639437632578
25200031.242177807,-182.4048533621362
25215415.876635794,-185.8863836310623
25230800.511093777,-203.91347401756127
25246185.14555176,-183.08658007257992
25261569.780009743,-187.58566002068247
25276954.41446773,-185.10927066121806
25292339.048925713,-183.09043262741258
25307723.683383696,-186.10876428007217
25323108.31784168,-179.8559234642941
25338492.952299666,-177.69287133523494
25353877.58675765,-184.79704994181063
25369262.22121563,-180.1861520188183
25384646.855673615,-178.6370473941226
25400031.4901316,-177.96143841077875
25415416.124589585,-178.98108739199347
25430800.759047568,-188.24399869365595
25446185.39350555,-185.89889270721753
25461570.027963538,-182.41329146617008
25476954.66242152,-183.5795758203182
25492339.296879504,-203.25265862148694
25507723.931337487,-190.6522972119622
25523108.565795474,-188.83018865464624
25538493.200253457,-180.6039725998449
25553877.83471144,-179.3947785096106
25569262.469169423,-186.02493347951068
25584647.10362741,-182.2784068646224
25600031.738085393,-180.35492044071634
25615416.372543376,-183.91998455524032
25630801.00700136,-184.52384379437842
25646185.641459346,-189.9797931294221
25661570.27591733,-183.0072871198047
25676954.910375312,-180.4263665432859
25692339.544833295,-181.71729452131905
25707724.17929128,-177.2304690360878
25723108.813749265,-176.23672048762307
25738493.448207248,-181.1968911084982
25753878.08266523,-176.3843055432233
25769262.717123218,-178.3595363152143
25784647.3515812,-185.59181371967753
25800031.986039184,-179.9115151063732
25815416.620497167,-181.72789228134906
25830801.254955154,-190.22916195063002
25846185.889413137,-188.02813953093963
25861570.52387112,-187.03850553660504
25876955.158329103,-193.3536892706638
25892339.79278709,-186.38848532417632
25907724.427245073,-187.0480451140382
25923109.061703056,-176.38616323194435
25938493.69616104,-177.57167278727084
25953878.330619026,-177.50097393127373
25969262.96507701,-178.60221567870786
25984647.599534992,-133.50718407266362
26000032.233992975,-127.43384258433393
26015416.868450962,-133.49183797548005
26030801.502908945,-175.97881171401656
26046186.13736693,-176.70205419392607
26061570.77182491,-177.71440259248632
26076955.406282898,-178.36209052284008
26092340.04074088,-193.26889115150098
26107724.675198864,-179.10103153718538
26123109.309656847,-178.7491098512025
26138493.944114834,-192.56379639625092
26153878.578572817,-182.62879494047718
26169263.2130308,-182.6816546247016
26184647.847488783,-181.11900318875556
26200032.48194677,-183.30460469975182
26215417.116404753,-184.24149180928208
26230801.750862736,-193.4991483935427
26246186.38532072,-184.79712426746093
26261571.019778706,-187.44708182623353
26276955.65423669,-191.4838580905969
26292340.288694672,-182.24160782231746
26307724.923152655,-180.83813653107876
26323109.557610642,-178.71325897669973
26338494.192068625,-177.56848189174076
26353878.82652661,-181.37077974805266
26369263.46098459,-178.7757251219386
26384648.09544258,-179.27107658818102
26400032.72990056,-180.95642576592272
26415417.364358544,-180.53133779665689
26430801.998816527,-188.73443268945954
26446186.633274514,-185.4243745426116
26461571.267732497,-182.5655789852374
26476955.90219048,-187.42582123554183
26492340.536648463,-196.8540350603844
26507725.17110645,-186.17044749597883
26523109.805564433,-188.70525620036472
26538494.440022416,-179.91961433370813
26553879.0744804,-180.1451334597506
26569263.708938386,-185.5745723908528
26584648.34339637,-184.54137751972323
26600032.977854352,-182.44269237020362
26615417.612312336,-182.65764468593946
26630802.246770322,-185.0515297748566
26646186.881228305,-190.90654223414396
26661571.51568629,-188.83483197267026
26676956.15014427,-181.26370804576754
26692340.78460226,-180.45591998875278
26707725.41906024,-184.30981751997058
26723110.053518225,-180.64776037969614
26738494.687976208,-182.63077035847513
26753879.322434194,-179.56500181367778
26769263.956892177,-179.73231881980237
26784648.59135016,-180.76810238562507
26800033.225808144,-178.75844386982027
26815417.86026613,-183.1565341733937
26830802.494724113,-189.65735286891035
26846187.129182097,-195.65701112690053
26861571.76364008,-186.05097585768448
26876956.398098066,-181.81408864519778
26892341.03255605,-186.1472151047063
26907725.667014033,-188.80959441008488
26923110.301472016,-178.11233028821835
26938494.935930002,-181.48397713222784
26953879.570387986,-178.03749353523978
26969264.20484597,-179.7720823163504
26984648.83930395,-134.02780880004494
27000033.47376194,-127.98568512948164
27015418.10821992,-134.04990773024036
27030802.742677905,-176.59117585267782
27046187.377135888,-183.05676796664446
27061572.011593875,-185.51490745678325
27076956.646051858,-187.57843644802787
27092341.28050984,-189.46596025700404
27107725.914967824,-180.10784501061005
27123110.54942581,-179.29013094030748
27138495.183883794,-187.44287123031654
27153879.818341777,-181.6426438466291
27169264.45279976,-182.54854080200505
27184649.087257747,-181.17866732865446
27200033.72171573,-186.34527563763174
27215418.356173713,-187.29380020324388
27230802.990631696,-190.7831507244424
27246187.625089683,-180.91629734016954
27261572.259547666,-180.60079582197343
27276956.89400565,-186.44932217358613
27292341.528463632,-188.33345862063257
27307726.16292162,-180.7992124722517
27323110.7973796,-178.12278344924707
27338495.431837585,-180.03585806155368
27353880.066295568,-183.46393079888577
27369264.700753555,-178.5546407954283
27384649.335211538,-181.9964147143642
27400033.96966952,-186.3450170246927
27415418.604127504,-185.8378657418747
27430803.23858549,-188.80490335702976
27446187.873043474,-186.9022115602761
27461572.507501457,-183.96150868418007
27476957.14195944,-190.49534791743048
27492341.776417427,-189.1551288195774
27507726.41087541,-183.1144328517864
27523111.045333393,-185.93852367406413
27538495.679791376,-184.3195996041046
27553880.314249363,-183.43531421948438
27569264.948707346,-188.33099132722086
27584649.58316533,-182.89393073871491
27600034.217623312,-185.2393028202772
27615418.8520813,-187.0491164747471
27630803.486539282,-194.41819784314208
27646188.120997265,-188.60357096593464
27661572.755455248,-198.43932057916814
27676957.389913235,-187.80107264334595
27692342.024371218,-184.99518826438234
27707726.6588292,-188.73368540853187
27723111.293287184,-182.96116091912225
27738495.92774517,-188.5890366287203
27753880.562203154,-184.89808513192614
27769265.196661137,-182.7455730620482
27784649.83111912,-181.87089740080143
27800034.465577107,-182.8708860698141
27815419.10003509,-189.19222412633707
27830803.734493073,-202.07857763884905
27846188.368951056,-189.14003722292426
27861573.003409043,-187.82435343891464
27876957.637867026,-183.14122642701
27892342.27232501,-206.72390761912675
27907726.906782992,-179.76094352263829
27923111.54124098,-174.46653229493307
27938496.175698962,-181.63712944678554
27953880.810156945,-181.28353806040874
27969265.44461493,-187.6852360604948
27984650.079072915,-134.53991682025566
28000034.713530898,-128.49808415074176
28015419.34798888,-134.543452965904
28030803.982446864,-178.01831004028264
28046188.61690485,-183.77258466294106
28061573.251362834,-185.46643235834412
28076957.885820817,-190.45551228270423
28092342.5202788,-206.86386863214975
28107727.154736787,-181.80685736312626
28123111.78919477,-183.03921570218353
28138496.423652753,-206.6747623247449
28153881.058110736,-188.6486154851495
28169265.692568723,-187.97812765978142
28184650.327026706,-184.17236252601447
28200034.96148469,-183.73821499210231
28215419.595942672,-184.88273426684944
28230804.23040066,-181.7133151055235
28246188.864858642,-177.1276126104614
28261573.499316625,-180.454033614786
28276958.13377461,-187.1902245990055
28292342.768232595,-184.33886464131714
28307727.40269058,-179.75936884526007
28323112.03714856,-177.66462658725453
28338496.671606544,-178.6593028902685
28353881.30606453,-183.80965567587202
28369265.940522514,-178.98425481638338
28384650.574980497,-178.81527600097513
28400035.20943848,-180.33456433978998
28415419.843896467,-179.77100373197985
28430804.47835445,-185.9462866574991
28446189.112812433,-184.04478970514185
28461573.747270416,-182.2625733289428
28476958.381728403,-199.58052258240215
28492343.016186386,-190.52512297288956
28507727.65064437,-185.17347970826958
28523112.285102352,-184.86062653163947
28538496.91956034,-184.85511907829377
28553881.554018322,-187.4579154624887
28569266.188476305,-184.4347116217674
28584650.82293429,-180.21288819929003
28600035.457392275,-182.67861759817993
28615420.09185026,-181.09762942960202
28630804.72630824,-185.0839995358983
28646189.360766225,-190.6735446847241
28661573.99522421,-193.0910010873344
28676958.629682194,-191.5053757168521
28692343.264140178,-187.6565350919282
28707727.89859816,-184.64122564899213
28723112.533056147,-187.76951204841174
28738497.16751413,-192.7991074965404
28753881.801972114,-193.2692708173859
28769266.436430097,-184.22447610161936
28784651.070888083,-177.02543466220843
28800035.705346067,-180.6715286196851
28815420.33980405,-195.7601370015105
28830804.974262033,-190.55488269191142
28846189.60872002,-183.02793397449253
28861574.243178003,-192.45981558659363
28876958.877635986,-180.38394439714992
28892343.51209397,-189.24897280216354
28907728.146551955,-179.10583313880954
28923112.78100994,-176.55032663824323
28938497.41546792,-186.64733628246464
28953882.049925905,-181.02592324089753
28969266.68438389,-182.21740011005622
28984651.318841875,-135.07057778277945
29000035.953299858,-129.00902747219544
29015420.58775784,-135.02377272588697
29030805.222215828,-181.63464035541034
29046189.85667381,-187.12166875393265
29061574.491131794,-190.53719588974377
29076959.125589777,-179.7554801462512
29092343.760047764,-185.17737517161208
29107728.394505747,-183.19336662316823
29123113.02896373,-184.21746642177058
29138497.663421713,-190.55510659388807
29153882.2978797,-185.04766548346078
29169266.932337683,-184.16240571472062
29184651.566795666,-182.5058965478257
29200036.20125365,-184.88983881345152
29215420.835711636,-189.58646106492773
29230805.47016962,-182.51708226012911
29246190.1046276,-179.30877313739828
29261574.739085585,-186.03797350172894
29276959.37354357,-181.4178162789559
29292344.008001555,-179.60677380222634
29307728.642459538,-180.7042617018305
29323113.27691752,-181.12030408080972
29338497.911375508,-186.17430749279214
29353882.54583349,-181.58303048336245
29369267.180291474,-176.54259466778922
29384651.814749457,-181.9744198462542
29400036.449207444,-183.10871982447378
29415421.083665427,-183.15966242664757
29430805.71812341,-190.96680147622462
29446190.352581393,-183.2836030308248
29461574.98703938,-179.8361761605423
29476959.621497363,-184.33640902517368
29492344.255955346,-189.19967613781756
29507728.89041333,-183.29755209750343
29523113.524871316,-181.6315320971536
29538498.1593293,-178.28982443540892
29553882.793787282,-179.95228656544978
29569267.428245265,-185.66172279504585
29584652.06270325,-180.07184299976447
29600036.697161235,-179.00978503794417
29615421.331619218,-181.26416369940227
29630805.9660772,-183.82397788524298
29646190.600535188,-198.1268513874894
29661575.23499317,-182.56875497423817
29676959.869451154,-183.9938357985099
29692344.503909137,-183.10679571545126
29707729.138367124,-179.39137886758704
29723113.772825107,-180.55811274899
29738498.40728309,-189.12245727326194
29753883.041741073,-188.36923007838863
29769267.67619906,-184.25738328124987
29784652.310657043,-181.59820430497635
29800036.945115026,-187.46219779792656
29815421.57957301,-183.96355829038043
29830806.214030996,-186.6090848985154
29846190.84848898,-180.42316995359982
29861575.482946962,-191.40783791902433
29876960.117404945,-182.68241928296928
29892344.751862932,-187.13000135693707
29907729.386320915,-178.57953325351872
29923114.0207789,-176.64776811625183
29938498.65523688,-182.09037768216203
29953883.289694868,-178.48866532207876
29969267.92415285,-178.52173357756698
29984652.558610834,-135.6080511681708
30000037.193068817,-129.5061297908571
30015421.827526804,-135.5050795164249
30030806.461984787,-186.0154298346256
30046191.09644277,-184.17414662356003
30061575.730900753,-181.41364921390237
30076960.36535874,-177.40475772178638
30092344.999816723,-192.24147423171803
30107729.634274706,-180.95976950379182
30123114.26873269,-181.29569856894545
30138498.903190676,-184.99729768430547
30153883.53764866,-186.04688743338048
30169268.172106642,-186.58786655724555
30184652.806564625,-191.3144407015166
30200037.441022612,-186.5672432340679
30215422.075480595,-191.77296671893993
30230806.70993858,-181.84323721146384
30246191.34439656,-179.22203887826134
30261575.97885455,-184.9531830511819
30276960.61331253,-179.74490288899406
30292345.247770514,-175.92088616127128
30307729.882228497,-179.92833264923806
30323114.516686484,-183.9272163405381
30338499.151144467,-187.69790229653626
30353883.78560245,-190.15615426409312
30369268.420060433,-182.21234272405042
30384653.05451842,-184.4913225849499
30400037.688976403,-183.2353111235986
30415422.323434386,-184.6354278718054
30430806.95789237,-183.55884123856885
30446191.592350356,-181.8288646711808
30461576.22680834,-180.8545011900801
30476960.861266322,-182.54956963259147
30492345.495724306,-188.23689472409865
30507730.130182292,-184.23548950577452
30523114.764640275,-187.4840941773385
30538499.39909826,-179.5953223025083
30553884.03355624,-178.9652308086716
30569268.66801423,-179.8118939528528
30584653.30247221,-181.09382638969828
30600037.936930194,-184.92806172111156
30615422.571388178,-177.38261626738947
30630807.205846164,-178.3037491246644
30646191.840304147,-185.50900328358992
30661576.47476213,-181.12654094131312
30676961.109220114,-182.7007051933919
30692345.7436781,-184.6233916718138
30707730.378136083,-178.31586546237418
30723115.012594067,-181.36774929206328
30738499.64705205,-190.86977066319935
30753884.281510036,-178.11424511856723
30769268.91596802,-179.79999010834956
30784653.550426003,-183.13598669595874
30800038.184883986,-185.0190091448053
30815422.819341972,-183.4658636483674
30830807.453799956,-184.53139100720253
30846192.08825794,-180.30720919240156
30861576.72271592,-197.90290401233966
30876961.35717391,-183.08360360696184
30892345.99163189,-185.0700923706121
30907730.626089875,-179.49659307909454
30923115.260547858,-178.90830505084205
30938499.895005845,-178.0466626941693
30953884.529463828,-177.15850377271974
30969269.16392181,-175.5563087183702
30984653.798379794,-136.19551938831674
31000038.43283778,-130.04441406112502
31015423.067295764,-136.04385955884223
31030807.701753747,-185.101208928883
31046192.33621173,-178.59376654872102
31061576.970669717,-175.71590730172576
31076961.6051277,-172.8414554730848
31092346.239585683,-182.8909919643259
31107730.874043666,-180.92004710495354
31123115.508501653,-181.4800756215065
31138500.142959636,-189.12030427081794
31153884.77741762,-193.21939556960967
31169269.4118756,-203.98921774763224
31184654.04633359,-199.9513164279985
31200038.68079157,-194.07314764580485
31215423.315249555,-186.98353180527027
31230807.949707538,-179.6084207037136
31246192.584165525,-180.2890084801104
31261577.218623508,-192.4429609749153
31276961.85308149,-179.7328810042126
31292346.487539474,-177.2730812849683
31307731.12199746,-185.36405986123083
31323115.756455444,-196.3135263008569
31338500.390913427,-195.32583054592436
31353885.02537141,-194.09773979326815
31369269.659829397,-186.2540827823459
31384654.29428738,-181.03336587554904
31400038.928745363,-179.02761124451746
31415423.563203346,-190.36572631481664
31430808.197661333,-183.05285486092927
31446192.832119316,-179.60073893504133
31461577.4665773,-182.1406734768671
31476962.101035282,-184.50513864999516
31492346.73549327,-187.08797030269545
31507731.369951252,-184.95296051428116
31523116.004409235,-187.37519000266224
31538500.63886722,-180.37831877209217
31553885.273325205,-179.51434649211143
31569269.907783188,-183.41389226441262
31584654.54224117,-189.00005353547817
31600039.176699158,-185.39377732655907
31615423.81115714,-181.46476867111147
31630808.445615124,-181.6988810921322
31646193.080073107,-183.94435973168322
31661577.714531094,-185.6716556081875
31676962.348989077,-188.35172244966964
31692346.98344706,-181.47474895647036
31707731.617905043,-176.82817573560695
31723116.25236303,-180.03561532403864
31738500.886821013,-186.71987032182952
31753885.521278996,-176.1003871147559
31769270.15573698,-178.15166676754575
31784654.790194966,-184.62795135113703
31800039.42465295,-180.0325422244581
31815424.059110932,-182.59634828266996
31830808.693568915,-182.08430432207092
31846193.328026902,-179.98920994291336
31861577.962484885,-186.60849716321815
31876962.596942868,-199.6886672110378
31892347.23140085,-186.20612859951984
31907731.865858838,-182.83632731039114
31923116.50031682,-178.12136293521314
31938501.134774804,-174.9523249532712
31953885.769232787,-174.21741621473552
31969270.403690774,-174.1880903156578
31984655.038148757,-136.683029083817
32000039.67260674,-130.5425684964344
32015424.307064723,-136.57908302553318
32030808.94152271,-185.10713716074417
32046193.575980693,-179.41838641772222
32061578.210438676,-175.7572338595045
32076962.84489666,-173.10517468212115
32092347.479354646,-183.39415115702704
32107732.11381263,-176.99413028511145
32123116.748270612,-176.86353766671064
32138501.382728595,-186.86236272630146
32153886.017186582,-194.30474702892053
32169270.651644565,-197.3699709262138
32184655.28610255,-190.04623299952524
32200039.92056053,-196.36925083583986
32215424.555018518,-184.5743840438361
32230809.1894765,-180.94630399505317
32246193.823934484,-182.92101843498222
32261578.458392467,-198.89397548032807
32276963.092850454,-181.17841309299436
32292347.727308437,-178.87480367080653
32307732.36176642,-191.45893217496823
32323116.996224403,-182.94152524880036
32338501.63068239,-181.8358768928934
32353886.265140373,-179.2433813274532
32369270.899598356,-179.243423615785
32384655.53405634,-178.24079380884518
32400040.168514326,-180.5779128386786
32415424.80297231,-186.19020059753626
32430809.437430292,-182.49330955587848
32446194.071888275,-177.48072395420124
32461578.706346262,-183.79461869118893
32476963.340804245,-195.67235912691478
32492347.97526223,-194.22609462771396
32507732.60972021,-198.34889566142326
32523117.2441782,-190.88472067789036
32538501.87863618,-181.88961936370876
32553886.513094164,-182.05017455208167
32569271.147552148,-185.46841095145186
32584655.782010134,-197.7575420101309
32600040.416468117,-186.4017833150139
32615425.0509261,-179.63125138782303
32630809.685384084,-179.51204190111537
32646194.31984207,-180.47458308227039
32661578.954300053,-181.23929515198913
32676963.588758036,-180.82666515652053
32692348.22321602,-184.0475188823544
32707732.857674006,-181.48064892448525
32723117.49213199,-183.85031264371952
32738502.126589973,-198.29259693666333
32753886.761047956,-180.10100615063118
32769271.395505942,-181.96505596063344
32784656.029963925,-185.87659181391126
32800040.66442191,-179.39481674383654
32815425.29887989,-180.54458694353474
32830809.93333788,-180.97560951479153
32846194.56779586,-180.0207593204711
32861579.202253845,-183.7714020737422
32876963.836711828,-190.27395277390158
32892348.471169814,-180.01051663142036
32907733.105627798,-180.9071870868006
32923117.74008578,-176.4401299676768
32938502.374543764,-176.55175649859243
32953887.00900175,-175.95411447825342
32969271.643459734,-175.97145338379124
32984656.277917717,-137.12379621766368
33000040.9123757,-131.01657431020647
33015425.546833687,-137.08237219355732
33030810.18129167,-177.11932471595827
33046194.815749653,-176.13056340622126
33061579.450207636,-176.7730547443699
33076964.084665623,-175.50454713082505
33092348.719123606,-187.07634149851654
33107733.35358159,-176.86108797880598
33123117.98803957,-176.823010007605
33138502.62249756,-204.06945726565252
33153887.25695554,-184.1076402295985
33169271.891413525,-184.16957270459096
33184656.525871508,-182.15443035646157
33200041.160329495,-191.66547109896578
33215425.794787478,-184.57783718093987
33230810.42924546,-185.20326653932392
33246195.063703444,-193.56075443625141
33261579.69816143,-183.32386434975777
33276964.332619414,-181.95494369413566
33292348.967077397,-179.47040609909337
33307733.60153538,-182.35480898839242
33323118.235993367,-177.99594198502894
33338502.87045135,-177.28083702192336
33353887.504909333,-176.83050465197954
33369272.139367316,-174.68183943625138
33384656.773825303,-174.62802793676053
33400041.408283286,-176.61083061488245
33415426.04274127,-180.56302923842665
33430810.677199252,-193.014301223882
33446195.31165724,-180.00016343744159
33461579.94611522,-182.54315593522654
33476964.580573205,-186.15777078052847
33492349.215031188,-184.20430981668704
33507733.849489175,-184.68727901002967
33523118.483947158,-183.55727511287168
33538503.11840514,-182.5990181948266
33553887.752863124,-179.27212869538621
33569272.38732111,-187.08363775384618
33584657.02177909,-182.41830695453206
33600041.65623708,-179.83990958352996
33615426.290695064,-181.123375786254
33630810.92515305,-181.87605380455756
33646195.55961103,-179.0993804670069
33661580.19406901,-186.3668968525093
33676964.828526996,-183.48434233537174
33692349.46298498,-187.39093951124832
33707734.09744296,-188.89516447464857
33723118.73190095,-192.33631115824227
33738503.366358936,-191.21587331689864
33753888.00081692,-189.16243348355516
33769272.6352749,-184.04936587303303
33784657.269732885,-179.7098467865197
33800041.90419087,-178.13940735964138
33815426.53864885,-182.16273626435077
33830811.173106834,-182.1592967738903
33846195.807564825,-185.85034415612222
33861580.44202281,-180.10972048376476
33876965.07648079,-180.9998095405748
33892349.710938774,-186.70671788044223
33907734.34539676,-185.77818125326363
33923118.97985474,-179.65535521027084
33938503.61431272,-182.2404400830141
33953888.24877071,-179.1034220397702
33969272.8832287,-181.18784454579156
33984657.51768668,-137.3814567851821
34000042.15214466,-131.36374958465052
34015426.786602646,-137.43334292022556
34030811.42106063,-176.89958241569923
34046196.05551861,-179.1819579567549
34061580.689976595,-179.9013440262182
34076965.32443458,-182.97922811503616
34092349.95889257,-190.23935357679926
34107734.59335055,-180.84773149618297
34123119.227808535,-179.10091404281675
34138503.86226652,-194.27246787315272
34153888.4967245,-183.77739783863058
34169273.131182484,-184.74652305563131
34184657.76564047,-180.96567947017806
34200042.40009845,-190.94183253451223
34215427.03455644,-186.9163581080508
34230811.669014424,-188.56657939946672
34246196.30347241,-187.14083786514564
34261580.93793039,-182.2221136889523
34276965.57238837,-192.5149451017041
34292350.20684636,-182.73119020062293
34307734.84130434,-177.28911027389242
34323119.47576232,-174.47072914068065
34338504.11022031,-174.30275214420064
34353888.744678296,-173.49812066217044
34369273.37913628,-171.29922128284687
34384658.01359426,-173.1551831435632
34400042.648052245,-176.43374903268796
34415427.28251023,-177.25221535520393
34430811.91696821,-192.281503977803
34446196.551426195,-178.7665790238428
34461581.185884185,-179.3848270244233
34476965.82034217,-178.85225502728107
34492350.45480015,-188.42804515931047
34507735.089258134,-181.38724988167587
34523119.72371612,-180.40868394846686
34538504.3581741,-177.76024782162696
34553888.99263208,-174.6380254735128
34569273.62709007,-180.5565135538667
34584658.26154806,-179.02859597938766
34600042.89600604,-176.30381230537353
34615427.53046402,-177.582455300298
34630812.16492201,-184.18080752344054
34646196.79937999,-176.88672645844218
34661581.43383797,-181.78320865427256
34676966.068295956,-183.14049867297223
34692350.70275394,-197.06866075383283
34707735.33721193,-177.91505920383852
34723119.97166991,-182.2126354897086
34738504.606127895,-181.03662669421573
34753889.24058588,-179.10598339751482
34769273.87504386,-178.017022891062
34784658.509501845,-174.9857592572856
34800043.14395983,-179.30305173073032
34815427.77841781,-188.8905916213381
34830812.4128758,-180.29650422408028
34846197.047333784,-183.23311907814016
34861581.68179177,-178.6827844337384
34876966.31624975,-176.62182137860728
34892350.95070773,-184.58232304146492
34907735.58516572,-188.14049366867226
34923120.2196237,-182.30417550777514
34938504.85408168,-181.1249824500245
34953889.48853967,-178.70609369019033
34969274.12299766,-179.84543050485098
34984658.75745564,-137.79641034531164
35000043.39191362,-131.7475417921239
35015428.026371606,-137.75891740503286
35030812.66082959,-176.9079198611434
35046197.29528757,-179.33162575651463
35061581.929745555,-179.66421374256925
35076966.564203545,-174.55491897998974
35092351.19866153,-184.37141830892998
35107735.83311951,-181.0103092237561
35123120.467577495,-181.1350285010842
35138505.10203548,-183.34703384066867
35153889.73649346,-182.0192086422622
35169274.370951444,-184.1722541943542
35184659.00540943,-185.04168378961353
35200043.63986742,-190.00492645437112
35215428.2743254,-187.30973733725907
35230812.90878338,-195.10554354834994
35246197.54324137,-184.2051788207342
35261582.17769935,-187.90334457927992
35276966.81215733,-177.743483088336
35292351.446615316,-172.86482368604229
35307736.0810733,-175.01425305222136
35323120.71553129,-178.77687560796588
35338505.34998927,-176.52141804486422
35353889.984447256,-172.93549031868977
35369274.61890524,-169.86629943098947
35384659.25336322,-172.7687130845485
35400043.887821205,-175.22809092590623
35415428.52227919,-175.75037394530725
35430813.15673717,-183.2558583484685
35446197.79119516,-174.8948306294341
35461582.425653145,-177.21434622472654
35476967.06011113,-174.49002794007
35492351.69456911,-179.49248861955013
35507736.329027094,-181.42547044523548
35523120.96348508,-182.11706040431295
35538505.59794306,-173.83173480340866
35553890.23240104,-170.21127725088786
35569274.86685903,-173.3667788884955
35584659.50131702,-175.8549625275609
35600044.135775,-174.72371108146604
35615428.77023298,-174.24744176784998
35630813.404690966,-181.77117759830284
35646198.03914895,-174.0240518004361
35661582.67360693,-173.30051070742255
35676967.308064915,-194.9384006778452
35692351.942522906,-181.33355903282578
35707736.57698089,-170.88513497363462
35723121.21143887,-172.09811282348429
35738505.845896855,-174.5793194769588
35753890.48035484,-171.1173397050138
35769275.11481282,-171.40297068279978
35784659.749270804,-172.9136248173953
35800044.38372879,-181.23846857787728
35815429.01818678,-177.32911520969307
35830813.65264476,-184.5216645921282
35846198.287102744,-179.5065437639886
35861582.92156073,-178.75234742681272
35876967.55601871,-176.46992843906776
35892352.19047669,-190.0987116351202
35907736.82493468,-174.33487199707358
35923121.45939266,-168.7785310274004
35938506.09385065,-169.04525009527035
35953890.72830863,-168.98143632982533
35969275.362766616,-169.8410952061465
35984659.9972246,-138.30922379540925
36000044.63168258,-132.131846265866
36015429.266140565,-138.06201998260346
36030813.90059855,-174.27434960952579
36046198.53505653,-170.39327274419182
36061583.16951452,-168.71369467236218
36076967.803972505,-166.31065384738577
36092352.43843049,-178.55973632837492
36107737.07288847,-169.45773102497247
36123121.707346454,-169.08872948599367
36138506.34180444,-177.6548390717036
36153890.97626242,-188.16441338954704
36169275.6107204,-183.20853368846397
36184660.245178394,-178.43655597865768
36200044.87963638,-189.5196944636808
36215429.51409436,-178.53758823046797
36230814.14855234,-177.02619328139252
36246198.78301033,-184.9626565376275
36261583.41746831,-180.17738585416407
36276968.05192629,-170.1991844202135
36292352.686384276,-168.200769718285
36307737.320842266,-178.10899206063885
36323121.95530025,-177.06758974909263
36338506.58975823,-179.86128744762766
36353891.224216215,-173.24631266512495
36369275.8586742,-169.131807047888
36384660.49313218,-169.91100916840503
36400045.127590165,-171.74320572538076
36415429.76204815,-175.44322475289778
36430814.39650614,-179.72156756198348
36446199.03096412,-173.10237272111746
36461583.665422104,-178.50531171517463
36476968.29988009,-177.4288765081293
36492352.93433807,-177.37307443896438
36507737.56879605,-176.61384267042632
36523122.20325404,-181.5893942298608
36538506.83771202,-175.01572382831364
36553891.47217001,-167.6618183252023
36569276.10662799,-168.88268142706437
36584660.74108598,-173.47638125146804
36600045.37554396,-177.69007546151644
36615430.01000194,-172.36380727485113
36630814.644459926,-175.34615097328523
36646199.27891791,-172.11326475924605
36661583.91337589,-171.81176526349913
36676968.54783388,-182.82822650947892
36692353.182291865,-181.34672920555045
36707737.81674985,-170.67917307424193
36723122.45120783,-171.10721637317243
36738507.085665815,-171.92953107765817
36753891.7201238,-170.18007640547611
36769276.35458178,-170.42742044342222
36784660.989039764,-172.5538939253119
36800045.623497754,-174.8840938376475
36815430.25795574,-175.38067139093002
36830814.89241372,-179.75321683393034
36846199.5268717,-174.70487244308242
36861584.16132969,-179.13119847143122
36876968.79578767,-182.4326493879165
36892353.43024565,-182.6415340563139
36907738.064703636,-169.8105071525145
36923122.69916163,-165.38442842715892
36938507.33361961,-166.52300899493633
36953891.96807759,-168.58621928931956
36969276.602535576,-168.8081474824742
36984661.23699356,-138.760419879821
37000045.87145154,-132.55068769172124
37015430.505909525,-138.485991486857
37030815.14036751,-175.7827340749371
37046199.7748255,-168.4955467321926
37061584.40928348,-165.72072424756112
37076969.043741465,-164.35370983285523
37092353.67819945,-178.23067982355644
37107738.31265743,-166.79582980871567
37123122.947115414,-166.72155087195313
37138507.5815734,-177.49514845161082
37153892.21603138,-182.52405361185987
37169276.85048937,-179.7599075924473
37184661.48494735,-173.70771027157386
37200046.11940534,-179.33140244960902
37215430.75386332,-170.42004802256918
37230815.3883213,-171.30593365386272
37246200.022779286,-174.96155274920983
37261584.65723727,-171.69304376024272
37276969.29169525,-169.03481921231275
37292353.92615324,-167.6538358839486
37307738.560611226,-169.83264397044042
37323123.19506921,-166.96306431312706
37338507.82952719,-170.45235060674204
37353892.463985175,-166.0283877581357
37369277.09844316,-162.54564491507327
37384661.73290114,-163.55515686313825
37400046.367359124,-166.69731580724357
37415431.001817115,-168.55913117645832
37430815.6362751,-174.97791545633032
37446200.27073308,-172.5970089710837
37461584.905191064,-177.88774718101354
37476969.53964905,-170.1141466253307
37492354.17410703,-173.99121539248392
37507738.80856501,-170.63096101607243
37523123.443022996,-170.77222634386322
37538508.07748099,-173.95277902848215
37553892.71193897,-166.0788185137203
37569277.34639695,-166.37516847200584
37584661.980854936,-173.0029660557302
37600046.61531292,-180.96297618357085
37615431.2497709,-175.7148903520037
37630815.884228885,-176.69424224701243
37646200.51868687,-168.72224629614408
37661585.15314486,-169.51324536920723
37676969.78760284,-178.16340667595128
37692354.422060825,-180.42718072375646
37707739.05651881,-181.3950591104753
37723123.69097679,-184.43502455679652
37738508.325434774,-171.47884345810294
37753892.95989276,-169.40468975965706
37769277.59435074,-173.14784723922037
37784662.22880873,-180.08384332108983
37800046.863266714,-183.79338370882405
37815431.4977247,-176.77601315418872
37830816.13218268,-186.73647651425657
37846200.76664066,-177.984562987378
37861585.401098646,-175.2324042681601
37876970.03555663,-170.44739621292712
37892354.67001461,-179.73624906778883
37907739.3044726,-173.72168344349558
37923123.938930586,-169.04509890643115
37938508.57338857,-168.39237859507108
37953893.20784655,-168.98746989113255
37969277.842304535,-171.67413491110818
37984662.47676252,-138.59363748153459
38000047.1112205,-132.7280559459457
38015431.745678484,-138.7646478518261
38030816.380136475,-179.47686378042584
38046201.01459446,-173.66188934392682
38061585.64905244,-169.17746754130832
38076970.283510424,-166.33219675808544
38092354.91796841,-176.62394794285194
38107739.55242639,-171.7035589850643
38123124.18688437,-173.21323672127164
38138508.82134236,-177.4828931387915
38153893.45580035,-180.3319944093354
38169278.09025833,-182.67752141149816
38184662.72471631,-176.71715512551455
38200047.359174296,-182.11179218345092
38215431.99363228,-174.50911230089005
38230816.62809026,-182.97282180102795
38246201.262548245,-183.20079088453494
38261585.89700623,-178.6833117591453
38276970.53146422,-174.8297574969444
38292355.1659222,-169.05138556176507
38307739.800380185,-172.16900512790198
38323124.43483817,-172.4080492142464
38338509.06929615,-175.55749077168605
38353893.703754134,-169.0133905760576
38369278.33821212,-164.8164665458464
38384662.9726701,-166.5225559997712
38400047.60712809,-168.33260204602507
38415432.241586074,-170.83974144489991
38430816.87604406,-173.60509320000673
38446201.51050204,-175.512421537601
38461586.14496002,-178.94319115959317
38476970.77941801,-169.86045469199803
38492355.41387599,-173.01219181547782
38507740.04833397,-171.87541304660527
38523124.68279196,-172.14859145876022
38538509.31724995,-172.3820392622268
38553893.95170793,-165.65357491660833
38569278.58616591,-166.4053386587786
38584663.220623896,-173.84444781206227
38600047.85508188,-175.67657922349238
38615432.48953986,-171.05796491598565
38630817.123997845,-181.52811013388833
38646201.758455835,-175.33814272664645
38661586.39291382,-168.93551397156125
38676971.0273718,-178.32956264400173
38692355.661829785,-176.14210083482425
38707740.29628777,-170.50777095846695
38723124.93074575,-168.67735046253924
38738509.565203734,-170.4398561735153
38753894.19966172,-166.8215700603755
38769278.83411971,-167.8342464037089
38784663.46857769,-170.92166708267592
38800048.10303567,-171.8049694733242
38815432.73749366,-170.17478825109708
38830817.37195164,-188.18745410896707
38846202.00640962,-173.041154051406
38861586.640867606,-183.90682628217417
38876971.27532559,-176.07976582384455
38892355.90978358,-176.3144248836278
38907740.54424156,-169.68857531150258
38923125.178699546,-163.13615366889337
38938509.81315753,-163.87356986763137
38953894.44761551,-165.41495776107925
38969279.082073495,-166.69848745701375
38984663.71653148,-138.98405742608423
39000048.35098946,-133.19990630244504
39015432.98544745,-139.36913094829347
39030817.619905435,-170.31599677199193
39046202.25436342,-166.79185064774035
39061586.8888214,-165.63985298560183
39076971.523279384,-164.1454400037027
39092356.15773737,-174.71554223286654
39107740.79219535,-165.39185613774393
39123125.42665333,-164.55192045752855
39138510.06111132,-178.44629212740887
39153894.69556931,-179.84297501194249
39169279.33002729,-176.5283201195811
39184663.96448527,-170.7033183874482
39200048.598943256,-180.17821856689233
39215433.23340124,-170.6295101657683
39230817.86785922,-173.59534044489385
39246202.502317205,-173.81757504490218
39261587.136775196,-172.50628925378166
39276971.77123318,-170.4827095922796
39292356.40569116,-169.471529477883
39307741.040149145,-169.1608835775105
39323125.67460713,-165.07817024877545
39338510.30906511,-168.01994553460167
39353894.943523094,-167.20232463002517
39369279.57798108,-163.24852825970314
39384664.21243907,-163.60358280002623
39400048.84689705,-165.7720380984954
39415433.481355034,-166.5470048796614
39430818.11581302,-175.91202294403013
39446202.750271,-174.1738530803619
39461587.38472898,-178.99674876007833
39476972.019186966,-167.86739978731472
39492356.65364496,-171.83107017768447
39507741.28810294,-171.65821136458322
39523125.92256092,-169.79997522353872
39538510.557018906,-171.03290205344143
39553895.19147689,-166.69626993253848
39569279.82593487,-166.7176066774526
39584664.460392855,-171.5134627483805
39600049.09485084,-173.91238862474196
39615433.72930883,-170.8988497513012
39630818.36376681,-182.35073882944423
39646202.998224795,-175.77691333772873
39661587.63268278,-169.53188852085867
39676972.26714076,-181.42096405524202
39692356.901598744,-174.38504862686588
39707741.53605673,-170.46737261358544
39723126.17051471,-168.90156047774553
39738510.8049727,-174.3193646853065
39753895.439430684,-167.8475048447808
39769280.07388867,-168.08212916248553
39784664.70834665,-170.06061806308762
39800049.34280463,-174.63165555146946
39815433.977262616,-173.00218903062319
39830818.6117206,-189.16314974162802
39846203.24617858,-175.8593806078326
39861587.88063657,-185.00565001025683
39876972.515094556,-172.46727238095727
39892357.14955254,-175.93473399431662
39907741.78401052,-172.8547694339752
39923126.418468505,-163.6656714843161
39938511.05292649,-165.72191719819384
39953895.68738447,-165.3847522348066
39969280.321842454,-166.6651811856951
39984664.956300445,-139.54357995911286
40000049.59075843,-133.38475316737407
40015434.22521641,-139.19603260022208
40030818.859674394,-169.99975818221344
40046203.49413238,-166.5152244643359
40061588.12859036,-165.5942577684832
40076972.76304834,-163.54247241717422
40092357.39750633,-171.9859857384833
40107742.03196432,-166.54443207438743
40123126.6664223,-164.81408149636695
40138511.30088028,-175.69003532138933
40153895.935338266,-194.87663701526188
40169280.56979625,-181.45655645664198
40184665.20425423,-173.88502584057557
40200049.838712215,-180.9982252323452
40215434.4731702,-173.0994673103221
40230819.10762819,-174.3099257918592
40246203.74208617,-174.08331927022485
40261588.376544155,-173.41671955343972
40276973.01100214,-169.9957318751661
40292357.64546012,-169.62801132354954
40307742.279918104,-173.26082114595636
40323126.91437609,-166.72796900841817
40338511.54883407,-169.99014821173284
40353896.18329206,-169.2395372117506
40369280.817750044,-165.27329290808143
40384665.45220803,-166.24541566582226
40400050.08666601,-167.58698911093032
40415434.72112399,-167.83088205169764
40430819.35558198,-177.28427131704183
40446203.99003996,-178.11967724314744
40461588.62449794,-199.01251758601205
40476973.25895593,-171.258368002753
40492357.893413916,-174.7529535163923
40507742.5278719,-177.07318726485343
40523127.16232988,-172.46547656780407
40538511.796787865,-174.43957882866857
40553896.43124585,-169.3935517040943
40569281.06570383,-169.0537577114066
40584665.700161815,-177.67248588992115
40600050.334619805,-177.28464810896813
40615434.96907779,-175.29990211882395
40630819.60353577,-191.10529992130662
40646204.237993754,-177.17865942986515
40661588.87245174,-171.93932885322423
40676973.50690972,-180.39192871608276
40692358.1413677,-174.6025523502073
40707742.77582569,-175.12358186096742
40723127.41028368,-173.74290612354457
40738512.04474166,-178.73035614923882
40753896.67919964,-171.52085866255703
40769281.31365763,-172.65901286674028
40784665.94811561,-173.42569751721862
40800050.58257359,-182.3943675426332
40815435.217031576,-175.94977665720324
40830819.85148956,-185.37703050564255
40846204.48594755,-184.38435404905448
40861589.12040553,-181.2058527345316
40876973.754863515,-173.42584973307987
40892358.3893215,-180.84588698501744
40907743.02377948,-185.3067142618423
40923127.658237465,-171.65873232568748
40938512.29269545,-170.53852046337113
40953896.92715343,-169.76715786998687
40969281.56161142,-172.05169415983988
40984666.196069404,-140.10069556107246
41000050.83052739,-133.98957667624563
41015435.46498537,-140.09013085694346
41030820.09944335,-174.51537579291636
41046204.73390134,-171.28447731101434
41061589.36835932,-170.54282892728173
41076974.0028173,-168.91775687565016
41092358.63727529,-176.1535053420924
41107743.27173328,-173.2750908247637
41123127.90619126,-170.47812969125192
41138512.54064924,-186.3315656712469
41153897.175107226,-179.7296516054057
41169281.80956521,-184.22269692374616
41184666.44402319,-182.93949514568146
41200051.078481175,-187.51260267444277
41215435.712939166,-176.53759239605182
41230820.34739715,-176.39247562093715
41246204.98185513,-179.44391134496573
41261589.616313115,-179.8500503562846
41276974.2507711,-174.6586206933377
41292358.88522908,-173.5821192499451
41307743.519687064,-177.81184313130677
41323128.15414505,-172.9435478543278
41338512.78860304,-175.3569974010374
41353897.42306102,-177.48586071533975
41369282.057519004,-173.3296190911144
41384666.69197699,-173.09455533697587
41400051.32643497,-173.23675430877373
41415435.96089295,-172.31682942261304
41430820.595350936,-188.26946793273146
41446205.22980892,-184.52281706087902
41461589.86426691,-186.91094530089003
41476974.49872489,-177.03143696263612
41492359.133182876,-178.73794247161896
41507743.76764086,-185.8595969174919
41523128.40209884,-180.14560612175427
41538513.036556825,-186.4423288865833
41553897.67101481,-180.32160855316337
41569282.30547279,-178.82725739316288
41584666.93993078,-182.5446097440955
41600051.574388765,-189.22026631262344
41615436.20884675,-184.65103479661678
41630820.84330473,-188.53573645121418
41646205.477762714,-185.84653723055794
41661590.1122207,-182.28639133485194
41676974.74667868,-199.95269342799705
41692359.38113666,-182.7341223688151
41707744.015594654,-189.4229050480365
41723128.65005264,-185.995978100438
41738513.28451062,-186.05629708233812
41753897.9189686,-180.4002379482864
41769282.553426586,-186.10180675381844
41784667.18788457,-181.03466076641982
41800051.82234255,-186.1760399728143
41815436.456800535,-182.76979216478748
41830821.091258526,-194.3481404735795
41846205.72571651,-183.1665103502586
41861590.36017449,-184.9575194491576
41876974.994632475,-179.9960411196414
41892359.62909046,-180.88143153699772
41907744.26354844,-183.3654234158932
41923128.898006424,-173.26118884180886
41938513.53246441,-173.38325930985172
41953898.1669224,-173.9432345364598
41969282.80138038,-176.84076350901142
41984667.435838364,-139.9271502666202
42000052.07029635,-133.9883290072439
42015436.70475433,-139.99537067779164
42030821.33921231,-177.87949293911873
42046205.9736703,-174.49329133241827
42061590.60812828,-174.19089848744682
42076975.24258627,-173.86636750384713
42092359.87704425,-184.14405412490484
42107744.511502236,-177.32214000973954
42123129.14596022,-174.381238964002
42138513.7804182,-184.19386148984609
42153898.414876185,-181.37087284179768
42169283.04933417,-182.7120630860081
42184667.68379215,-181.99569793237765
42200052.31825014,-186.3307394480738
42215436.952708125,-179.47053612906305
42230821.58716611,-190.2647010203029
42246206.22162409,-188.03507787273242
42261590.856082074,-189.05621269380734
42276975.49054006,-183.78792686357093
42292360.12499804,-186.4434844054826
42307744.75945602,-183.60038304041964
42323129.393914014,-176.71402934333105
42338514.028372,-179.77464429952957
42353898.66282998,-192.29830160350582
42369283.29728796,-179.881605955571
42384667.93174595,-179.651838161828
42400052.56620393,-183.26026012913192
42415437.20066191,-188.02492835567958
42430821.835119896,-186.87505655147356
42446206.469577886,-188.59169931705753
42461591.10403587,-188.12381301008787
42476975.73849385,-183.81401244618496
42492360.372951835,-190.12267488127517
42507745.00740982,-185.7486800997211
42523129.6418678,-180.80511797617947
42538514.276325785,-184.20517460049368
42553898.91078377,-184.5840961621152
42569283.54524176,-186.15219119112373
42584668.17969974,-193.35545079192462
42600052.814157724,-184.7856867246961
42615437.44861571,-182.8274195282047
42630822.08307369,-194.32308250635347
42646206.71753167,-185.92169067723194
42661591.35198966,-182.71523295690793
42676975.98644764,-190.72247256753712
42692360.62090563,-189.07686340606315
42707745.25536361,-189.9537249067764
42723129.8898216,-201.90783208613192
42738514.52427958,-190.45160151002133
42753899.15873756,-183.34037061089813
42769283.793195546,-185.96646629335524
42784668.42765353,-188.5458447549327
42800053.06211151,-187.5151342043942
42815437.6965695,-187.45883990307829
42830822.331027485,-184.87137734783218
42846206.96548547,-186.33833088961046
42861591.59994345,-199.53304959786954
42876976.234401435,-189.8614267089418
42892360.86885942,-187.7590304625379
42907745.5033174,-188.84257671132914
42923130.137775384,-179.04344192037087
42938514.772233374,-182.8830007129539
42953899.40669136,-188.69066693743517
42969284.04114934,-186.90341808961693
42984668.67560732,-140.43741009631492
43000053.31006531,-134.3506485131516
43015437.94452329,-140.33048927462048
43030822.57898127,-190.3874062491715
43046207.213439256,-187.7135278191395
43061591.84789725,-188.3704301554525
43076976.48235523,-183.95152095110598
43092361.11681321,-188.3093074023243
43107745.751271196,-193.835009832578
43123130.38572918,-188.90909413981143
43138515.02018716,-193.9080072731296
43153899.654645145,-189.7414391614658
43169284.28910313,-190.10735629978808
43184668.92356112,-186.75130081428665
43200053.5580191,-186.77704594079165
43215438.192477085,-189.92025819180483
43230822.82693507,-191.4554952019152
43246207.46139305,-185.22655731405453
43261592.095851034,-191.68356961581705
43276976.73030902,-193.5844093796301
43292361.364767,-185.33728898845442
43307745.99922499,-189.84958600466825
43323130.63368297,-187.2486724343763
43338515.26814096,-193.89080946286566
43353899.90259894,-195.53636284523418
43369284.53705692,-198.85678733763547
43384669.171514906,-190.31287379829604
43400053.80597289,-186.96516809094334
43415438.44043087,-186.83859218239184
43430823.07488886,-191.95455973597134
43446207.709346846,-188.74907966495925
43461592.34380483,-185.11433249670017
43476976.97826281,-187.56370100136948
43492361.612720795,-189.59878775507457
43507746.24717878,-210.0334063442238
43523130.88163676,-193.08298867367603
43538515.516094744,-194.80937133281526
43553900.150552735,-199.0235385778817
43569284.78501072,-186.08145022335054
43584669.4194687,-187.40177620834456
43600054.053926684,-197.48787283383461
43615438.68838467,-187.19903695969452
43630823.32284265,-181.1605535646493
43646207.95730063,-185.14584162708186
43661592.591758616,-188.62016825499262
43676977.22621661,-189.75664762076718
43692361.86067459,-185.84766104901146
43707746.49513257,-185.2035592226704
43723131.129590556,-195.1218550274162
43738515.76404854,-191.48940229023808
43753900.39850652,-206.69985929561878
43769285.032964505,-197.04300035608244
43784669.66742249,-200.26404568741756
43800054.30188048,-199.7996143665086
43815438.93633846,-185.79362725044874
43830823.570796445,-185.30777682689515
43846208.20525443,-193.98592624696235
43861592.83971241,-193.48967660378693
43876977.474170394,-197.8397305701709
43892362.10862838,-199.8096358606713
43907746.74308636,-188.0827513096332
43923131.37754435,-186.6306939946499
43938516.012002334,-188.92186884752223
43953900.64646032,-190.05930248496412
43969285.2809183,-188.05429529591723
43984669.91537628,-140.57150888557234
44000054.54983427,-134.5435946215195
44015439.18429225,-140.53952899924877
44030823.81875023,-191.73226315439393
44046208.45320822,-187.95391863306304
44061593.087666206,-182.3810774522537
44076977.72212419,-185.6747963256027
44092362.35658217,-206.98822031832543
44107746.991040155,-186.9637040253772
44123131.62549814,-185.34997553608343
44138516.25995612,-197.03203418512777
44153900.894414105,-185.0321719182523
44169285.528872095,-185.1047566558815
44184670.16333008,-184.57810875092724
44200054.79778806,-194.14539305896471
44215439.432246044,-188.65517793816127
44230824.06670403,-189.02428455617775
44246208.70116201,-192.10929854020492
44261593.33561999,-212.99686043036309
44276977.97007798,-192.9212402990151
44292362.60453597,-184.86779638629395
44307747.23899395,-186.25793904620306
44323131.87345193,-195.08764939761167
44338516.50790992,-188.72687867813173
44353901.1423679,-184.79159057701182
44369285.77682588,-189.6235943503392
44384670.411283866,-186.17580772224287
44400055.04574185,-185.15497127175217
44415439.68019984,-191.2664195405068
44430824.31465782,-196.91030390127165
44446208.949115805,-185.72447551457518
44461593.58357379,-185.94062058102938
44476978.21803177,-190.8666763500511
44492362.852489755,-199.26310419067295
44507747.48694774,-189.7210215938645
44523132.12140572,-196.97371335440153
44538516.75586371,-196.63323812745278
44553901.390321694,-189.7766745354778
44569286.02477968,-190.61432792507975
44584670.65923766,-186.0543718172578
44600055.29369564,-187.5177321134679
44615439.92815363,-192.18242214884017
44630824.56261161,-188.20558275606177
44646209.19706959,-188.83470054478403
44661593.83152758,-192.70674577716272
44676978.46598557,-193.72519772967493
44692363.10044355,-190.77448136752355
44707747.73490153,-186.91280306166283
44723132.369359516,-191.55142975803528
44738517.0038175,-194.33424733267407
44753901.63827548,-189.40159644071645
44769286.272733465,-186.01729596026442
44784670.907191455,-185.48713162611986
44800055.54164944,-189.0253681607007
44815440.17610742,-187.01778720597002
44830824.810565405,-185.52842727721946
44846209.44502339,-187.89395313872961
44861594.07948137,-183.0868119251416
44876978.713939354,-184.06579233660005
44892363.34839734,-187.43779301355093
44907747.98285533,-191.93696088193798
44923132.61731331,-185.31445786469047
44938517.25177129,-182.49374531249157
44953901.88622928,-182.5362128855859
44969286.52068726,-190.69691127731855
44984671.15514524,-140.77081898298502
45000055.789603226,-134.7469817821239
45015440.42406121,-140.7623055794922
45030825.0585192,-189.88868046880768
45046209.69297718,-187.0140948019187
45061594.327435166,-181.71380967470614
45076978.96189315,-182.615636029621
45092363.59635113,-189.88974766992072
45107748.230809115,-182.90488410483889
45123132.8652671,-181.85298815627823
45138517.49972508,-189.37090216421757
45153902.13418307,-198.3793461844094
45169286.768641055,-198.05716009098614
45184671.40309904,-190.11480593800468
45200056.03755702,-193.38229581924782
45215440.672015004,-191.33164039151123
45230825.30647299,-197.9710601378324
45246209.94093097,-191.71434599497053
45261594.57538895,-184.0856691660713
45276979.20984694,-187.7861621492137
45292363.84430493,-192.73499016995663
45307748.47876291,-189.16171780955602
45323133.11322089,-183.72155363060102
45338517.747678876,-183.02657857388934
45353902.38213686,-190.66556149931583
45369287.01659484,-188.584922050003
45384671.651052825,-185.79009388737288
45400056.285510816,-197.9169568521346
45415440.9199688,-191.5732795164834
45430825.55442678,-188.24384128123197
45446210.188884765,-186.91749826985495
45461594.82334275,-193.3008992763747
45476979.45780073,-193.8106589785245
45492364.092258714,-197.0308384950011
45507748.7267167,-193.42109073300063
45523133.36117469,-191.00268592840376
45538517.99563267,-187.4107313781172
45553902.630090654,-200.4641365667798
45569287.26454864,-183.91957457081338
45584671.89900662,-183.55560116009804
45600056.5334646,-183.6386696340432
45615441.167922586,-183.62895799870148
45630825.80238057,-181.91018534550764
45646210.43683856,-186.16647040390626
45661595.07129654,-191.11289841112693
45676979.705754526,-194.51437365931898
45692364.34021251,-183.3357719025738
45707748.97467049,-180.32746046107798
45723133.609128475,-182.2965270641757
45738518.24358646,-189.84182679991096
45753902.87804444,-185.9697573604696
45769287.51250243,-180.8979375475667
45784672.146960415,-185.09996574563556
45800056.7814184,-190.49581818223047
45815441.41587638,-188.69901136900197
45830826.050334364,-196.04826532838496
45846210.68479235,-185.4689388675254
45861595.31925033,-192.98672777339718
45876979.95370831,-184.79846532560748
45892364.588166304,-182.84488722735227
45907749.22262429,-184.70356988955183
45923133.85708227,-192.67763786988272
45938518.49154025,-186.25843628476989
45953903.125998236,-186.2734578660353
45969287.76045622,-186.2357100282803
45984672.3949142,-141.03024788324706
46000057.029372185,-134.97330126790195
46015441.663830176,-140.97272231202135
46030826.29828816,-193.1416208627848
46046210.93274614,-192.59607921224372
46061595.567204125,-187.80885430981553
46076980.20166211,-187.7463263514915
46092364.83612009,-189.10488908712384
46107749.470578074,-184.35979304116927
46123134.10503606,-188.15418004262088
46138518.73949405,-186.7791202555094
46153903.37395203,-188.23695002231997
46169288.008410014,-189.19380752560693
46184672.642868,-188.17632787964044
46200057.27732598,-190.13014024869076
46215441.91178396,-189.47654382267248
46230826.54624195,-191.2338101433732
46246211.18069993,-187.86130383799167
46261595.81515792,-180.75344044624177
46276980.4496159,-181.98943772812598
46292365.08407389,-192.63610492079238
46307749.71853187,-189.98865526536792
46323134.35298985,-181.0631704291421
46338518.987447836,-182.42952816275778
46353903.62190582,-190.95900192747007
46369288.2563638,-191.80667080066524
46384672.89082179,-183.67544291181747
46400057.525279775,-181.22304346847673
46415442.15973776,-183.59003700673293
46430826.79419574,-183.6589447198537
46446211.428653724,-179.00757357523005
46461596.06311171,-181.57733530470415
46476980.69756969,-185.8656196174557
46492365.33202767,-183.49963067125455
46507749.966485664,-194.3363730632696
46523134.60094365,-199.59603355616989
46538519.23540163,-192.89686970736372
46553903.86985961,-184.11512807937834
46569288.5043176,-182.9594114636221
46584673.13877558,-189.73605664966854
46600057.77323356,-191.45444821485623
46615442.407691546,-183.26899655145607
46630827.04214954,-175.27205418846918
46646211.67660752,-176.2459708578892
46661596.3110655,-184.7228850399007
46676980.945523486,-186.18991834473545
46692365.57998147,-179.8353082519803
46707750.21443945,-174.62922480480523
46723134.848897435,-175.92547600702918
46738519.48335542,-183.08364320320788
46753904.11781341,-182.2146386540506
46769288.75227139,-177.2213622376595
46784673.386729375,-184.80571216075393
46800058.02118736,-188.838851249892
46815442.65564534,-184.50021706832246
46830827.290103324,-179.90338787950787
46846211.92456131,-183.1058591740543
46861596.55901929,-180.0276788103987
46876981.19347728,-175.60362752346873
46892365.82793526,-178.1089189249123
46907750.46239325,-179.7600274022803
46923135.09685123,-184.15904705701814
46938519.73130921,-186.36867742515787
46953904.365767196,-186.7862272098081
46969289.00022518,-196.8779806375532
46984673.63468316,-141.14523608014017
47000058.26914115,-135.11056367497196
47015442.903599136,-141.11982466566278
47030827.53805712,-186.02066343598838
47046212.1725151,-183.76294084244785
47061596.806973085,-183.05512282566045
47076981.44143107,-184.87505375715327
47092366.07588905,-186.04513899331795
47107750.710347034,-185.59922586968491
47123135.344805025,-182.53019937607417
47138519.97926301,-199.37851467701665
47153904.61372099,-186.0235390730217
47169289.248178974,-191.4751991269429
47184673.88263696,-201.82482647182408
47200058.51709494,-198.70184017699995
47215443.15155292,-185.33818859485112
47230827.786010906,-186.00808540041484
47246212.4204689,-192.95605115366214
47261597.05492688,-179.31243534188025
47276981.68938486,-177.28064857108478
47292366.323842846,-188.5168560552338
47307750.95830083,-184.6452975410637
47323135.59275881,-177.5907518363455
47338520.227216795,-179.2506126519119
47353904.861674786,-185.03943429376577
47369289.49613277,-189.1119314033563
47384674.13059075,-180.57603557712793
47400058.765048735,-180.72331489200778
47415443.39950672,-180.39283528277537
47430828.0339647,-184.96829424822965
47446212.668422684,-187.14988938925865
47461597.30288067,-182.45339772824693
47476981.93733866,-180.69860424851183
47492366.57179664,-189.88926846207107
47507751.206254624,-180.68375443311288
47523135.84071261,-188.93965762038016
47538520.47517059,-204.3889593510848
47553905.10962857,-181.4936376906578
47569289.744086556,-180.00297986845112
47584674.37854454,-182.0163585209911
47600059.01300253,-182.6740749719653
47615443.64746051,-181.82281018044208
47630828.281918496,-177.37165667123895
47646212.91637648,-173.8551781324262
47661597.55083446,-188.48906827037518
47676982.185292445,-186.72300560416747
47692366.81975043,-180.66455352221962
47707751.45420841,-176.44122250429842
47723136.0886664,-176.6940122985164
47738520.723124385,-180.50842128359037
47753905.35758237,-184.24201408738395
47769289.99204035,-180.3437402829724
47784674.626498334,-189.33534686657873
47800059.26095632,-184.18341812260576
47815443.8954143,-181.99751397905143
47830828.52987228,-177.35921845280384
47846213.164330274,-178.58565647398038
47861597.79878826,-175.3570295099659
47876982.43324624,-173.99014641469068
47892367.06770422,-174.4879674574281
47907751.702162206,-176.78468794448122
47923136.33662019,-182.97178101454904
47938520.97107817,-184.28113708058538
47953905.605536155,-183.23419206554678
47969290.239994146,-190.73948361728455
47984674.87445213,-141.35125458302554
48000059.50891011,-135.3059245931571
48015444.143368095,-141.3121108723624
48030828.77782608,-189.21979784570556
48046213.41228406,-198.4138585551332
48061598.046742044,-184.04249563097764
48076982.68120003,-180.55603002134944
48092367.31565802,-184.8673970807979
48107751.950116,-182.26712988956027
48123136.584573984,-178.57608962877708
48138521.21903197,-181.8315712173026
48153905.85348995,-184.28077551758128
48169290.48794793,-187.26325944978996
48184675.12240592,-197.95667809716844
48200059.7568639,-196.3739628283389
48215444.39132189,-187.00266965817096
48230829.02577987,-189.20539110548447
48246213.660237856,-184.50820995187982
48261598.29469584,-175.37231842281656
48276982.92915382,-174.81724337302242
48292367.563611805,-179.6772370277967
48307752.19806979,-193.803942102672
48323136.83252777,-178.09046077238753
48338521.46698576,-178.81101448405306
48353906.101443745,-185.61351957087723
48369290.73590173,-189.72306774776905
48384675.37035971,-187.64479697183927
48400060.004817694,-178.76929316632058
48415444.63927568,-177.46301943455066
48430829.27373366,-178.80495258196117
48446213.90819164,-179.14901041332507
48461598.542649634,-182.56309059174808
48476983.17710762,-182.35172001903362
48492367.8115656,-185.65579964219177
48507752.44602358,-188.66414091715325
48523137.08048157,-189.25827743481378
48538521.71493955,-183.34295849531318
48553906.34939753,-188.95601156313705
48569290.983855516,-182.11709618561383
48584675.618313506,-180.1394099970403
48600060.25277149,-178.53517318400327
48615444.88722947,-176.1326669518668
48630829.521687455,-174.6501759861079
48646214.15614544,-178.51595905185553
48661598.79060342,-190.1048054823491
48676983.425061405,-185.31589443157276
48692368.05951939,-177.8434826442141
48707752.69397738,-172.7372963529119
48723137.32843536,-174.49587730099523
48738521.962893344,-181.4208083667586
48753906.59735133,-182.63149294034307
48769291.23180931,-177.75731311173922
48784675.86626729,-181.83106947326704
48800060.50072528,-188.3514056873301
48815445.13518326,-180.34379017726434
48830829.76964125,-180.07476694656606
48846214.40409923,-190.7823207284898
48861599.03855722,-183.92003308914195
48876983.6730152,-177.3488081440227
48892368.30747318,-180.8552641104329
48907752.941931166,-181.54083272492136
48923137.57638915,-191.55429702766568
48938522.21084713,-184.42951576281985
48953906.84530512,-187.4423934074553
48969291.479763106,-182.5021013273499
48984676.11422109,-141.6128204644177
49000060.74867907,-135.51490602326868
49015445.383137055,-141.53767504701042
49030830.01759504,-187.30863652495518
49046214.65205302,-190.59111782214302
49061599.286511004,-192.53987090704445
49076983.920968994,-191.9413766278381
49092368.55542698,-206.77238862633254
49107753.18988496,-211.81458944106117
49123137.824342944,-189.03357459241835
49138522.45880093,-188.16986047034766
49153907.09325891,-191.98647627486977
49169291.72771689,-188.54476891766961
49184676.362174876,-190.8519483146311
49200060.99663287,-188.90566591499766
49215445.63109085,-185.18391939448375
49230830.26554883,-186.81491603465957
49246214.900006816,-196.4907779277944
49261599.5344648,-182.23677778120927
49276984.16892278,-178.88677419260813
49292368.803380765,-180.76019039885563
49307753.43783875,-193.96363032872233
49323138.07229674,-180.80028728314647
49338522.70675472,-178.92363635411502
49353907.341212705,-184.66335208067622
49369291.97567069,-184.78598596386638
49384676.61012867,-190.94279868314172
49400061.244586654,-183.70563598693303
49415445.87904464,-181.6095637161371
49430830.51350262,-195.14129135087796
49446215.14796061,-178.9629157245306
49461599.782418594,-181.41476032357983
49476984.41687658,-181.58592829189672
49492369.05133456,-191.5821928484504
49507753.68579254,-182.27965136379268
49523138.320250526,-181.60811676704895
49538522.95470851,-186.77086392837478
49553907.58916649,-186.32700249982932
49569292.22362448,-189.17089904495072
49584676.858082466,-180.06842977066646
49600061.49254045,-181.7838364989832
49615446.12699843,-187.26440572819217
49630830.761456415,-179.69254005712912
49646215.3959144,-176.30287366939012
49661600.03037238,-184.0343815900954
49676984.664830364,-192.78151480943257
49692369.299288355,-182.12995243880047
49707753.93374634,-179.92159592737497
49723138.56820432,-186.08996258600723
49738523.202662304,-187.06819509848046
49753907.83712029,-182.80234080338673
49769292.47157827,-180.63038409516668
49784677.10603625,-182.98683122833492
49800061.74049424,-186.2042738899343
49815446.37495223,-180.56753231283963
49830831.00941021,-181.5845988737903
49846215.64386819,-181.72152181609863
49861600.278326176,-174.61793138553935
49876984.91278416,-175.0078366232748
49892369.54724214,-177.5448748860167
49907754.181700125,-180.5621845283838
49923138.81615811,-179.20735598193855
49938523.4506161,-184.2515396882407
49953908.08507408,-188.2408783839979
49969292.719532065,-182.0913160326276
49984677.35399005,-141.59083201361153
50000061.98844803,-135.58156713581093
50015446.622906014,-141.5974683100711
50030831.257364,-191.69224047452195
50046215.89182198,-189.1964423304775
50061600.52627997,-184.41663515014545
50076985.160737954,-183.35443626394166
50092369.79519594,-188.04601666433933
50107754.42965392,-187.86041335662017
50123139.0641119,-183.76403052686217
50138523.69856989,-181.09684178044955
50153908.33302787,-185.2201841543826
50169292.96748585,-192.97192271323635
50184677.60194384,-192.01793372685927
50200062.236401826,-186.91179935294605
50215446.87085981,-195.9531232307052
50230831.50531779,-184.99437292391042
50246216.139775775,-192.9411499713683
50261600.77423376,-186.97895247601048
50276985.40869174,-183.61330103600602
50292370.043149725,-179.17099621869735
50307754.677607715,-181.70692119372293
50323139.3120657,-187.32116288456947
50338523.94652368,-185.49663861290767
50353908.580981664,-194.80355802435926
50369293.21543965,-189.30015500940448
50384677.84989763,-180.26366361361124
50400062.48435561,-181.95383579725726
50415447.1188136,-180.44579206531392
50430831.75327159,-181.35652164148632
50446216.38772957,-181.049838279818
50461601.02218755,-184.18017977593678
50476985.65664554,-183.70936237114586
50492370.29110352,-183.3006705850802
50507754.9255615,-186.2719239709025
50523139.560019486,-192.464473908241
50538524.19447747,-195.15685875139405
50553908.82893546,-183.45378046998846
50569293.46339344,-184.9021569089406
50584678.097851425,-198.1128798218699
50600062.73230941,-199.16668681809858
50615447.36676739,-187.2780920501051
50630832.001225375,-176.33075857779414
50646216.63568336,-175.771817162471
50661601.27014134,-188.43492672045997
50676985.90459933,-185.83258489471456
50692370.539057314,-180.31397882421953
50707755.1735153,-175.45506302621416
50723139.80797328,-176.67030026315365
50738524.44243126,-181.45709879663525
50753909.07688925,-181.48707866304858
50769293.71134723,-177.8270362290995
50784678.34580521,-182.69918088365353
50800062.9802632,-185.03796268508623
50815447.61472119,-181.883748186778
50830832.24917917,-182.04039254357463
50846216.88363715,-190.86272833903894
50861601.518095136,-180.33514915620853
50876986.15255312,-175.37676723506593
50892370.7870111,-174.78762062714964
50907755.421469085,-182.96632336128798
50923140.055927075,-183.56584134641597
50938524.69038506,-181.951014182007
50953909.32484304,-183.02368942344452
50969293.959301025,-188.91461512299898
50984678.59375901,-141.58370612037987
51000063.22821699,-135.58252209153645
51015447.862674974,-141.58498913178062
51030832.49713296,-191.40697610912014
51046217.13159095,-186.67856061054732
51061601.76604893,-184.5304971214713
51076986.40050691,-184.5469983814083
51092371.0349649,-184.79246374913703
51107755.66942288,-184.73837153349461
51123140.30388086,-186.67777672525108
51138524.938338846,-188.4660010260089
51153909.57279683,-191.50016330438484
51169294.20725482,-207.47023288899288
51184678.8417128,-190.2261181833656
51200063.476170786,-196.78829479257743
51215448.11062877,-191.148768105971
51230832.74508675,-185.74821386908735
51246217.379544735,-184.15249987054324
51261602.01400272,-180.67927327553892
51276986.6484607,-181.7268885110807
51292371.28291869,-185.03881293852916
51307755.917376675,-187.49104466192108
51323140.55183466,-178.42477330391375
51338525.18629264,-176.26558833403027
51353909.820750624,-184.36087797368043
51369294.45520861,-191.30918206815312
51384679.08966659,-183.87929431527135
51400063.72412457,-182.59712282937446
51415448.35858256,-180.48847255115902
51430832.99304055,-186.68050856226117
51446217.62749853,-188.62911793534317
51461602.26195651,-184.1456664531068
51476986.896414496,-182.26396206445472
51492371.53087248,-187.51492818487432
51507756.16533046,-182.14379365416065
51523140.799788445,-183.91890071869526
51538525.434246436,-190.2486446450106
51553910.06870442,-187.71694645495114
51569294.7031624,-181.07936625661353
51584679.337620385,-187.5995178008261
51600063.97207837,-199.40665943034318
51615448.60653635,-179.64515705905524
51630833.240994334,-179.9588057915668
51646217.87545232,-179.13486133721847
51661602.50991031,-187.7517899905542
51676987.14436829,-208.10992855520755
51692371.778826274,-182.33378786458292
51707756.41328426,-179.39136996062933
51723141.04774224,-180.31941566509852
51738525.68220022,-182.80424620244503
51753910.31665821,-182.36359597729762
51769294.95111619,-182.40774138532134
51784679.58557418,-185.46710551299708
51800064.22003216,-181.9426321730233
51815448.854490146,-178.95283230696546
51830833.48894813,-179.12374095590945
51846218.12340611,-183.7471796098448
51861602.757864095,-173.86787294075884
51876987.39232208,-174.02545240167032
51892372.02678006,-178.80186319188675
51907756.66123805,-178.93003958080345
51923141.295696035,-181.48280365567743
51938525.93015402,-184.51719095732574
51953910.564612,-191.00120342143057
51969295.199069984,-188.67643247377208
51984679.83352797,-141.83173466603304
52000064.46798595,-135.7509415427885
52015449.10244393,-141.7973162220814
52030833.736901924,-197.0913356911961
52046218.37135991,-183.94412356140924
52061603.00581789,-182.71988169517297
52076987.64027587,-182.06538672595113
52092372.27473386,-187.68824311582776
52107756.90919184,-183.21707352851635
52123141.54364982,-180.8409114137315
52138526.178107806,-183.65677454643375
52153910.812565796,-186.97405566762998
52169295.44702378,-188.76890001283772
52184680.08148176,-183.29623940875842
52200064.715939745,-183.6727848398563
52215449.35039773,-190.28638264146332
52230833.98485571,-181.80914810724903
52246218.619313695,-185.0445014182505
52261603.25377168,-186.9403728306744
52276987.88822967,-183.917979130719
52292372.52268765,-179.84191745924235
52307757.157145634,-179.50083111487984
52323141.79160362,-182.5593838242493
52338526.4260616,-182.63117688018625
52353911.06051958,-185.34862498856455
52369295.69497757,-177.60304404629295
52384680.32943555,-178.44188432236132
52400064.96389354,-181.90429499206317
52415449.59835152,-179.9068579287681
52430834.23280951,-187.24338516423546
52446218.86726749,-186.57679865361158
52461603.50172547,-187.8017436798666
52476988.136183456,-186.97753497277742
52492372.77064144,-185.44547776711372
52507757.40509942,-189.93818003992718
52523142.03955741,-181.11525484322996
52538526.674015395,-183.31000486883352
52553911.30847338,-183.53617686155033
52569295.94293136,-182.91856555064157
52584680.577389345,-190.39376546347856
52600065.21184733,-184.23893689373836
52615449.84630531,-187.571197841979
52630834.480763294,-175.78026327113895
52646219.115221284,-172.35124624714229
52661603.74967927,-184.24516540486255
52676988.38413725,-188.18676312040373
52692373.01859523,-181.1136031112862
52707757.65305322,-177.67502984132253
52723142.2875112,-177.0160016176834
52738526.92196918,-178.83262270649413
52753911.556427166,-183.1939413434384
52769296.19088516,-181.39893232677852
52784680.82534314,-183.55508292353616
52800065.45980112,-181.85934541113195
52815450.094259106,-176.2765926518921
52830834.72871709,-178.63483451459533
52846219.36317507,-182.0694854625788
52861603.997633055,-175.29387317468021
52876988.63209104,-174.7932788811611
52892373.26654903,-176.56660386575874
52907757.90100701,-179.21258811321195
52923142.535464995,-186.4032903030535
52938527.16992298,-194.84995813413184
52953911.80438096,-187.57089989977464
52969296.438838944,-194.7746099115541
52984681.07329693,-141.93592505697873
53000065.70775491,-135.88435019770932
53015450.3422129,-141.96939846501454
53030834.97667088,-183.00290482038466
53046219.61112887,-194.19233402379155
53061604.24558685,-190.36655714702488
53076988.88004483,-179.70939348429238
53092373.514502816,-181.725602033656
53107758.1489608,-187.04001128997425
53123142.78341878,-195.67356135159167
53138527.41787677,-182.8573417095193
53153912.052334756,-176.77272611783465
53169296.68679274,-184.0138548961073
53184681.32125072,-186.41504834717898
53200065.955708705,-182.05611317310053
53215450.59016669,-188.42008936479033
53230835.22462467,-187.7479916132538
53246219.859082654,-194.6081333490327
53261604.493540645,-179.21584571266752
53276989.12799863,-175.5051157164931
53292373.76245661,-175.84246537366982
53307758.396914594,-179.1131142898235
53323143.03137258,-182.6064195780133
53338527.66583056,-177.3698644226188
53353912.30028854,-181.55456231305533
53369296.934746526,-179.36387841299666
53384681.56920452,-182.54503999676646
53400066.2036625,-180.30649046595926
53415450.83812048,-176.3983988647244
53430835.472578466,-181.89582890624615
53446220.10703645,-181.52364408749816
53461604.74149443,-180.41959403546798
53476989.375952415,-179.18156715419613
53492374.0104104,-181.70385446263936
53507758.64486839,-185.4143648874539
53523143.27932637,-183.37218423603707
53538527.913784355,-189.91283690789385
53553912.54824234,-190.20958655487536
53569297.18270032,-190.0788680746288
53584681.817158304,-193.12976718378056
53600066.45161629,-185.15155125684169
53615451.08607427,-180.29976529539493
53630835.72053226,-177.18286771046934
53646220.354990244,-175.79662091174754
53661604.98944823,-185.3388848253168
53676989.62390621,-180.58801953452897
53692374.25836419,-188.73675020527338
53707758.892822176,-179.32583667819358
53723143.52728016,-179.9948207717083
53738528.16173814,-184.39224403994876
53753912.79619613,-180.59292632292838
53769297.430654116,-182.78689217266103
53784682.0651121,-192.8199571223546
53800066.69957008,-186.07796477324413
53815451.334028065,-177.0827051500098
53830835.96848605,-181.5692471213847
53846220.60294403,-185.00890822933965
53861605.237402014,-174.93829483322406
53876989.871860005,-174.05603856851943
53892374.50631799,-179.9221487438082
53907759.14077597,-183.37583852891936
53923143.775233954,-183.35374159007392
53938528.40969194,-185.94111220030737
53953913.04414992,-181.94333714153976
53969297.6786079,-181.24554082787367
53984682.31306589,-141.84368350091495
54000066.94752388,-135.8546339151896
54015451.58198186,-141.91827899549045
54030836.21643984,-182.58771499335793
54046220.850897826,-192.0974543642604
54061605.48535581,-183.2937923510059
54076990.11981379,-183.79339724196515
54092374.754271775,-186.02306296623382
54107759.38872976,-181.64239535577948
54123144.02318775,-181.1427920699812
54138528.65764573,-180.87773508759727
54153913.292103715,-184.64985234824678
54169297.9265617,-201.94672401735576
54184682.56101968,-201.25351314889454
54200067.195477664,-186.19674509634865
54215451.82993565,-188.15508335614248
54230836.46439363,-189.84743056989765
54246221.09885162,-189.03595006146415
54261605.733309604,-179.38617134197668
54276990.36776759,-181.64026623932932
54292375.00222557,-188.5248401052827
54307759.63668355,-187.7959557289877
54323144.27114154,-182.1811674517966
54338528.90559952,-179.99303637713388
54353913.5400575,-197.19626809719884
54369298.17451549,-181.8384238596119
54384682.80897348,-177.40795081823907
54400067.44343146,-178.35899331309807
54415452.07788944,-179.88030698855493
54430836.712347426,-185.75620519723088
54446221.34680541,-185.42014795949763
54461605.98126339,-182.4632278161627
54476990.615721375,-182.23789564404808
54492375.250179365,-186.6243527618658
54507759.88463735,-185.3711628312922
54523144.51909533,-183.26883633042206
54538529.153553315,-211.35326385408646
54553913.7880113,-195.47928724943057
54569298.42246928,-184.82650357911933
54584683.056927264,-194.38278356195443
54600067.69138525,-194.8453689494673
54615452.32584324,-183.8515628080658
54630836.96030122,-179.0407897046735
54646221.5947592,-175.48352912785202
54661606.22921719,-182.32538957972338
54676990.86367517,-188.68206946262995
54692375.49813315,-185.17845800656949
54707760.132591136,-176.30629129263252
54723144.76704912,-178.14798597719548
54738529.40150711,-181.4093896053924
54753914.03596509,-182.59062388720676
54769298.670423076,-183.04396763435423
54784683.30488106,-192.28257224431036
54800067.93933904,-197.1430108687186
54815452.573797025,-182.41040898447358
54830837.20825501,-179.25798134176887
54846221.84271299,-188.7165599968552
54861606.47717098,-178.4943865854056
54876991.111628965,-175.6903706971485
54892375.74608695,-180.0115488069957
54907760.38054493,-182.42450616632664
54923145.015002914,-188.19960633452678
54938529.6494609,-191.16699557534386
54953914.28391888,-184.24563363489497
54969298.91837686,-185.80046204392647
54984683.55283485,-141.87543421782993
55000068.18729284,-135.88557833803108
55015452.82175082,-141.91772664169886
55030837.4562088,-194.1164224602132
55046222.090666786,-187.17633125802254
55061606.72512477,-186.43861246347083
55076991.35958275,-180.77163555387506
55092375.994040735,-184.12935456197033
55107760.628498726,-201.35115841547884
55123145.26295671,-181.77105377815582
55138529.89741469,-180.391006933538
55153914.531872675,-186.39679324773084
55169299.16633066,-192.13726876515622
55184683.80078864,-189.88289523615487
55200068.435246624,-191.9619402781774
55215453.069704615,-191.77698424954605
55230837.7041626,-186.38821973854388
55246222.33862058,-187.9275580886479
55261606.973078564,-191.110776887198
55276991.60753655,-188.36400651457225
55292376.24199453,-185.0345154670506
55307760.87645251,-187.05676271615815
55323145.510910496,-185.358277490428
55338530.14536849,-195.61450018840898
55353914.77982647,-187.12613418161982
55369299.41428445,-182.4292266074125
55384684.048742436,-181.47609239552352
55400068.68320042,-181.7543820272997
55415453.3176584,-180.11913877522872
55430837.952116385,-186.7836331656124
55446222.58657437,-186.88773110161088
55461607.22103236,-186.06037650610307
55476991.85549034,-182.3401096021452
55492376.489948325,-180.65342214228218
55507761.12440631,-187.14882681358364
55523145.75886429,-181.238770622335
55538530.393322274,-186.09416254849904
55553915.02778026,-191.45953024863712
55569299.66223824,-183.11648960752666
55584684.29669623,-186.39297502882874
55600068.931154214,-195.7911032640818
55615453.5656122,-193.14038312171417
55630838.20007018,-180.93429438891505
55646222.83452816,-177.2116865110711
55661607.468986146,-186.70375486852421
55676992.10344413,-186.84400326104816
55692376.73790211,-195.23716868229374
55707761.3723601,-183.2271409959193
55723146.006818086,-179.48985024137227
55738530.64127607,-179.84776661795087
55753915.27573405,-181.13156185431225
55769299.910192035,-181.30372981918345
55784684.54465002,-187.59891444108817
55800069.179108,-183.2656645954063
55815453.813565984,-178.28846125655463
55830838.448023975,-179.87104168863567
55846223.08248196,-189.07948345594184
55861607.71693994,-179.1389731349686
55876992.351397924,-177.61196745468087
55892376.98585591,-179.39092126264444
55907761.62031389,-181.0439325962743
55923146.25477187,-186.13916986793
55938530.88922986,-188.56935337888643
55953915.52368785,-182.49670980648142
55969300.15814583,-183.78846765286195
55984684.79260381,-142.00885667980887
56000069.427061796,-135.96828264978672
56015454.06151978,-141.99979227743862
56030838.69597776,-202.97435578093783
56046223.330435745,-184.01639022548284
56061607.96489373,-184.93402237597638
56076992.59935172,-184.28856074713502
56092377.2338097,-187.43955490254825
56107761.868267685,-192.372718827407
56123146.50272567,-184.47580900439357
56138531.13718365,-185.79040839596746
56153915.771641634,-184.4191379415073
56169300.40609962,-188.26326483166955
56184685.0405576,-194.50109680758646
56200069.67501559,-185.55766058649556
56215454.309473574,-186.20559082032653
56230838.94393156,-184.35342391198677
56246223.57838954,-188.57378560575583
56261608.21284752,-192.68871887351423
56276992.84730551,-199.39717251699562
56292377.48176349,-195.65972706967142
56307762.11622147,-184.06962910299686
56323146.75067946,-183.10382534396967
56338531.385137446,-190.30700220915946
56353916.01959543,-187.8930007497404
56369300.65405341,-188.08770186332112
56384685.288511395,-183.30305688417226
56400069.92296938,-187.8830944655243
56415454.55742736,-192.05705259149693
56430839.191885345,-184.28537884605376
56446223.826343335,-184.3178126734334
56461608.46080132,-199.4866582942799
56476993.0952593,-189.25941293227166
56492377.729717284,-196.31847719251735
56507762.36417527,-191.1378957150379
56523146.99863325,-188.08450516079174
56538531.63309123,-195.19214183691452
56553916.26754922,-189.8532530134603
56569300.90200721,-194.29670865643476
56584685.53646519,-188.58319301112368
56600070.17092317,-183.9947484974041
56615454.80538116,-183.25452808564776
56630839.43983914,-185.97828152271418
56646224.07429712,-184.02543210970458
56661608.708755106,-182.7236009634501
56676993.34321309,-187.99226094568792
56692377.97767108,-195.58728318671768
56707762.61212906,-190.5574964076898
56723147.246587045,-187.44904096114232
56738531.88104503,-185.12188109766896
56753916.51550301,-185.58451076829226
56769301.149960995,-187.74983829296698
56784685.78441898,-187.2549641592218
56800070.41887696,-195.50923280899457
56815455.05333495,-184.78898414838523
56830839.687792934,-199.92698712425127
56846224.32225092,-184.00280941850042
56861608.9567089,-182.34461861732814
56876993.59116688,-185.0834016278934
56892378.22562487,-188.93637061214645
56907762.86008285,-194.35759866882367
56923147.49454083,-201.8578943382943
56938532.12899882,-192.24943279112895
56953916.76345681,-184.6717937763254
56969301.39791479,-181.5814286046319
56984686.03237277,-142.14508111418982
57000070.666830756,-136.06279339438385
57015455.30128874,-142.08464773659406
57030839.93574672,-193.98382348090263
57046224.570204705,-208.68641426401786
57061609.204662696,-197.08164738081416
57076993.83912068,-191.6373335793104
57092378.47357866,-185.5357337475681
57107763.108036645,-190.55353683073687
57123147.74249463,-190.7205239651293
57138532.37695261,-192.4754896135958
57153917.011410594,-188.66662497995543
57169301.64586858,-190.01015322317465
57184686.28032657,-195.41054936812853
57200070.91478455,-184.17311254229242
57215455.549242534,-183.35613789322838
57230840.18370052,-196.3381652462403
57246224.8181585,-200.8695516128364
57261609.45261648,-191.22856250304432
57276994.087074466,-199.12817882182895
57292378.72153245,-200.27908508275286
57307763.35599044,-188.67859744950016
57323147.99044842,-184.10342981909196
57338532.624906406,-185.6309931650606
57353917.25936439,-192.67062381826906
57369301.89382237,-188.95269202790786
57384686.528280355,-186.39197527355827
57400071.16273834,-186.69686693480554
57415455.79719632,-185.48545102545046
57430840.43165431,-183.35459301590362
57446225.066112295,-184.10557212498642
57461609.70057028,-196.44689535071026
57476994.33502826,-188.66688594204658
57492378.969486244,-200.36328634471556
57507763.60394423,-191.69163232935443
57523148.23840221,-186.09970095480548
57538532.87286019,-193.81537612258063
57553917.507318184,-185.12819102549304
57569302.14177617,-189.09858585419323
57584686.77623415,-191.42951668533524
57600071.41069213,-189.68012056778173
57615456.045150116,-185.72999375445772
57630840.6796081,-183.1102788113819
57646225.31406608,-191.71007212318128
57661609.948524065,-190.868982773584
57676994.582982056,-193.74654324713214
57692379.21744004,-191.15784053041725
57707763.85189802,-183.06193572217506
57723148.486356005,-186.34246101611802
57738533.12081399,-195.586732039435
57753917.75527197,-189.27512155644752
57769302.389729954,-187.4860395814116
57784687.02418794,-188.6521295474147
57800071.65864593,-190.2908116557147
57815456.29310391,-189.08347398279588
57830840.927561894,-192.93094569009813
57846225.56201988,-195.04308102271904
57861610.19647786,-196.91712526547147
57876994.83093584,-188.79858742600288
57892379.46539383,-195.18675043755866
57907764.09985181,-191.55290848667357
57923148.7343098,-200.05708849617437
57938533.36876778,-189.14012431596976
57953918.003225766,-183.34201143988295
57969302.63768375,-189.07027446112778
57984687.27214173,-142.12247407019873
58000071.906599715,-136.0819654810293
58015456.5410577,-142.09086702237886
58030841.17551568,-189.74350394592338
58046225.80997367,-188.6359488304339
58061610.444431655,-192.23943695509772
58076995.07888964,-188.9517072836685
58092379.71334762,-186.90784319056573
58107764.347805604,-189.2442653292931
58123148.98226359,-190.81635382121982
58138533.61672157,-190.80497222374413
58153918.25117955,-188.83549389004574
58169302.885637544,-194.9923460189683
58184687.52009553,-190.9216940881288
58200072.15455351,-193.7728122454934
58215456.78901149,-186.1576637958749
58230841.42346948,-189.6986172737215
58246226.05792746,-189.96025414803358
58261610.69238544,-188.86830022717047
58276995.326843426,-198.7581625155121
58292379.961301416,-189.5864107207732
58307764.5957594,-188.26282983084326
58323149.23021738,-200.388967961935
58338533.864675365,-190.79786407406607
58353918.49913335,-192.33441138905584
58369303.13359133,-186.21273459682098
58384687.768049315,-189.41461223633993
58400072.4025073,-188.73814305930296
58415457.03696529,-187.78309191301165
58430841.67142327,-197.27178553841085
58446226.305881254,-205.5729477713106
58461610.94033924,-190.2214210277822
58476995.57479722,-190.464232038162
58492380.2092552,-196.66757525821782
58507764.84371319,-188.962458752393
58523149.47817117,-186.56302305693129
58538534.11262916,-194.75310545305146
58553918.74708714,-189.13770677294767
58569303.38154513,-194.29868496770908
58584688.01600311,-191.8306553839315
58600072.65046109,-193.86111624296944
58615457.284919076,-183.95369442294026
58630841.91937706,-188.4990120329702
58646226.55383504,-189.79008705015616
58661611.18829303,-188.8542269542976
58676995.822751015,-185.8178161528843
58692380.457209,-195.11629233746018
58707765.09166698,-180.93072969440385
58723149.726124965,-182.76071051695357
58738534.36058295,-192.50984112240144
58753918.99504093,-184.86707659259142
58769303.629498914,-185.5542835265669
58784688.263956904,-183.4368314599236
58800072.89841489,-181.28422421369004
58815457.53287287,-189.68142846494445
58830842.16733085,-185.10669669177537
58846226.80178884,-185.2086900251041
58861611.43624682,-200.91818462836403
58876996.0707048,-189.52707300742475
58892380.705162786,-190.6648469771397
58907765.33962078,-193.99831228206497
58923149.97407876,-189.34740323555536
58938534.60853674,-186.02463166650043
58953919.242994726,-183.97175338441525
58969303.87745271,-195.20093727124737
58984688.51191069,-142.090747161213
59000073.146368675,-136.07067458746025
59015457.78082666,-142.12195838772743
59030842.41528465,-188.1830001574181
59046227.04974263,-186.75572788803905
59061611.684200615,-186.0909274104259
59076996.3186586,-182.1083706527847
59092380.95311658,-185.49152059309623
59107765.587574564,-195.0696240849695
59123150.22203255,-193.2071621995304
59138534.85649053,-197.7618332132967
59153919.49094852,-183.3065064062044
59169304.1254065,-186.3442302562795
59184688.75986449,-193.68837940027453
59200073.39432247,-201.5519383338803
59215458.02878045,-195.29521690456843
59230842.663238436,-190.50168363283302
59246227.29769642,-192.00631740466068
59261611.9321544,-189.24765200755814
59276996.56661239,-188.97586844558884
59292381.201070376,-189.2430159232009
59307765.83552836,-194.26797704909805
59323150.46998634,-184.13200969706392
59338535.104444325,-188.0298095715122
59353919.73890231,-188.89539607734062
59369304.37336029,-189.47128735726412
59384689.007818274,-188.6208969903841
59400073.642276265,-183.91134323050593
59415458.27673425,-185.27462473178943
59430842.91119223,-195.37756735937623
59446227.545650214,-190.62525960652908
59461612.1801082,-190.79904020202525
59476996.81456618,-197.91102170663697
59492381.44902416,-193.00895534375877
59507766.083482146,-194.1699120940077
59523150.71794014,-192.97162460588817
59538535.35239812,-189.00243890668884
59553919.9868561,-192.26127009018103
59569304.621314086,-200.34602683439647
59584689.25577207,-187.68137482438675
59600073.89023005,-189.62715743342864
59615458.524688035,-193.24595737835858
59630843.15914602,-193.39757763149012
59646227.79360401,-195.2543486323535
59661612.42806199,-193.60740681493095
59676997.062519975,-188.62650239067906
59692381.69697796,-197.46814726311416
59707766.33143594,-185.08834431191872
59723150.965893924,-188.70283871789783
59738535.60035191,-207.57505184576388
59753920.23480989,-185.7883303614989
59769304.86926788,-185.90661848179036
59784689.503725864,-193.8387179280836
59800074.13818385,-188.69184208938032
59815458.77264183,-199.21090206669203
59830843.40709981,-186.96194237703853
59846228.0415578,-189.1218841541778
59861612.67601578,-194.07282717199666
59876997.31047376,-185.8723079703729
59892381.94493175,-186.01877624772618
59907766.579389736,-195.607801909522
59923151.21384772,-185.8361233113155
59938535.8483057,-186.65146579393817
59953920.482763685,-189.4871402460376
59969305.11722167,-203.50876177287617
59984689.75167965,-142.0485791952587
60000074.386137635,-136.03394297855624
60015459.020595625,-142.05806360110432
60030843.65505361,-189.38487259013976
60046228.28951159,-185.55527653503339
60061612.923969574,-183.86157261434977
60076997.55842756,-184.45697092808032
60092382.19288554,-190.68821150193656
60107766.82734352,-195.55275548073323
60123151.46180151,-187.15566128825512
60138536.0962595,-187.44480629421278
60153920.73071748,-192.71434725798085
60169305.36517546,-202.97835558572982
60184689.99963345,-188.71518169710257
60200074.63409143,-188.3921418608293
60215459.26854941,-194.92987326167295
60230843.903007396,-190.00712320705009
60246228.53746538,-187.64731199955133
60261613.17192337,-184.43191693594565
60276997.80638135,-182.70488076937534
60292382.440839335,-189.22119938145056
60307767.07529732,-193.80370363969948
60323151.7097553,-195.03712598589047
60338536.344213285,-193.85942216387838
60353920.97867127,-203.19676536444885
60369305.61312925,-193.53979945371265
60384690.24758724,-185.53660198467048
60400074.882045224,-196.81528671090976
60415459.51650321,-188.85365250620822
60430844.15096119,-197.1796541260511
60446228.78541917,-204.737865338261
60461613.41987716,-192.20541506818935
60476998.05433514,-188.2630244545869
60492382.68879312,-186.8589286467683
60507767.32325111,-191.01940611321845
60523151.9577091,-187.3613738527229
60538536.59216708,-198.58473129363918
60553921.22662506,-189.70024116829038
60569305.861083046,-188.71283285429274
60584690.49554103,-190.00321872685709
60600075.12999901,-188.75192701140918
60615459.764456995,-191.07954358374215
60630844.398914985,-196.70446579323365
60646229.03337297,-192.2189110605356
60661613.66783095,-190.26760795903283
60676998.302288935,-187.06707403421774
60692382.93674692,-189.1111177800087
60707767.5712049,-184.7889637417808
60723152.205662884,-191.1443186793618
60738536.84012087,-192.48030309022477
60753921.47457886,-187.22546669718216
60769306.10903684,-185.98995510714013
60784690.74349482,-189.27500581035102
60800075.37795281,-185.3344692053852
60815460.01241079,-185.4770478961441
60830844.64686877,-187.09694417279377
60846229.281326756,-187.52285989531313
60861613.91578474,-196.30731200959707
60876998.55024273,-193.59327345487938
60892383.18470071,-195.75570959214696
60907767.819158696,-185.0733817837778
60923152.45361668,-179.40964167416257
60938537.08807466,-180.7549688900559
60953921.722532645,-185.6288124037765
60969306.35699063,-213.03940362269586
60984690.99144861,-142.05450990308
61000075.6259066,-136.04147123394722
61015460.260364585,-142.06223414312174
61030844.89482257,-192.20514797517626
61046229.52928055,-181.71056429628942
61061614.163738534,-181.0010566623117
61076998.79819652,-183.47940695056064
61092383.4326545,-194.69788168980688
61107768.06711248,-195.68336801878166
61123152.70157047,-195.95051968989645
61138537.33602846,-193.92971247973233
61153921.97048644,-183.3905040434458
61169306.60494442,-182.61642410198897
61184691.239402406,-182.43483513078064
61200075.87386039,-185.39726418313592
61215460.50831837,-199.00516516607811
61230845.142776355,-193.17888786245243
61246229.777234346,-191.84117195219602
61261614.41169233,-204.1905289553168
61276999.04615031,-202.78876051102955
61292383.680608295,-187.97993017874333
61307768.31506628,-204.7278590474628
61323152.94952426,-190.51674056211607
61338537.583982244,-187.4950534714405
61353922.21844023,-184.87714458933687
61369306.85289822,-200.12008870415403
61384691.4873562,-187.73233729042855
61400076.121814184,-183.9924942420676
61415460.75627217,-185.43129669480737
61430845.39073015,-188.9340865104316
61446230.02518813,-187.66197402424777
61461614.659646116,-203.1290343354506
61476999.2941041,-185.4363600543565
61492383.92856209,-182.3417164543574
61507768.56302007,-188.40267622243778
61523153.197478056,-191.2840117638986
61538537.83193604,-185.80967339370133
61553922.46639402,-186.7289048960677
61569307.100852005,-193.9413849875656
61584691.73530999,-185.45803735665675
61600076.36976797,-191.52809572859042
61615461.00422596,-187.2161479771538
61630845.638683945,-184.8194919028154
61646230.27314193,-187.15957626585234
61661614.90759991,-197.16176892141732
61676999.542057894,-188.0197356665032
61692384.17651588,-189.57408553345726
61707768.81097386,-196.85927227957876
61723153.44543184,-186.4574379007007
61738538.079889834,-186.68754267321802
61753922.71434782,-207.80224230593086
61769307.3488058,-192.46087659748736
61784691.98326378,-190.45005713719388
61800076.617721766,-191.99081313228558
61815461.25217975,-198.36828843714346
61830845.88663773,-194.92630608492482
61846230.521095715,-190.7777762441611
61861615.155553706,-190.2408095900208
61876999.79001169,-189.91892902222116
61892384.42446967,-191.71565183760555
61907769.058927655,-186.8321881491222
61923153.69338564,-182.68157173007296
61938538.32784362,-187.06618802104376
61953922.962301604,-193.91556072621597
61969307.59675959,-200.39195938056466
61984692.23121758,-142.1005539452197
62000076.86567556,-136.07302053218388
62015461.500133544,-142.08171345643768
62030846.13459153,-191.63486476624098
62046230.76904951,-184.97753984946831
62061615.40350749,-184.09978025319765
62077000.03796548,-186.00439626293252
62092384.67242346,-191.69949485352197
62107769.30688145,-200.7940036742568
62123153.94133943,-197.10464295746905
62138538.575797416,-201.40141607407963
62153923.2102554,-191.40519947027744
62169307.84471338,-196.31303307027477
62184692.479171365,-190.24824149311434
62200077.11362935,-189.01973240758363
62215461.74808733,-198.99945701463338
62230846.38254532,-189.87642313814632
62246231.017003305,-187.8295901649421
62261615.65146129,-188.3308253963968
62277000.28591927,-189.08427864012975
62292384.920377254,-188.19776453944075
62307769.55483524,-196.90530301910198
62323154.18929322,-190.96359624828386
62338538.8237512,-188.2509115192063
62353923.458209194,-191.58065932991968
62369308.09266718,-190.01672065625957
62384692.72712516,-186.20684743567708
62400077.36158314,-188.06873837543418
62415461.99604113,-192.89097990704178
62430846.63049911,-193.63192109076846
62446231.26495709,-188.30400360393273
62461615.899415076,-195.62773989857055
62477000.53387307,-190.50485201719795
62492385.16833105,-195.08550308602753
62507769.80278903,-195.0777574535438
62523154.437247016,-206.49842789986042
62538539.071705,-188.16053850323186
62553923.70616298,-186.87660316885004
62569308.340620965,-187.40241601276753
62584692.97507895,-184.8614922701895
62600077.60953694,-187.5815057485659
62615462.24399492,-187.53276492193564
62630846.878452905,-186.6757045621572
62646231.51291089,-198.04206124257578
62661616.14736887,-205.60674413486137
62677000.781826854,-193.14839639615852
62692385.41628484,-192.7700763091266
62707770.05074282,-189.09673755646202
62723154.68520081,-189.76090978862405
62738539.31965879,-199.37208370009162
62753923.95411678,-195.02735433655545
62769308.58857476,-188.95495528751783
62784693.22303274,-193.21557090809307
62800077.857490726,-193.2872361577045
62815462.49194871,-191.25206103419228
62830847.12640669,-197.0530236511283
62846231.76086468,-200.3000160249863
62861616.395322666,-197.06316423192035
62877001.02978065,-192.60924782468726
62892385.66423863,-198.33268020189504
62907770.298696615,-184.40850543778154
62923154.9331546,-181.65213806250966
62938539.56761258,-181.4051505327882
62953924.202070564,-185.4668546867039
62969308.836528555,-190.4943807611536
62984693.47098654,-142.1710022883985
63000078.10544452,-136.1369201893706
63015462.739902504,-142.1886398757875
63030847.37436049,-189.81505214067414
63046232.00881847,-183.43261452684234
63061616.64327645,-184.40133020980883
63077001.27773444,-193.02549284826458
63092385.91219243,-197.33966651410665
63107770.54665041,-197.82482622549895
63123155.18110839,-193.12296678951438
63138539.815566376,-193.86165722475343
63153924.45002436,-192.2991810839994
63169309.08448234,-194.7830139223489
63184693.718940325,-202.6261569714223
63200078.353398316,-191.0972742576091
63215462.9878563,-188.1310680023117
63230847.62231428,-185.80297150301544
63246232.256772265,-197.74842541837796
63261616.89123025,-190.59949435995193
63277001.52568823,-199.8859428771649
63292386.160146214,-187.29430009481263
63307770.7946042,-202.844787057881
63323155.42906219,-191.5918499938922
63338540.06352017,-190.15927289408472
63353924.697978154,-203.58248146795856
63369309.33243614,-189.34014283646314
63384693.96689412,-188.85777196259278
63400078.6013521,-185.1788925347316
63415463.235810086,-183.1486543898393
63430847.87026807,-191.5113196022136
63446232.50472606,-188.31088122366995
63461617.13918404,-209.82355271210287
63477001.773642026,-187.03618946079456
63492386.40810001,-187.22381638143233
63507771.04255799,-189.09261096341447
63523155.677015975,-189.9978280420121
63538540.31147396,-193.49275950758613
63553924.94593194,-186.90903437945292
63569309.58038993,-197.67677546247415
63584694.214847915,-191.49406389127813
63600078.8493059,-188.42991123296895
63615463.48376388,-186.2650067442778
63630848.118221864,-197.3519233032656
63646232.75267985,-191.81784278578033
63661617.38713783,-192.879539770804
63677002.02159581,-201.724235765498
63692386.656053804,-192.03132773593128
63707771.29051179,-185.36631370844975
63723155.92496977,-191.69219545465
63738540.55942775,-191.39655215597813
63753925.193885736,-192.91330492740244
63769309.82834372,-191.16481754724742
63784694.4628017,-193.29475992122025
63800079.097259685,-206.79099925941173
63815463.731717676,-195.29521896761256
63830848.36617566,-200.82788576029944
63846233.00063364,-195.29203358780282
63861617.635091625,-191.74393465756737
63877002.26954961,-188.76015698972353
63892386.90400759,-189.12323701744245
63907771.538465574,-182.70730266754785
63923156.17292356,-182.62479812896262
63938540.80738155,-191.56139354105719
63953925.44183953,-188.1959602772653
63969310.076297514,-190.5624384673629
63984694.7107555,-142.14641475171686
64000079.34521348,-139.1314127025258
