edge_number,actual_edge_time_s,ideal_edge_time_s,tie_s,tie_ps
0,8.500066072597803e-05,8.500059831093323e-05,6.241504480162149e-11,62.41504480162149
1,8.50084600709092e-05,8.500841080124755e-05,4.926966164993577e-11,49.26966164993577
2,8.501626227564008e-05,8.501622329156186e-05,3.8984078216249355e-11,38.98407821624936
3,8.502406676841052e-05,8.502403578187618e-05,3.098653434560722e-11,30.986534345607218
4,8.503187328606653e-05,8.50318482721905e-05,2.5013876023913263e-11,25.013876023913262
5,8.503968071991656e-05,8.503966076250482e-05,1.9957411743426132e-11,19.957411743426132
6,8.50474889086371e-05,8.504747325281914e-05,1.5655817967151498e-11,15.655817967151497
7,8.505529768272987e-05,8.505528574313345e-05,1.1939596422792289e-11,11.939596422792288
8,8.506310691008735e-05,8.506309823344777e-05,8.67663958284867e-12,8.67663958284867
9,8.507091651957575e-05,8.507091072376208e-05,5.795813674620334e-12,5.795813674620334
10,8.507872647319741e-05,8.507872321407641e-05,3.2591210033813594e-12,3.2591210033813596
11,8.508653672309784e-05,8.508653570439072e-05,1.0187071214052178e-12,1.018707121405218
12,8.509434723455679e-05,8.509434819470504e-05,-9.601482448393323e-13,-0.9601482448393324
13,8.510215797518853e-05,8.510216068501935e-05,-2.709830824108155e-12,-2.7098308241081552
14,8.51099689180667e-05,8.510997317533367e-05,-4.257266967090308e-12,-4.257266967090309
15,8.5117780044707e-05,8.511778566564798e-05,-5.620940979126481e-12,-5.620940979126481
16,8.51255914068087e-05,8.512559815596231e-05,-6.749153614746076e-12,-6.749153614746076
17,8.513340290704404e-05,8.513341064627663e-05,-7.739232578113363e-12,-7.739232578113364
18,8.514121453910486e-05,8.514122313659094e-05,-8.597486082728515e-12,-8.597486082728516
19,8.514902629587598e-05,8.514903562690526e-05,-9.331029273111103e-12,-9.331029273111103
20,8.515683815872604e-05,8.515684811721957e-05,-9.958493526626514e-12,-9.958493526626514
21,8.51646501161077e-05,8.516466060753389e-05,-1.0491426179170387e-11,-10.491426179170388
22,8.517246225445327e-05,8.517247309784821e-05,-1.0843394945260302e-11,-10.843394945260302
23,8.518027444961059e-05,8.518028558816253e-05,-1.1138551937640318e-11,-11.138551937640319
24,8.518808672416069e-05,8.518809807847684e-05,-1.1354316152403428e-11,-11.35431615240343
25,8.519589904332214e-05,8.519591056879116e-05,-1.1525469012083402e-11,-11.525469012083402
26,8.520371149491582e-05,8.520372305910547e-05,-1.1564189652817936e-11,-11.564189652817936
27,8.521152401016894e-05,8.521153554941979e-05,-1.1539250847998952e-11,-11.539250847998952
28,8.521933656320954e-05,8.521934803973412e-05,-1.1476524575255292e-11,-11.476524575255292
29,8.52271491537362e-05,8.522716053004843e-05,-1.137631222923838e-11,-11.37631222923838
30,8.5234961855648e-05,8.523497302036275e-05,-1.1164714738949403e-11,-11.164714738949403
31,8.524277459272096e-05,8.524278551067706e-05,-1.091795609786827e-11,-10.91795609786827
32,8.525058735584685e-05,8.525059800099138e-05,-1.0645144525815708e-11,-10.645144525815708
33,8.525840013629984e-05,8.525841049130569e-05,-1.0355005844506204e-11,-10.355005844506204
34,8.526621303051183e-05,8.526622298162002e-05,-9.951108185373032e-12,-9.951108185373032
35,8.527402593074714e-05,8.527403547193433e-05,-9.541187186860508e-12,-9.541187186860508
36,8.528183881511944e-05,8.528184796224865e-05,-9.147129204543728e-12,-9.147129204543727
37,8.528965179404872e-05,8.528966045256296e-05,-8.658514237372047e-12,-8.658514237372048
38,8.529746479355784e-05,8.529747294287728e-05,-8.149319432453223e-12,-8.149319432453224
39,8.530527779924068e-05,8.530528543319159e-05,-7.633950909313724e-12,-7.633950909313724
40,8.531309081662725e-05,8.531309792350591e-05,-7.1068786541152055e-12,-7.106878654115206
41,8.532090390905223e-05,8.532091041382024e-05,-6.5047680076174445e-12,-6.504768007617445
42,8.532871697703585e-05,8.532872290413455e-05,-5.92709869332435e-12,-5.92709869332435
43,8.533653004014933e-05,8.533653539444887e-05,-5.3542995338748976e-12,-5.354299533874897
44,8.534434320006555e-05,8.534434788476318e-05,-4.684697627400566e-12,-4.684697627400566
45,8.535215633966648e-05,8.53521603750775e-05,-4.0354110133432895e-12,-4.03541101334329
46,8.535996944763861e-05,8.535997286539181e-05,-3.4177531922951566e-12,-3.4177531922951565
47,8.536778264605151e-05,8.536778535570614e-05,-2.709654627702599e-12,-2.7096546277025992
48,8.537559582182875e-05,8.537559784602045e-05,-2.024191697254015e-12,-2.024191697254015
49,8.538340896505681e-05,8.538341033633477e-05,-1.3712779525913244e-12,-1.3712779525913243
50,8.539122218843971e-05,8.539122282664908e-05,-6.382093717097421e-13,-0.6382093717097421
51,8.539903540834545e-05,8.53990353169634e-05,9.138205083193481e-14,0.09138205083193482
52,8.540684857839107e-05,8.540684780727771e-05,7.711133600482014e-13,0.7711133600482014
53,8.541466182037322e-05,8.541466029759204e-05,1.5227811852532837e-12,1.5227811852532838
54,8.542247506565408e-05,8.542247278790636e-05,2.2777477226732075e-12,2.2777477226732077
55,8.543028826131715e-05,8.543028527822067e-05,2.9830964795057987e-12,2.983096479505799
56,8.543810150867295e-05,8.543809776853498e-05,3.740137963043425e-12,3.7401379630434253
57,8.54459147696847e-05,8.54459102588493e-05,4.510835406624376e-12,4.510835406624376
58,8.545372799303472e-05,8.545372274916361e-05,5.2438711090750774e-12,5.243871109075077
59,8.546154124114674e-05,8.546153523947794e-05,6.001668796522958e-12,6.001668796522958
60,8.546935451020127e-05,8.546934772979226e-05,6.780409014449732e-12,6.780409014449732
61,8.547716774735201e-05,8.547716022010657e-05,7.527245445038839e-12,7.527245445038839
62,8.54849809935454e-05,8.548497271042089e-05,8.283124514769762e-12,8.283124514769762
63,8.549279427172786e-05,8.54927852007352e-05,9.070992657891746e-12,9.070992657891747
64,8.550060750946197e-05,8.550059769104952e-05,9.818412457012286e-12,9.818412457012286
65,8.550842072888388e-05,8.550841018136385e-05,1.0547520040781964e-11,10.547520040781963
66,8.551623403092501e-05,8.551622267167816e-05,1.1359246852308593e-11,11.359246852308592
67,8.552404727653938e-05,8.552403516199247e-05,1.21145469038693e-11,12.1145469038693
68,8.55318604979526e-05,8.553184765230679e-05,1.2845645814664129e-11,12.84564581466413
69,8.553967379832913e-05,8.55396601426211e-05,1.3655708023490287e-11,13.655708023490286
70,8.554748704622686e-05,8.554747263293542e-05,1.441329144548383e-11,14.41329144548383
71,8.555530025846939e-05,8.555528512324973e-05,1.5135219659307744e-11,15.135219659307744
72,8.556311355222442e-05,8.556309761356406e-05,1.5938660360863462e-11,15.938660360863462
73,8.557092680183094e-05,8.557091010387838e-05,1.6697952566796006e-11,16.697952566796005
74,8.557874000403605e-05,8.557872259419269e-05,1.7409843358879793e-11,17.409843358879794
75,8.55865532932498e-05,8.558653508450701e-05,1.8208742798320893e-11,18.208742798320895
76,8.559436653752835e-05,8.559434757482132e-05,1.8962707031489936e-11,18.962707031489934
77,8.560217972451726e-05,8.560216006513564e-05,1.9659381628841557e-11,19.659381628841558
78,8.560999300479737e-05,8.560997255544996e-05,2.0449347405011702e-11,20.449347405011704
79,8.56178062477353e-05,8.561778504576428e-05,2.1201971022194466e-11,21.201971022194467
80,8.562561943527165e-05,8.56255975360786e-05,2.189919306032803e-11,21.89919306032803
81,8.563343269912655e-05,8.563341002639291e-05,2.267273364792347e-11,22.67273364792347
82,8.564124593662003e-05,8.564122251670722e-05,2.3419912808371827e-11,23.419912808371826
83,8.564905911685743e-05,8.564903500702154e-05,2.410983588906e-11,24.10983588906
84,8.565687236649464e-05,8.565684749733587e-05,2.4869158777914025e-11,24.869158777914024
85,8.566468559704471e-05,8.566465998765018e-05,2.560939453146693e-11,25.609394531466933
86,8.567249876967141e-05,8.56724724779645e-05,2.629170691948007e-11,26.29170691948007
87,8.568031200562791e-05,8.568028496827881e-05,2.7037349101376185e-11,27.037349101376186
88,8.56881252278356e-05,8.568809745859313e-05,2.776924247486543e-11,27.76924247486543
89,8.569593839761867e-05,8.569590994890744e-05,2.84487112309731e-11,28.4487112309731
90,8.570375161411679e-05,8.570372243922177e-05,2.9174895019639183e-11,29.174895019639184
91,8.571156482597723e-05,8.571153492953608e-05,2.9896441147064986e-11,29.896441147064987
92,8.571937799752394e-05,8.57193474198504e-05,3.0577673547741586e-11,30.577673547741586
93,8.572719118603971e-05,8.572715991016471e-05,3.1275874999907664e-11,31.275874999907664
94,8.573500439597664e-05,8.573497240047903e-05,3.1995497617154205e-11,31.995497617154207
95,8.57428175767015e-05,8.574278489079334e-05,3.268590815513913e-11,32.68590815513913
96,8.57506307155883e-05,8.575059738110767e-05,3.333448063233044e-11,33.33448063233044
97,8.575844393124745e-05,8.575840987142199e-05,3.4059825465355455e-11,34.05982546535545
98,8.576625710027521e-05,8.57662223617363e-05,3.4738538912019665e-11,34.73853891201966
99,8.577407023289313e-05,8.577403485205062e-05,3.538084251869714e-11,35.38084251869714
100,8.578188343461166e-05,8.578184734236493e-05,3.6092246734398444e-11,36.092246734398444
101,8.57896965994815e-05,8.578965983267925e-05,3.6766802252178645e-11,36.76680225217864
102,8.579750971338481e-05,8.579747232299356e-05,3.739039125542147e-11,37.39039125542147
103,8.580532290851726e-05,8.580528481330789e-05,3.809520937660579e-11,38.095209376605794
104,8.581313607074759e-05,8.58130973036222e-05,3.876712539064455e-11,38.76712539064455
105,8.582094918871976e-05,8.582090979393652e-05,3.9394783242010385e-11,39.394783242010384
106,8.582876236119048e-05,8.582872228425083e-05,4.0076939653988485e-11,40.07693965398848
107,8.58365755107806e-05,8.583653477456515e-05,4.073621545634174e-11,40.73621545634174
108,8.584438860780139e-05,8.584434726487946e-05,4.134292192742845e-11,41.34292192742845
109,8.585220176652065e-05,8.585215975519379e-05,4.201132686115183e-11,42.01132686115183
110,8.58600149137641e-05,8.58599722455081e-05,4.266825600277043e-11,42.66825600277043
111,8.586782801943223e-05,8.586778473582242e-05,4.328360981288687e-11,43.283609812886866
112,8.587564114464756e-05,8.587559722613674e-05,4.391851082594379e-11,43.91851082594379
113,8.588345428762243e-05,8.588340971645105e-05,4.457117138229415e-11,44.57117138229415
114,8.589126739801437e-05,8.589122220676537e-05,4.5191249007066e-11,45.191249007066
115,8.589908048996479e-05,8.58990346970797e-05,4.5792885098272865e-11,45.79288509827286
116,8.590689363435881e-05,8.590684718739401e-05,4.6446964807504374e-11,46.44696480750437
117,8.591470674320627e-05,8.591465967770832e-05,4.7065497945623936e-11,47.06549794562394
118,8.592251980604835e-05,8.592247216802264e-05,4.763802571571709e-11,47.63802571571709
119,8.593033296054236e-05,8.593028465833695e-05,4.8302205405154076e-11,48.302205405154076
120,8.593814605832572e-05,8.593809714865127e-05,4.8909674449838803e-11,48.9096744498388
121,8.594595911669239e-05,8.59459096389656e-05,4.947772679599426e-11,49.47772679599426
122,8.595377223908425e-05,8.595372212927991e-05,5.0109804343306125e-11,50.10980434330612
123,8.596158534574388e-05,8.596153461959423e-05,5.07261496563093e-11,50.7261496563093
124,8.596939839958003e-05,8.596934710990854e-05,5.1289671487504176e-11,51.28967148750417
125,8.597721150022844e-05,8.597715960022286e-05,5.1900005590639805e-11,51.90000559063981
126,8.598502460662138e-05,8.598497209053717e-05,5.2516084217013604e-11,52.516084217013606
127,8.599283766401698e-05,8.59927845808515e-05,5.308316548394075e-11,53.083165483940746
128,8.600065073288509e-05,8.600059707116581e-05,5.366171927681363e-11,53.66171927681363
129,8.600845021915725e-05,8.600840956148013e-05,4.065767712490444e-11,40.657677124904446
130,8.601625264518312e-05,8.601622205179444e-05,3.0593388678761e-11,30.593388678761002
131,8.6024057351669e-05,8.602403454210876e-05,2.280956024669421e-11,22.80956024669421
132,8.603186409786869e-05,8.603184703242307e-05,1.7065445617217926e-11,17.065445617217925
133,8.603967175766422e-05,8.60396595227374e-05,1.2234926819757267e-11,12.234926819757266
134,8.604748010162002e-05,8.604747201305172e-05,8.088568310940005e-12,8.088568310940005
135,8.605528906200121e-05,8.605528450336603e-05,4.5586351834563576e-12,4.558635183456357
136,8.606309847494457e-05,8.606309699368035e-05,1.4812642244855838e-12,1.4812642244855838
137,8.607090825410774e-05,8.607090948399466e-05,-1.2298869168845281e-12,-1.2298869168845281
138,8.607871836620835e-05,8.607872197430898e-05,-3.608100618159015e-12,-3.608100618159015
139,8.608652876403836e-05,8.608653446462329e-05,-5.7005849257291706e-12,-5.700584925729171
140,8.609433940784163e-05,8.609434695493762e-05,-7.547095988271942e-12,-7.547095988271942
141,8.610215028976044e-05,8.610215944525193e-05,-9.155491493269783e-12,-9.155491493269784
142,8.610996141207392e-05,8.610997193556625e-05,-1.0523492325783384e-11,-10.523492325783383
143,8.611777270551794e-05,8.611778442588056e-05,-1.1720362619629237e-11,-11.720362619629237
144,8.612558415154833e-05,8.612559691619488e-05,-1.276464654166048e-11,-12.764646541660479
145,8.613339574760446e-05,8.613340940650919e-05,-1.3658904733463035e-11,-13.658904733463034
146,8.614120747508978e-05,8.614122189682352e-05,-1.4421733742407498e-11,-14.421733742407497
147,8.614901929954214e-05,8.614903438713784e-05,-1.508759569348784e-11,-15.087595693487842
148,8.615683129840633e-05,8.615684687745215e-05,-1.5579045822235518e-11,-15.579045822235518
149,8.616464339896427e-05,8.616465936776647e-05,-1.596880219177538e-11,-15.96880219177538
150,8.617245558115688e-05,8.617247185808078e-05,-1.6276923897551124e-11,-16.276923897551125
151,8.618026783863597e-05,8.61802843483951e-05,-1.6509759119465508e-11,-16.509759119465507
152,8.618808015409583e-05,8.618809683870942e-05,-1.6684613594440146e-11,-16.684613594440147
153,8.619589262226477e-05,8.619590932902374e-05,-1.670675896591425e-11,-16.706758965914247
154,8.620370512846873e-05,8.620372181933805e-05,-1.6690869319002643e-11,-16.690869319002644
155,8.621151768378243e-05,8.621153430965237e-05,-1.6625869935089204e-11,-16.625869935089202
156,8.621933027078163e-05,8.621934679996668e-05,-1.6529185054393e-11,-16.529185054393
157,8.622714298611402e-05,8.6227159290281e-05,-1.630416697079982e-11,-16.30416697079982
158,8.623495572411621e-05,8.623497178059533e-05,-1.605647911424676e-11,-16.05647911424676
159,8.62427684621901e-05,8.624278427090964e-05,-1.5808719537719987e-11,-15.808719537719988
160,8.625058129225284e-05,8.625059676122396e-05,-1.5468971112471754e-11,-15.468971112471754
161,8.625839416831542e-05,8.625840925153827e-05,-1.508322284862819e-11,-15.083222848628191
162,8.626620706524772e-05,8.626622174185259e-05,-1.4676604858481617e-11,-14.676604858481618
163,8.627401994415458e-05,8.62740342321669e-05,-1.4288012312211282e-11,-14.288012312211283
164,8.628183295572269e-05,8.628184672248123e-05,-1.3766758536391625e-11,-13.766758536391624
165,8.6289645946139e-05,8.628965921279554e-05,-1.326665654207015e-11,-13.26665654207015
166,8.629745892488363e-05,8.629747170310986e-05,-1.277822622808097e-11,-12.77822622808097
167,8.630527198301113e-05,8.630528419342417e-05,-1.2210413043372235e-11,-12.210413043372235
168,8.631308505962307e-05,8.631309668373849e-05,-1.1624115417797539e-11,-11.624115417797539
169,8.63208981156284e-05,8.63209091740528e-05,-1.1058424396211119e-11,-11.05842439621112
170,8.632871121974928e-05,8.632872166436713e-05,-1.0444617851015035e-11,-10.444617851015035
171,8.633652435662664e-05,8.633653415468145e-05,-9.79805480702515e-12,-9.798054807025151
172,8.634433747939911e-05,8.634434664499576e-05,-9.165596650540635e-12,-9.165596650540635
173,8.63521506061783e-05,8.635215913531008e-05,-8.529131770717591e-12,-8.52913177071759
174,8.635996379656312e-05,8.635997162562439e-05,-7.829061262426366e-12,-7.829061262426365
175,8.636777696677154e-05,8.63677841159387e-05,-7.1491671602539e-12,-7.1491671602539
176,8.637559010055452e-05,8.637559660625302e-05,-6.505698497026926e-12,-6.505698497026926
177,8.638340334963713e-05,8.638340909656735e-05,-5.746930218241709e-12,-5.746930218241709
178,8.639121654253577e-05,8.639122158688166e-05,-5.0443458923458854e-12,-5.044345892345885
179,8.639902970313544e-05,8.639903407719598e-05,-4.374060531927073e-12,-4.374060531927073
180,8.640684295587515e-05,8.640684656751029e-05,-3.611635144346372e-12,-3.6116351443463723
181,8.641465618407125e-05,8.641465905782461e-05,-2.8737533563402577e-12,-2.8737533563402575
182,8.642246936399464e-05,8.642247154813892e-05,-2.184144274153763e-12,-2.184144274153763
183,8.643028262601337e-05,8.643028403845325e-05,-1.4124398778051168e-12,-1.4124398778051168
184,8.643809587085889e-05,8.643809652876757e-05,-6.579086746625002e-13,-0.6579086746625002
185,8.644590906685084e-05,8.644590901908188e-05,4.7768961346587224e-14,0.04776896134658722
186,8.645372233798616e-05,8.64537215093962e-05,8.285899665302681e-13,0.8285899665302681
187,8.646153558288178e-05,8.646153399971051e-05,1.5831712733657806e-12,1.5831712733657806
188,8.646934878479499e-05,8.646934649002482e-05,2.2947701711196804e-12,2.2947701711196804
189,8.647716205301697e-05,8.647715898033915e-05,3.0726778166456755e-12,3.0726778166456756
190,8.64849753105689e-05,8.648497147065347e-05,3.839915435568953e-12,3.8399154355689533
191,8.649278851613287e-05,8.649278396096778e-05,4.5551650859831005e-12,4.5551650859831
192,8.650060178418242e-05,8.65005964512821e-05,5.332900329811143e-12,5.332900329811143
193,8.650841502955354e-05,8.650840894159641e-05,6.087957127061926e-12,6.087957127061927
194,8.65162282342227e-05,8.651622143191073e-05,6.802311971870594e-12,6.802311971870594
195,8.652404148493375e-05,8.652403392222506e-05,7.56270869521383e-12,7.56270869521383
196,8.653185474332979e-05,8.653184641253937e-05,8.330790419738497e-12,8.330790419738497
197,8.653966795645738e-05,8.653965890285368e-05,9.053603694900864e-12,9.053603694900865
198,8.654748119169648e-05,8.6547471393168e-05,9.798528487324499e-12,9.798528487324498
199,8.655529444573299e-05,8.655528388348231e-05,1.0562250675571182e-11,10.562250675571182
200,8.656310766352927e-05,8.656309637379663e-05,1.1289732647261017e-11,11.289732647261017
201,8.657092088164251e-05,8.657090886411096e-05,1.2017531558350924e-11,12.017531558350925
202,8.657873413330585e-05,8.657872135442527e-05,1.2778880577119835e-11,12.778880577119835
203,8.65865473491698e-05,8.658653384473959e-05,1.350443021593523e-11,13.504430215935232
204,8.659436054540526e-05,8.65943463350539e-05,1.4210351363752258e-11,14.210351363752258
205,8.66021737935644e-05,8.660215882536822e-05,1.4968196186889588e-11,14.968196186889589
206,8.660998700618137e-05,8.660997131568253e-05,1.5690498843486297e-11,15.690498843486298
207,8.66178001799195e-05,8.661778380599685e-05,1.637392266069898e-11,16.37392266069898
208,8.662561342834946e-05,8.662559629631117e-05,1.713203829043394e-11,17.13203829043394
209,8.663342663356949e-05,8.663340878662549e-05,1.784694400481392e-11,17.84694400481392
210,8.664123979426771e-05,8.66412212769398e-05,1.8517327905657686e-11,18.517327905657687
211,8.664905304189087e-05,8.664903376725412e-05,1.9274636753451047e-11,19.27463675345105
212,8.665686623820102e-05,8.665684625756843e-05,1.9980632589245232e-11,19.980632589245232
213,8.66646793847493e-05,8.666465874788275e-05,2.063686655398336e-11,20.63686655398336
214,8.66724926058871e-05,8.667247123819708e-05,2.136769002321627e-11,21.36769002321627
215,8.668030580185235e-05,8.668028372851139e-05,2.207334096074686e-11,22.073340960746858
216,8.668811893969346e-05,8.668809621882571e-05,2.2720867752047865e-11,22.720867752047866
217,8.669593214510403e-05,8.669590870914002e-05,2.343596401495966e-11,23.43596401495966
218,8.670374532803409e-05,8.670372119945434e-05,2.4128579752400783e-11,24.128579752400782
219,8.671155847150514e-05,8.671153368976865e-05,2.4781736493875382e-11,24.781736493875382
220,8.671937164874794e-05,8.671934618008298e-05,2.546866496750557e-11,25.468664967505568
221,8.672718482429289e-05,8.67271586703973e-05,2.615389559408617e-11,26.15389559408617
222,8.673499797356804e-05,8.673497116071161e-05,2.6812856435708318e-11,26.81285643570832
223,8.674281111491544e-05,8.674278365102592e-05,2.7463889523282615e-11,27.463889523282614
224,8.675062429081356e-05,8.675059614134024e-05,2.8149473328720904e-11,28.149473328720905
225,8.675843742856054e-05,8.675840863165455e-05,2.8796905984168284e-11,28.796905984168284
226,8.676625053050239e-05,8.676622112196888e-05,2.9408533513390634e-11,29.408533513390633
227,8.677406370813685e-05,8.67740336122832e-05,3.009585365505563e-11,30.09585365505563
228,8.678187684789267e-05,8.678184610259751e-05,3.0745295160945774e-11,30.745295160945773
229,8.678968993018014e-05,8.678965859291183e-05,3.133726831384289e-11,31.337268313842888
230,8.679750310014132e-05,8.679747108322614e-05,3.2016915177262446e-11,32.01691517726245
231,8.680531623234216e-05,8.680528357354046e-05,3.2658801704916694e-11,32.65880170491669
232,8.681312931028401e-05,8.681309606385478e-05,3.324642922642869e-11,33.24642922642869
233,8.68209424588086e-05,8.68209085541691e-05,3.390463950199188e-11,33.90463950199187
234,8.682875558597534e-05,8.682872104448341e-05,3.4541491929881476e-11,34.541491929881474
235,8.683656865624603e-05,8.683653353479773e-05,3.512144830089479e-11,35.12144830089479
236,8.68443817865457e-05,8.684434602511204e-05,3.576143365293453e-11,35.761433652934535
237,8.685219490322304e-05,8.685215851542636e-05,3.638779668230335e-11,36.38779668230335
238,8.686000798215895e-05,8.685997100574067e-05,3.697641828168224e-11,36.97641828168224
239,8.686782107635673e-05,8.6867783496055e-05,3.758030173425729e-11,37.58030173425729
240,8.687563419141161e-05,8.687559598636932e-05,3.820504229573256e-11,38.20504229573256
241,8.688344727448052e-05,8.688340847668363e-05,3.8797796887345496e-11,38.7977968873455
242,8.689126033061212e-05,8.689122096699795e-05,3.936361417782743e-11,39.36361417782743
243,8.689907344999005e-05,8.689903345731226e-05,3.999267779217758e-11,39.99267779217758
244,8.690688653334657e-05,8.690684594762658e-05,4.058571999552182e-11,40.58571999552182
245,8.691469956688081e-05,8.69146584379409e-05,4.1128939910643943e-11,41.12893991064394
246,8.692251267681882e-05,8.692247092825522e-05,4.174856360707123e-11,41.748563607071226
247,8.69303257592586e-05,8.693028341856953e-05,4.234068906326852e-11,42.34068906326852
248,8.693813878655618e-05,8.693809590888385e-05,4.287767233578638e-11,42.87767233578638
249,8.694595187526286e-05,8.694590839919816e-05,4.3476064697381076e-11,43.47606469738108
250,8.695376495086049e-05,8.695372088951248e-05,4.406134801116583e-11,44.06134801116583
251,8.69615779838459e-05,8.69615333798268e-05,4.460401908959571e-11,44.60401908959571
252,8.696939104076748e-05,8.696934587014112e-05,4.517062635688557e-11,45.17062635688557
253,8.697720411647187e-05,8.697715836045544e-05,4.575601643747926e-11,45.75601643747926
254,8.698501716112008e-05,8.698497085076975e-05,4.631035033288868e-11,46.31035033288868
255,8.699283017147523e-05,8.699278334108407e-05,4.68303911710804e-11,46.8303911710804
256,8.700064327659571e-05,8.700059583139838e-05,4.7445197337126985e-11,47.445197337126984
257,8.700844278488129e-05,8.700840832171271e-05,3.4463168582182455e-11,34.463168582182455
258,8.701624524894295e-05,8.701622081202702e-05,2.4436915926918772e-11,24.436915926918772
259,8.70240499752186e-05,8.702403330234134e-05,1.6672877260923506e-11,16.672877260923507
260,8.70318568188273e-05,8.703184579265565e-05,1.1026171650774427e-11,11.026171650774426
261,8.703966454618103e-05,8.703965828296997e-05,6.26321106277449e-12,6.26321106277449
262,8.704747298329918e-05,8.704747077328428e-05,2.210014902452607e-12,2.210014902452607
263,8.705528196498208e-05,8.705528326359861e-05,-1.2986165254774577e-12,-1.2986165254774578
264,8.70630913884166e-05,8.706309575391293e-05,-4.36549632409892e-12,-4.3654963240989195
265,8.707090121462591e-05,8.707090824422724e-05,-7.029601331119672e-12,-7.029601331119672
266,8.707871137227105e-05,8.707872073454156e-05,-9.362270504501164e-12,-9.362270504501163
267,8.708652182114924e-05,8.708653322485587e-05,-1.14037066300053e-11,-11.4037066300053
268,8.709433252395323e-05,8.709434571517019e-05,-1.3191216955309506e-11,-13.191216955309505
269,8.710214344748934e-05,8.710215820548451e-05,-1.475799517018111e-11,-14.75799517018111
270,8.710995457003712e-05,8.710997069579883e-05,-1.6125761706605237e-11,-16.125761706605235
271,8.71177658727651e-05,8.711778318611314e-05,-1.7313348045010733e-11,-17.313348045010734
272,8.712557733661132e-05,8.712559567642746e-05,-1.833981614010326e-11,-18.33981614010326
273,8.713338892709289e-05,8.713340816674177e-05,-1.9239648879348393e-11,-19.239648879348394
274,8.714120067924373e-05,8.714122065705609e-05,-1.9977812356631446e-11,-19.977812356631446
275,8.714901258889729e-05,8.71490331473704e-05,-2.0558473106691173e-11,-20.55847310669117
276,8.71568245851132e-05,8.715684563768473e-05,-2.1052571534770417e-11,-21.052571534770415
277,8.71646366810129e-05,8.716465812799905e-05,-2.144698613828678e-11,-21.446986138286782
278,8.717244884079465e-05,8.717247061831336e-05,-2.1777518709543616e-11,-21.777518709543617
279,8.71802611238547e-05,8.718028310862768e-05,-2.198477296724478e-11,-21.98477296724478
280,8.718807351139081e-05,8.718809559894199e-05,-2.2087551172570568e-11,-22.087551172570567
281,8.719588595197832e-05,8.71959080892563e-05,-2.213727798323887e-11,-22.13727798323887
282,8.720369843815594e-05,8.720372057957063e-05,-2.2141414688865354e-11,-22.141414688865353
283,8.721151099070204e-05,8.721153306988495e-05,-2.2079182907180037e-11,-22.079182907180037
284,8.721932364314427e-05,8.721934556019926e-05,-2.1917054987041414e-11,-21.917054987041414
285,8.722713632417266e-05,8.722715805051358e-05,-2.1726340911107875e-11,-21.726340911107876
286,8.723494901126447e-05,8.723497054082789e-05,-2.1529563420972184e-11,-21.529563420972185
287,8.724276181064498e-05,8.724278303114221e-05,-2.1220497226026406e-11,-21.220497226026406
288,8.725057463638177e-05,8.725059552145654e-05,-2.088507476744639e-11,-20.88507476744639
289,8.72583874801237e-05,8.725840801177085e-05,-2.0531647153123287e-11,-20.531647153123288
290,8.726620034326341e-05,8.726622050208517e-05,-2.0158821752471594e-11,-20.158821752471596
291,8.727401330025966e-05,8.727403299239948e-05,-1.9692139815778534e-11,-19.692139815778535
292,8.728182625875627e-05,8.72818454827138e-05,-1.9223957519461608e-11,-19.223957519461607
293,8.728963919524244e-05,8.728965797302811e-05,-1.8777785665658418e-11,-18.777785665658417
294,8.729745223151087e-05,8.729747046334244e-05,-1.823183156884014e-11,-18.23183156884014
295,8.730526527408585e-05,8.730528295365675e-05,-1.7679570898377477e-11,-17.679570898377477
296,8.731307829298141e-05,8.731309544397107e-05,-1.7150989650595293e-11,-17.150989650595292
297,8.732089136593687e-05,8.732090793428538e-05,-1.6568348510399832e-11,-16.568348510399833
298,8.732870447713986e-05,8.73287204245997e-05,-1.5947459834640328e-11,-15.947459834640329
299,8.733651756436216e-05,8.733653291491401e-05,-1.5350551854239983e-11,-15.350551854239983
300,8.73443306670946e-05,8.734434540522834e-05,-1.4738133738345984e-11,-14.738133738345985
301,8.735214382877395e-05,8.735215789554266e-05,-1.4066768702298756e-11,-14.066768702298756
302,8.735995697098245e-05,8.735997038585697e-05,-1.3414874514254017e-11,-13.414874514254016
303,8.736777008297954e-05,8.736778287617129e-05,-1.279319174171833e-11,-12.79319174171833
304,8.737558328969741e-05,8.73755953664856e-05,-1.2076788188484534e-11,-12.076788188484533
305,8.738339646881099e-05,8.738340785679991e-05,-1.1387988924005723e-11,-11.387988924005723
306,8.739120960511349e-05,8.739122034711424e-05,-1.0742000751112745e-11,-10.742000751112744
307,8.739902283020467e-05,8.739903283742856e-05,-1.0007223887735667e-11,-10.007223887735668
308,8.740683603396676e-05,8.740684532774287e-05,-9.293776113569555e-12,-9.293776113569555
309,8.741464919044233e-05,8.741465781805719e-05,-8.62761485492697e-12,-8.62761485492697
310,8.742246242511088e-05,8.74224703083715e-05,-7.883260623896606e-12,-7.883260623896606
311,8.743027564610588e-05,8.743028279868582e-05,-7.152579930537287e-12,-7.1525799305372875
312,8.743808881582558e-05,8.743809528900013e-05,-6.473174546046597e-12,-6.4731745460465975
313,8.744590205548525e-05,8.744590777931446e-05,-5.723829203867723e-12,-5.723829203867723
314,8.74537152856047e-05,8.745372026962878e-05,-4.984024068312674e-12,-4.9840240683126735
315,8.746152846705825e-05,8.746153275994309e-05,-4.292884838047623e-12,-4.292884838047623
316,8.746934170371963e-05,8.74693452502574e-05,-3.546537775661595e-12,-3.546537775661595
317,8.747715493826895e-05,8.747715774057172e-05,-2.8023027662126227e-12,-2.8023027662126228
318,8.748496813083145e-05,8.748497023088603e-05,-2.1000545836478513e-12,-2.1000545836478515
319,8.74927813564107e-05,8.749278272120036e-05,-1.3647896531103022e-12,-1.364789653110302
320,8.750059459474646e-05,8.750059521151468e-05,-6.167682166517231e-13,-0.6167682166517231
321,8.75084077757812e-05,8.750840770182899e-05,7.39522134191505e-14,0.07395221341915051
322,8.751622098474903e-05,8.751622019214331e-05,7.926057301063432e-13,0.7926057301063432
323,8.752403422309225e-05,8.752403268245762e-05,1.5406346340073853e-12,1.5406346340073853
324,8.753184742721072e-05,8.753184517277194e-05,2.2544387854275934e-12,2.2544387854275936
325,8.753966061766424e-05,8.753965766308627e-05,2.954577977926446e-12,2.954577977926446
326,8.754747385795138e-05,8.754747015340058e-05,3.704550802112646e-12,3.704550802112646
327,8.755528706067322e-05,8.75552826437149e-05,4.41695832495184e-12,4.41695832495184
328,8.75631002310383e-05,8.756309513402921e-05,5.097009094338229e-12,5.09700909433823
329,8.757091346753126e-05,8.757090762434352e-05,5.843187739469289e-12,5.843187739469289
330,8.757872666797103e-05,8.757872011465784e-05,6.553313192918254e-12,6.553313192918254
331,8.75865398195007e-05,8.758653260497217e-05,7.2145285380903944e-12,7.214528538090394
332,8.759435305324854e-05,8.759434509528648e-05,7.957962064635884e-12,7.9579620646358835
333,8.76021662509599e-05,8.76021575856008e-05,8.665359109765262e-12,8.665359109765262
334,8.760997939267974e-05,8.760997007591511e-05,9.316764634338335e-12,9.316764634338336
335,8.761779261001224e-05,8.761778256622943e-05,1.0043782811443835e-11,10.043782811443835
336,8.762560580250224e-05,8.762559505654374e-05,1.0745958501540848e-11,10.745958501540848
337,8.763341893624937e-05,8.763340754685806e-05,1.1389391318333495e-11,11.389391318333494
338,8.764123213711663e-05,8.764122003717238e-05,1.2099944245594017e-11,12.099944245594017
339,8.764904532076603e-05,8.76490325274867e-05,1.2793279337624056e-11,12.793279337624057
340,8.765685844990037e-05,8.765684501780101e-05,1.3432099362063755e-11,13.432099362063754
341,8.766467162900266e-05,8.766465750811533e-05,1.4120887337287445e-11,14.120887337287444
342,8.767248480344043e-05,8.767246999842964e-05,1.480501079016203e-11,14.805010790162031
343,8.768029793612919e-05,8.768028248874396e-05,1.5447385235898952e-11,15.447385235898953
344,8.768811108364827e-05,8.768809497905829e-05,1.6104589981709797e-11,16.104589981709797
345,8.769592425214958e-05,8.76959074693726e-05,1.678277698045663e-11,16.782776980456628
346,8.770373739124118e-05,8.770371995968692e-05,1.7431554263438327e-11,17.431554263438326
347,8.771155049050343e-05,8.771153245000123e-05,1.8040502200543906e-11,18.040502200543905
348,8.771936367363269e-05,8.771934494031555e-05,1.8733317146581695e-11,18.733317146581694
349,8.772717680316234e-05,8.772715743062986e-05,1.937253248468601e-11,19.37253248468601
350,8.773498988261354e-05,8.773496992094419e-05,1.9961669351147374e-11,19.961669351147375
351,8.774280304695696e-05,8.77427824112585e-05,2.063569846166778e-11,20.63569846166778
352,8.775061617429532e-05,8.775059490157282e-05,2.1272722505208756e-11,21.272722505208755
353,8.775842924703616e-05,8.775840739188713e-05,2.1855149027584173e-11,21.855149027584172
354,8.776624238997582e-05,8.776621988220145e-05,2.2507774374468983e-11,22.507774374468983
355,8.777405551136519e-05,8.777403237251576e-05,2.3138849427794585e-11,23.138849427794586
356,8.778186857664586e-05,8.778184486283009e-05,2.3713815771861565e-11,23.713815771861565
357,8.778968169917326e-05,8.778965735314441e-05,2.4346028857997517e-11,24.346028857997517
358,8.77974948108029e-05,8.779746984345872e-05,2.496734418086442e-11,24.967344180864423
359,8.780530788477532e-05,8.780528233377304e-05,2.5551002289145147e-11,25.551002289145146
360,8.781312097115214e-05,8.781309482408735e-05,2.614706479513886e-11,26.14706479513886
361,8.782093407928691e-05,8.782090731440167e-05,2.6764885246512866e-11,26.764885246512865
362,8.782874715629136e-05,8.7828719804716e-05,2.735157536682653e-11,27.351575366826527
363,8.783656019964693e-05,8.783653229503031e-05,2.79046166221958e-11,27.9046166221958
364,8.784437331189372e-05,8.784434478534462e-05,2.8526549100044337e-11,28.52654910004434
365,8.78521863885645e-05,8.785215727565894e-05,2.9112905570691944e-11,29.112905570691943
366,8.785999941116013e-05,8.785996976597325e-05,2.964518687522817e-11,29.64518687522817
367,8.786781251326009e-05,8.786778225628757e-05,3.025697252178485e-11,30.25697252178485
368,8.787562559358478e-05,8.78755947466019e-05,3.0846982889279005e-11,30.846982889279005
369,8.788343860550277e-05,8.788340723691621e-05,3.136858656424478e-11,31.36858656424478
370,8.789125168137996e-05,8.789121972723053e-05,3.195414943955971e-11,31.954149439559707
371,8.789906474734779e-05,8.789903221754484e-05,3.252980295096361e-11,32.52980295096361
372,8.790687777854228e-05,8.790684470785916e-05,3.307068313069245e-11,33.07068313069245
373,8.791469081363917e-05,8.791465719817347e-05,3.3615465706405776e-11,33.61546570640578
374,8.79225038812043e-05,8.792246968848779e-05,3.419271651866029e-11,34.19271651866029
375,8.79303169178114e-05,8.793028217880211e-05,3.47390092931322e-11,34.7390092931322
376,8.793812991037246e-05,8.793809466911643e-05,3.524125602908623e-11,35.24125602908623
377,8.79459429841802e-05,8.794590715943074e-05,3.582474946060948e-11,35.82474946060948
378,8.795375602236176e-05,8.795371964974506e-05,3.6372616699923745e-11,36.372616699923746
379,8.796156900664106e-05,8.796153214005937e-05,3.686658168982061e-11,36.86658168982061
380,8.796938205815723e-05,8.796934463037369e-05,3.74277835452068e-11,37.4277835452068
381,8.797719509277397e-05,8.797715712068802e-05,3.7972085954882986e-11,37.972085954882985
382,8.798500809351725e-05,8.798496961100233e-05,3.848251492068728e-11,38.48251492068728
383,8.79928210999901e-05,8.799278210131665e-05,3.8998673461292285e-11,38.998673461292285
384,8.800063416319869e-05,8.800059459163096e-05,3.957156773237732e-11,39.57156773237732
385,8.800843369870202e-05,8.800840708194528e-05,2.6616756748113283e-11,26.616756748113282
386,8.801623622742185e-05,8.801621957225959e-05,1.665516226478683e-11,16.65516226478683
387,8.802404104876586e-05,8.802403206257392e-05,8.986191947601118e-12,8.986191947601117
388,8.803184792369134e-05,8.803184455288823e-05,3.3708031106284682e-12,3.370803110628468
389,8.803965571954599e-05,8.803965704320255e-05,-1.3236565541217708e-12,-1.3236565541217709
390,8.804746421221558e-05,8.804746953351686e-05,-5.321301285101688e-12,-5.321301285101688
391,8.805527325424208e-05,8.805528202383118e-05,-8.769589096534874e-12,-8.769589096534874
392,8.806308274255757e-05,8.806309451414549e-05,-1.177158791967266e-11,-11.77158791967266
393,8.807089261098693e-05,8.807090700445982e-05,-1.4393472887921909e-11,-14.39347288792191
394,8.807870280922509e-05,8.807871949477414e-05,-1.6685549044074566e-11,-16.685549044074566
395,8.808651329254905e-05,8.808653198508845e-05,-1.8692539402485007e-11,-18.692539402485007
396,8.809432402250772e-05,8.809434447540277e-05,-2.045289504412263e-11,-20.45289504412263
397,8.810213497975206e-05,8.810215696571708e-05,-2.1985965020428373e-11,-21.985965020428374
398,8.810994613277772e-05,8.81099694560314e-05,-2.3323253671554504e-11,-23.323253671554504
399,8.811775745988129e-05,8.811778194634572e-05,-2.4486464434617094e-11,-24.486464434617094
400,8.812556892981663e-05,8.812559443666004e-05,-2.5506843406363453e-11,-25.506843406363455
401,8.8133380566946e-05,8.813340692697435e-05,-2.6360028347137398e-11,-26.360028347137398
402,8.814119237790745e-05,8.814121941728867e-05,-2.7039381215585358e-11,-27.039381215585358
403,8.814900428153536e-05,8.814903190760298e-05,-2.762606762250658e-11,-27.62606762250658
404,8.815681629312782e-05,8.81568443979173e-05,-2.8104789475247293e-11,-28.104789475247294
405,8.816462838479039e-05,8.816465688823163e-05,-2.850344123572142e-11,-28.50344123572142
406,8.817244057677487e-05,8.817246937854594e-05,-2.8801771064444053e-11,-28.801771064444054
407,8.818025290415583e-05,8.818028186886026e-05,-2.896470442482409e-11,-28.964704424824088
408,8.818806528028773e-05,8.818809435917457e-05,-2.907888683780622e-11,-29.07888683780622
409,8.819587770790594e-05,8.819590684948889e-05,-2.914158294262443e-11,-29.14158294262443
410,8.820369019320572e-05,8.82037193398032e-05,-2.9146597472539867e-11,-29.146597472539867
411,8.821150279988205e-05,8.821153183011752e-05,-2.9030235460825333e-11,-29.03023546082533
412,8.821931544035272e-05,8.821934432043184e-05,-2.8880079124892442e-11,-28.880079124892443
413,8.822712809311323e-05,8.822715681074616e-05,-2.8717632923653558e-11,-28.717632923653557
414,8.82349408198345e-05,8.823496930106047e-05,-2.8481225973864774e-11,-28.481225973864774
415,8.824275361694093e-05,8.824278179137479e-05,-2.8174433852318203e-11,-28.174433852318202
416,8.825056643754034e-05,8.82505942816891e-05,-2.7844148763759765e-11,-27.844148763759765
417,8.825837925683143e-05,8.825840677200342e-05,-2.7515171981962865e-11,-27.515171981962865
418,8.826619216400736e-05,8.826621926231775e-05,-2.7098310381928013e-11,-27.098310381928012
419,8.827400509614848e-05,8.827403175263206e-05,-2.6656483576751275e-11,-26.656483576751274
420,8.828181801997672e-05,8.828184424294638e-05,-2.6222969647786582e-11,-26.22296964778658
421,8.828963099247526e-05,8.828965673326069e-05,-2.574078542251309e-11,-25.740785422513092
422,8.829744401477186e-05,8.8297469223575e-05,-2.5208803140936038e-11,-25.208803140936038
423,8.830525703293023e-05,8.830528171388932e-05,-2.4680959082868508e-11,-24.680959082868508
424,8.8313070033502e-05,8.831309420420365e-05,-2.417070165140043e-11,-24.17070165140043
425,8.832088313625973e-05,8.832090669451796e-05,-2.3558258232938232e-11,-23.558258232938233
426,8.832869622129731e-05,8.832871918483228e-05,-2.2963534960573027e-11,-22.96353496057303
427,8.833650927221877e-05,8.833653167514659e-05,-2.24029278171835e-11,-22.4029278171835
428,8.834432241028366e-05,8.834434416546091e-05,-2.1755177246554092e-11,-21.75517724655409
429,8.83521355433448e-05,8.835215665577522e-05,-2.1112430418028504e-11,-21.112430418028506
430,8.835994863413713e-05,8.835996914608955e-05,-2.051195241737218e-11,-20.511952417372182
431,8.836776179872133e-05,8.836778163640387e-05,-1.983768253265432e-11,-19.83768253265432
432,8.837557496471247e-05,8.837559412671818e-05,-1.916200570588228e-11,-19.16200570588228
433,8.838338809286238e-05,8.83834066170325e-05,-1.8524170109910145e-11,-18.524170109910145
434,8.839120126921875e-05,8.839121910734681e-05,-1.7838128052871128e-11,-17.838128052871127
435,8.839901446789241e-05,8.839903159766112e-05,-1.7129768710551033e-11,-17.129768710551033
436,8.840682763208225e-05,8.840684408797545e-05,-1.6455893204373415e-11,-16.455893204373414
437,8.841464079265692e-05,8.841465657828977e-05,-1.5785632848367206e-11,-15.785632848367205
438,8.842245400447227e-05,8.842246906860408e-05,-1.506413181019925e-11,-15.064131810199251
439,8.843026719150412e-05,8.84302815589184e-05,-1.43674142784416e-11,-14.3674142784416
440,8.843808034285739e-05,8.843809404923271e-05,-1.3706375319410396e-11,-13.706375319410396
441,8.844589358231278e-05,8.844590653954703e-05,-1.2957234240920818e-11,-12.957234240920817
442,8.845370677515964e-05,8.845371902986136e-05,-1.2254701712783785e-11,-12.254701712783785
443,8.846151992764885e-05,8.846153152017567e-05,-1.159252682158394e-11,-11.59252682158394
444,8.846933316813053e-05,8.846934401048999e-05,-1.0842359450870415e-11,-10.842359450870415
445,8.847714637174147e-05,8.84771565008043e-05,-1.0129062828039675e-11,-10.129062828039675
446,8.848495952514267e-05,8.848496899111861e-05,-9.465975946629917e-12,-9.465975946629916
447,8.84927727588663e-05,8.849278148143293e-05,-8.722566624897928e-12,-8.722566624897928
448,8.850058594564014e-05,8.850059397174724e-05,-8.026107106152274e-12,-8.026107106152274
449,8.85083991154836e-05,8.850840646206157e-05,-7.346577973536122e-12,-7.346577973536122
450,8.851621232317963e-05,8.851621895237589e-05,-6.629196253102309e-12,-6.629196253102309
451,8.852402552921827e-05,8.85240314426902e-05,-5.91347192542452e-12,-5.9134719254245205
452,8.8531838679239e-05,8.853184393300452e-05,-5.2537655186259364e-12,-5.253765518625936
453,8.853965189071918e-05,8.853965642331883e-05,-4.532599648007079e-12,-4.5325996480070785
454,8.854746509144586e-05,8.854746891363315e-05,-3.82218728755822e-12,-3.82218728755822
455,8.855527825125195e-05,8.855528140394748e-05,-3.1526955224720855e-12,-3.1526955224720856
456,8.856309143606599e-05,8.856309389426179e-05,-2.458195794020889e-12,-2.458195794020889
457,8.857090463350412e-05,8.85709063845761e-05,-1.7510719813915047e-12,-1.7510719813915048
458,8.857871778804926e-05,8.857871887489042e-05,-1.0868411582695573e-12,-1.0868411582695574
459,8.858653095065473e-05,8.858653136520473e-05,-4.1454999672659235e-13,-0.4145499967265924
460,8.859434414243936e-05,8.859434385551905e-05,2.8692031143700216e-13,0.28692031143700214
461,8.860215729972141e-05,8.860215634583338e-05,9.538880403130633e-13,0.9538880403130633
462,8.860997043307005e-05,8.860996883614769e-05,1.596922358597213e-12,1.596922358597213
463,8.861778362481979e-05,8.861778132646201e-05,2.298357782555908e-12,2.298357782555908
464,8.862559677808688e-05,8.862559381677632e-05,2.9613105617094564e-12,2.9613105617094564
465,8.86334098838581e-05,8.863340630709064e-05,3.576767465899971e-12,3.576767465899971
466,8.864122307238349e-05,8.864121879740495e-05,4.2749785403603296e-12,4.27497854036033
467,8.864903622216662e-05,8.864903128771928e-05,4.934447344252813e-12,4.934447344252813
468,8.865684931750162e-05,8.86568437780336e-05,5.539468030039107e-12,5.539468030039107
469,8.86646624844622e-05,8.866465626834791e-05,6.2161142961836745e-12,6.216114296183674
470,8.867247562849183e-05,8.867246875866222e-05,6.869829605065011e-12,6.869829605065011
471,8.86802887143004e-05,8.868028124897654e-05,7.465323867147598e-12,7.465323867147598
472,8.868810186136239e-05,8.868809373929085e-05,8.122071540427577e-12,8.122071540427577
473,8.869591499471687e-05,8.869590622960517e-05,8.765111699850931e-12,8.765111699850932
474,8.870372808311598e-05,8.87037187199195e-05,9.363196486841819e-12,9.363196486841819
475,8.871154119733215e-05,8.871153121023381e-05,9.987098336621513e-12,9.987098336621512
476,8.87193543236989e-05,8.871934370054813e-05,1.0623150772385617e-11,10.623150772385616
477,8.872716741770399e-05,8.872715619086244e-05,1.1226841548682085e-11,11.226841548682085
478,8.87349804924451e-05,8.873496868117676e-05,1.1811268342750576e-11,11.811268342750576
479,8.874279361717005e-05,8.874278117149107e-05,1.2445678984717411e-11,12.44567898471741
480,8.875060670941211e-05,8.87505936618054e-05,1.3047606712756147e-11,13.047606712756147
481,8.875841975326476e-05,8.875840615211971e-05,1.3601145047716449e-11,13.601145047716448
482,8.87662328757116e-05,8.876621864243403e-05,1.4233277577630985e-11,14.233277577630986
483,8.877404596488981e-05,8.877403113274834e-05,1.483214147230302e-11,14.832141472303022
484,8.878185899884211e-05,8.878184362306266e-05,1.5375779455782853e-11,15.375779455782853
485,8.878967209881598e-05,8.878965611337697e-05,1.5985439008984343e-11,15.985439008984343
486,8.879748518086046e-05,8.87974686036913e-05,1.657716916506955e-11,16.57716916506955
487,8.880529821587105e-05,8.880528109400562e-05,1.7121865438289944e-11,17.121865438289944
488,8.881311128365297e-05,8.881309358431993e-05,1.7699333036768847e-11,17.69933303676885
489,8.882092435866331e-05,8.882090607463425e-05,1.828402906534182e-11,18.28402906534182
490,8.8828737403225e-05,8.882871856494856e-05,1.8838276441417873e-11,18.838276441417875
491,8.883655041600717e-05,8.883653105526288e-05,1.9360744293277753e-11,19.360744293277754
492,8.884436350471136e-05,8.88443435455772e-05,1.995913416120745e-11,19.95913416120745
493,8.885217655038133e-05,8.885215603589152e-05,2.051448980874422e-11,20.51448980874422
494,8.885998955309073e-05,8.885996852620583e-05,2.102688489387315e-11,21.02688489387315
495,8.88678026163195e-05,8.886778101652015e-05,2.1599799358223646e-11,21.599799358223645
496,8.88756156608263e-05,8.887559350683446e-05,2.215399183301219e-11,22.15399183301219
497,8.888342864949196e-05,8.888340599714878e-05,2.265234317963828e-11,22.65234317963828
498,8.889124169851802e-05,8.889121848746311e-05,2.3211054920789868e-11,23.211054920789866
499,8.889905473229802e-05,8.889903097777742e-05,2.3754520597439437e-11,23.754520597439438
500,8.890686773462801e-05,8.890684346809174e-05,2.4266536279570634e-11,24.266536279570634
501,8.891468073691231e-05,8.891465595840605e-05,2.477850626258026e-11,24.778506262580258
502,8.892249377721833e-05,8.892246844872037e-05,2.5328497968946454e-11,25.328497968946454
503,8.893030678522094e-05,8.893028093903468e-05,2.584618626460673e-11,25.84618626460673
504,8.893811974950133e-05,8.893809342934901e-05,2.6320152318727944e-11,26.320152318727946
505,8.894593279097567e-05,8.894590591966332e-05,2.6871312347802682e-11,26.871312347802682
506,8.895374580054907e-05,8.895371840997764e-05,2.7390571435570455e-11,27.390571435570454
507,8.896155875643891e-05,8.896153090029195e-05,2.785614695749902e-11,27.85614695749902
508,8.896937177416326e-05,8.896934339060627e-05,2.8383556995884377e-11,28.383556995884376
509,8.897718477728685e-05,8.897715588092058e-05,2.889636627334825e-11,28.896366273348253
510,8.8984997748456e-05,8.89849683712349e-05,2.937722110412795e-11,29.377221104127948
511,8.899281071975833e-05,8.899278086154923e-05,2.985820910203948e-11,29.85820910203948
512,8.900062374157892e-05,8.900059335186354e-05,3.0389715378205234e-11,30.389715378205235
513,8.900842335179213e-05,8.900840584217786e-05,1.7509614271982178e-11,17.509614271982176
514,8.901622596117848e-05,8.901621833249217e-05,7.628686314089921e-12,7.628686314089921
515,8.902403085850605e-05,8.902403082280649e-05,3.5699568552369964e-14,0.03569956855236996
516,8.903183782536945e-05,8.90318433131208e-05,-5.48775135009587e-12,-5.48775135009587
517,8.903964569389538e-05,8.903965580343513e-05,-1.0109539748597527e-11,-10.109539748597527
518,8.904745425766488e-05,8.904746829374944e-05,-1.4036084561089972e-11,-14.036084561089972
519,8.905526336616296e-05,8.905528078406376e-05,-1.7417900791137283e-11,-17.41790079113728
520,8.906307291906967e-05,8.906309327437807e-05,-2.0355308405374516e-11,-20.355308405374515
521,8.907088284531912e-05,8.907090576469239e-05,-2.29193732647884e-11,-22.9193732647884
522,8.907869309927691e-05,8.90787182550067e-05,-2.515572979118456e-11,-25.15572979118456
523,8.908650363459329e-05,8.908653074532103e-05,-2.7110727735856962e-11,-27.110727735856962
524,8.909431441590462e-05,8.909434323563535e-05,-2.8819730724353477e-11,-28.819730724353477
525,8.910212541730502e-05,8.910215572594966e-05,-3.030864464272589e-11,-30.30864464272589
526,8.910993661393675e-05,8.910996821626398e-05,-3.160232722457574e-11,-31.602327224575742
527,8.91177479750453e-05,8.911778070657829e-05,-3.2731532989385333e-11,-32.731532989385336
528,8.912555947617727e-05,8.91255931968926e-05,-3.37207153311085e-11,-33.7207153311085
529,8.913337117842151e-05,8.913340568720693e-05,-3.450878542043764e-11,-34.50878542043764
530,8.914118300947623e-05,8.914121817752125e-05,-3.5168045013968414e-11,-35.16804501396842
531,8.91489949428437e-05,8.914903066783556e-05,-3.5724991863718575e-11,-35.72499186371858
532,8.915680697881095e-05,8.915684315814988e-05,-3.617933892716296e-11,-36.17933892716296
533,8.916461908300153e-05,8.916465564846419e-05,-3.656546266377138e-11,-36.56546266377138
534,8.917243133295123e-05,8.917246813877851e-05,-3.680582727675039e-11,-36.805827276750385
535,8.918024366578209e-05,8.918028062909284e-05,-3.6963310745832626e-11,-36.96331074583263
536,8.918805605904353e-05,8.918809311940715e-05,-3.70603636182987e-11,-37.060363618298695
537,8.919586849876637e-05,8.919590560972147e-05,-3.7110955093752086e-11,-37.11095509375208
538,8.920368102754132e-05,8.920371810003578e-05,-3.707249445825104e-11,-37.07249445825104
539,8.92114936322036e-05,8.92115305903501e-05,-3.695814648759717e-11,-36.95814648759717
540,8.921930628049644e-05,8.921934308066441e-05,-3.6800167971802975e-11,-36.80016797180298
541,8.922711893340833e-05,8.922715557097874e-05,-3.6637570402388286e-11,-36.637570402388285
542,8.923493169485737e-05,8.923496806129305e-05,-3.6366435684520743e-11,-36.366435684520745
543,8.924274448984852e-05,8.924278055160737e-05,-3.606175884141269e-11,-36.06175884141269
544,8.925055730526573e-05,8.925059304192168e-05,-3.5736655954635663e-11,-35.736655954635665
545,8.925837013067324e-05,8.9258405532236e-05,-3.5401562754702904e-11,-35.4015627547029
546,8.926618305785592e-05,8.926621802255031e-05,-3.4964694385531703e-11,-34.9646943855317
547,8.927399598781296e-05,8.927403051286463e-05,-3.452505166497386e-11,-34.52505166497386
548,8.92818088961397e-05,8.928184300317896e-05,-3.4107039252095547e-11,-34.10703925209555
549,8.928962189627277e-05,8.928965549349327e-05,-3.3597220502378985e-11,-33.59722050237899
550,8.929743490837577e-05,8.929746798380759e-05,-3.307543180831248e-11,-33.07543180831248
551,8.93052479078998e-05,8.93052804741219e-05,-3.256622209561378e-11,-32.56622209561378
552,8.931306093474768e-05,8.931309296443622e-05,-3.202968853660454e-11,-32.02968853660454
553,8.932087402214783e-05,8.932090545475053e-05,-3.14326026928378e-11,-31.4326026928378
554,8.932868709083606e-05,8.932871794506486e-05,-3.085422879621039e-11,-30.85422879621039
555,8.933650014076165e-05,8.933653043537917e-05,-3.0294617519621344e-11,-30.294617519621344
556,8.93443132813996e-05,8.934434292569349e-05,-2.964429387973861e-11,-29.644293879738612
557,8.935212639887797e-05,8.93521554160078e-05,-2.9017129828252235e-11,-29.017129828252234
558,8.935993947916547e-05,8.935996790632212e-05,-2.8427156648892597e-11,-28.427156648892595
559,8.936775264451969e-05,8.936778039663643e-05,-2.7752116736686783e-11,-27.752116736686784
560,8.937556579790617e-05,8.937559288695076e-05,-2.7089044586874044e-11,-27.089044586874046
561,8.938337890434045e-05,8.938340537726508e-05,-2.647292462529242e-11,-26.472924625292418
562,8.939119208742187e-05,8.939121786757939e-05,-2.578015751967549e-11,-25.78015751967549
563,8.939900526131843e-05,8.93990303578937e-05,-2.5096575273420354e-11,-25.096575273420353
564,8.940681839232815e-05,8.940684284820802e-05,-2.4455879863825326e-11,-24.455879863825327
565,8.941463157744469e-05,8.941465533852233e-05,-2.3761077642968006e-11,-23.761077642968004
566,8.942244476637917e-05,8.942246782883666e-05,-2.306245748547544e-11,-23.06245748547544
567,8.94302579221562e-05,8.943028031915098e-05,-2.239699477829259e-11,-22.396994778292587
568,8.943807109749141e-05,8.943809280946529e-05,-2.1711973877069727e-11,-21.711973877069727
569,8.944588429804299e-05,8.944590529977961e-05,-2.1001736615271725e-11,-21.001736615271724
570,8.94536974681759e-05,8.945371779009392e-05,-2.0321918014228046e-11,-20.321918014228046
571,8.946151062874583e-05,8.946153028040824e-05,-1.965166240160634e-11,-19.65166240160634
572,8.946932384052262e-05,8.946934277072255e-05,-1.8930199933930673e-11,-18.930199933930673
573,8.947713701858589e-05,8.947715526103688e-05,-1.8242450990306457e-11,-18.24245099030646
574,8.948495016146544e-05,8.94849677513512e-05,-1.7589885748879585e-11,-17.589885748879585
575,8.949276338144629e-05,8.949278024166551e-05,-1.686021921823241e-11,-16.86021921823241
576,8.950057653856687e-05,8.950059273197982e-05,-1.6193412954164885e-11,-16.193412954164884
577,8.950838967320082e-05,8.950840522229414e-05,-1.5549093314205254e-11,-15.549093314205255
578,8.951620288579077e-05,8.951621771260847e-05,-1.4826817694900222e-11,-14.826817694900221
579,8.952401606812028e-05,8.952403020292278e-05,-1.4134802497042439e-11,-14.13480249704244
580,8.953182919536118e-05,8.95318426932371e-05,-1.3497875909724242e-11,-13.497875909724241
581,8.953964239445845e-05,8.953965518355141e-05,-1.278909295606283e-11,-12.78909295606283
582,8.95474555735064e-05,8.954746767386573e-05,-1.2100359326473036e-11,-12.100359326473036
583,8.955526869559989e-05,8.955528016418004e-05,-1.146858015159904e-11,-11.46858015159904
584,8.956308187896209e-05,8.956309265449436e-05,-1.0775532264724492e-11,-10.775532264724491
585,8.957089504977644e-05,8.957090514480869e-05,-1.0095032242615406e-11,-10.095032242615407
586,8.957870817502332e-05,8.9578717635123e-05,-9.460099679275263e-12,-9.460099679275263
587,8.95865213317681e-05,8.958653012543731e-05,-8.79366921323325e-12,-8.79366921323325
588,8.959433449537459e-05,8.959434261575163e-05,-8.120377034929483e-12,-8.120377034929483
589,8.960214762498958e-05,8.960215510606594e-05,-7.481076356561667e-12,-7.481076356561667
590,8.960996074877798e-05,8.960996759638026e-05,-6.847602275536479e-12,-6.847602275536479
591,8.961777391097802e-05,8.961778008669459e-05,-6.175716564948442e-12,-6.175716564948442
592,8.962558703863748e-05,8.96255925770089e-05,-5.538371421381557e-12,-5.538371421381557
593,8.963340012731003e-05,8.963340506732322e-05,-4.940013185050241e-12,-4.940013185050241
594,8.964121329144325e-05,8.964121755763753e-05,-4.266194274226027e-12,-4.266194274226026
595,8.964902641300984e-05,8.964903004795185e-05,-3.6349420080553314e-12,-3.634942008055331
596,8.96568394834169e-05,8.965684253826616e-05,-3.054849257961243e-12,-3.054849257961243
597,8.966465262902088e-05,8.966465502858049e-05,-2.399559606210295e-12,-2.399559606210295
598,8.9672465748085e-05,8.96724675188948e-05,-1.7708098006264404e-12,-1.7708098006264403
599,8.96802788098586e-05,8.968028000920912e-05,-1.1993505117742726e-12,-1.1993505117742727
600,8.968809193419826e-05,8.968809249952343e-05,-5.653251681544839e-13,-0.5653251681544839
601,8.969590504327898e-05,8.969590498983775e-05,5.344123606248826e-14,0.05344123606248826
602,8.970371810797181e-05,8.970371748015206e-05,6.278197528166004e-13,0.6278197528166004
603,8.971153119753226e-05,8.971152997046639e-05,1.227065869412019e-12,1.227065869412019
604,8.971934430013368e-05,8.971934246078071e-05,1.8393529730260004e-12,1.8393529730260005
605,8.972715736870786e-05,8.972715495109502e-05,2.4176128386899206e-12,2.4176128386899207
606,8.973497041560405e-05,8.973496744140934e-05,2.9741947188837694e-12,2.974194718883769
607,8.974278352009491e-05,8.974277993172365e-05,3.5883712616237414e-12,3.5883712616237413
608,8.975059658915916e-05,8.975059242203797e-05,4.167121200222152e-12,4.1671212002221525
609,8.97584096073829e-05,8.975840491235228e-05,4.695030622128155e-12,4.695030622128155
610,8.976622270150091e-05,8.976621740266661e-05,5.298834304528361e-12,5.298834304528361
611,8.977403576748313e-05,8.977402989298092e-05,5.8745022087161016e-12,5.874502208716102
612,8.978184877357638e-05,8.978184238329524e-05,6.390281143035468e-12,6.390281143035468
613,8.978966184408106e-05,8.978965487360955e-05,6.9704715119826615e-12,6.9704715119826615
614,8.97974749014463e-05,8.979746736392387e-05,7.537522434801503e-12,7.537522434801503
615,8.98052879181768e-05,8.98052798542382e-05,8.063938612160396e-12,8.063938612160396
616,8.981310094819779e-05,8.981309234455251e-05,8.603645278562796e-12,8.603645278562796
617,8.982091400293234e-05,8.982090483486683e-05,9.168065520335373e-12,9.168065520335373
618,8.982872702774335e-05,8.982871732518114e-05,9.70256221582822e-12,9.70256221582822
619,8.983654000831016e-05,8.983652981549546e-05,1.0192814707751114e-11,10.192814707751115
620,8.984435307064537e-05,8.984434230580977e-05,1.0764835599776102e-11,10.764835599776102
621,8.985216609493112e-05,8.985215479612409e-05,1.129880703997396e-11,11.29880703997396
622,8.985997906559864e-05,8.985996728643841e-05,1.1779160223960977e-11,11.779160223960977
623,8.986779210299528e-05,8.986777977675273e-05,1.2326242555112469e-11,12.326242555112469
624,8.987560512227545e-05,8.987559226706704e-05,1.2855208410062815e-11,12.855208410062815
625,8.988341809672164e-05,8.988340475738136e-05,1.3339340282566432e-11,13.339340282566432
626,8.989123109639043e-05,8.989121724769567e-05,1.3848694763360208e-11,13.848694763360209
627,8.98990441172908e-05,8.989902973800999e-05,1.4379280809379535e-11,14.379280809379535
628,8.990685710044237e-05,8.990684222832432e-05,1.4872118052834162e-11,14.872118052834162
629,8.991467004823994e-05,8.991465471863863e-05,1.532960130658773e-11,15.329601306587731
630,8.992248307498329e-05,8.992246720895295e-05,1.5866030348507543e-11,15.866030348507543
631,8.993029606587344e-05,8.993027969926726e-05,1.6366606179835976e-11,16.366606179835976
632,8.993810900199549e-05,8.993809218958158e-05,1.6812413917892064e-11,16.812413917892066
633,8.994592200630352e-05,8.994590467989589e-05,1.732640763201927e-11,17.32640763201927
634,8.995373499324693e-05,8.995371717021022e-05,1.782303670994184e-11,17.82303670994184
635,8.99615479399154e-05,8.996152966052453e-05,1.8279390875552982e-11,18.27939087555298
636,8.996936090089014e-05,8.996934215083885e-05,1.8750051292117977e-11,18.750051292117977
637,8.997717388905669e-05,8.997715464115316e-05,1.9247903526273964e-11,19.247903526273962
638,8.99849868494904e-05,8.998496713146748e-05,1.971802292595489e-11,19.718022925954887
639,8.99927997646903e-05,8.99927796217818e-05,2.01429085029804e-11,20.1429085029804
640,9.000061276746632e-05,9.000059211209612e-05,2.0655370198780302e-11,20.6553701987803
641,9.000841261435285e-05,9.000840460241044e-05,8.011942417267282e-12,8.011942417267282
642,9.001621563999763e-05,9.001621709272475e-05,-1.4527271229162565e-12,-1.4527271229162564
643,9.002402094828569e-05,9.002402958303907e-05,-8.634753377555886e-12,-8.634753377555887
644,9.003182827518663e-05,9.003184207335338e-05,-1.3798166748468776e-11,-13.798166748468775
645,9.003963651663241e-05,9.00396545636677e-05,-1.8047035285204462e-11,-18.047035285204462
646,9.00474454315588e-05,9.004746705398201e-05,-2.1622423209298804e-11,-21.622423209298805
647,9.005525487866728e-05,9.005527954429634e-05,-2.4665629060460758e-11,-24.66562906046076
648,9.006306474832666e-05,9.006309203461065e-05,-2.7286283987792795e-11,-27.286283987792796
649,9.007087498745616e-05,9.007090452492497e-05,-2.953746880848886e-11,-29.537468808488857
650,9.007868553567375e-05,9.007871701523928e-05,-3.147956553335526e-11,-31.47956553335526
651,9.00864963521014e-05,9.00865295055536e-05,-3.3153452189266924e-11,-33.15345218926692
652,9.009430739971177e-05,9.009434199586791e-05,-3.459615613711045e-11,-34.596156137110455
653,9.010211864077515e-05,9.010215448618224e-05,-3.5845407083939784e-11,-35.84540708393978
654,9.010993005890032e-05,9.010996697649656e-05,-3.691759622859151e-11,-36.91759622859151
655,9.011774171295317e-05,9.011777946681087e-05,-3.7753857695024805e-11,-37.753857695024806
656,9.012555348745527e-05,9.012559195712519e-05,-3.84696699108412e-11,-38.4696699108412
657,9.013336538716523e-05,9.01334044474395e-05,-3.906027427204808e-11,-39.060274272048076
658,9.014117740055382e-05,9.014121693775382e-05,-3.953719999481227e-11,-39.53719999481227
659,9.014898948779495e-05,9.014902942806814e-05,-3.9940273185955904e-11,-39.9402731859559
660,9.015680175730903e-05,9.015684191838246e-05,-4.016107342494252e-11,-40.16107342494252
661,9.016461409383316e-05,9.016465440869677e-05,-4.0314863613534294e-11,-40.31486361353429
662,9.017242649848841e-05,9.017246689901109e-05,-4.040052267313235e-11,-40.40052267313235
663,9.018023896116774e-05,9.01802793893254e-05,-4.0428157658361346e-11,-40.42815765836134
664,9.01880515231313e-05,9.018809187963972e-05,-4.035650841529066e-11,-40.356508415290655
665,9.019586415560662e-05,9.019590436995405e-05,-4.0214347419858543e-11,-40.21434741985854
666,9.02036768301558e-05,9.020371686026836e-05,-4.003011256321283e-11,-40.03011256321283
667,9.021148951969081e-05,9.021152935058268e-05,-3.9830891864139026e-11,-39.830891864139026
668,9.021930233135816e-05,9.021934184089699e-05,-3.950953882610081e-11,-39.50953882610081
669,9.022711516547467e-05,9.02271543312113e-05,-3.916573663669229e-11,-39.165736636692294
670,9.023492800569816e-05,9.023496682152562e-05,-3.881582746170681e-11,-38.81582746170681
671,9.024274090274697e-05,9.024277931183994e-05,-3.8409092960484276e-11,-38.40909296048427
672,9.025055386278427e-05,9.025059180215426e-05,-3.7939369985775193e-11,-37.939369985775194
673,9.025836682797105e-05,9.025840429246858e-05,-3.7464497525085254e-11,-37.46449752508526
674,9.026617977977555e-05,9.026621678278289e-05,-3.700300734470525e-11,-37.00300734470525
675,9.027399284653446e-05,9.027402927309721e-05,-3.6426562745186195e-11,-36.426562745186196
676,9.028180589354271e-05,9.028184176341152e-05,-3.586986881269782e-11,-35.86986881269782
677,9.028961891737203e-05,9.028965425372585e-05,-3.533635382161458e-11,-35.33635382161458
678,9.029743202844247e-05,9.029746674404017e-05,-3.471559768957066e-11,-34.71559768957066
679,9.030524514373277e-05,9.030527923435448e-05,-3.409062170714616e-11,-34.090621707146155
680,9.03130582264182e-05,9.03130917246688e-05,-3.349825059784163e-11,-33.49825059784163
681,9.032087136888978e-05,9.032090421498311e-05,-3.284609332813974e-11,-32.84609332813974
682,9.032868453073183e-05,9.032871670529743e-05,-3.2174565594004e-11,-32.174565594004
683,9.033649766823376e-05,9.033652919561174e-05,-3.152737798180013e-11,-31.527377981800132
684,9.034431082261638e-05,9.034434168592607e-05,-3.086330968058384e-11,-30.86330968058384
685,9.035212402451258e-05,9.035215417624038e-05,-3.015172780480405e-11,-30.151727804804047
686,9.03599371946388e-05,9.03599666665547e-05,-2.9471915898708784e-11,-29.471915898708783
687,9.036775035091114e-05,9.036777915686901e-05,-2.8805957873763432e-11,-28.805957873763433
688,9.03755635800168e-05,9.037559164718333e-05,-2.8067166521449765e-11,-28.067166521449764
689,9.038337677536502e-05,9.038340413749764e-05,-2.7362132616928064e-11,-27.362132616928065
690,9.03911899306857e-05,9.039121662781197e-05,-2.6697126263992137e-11,-26.697126263992136
691,9.039900318805599e-05,9.039902911812629e-05,-2.5930070289590332e-11,-25.930070289590333
692,9.040681639101572e-05,9.04068416084406e-05,-2.5217424879241968e-11,-25.217424879241968
693,9.041462956317876e-05,9.041465409875492e-05,-2.4535576150287892e-11,-24.53557615028789
694,9.04224428097592e-05,9.042246658906923e-05,-2.377931002038139e-11,-23.77931002038139
695,9.043025602406915e-05,9.043027907938354e-05,-2.3055314395644873e-11,-23.055314395644874
696,9.043806919342447e-05,9.043809156969787e-05,-2.2376273397951828e-11,-22.376273397951827
697,9.044588243460597e-05,9.044590406001219e-05,-2.1625406215393545e-11,-21.625406215393546
698,9.045369565711692e-05,9.04537165503265e-05,-2.089320957700413e-11,-20.89320957700413
699,9.046150882352348e-05,9.046152904064082e-05,-2.0217117338169702e-11,-20.217117338169704
700,9.046932205648381e-05,9.046934153095513e-05,-1.9474471321872198e-11,-19.474471321872198
701,9.047713527603982e-05,9.047715402126945e-05,-1.8745229622293783e-11,-18.745229622293785
702,9.048494844343906e-05,9.048496651158378e-05,-1.8068144715055282e-11,-18.068144715055283
703,9.049276166083167e-05,9.049277900189809e-05,-1.7341066418939318e-11,-17.341066418939317
704,9.050057486053915e-05,9.05005914922124e-05,-1.6631673249190177e-11,-16.631673249190175
705,9.050838802509855e-05,9.050840398252672e-05,-1.5957428165597013e-11,-15.957428165597014
706,9.051620121767376e-05,9.051621647284103e-05,-1.525516727076177e-11,-15.255167270761769
707,9.052401442543452e-05,9.052402896315535e-05,-1.4537720823458259e-11,-14.537720823458258
708,9.053182759719579e-05,9.053184145346966e-05,-1.3856273872724251e-11,-13.856273872724252
709,9.053964076313828e-05,9.053965394378399e-05,-1.3180645713077229e-11,-13.18064571307723
710,9.054745396475697e-05,9.054746643409831e-05,-1.2469341338843485e-11,-12.469341338843485
711,9.055526713344697e-05,9.055527892441262e-05,-1.1790965648261058e-11,-11.790965648261059
712,9.056308026807377e-05,9.056309141472694e-05,-1.1146653164035766e-11,-11.146653164035765
713,9.057089346996804e-05,9.057090390504125e-05,-1.043507321271483e-11,-10.43507321271483
714,9.057870663286797e-05,9.057871639535558e-05,-9.762487608966872e-12,-9.762487608966872
715,9.05865197437809e-05,9.05865288856699e-05,-9.14188899794609e-12,-9.14188899794609
716,9.059433293451e-05,9.059434137598421e-05,-8.441474201254991e-12,-8.44147420125499
717,9.060214609084337e-05,9.060215386629852e-05,-7.775455149279855e-12,-7.775455149279855
718,9.060995918971806e-05,9.060996635661284e-05,-7.166894773793358e-12,-7.1668947737933575
719,9.061777235781033e-05,9.061777884692715e-05,-6.48911681742115e-12,-6.4891168174211495
720,9.062558550506362e-05,9.062559133724147e-05,-5.832177850220362e-12,-5.832177850220362
721,9.063339859821747e-05,9.06334038275558e-05,-5.2293383217070936e-12,-5.229338321707093
722,9.064121173885257e-05,9.064121631787011e-05,-4.579017541407592e-12,-4.579017541407592
723,9.064902487289158e-05,9.064902880818443e-05,-3.935292843837585e-12,-3.935292843837585
724,9.065683796623748e-05,9.065684129849874e-05,-3.3322612624619878e-12,-3.3322612624619876
725,9.066465107380359e-05,9.066465378881306e-05,-2.7150094615749235e-12,-2.7150094615749234
726,9.067246420053297e-05,9.067246627912737e-05,-2.078594400841705e-12,-2.078594400841705
727,9.068027729375609e-05,9.06802787694417e-05,-1.4756856053621418e-12,-1.4756856053621419
728,9.06880903514191e-05,9.068809125975601e-05,-9.08336906416627e-13,-0.908336906416627
729,9.0695903484751e-05,9.069590375007033e-05,-2.6531932550351504e-13,-0.26531932550351506
730,9.07037165688656e-05,9.070371624038464e-05,3.2848095199972607e-13,0.32848095199972605
731,9.071152961444982e-05,9.071152873069896e-05,8.837508662497045e-13,0.8837508662497044
732,9.071934272835584e-05,9.071934122101327e-05,1.507342566445432e-12,1.507342566445432
733,9.072715581214765e-05,9.07271537113276e-05,2.10082004985687e-12,2.10082004985687
734,9.07349688371285e-05,9.073496620164192e-05,2.635486585620036e-12,2.635486585620036
735,9.0742781926364e-05,9.074277869195623e-05,3.2344077668243606e-12,3.2344077668243605
736,9.075059500015362e-05,9.075059118227055e-05,3.817883078618805e-12,3.817883078618805
737,9.075840802998948e-05,9.075840367258486e-05,4.3574046175002525e-12,4.3574046175002525
738,9.076622108010189e-05,9.076621616289918e-05,4.917202715676144e-12,4.917202715676144
739,9.07740341479226e-05,9.07740286532135e-05,5.494709101487768e-12,5.494709101487768
740,9.078184718337006e-05,9.078184114352782e-05,6.039842240421039e-12,6.039842240421039
741,9.078966018534476e-05,9.078965363384213e-05,6.551502629500312e-12,6.551502629500312
742,9.079747325734643e-05,9.079746612415645e-05,7.13318998349211e-12,7.133189983492111
743,9.080528629184998e-05,9.080527861447076e-05,7.677379216014015e-12,7.677379216014015
744,9.081309927456231e-05,9.081309110478508e-05,8.169777235616042e-12,8.169777235616042
745,9.082091232653738e-05,9.08209035950994e-05,8.731437993124263e-12,8.731437993124263
746,9.082872535711963e-05,9.082871608541372e-05,9.271705910333777e-12,9.271705910333777
747,9.083653833755133e-05,9.083652857572804e-05,9.761823297113453e-12,9.761823297113454
748,9.084435135752038e-05,9.084434106604235e-05,1.0291478027019142e-11,10.291478027019142
749,9.085216438089753e-05,9.085215355635667e-05,1.0824540865138876e-11,10.824540865138875
750,9.085997737725396e-05,9.085996604667098e-05,1.1330582986322964e-11,11.330582986322964
751,9.086779033738212e-05,9.086777853698531e-05,1.1800396817174102e-11,11.800396817174102
752,9.08756033719478e-05,9.087559102729962e-05,1.234464817448049e-11,12.34464817448049
753,9.088341636523454e-05,9.088340351761394e-05,1.2847620607606148e-11,12.847620607606148
754,9.089122930909672e-05,9.089121600792825e-05,1.330116846497161e-11,13.30116846497161
755,9.089904232462011e-05,9.089902849824257e-05,1.3826377545841766e-11,13.826377545841767
756,9.090685531618002e-05,9.090684098855688e-05,1.4327623143062252e-11,14.327623143062253
757,9.091466826062119e-05,9.09146534788712e-05,1.4781749991492876e-11,14.781749991492875
758,9.092248124111973e-05,9.092246596918553e-05,1.5271934205783958e-11,15.271934205783959
759,9.093029422947004e-05,9.093027845949984e-05,1.5769970198655654e-11,15.769970198655654
760,9.09381071845806e-05,9.093809094981416e-05,1.6234766450272745e-11,16.234766450272744
761,9.094592011148054e-05,9.094590344012847e-05,1.667135207306989e-11,16.67135207306989
762,9.09537331108217e-05,9.095371593044279e-05,1.7180378921519667e-11,17.18037892151967
763,9.096154607456272e-05,9.09615284207571e-05,1.765380562571765e-11,17.653805625717652
764,9.096935898597807e-05,9.096934091107143e-05,1.8074906645982302e-11,18.074906645982303
765,9.097717196288525e-05,9.097715340138574e-05,1.8561499508339662e-11,18.56149950833966
766,9.09849849223877e-05,9.098496589170006e-05,1.9030687646117058e-11,19.03068764611706
767,9.099279785273085e-05,9.099277838201437e-05,1.947071647817358e-11,19.470716478173582
768,9.100061077170868e-05,9.100059087232869e-05,1.98993799983267e-11,19.899379998326697
769,9.100841061118895e-05,9.1008403362643e-05,7.248545950458268e-12,7.248545950458268
770,9.101621360696634e-05,9.101621585295733e-05,-2.2459909878849944e-12,-2.245990987884994
771,9.102401885486976e-05,9.102402834327165e-05,-9.488401882521204e-12,-9.488401882521204
772,9.103182616770062e-05,9.103184083358596e-05,-1.4665885338049726e-11,-14.665885338049726
773,9.103963435684218e-05,9.103965332390028e-05,-1.896705809151573e-11,-18.967058091515728
774,9.104744323025119e-05,9.104746581421459e-05,-2.2583963396506113e-11,-22.583963396506114
775,9.105525262941714e-05,9.10552783045289e-05,-2.5675111759716056e-11,-25.675111759716057
776,9.106306246674532e-05,9.106309079484323e-05,-2.8328097907539736e-11,-28.328097907539735
777,9.107087267065051e-05,9.107090328515755e-05,-3.06145070338045e-11,-30.614507033804504
778,9.107868318598294e-05,9.107871577547186e-05,-3.258948892515752e-11,-32.589488925157525
779,9.108649396671341e-05,9.108652826578618e-05,-3.429907276141542e-11,-34.29907276141542
780,9.109430498713785e-05,9.10943407561005e-05,-3.576896264505315e-11,-35.76896264505315
781,9.110211621387977e-05,9.110215324641481e-05,-3.703253503521928e-11,-37.03253503521928
782,9.110992761897177e-05,9.110996573672912e-05,-3.81177573470814e-11,-38.1177573470814
783,9.111773916899919e-05,9.111777822704345e-05,-3.905804425791466e-11,-39.05804425791466
784,9.112555090918559e-05,9.112559071735777e-05,-3.980817217722163e-11,-39.80817217722163
785,9.113336280272693e-05,9.113340320767208e-05,-4.040494514734645e-11,-40.404945147346446
786,9.11411747952543e-05,9.11412156979864e-05,-4.090273209897912e-11,-40.90273209897912
787,9.114898688994799e-05,9.114902818830071e-05,-4.129835271478205e-11,-41.29835271478205
788,9.115679905683123e-05,9.115684067861503e-05,-4.162178378891416e-11,-41.62178378891416
789,9.116461136554908e-05,9.116465316892935e-05,-4.180338026667818e-11,-41.80338026667818
790,9.117242376740539e-05,9.117246565924367e-05,-4.1891838275499674e-11,-41.89183827549967
791,9.11802362256393e-05,9.118027814955798e-05,-4.192391867937124e-11,-41.92391867937124
792,9.118804872140191e-05,9.11880906398723e-05,-4.1918470387271647e-11,-41.91847038727165
793,9.119586131716617e-05,9.119590313018661e-05,-4.181302043674231e-11,-41.81302043674231
794,9.12036739876477e-05,9.120371562050093e-05,-4.1632853222044695e-11,-41.632853222044695
795,9.121148669055528e-05,9.121152811081526e-05,-4.142025997337545e-11,-41.42025997337545
796,9.121929939935424e-05,9.121934060112957e-05,-4.120177533273125e-11,-41.20177533273125
797,9.12271122299164e-05,9.122715309144389e-05,-4.086152748330479e-11,-40.86152748330479
798,9.123492507455925e-05,9.12349655817582e-05,-4.050719895118646e-11,-40.50719895118646
799,9.12427379294244e-05,9.124277807207252e-05,-4.014264811375254e-11,-40.14264811375254
800,9.125055083197953e-05,9.125059056238683e-05,-3.973040730206166e-11,-39.73040730206166
801,9.12583637985129e-05,9.125840305270116e-05,-3.925418826227349e-11,-39.254188262273495
802,9.126617676847254e-05,9.126621554301547e-05,-3.877454292677984e-11,-38.77454292677984
803,9.127398972109998e-05,9.127402803332979e-05,-3.831222980984586e-11,-38.31222980984586
804,9.128180277747717e-05,9.12818405236441e-05,-3.7746166934019334e-11,-37.746166934019335
805,9.128961582896839e-05,9.128965301395842e-05,-3.718499002883564e-11,-37.184990028835635
806,9.12974288484204e-05,9.129746550427273e-05,-3.6655852327840954e-11,-36.655852327840954
807,9.130524195242558e-05,9.130527799458705e-05,-3.6042161467016674e-11,-36.042161467016676
808,9.131305506011703e-05,9.131309048490138e-05,-3.5424784345911e-11,-35.424784345911
809,9.132086814091858e-05,9.132090297521569e-05,-3.48342971056438e-11,-34.8342971056438
810,9.132868126699805e-05,9.132871546553e-05,-3.419853195635035e-11,-34.19853195635035
811,9.133649441789831e-05,9.133652795584432e-05,-3.353794600409187e-11,-33.537946004091864
812,9.134430754807778e-05,9.134434044615863e-05,-3.2898080849415474e-11,-32.89808084941547
813,9.135212068109198e-05,9.135215293647296e-05,-3.225538098039648e-11,-32.25538098039648
814,9.135993386820319e-05,9.135996542678728e-05,-3.1558584085039804e-11,-31.558584085039804
815,9.136774703765905e-05,9.136777791710159e-05,-3.087944254114779e-11,-30.87944254114779
816,9.137556016198677e-05,9.137559040741591e-05,-3.0245429137304424e-11,-30.245429137304424
817,9.1383373382632e-05,9.138340289773022e-05,-2.9515098221118476e-11,-29.515098221118475
818,9.139118656602322e-05,9.139121538804454e-05,-2.8822021318283287e-11,-28.822021318283287
819,9.139899970441977e-05,9.139902787835885e-05,-2.817393907665679e-11,-28.17393907665679
820,9.140681292864986e-05,9.140684036867318e-05,-2.7440023313750154e-11,-27.440023313750153
821,9.14146261248634e-05,9.14146528589875e-05,-2.6734124093922065e-11,-26.734124093922066
822,9.142243927049828e-05,9.142246534930181e-05,-2.6078803528856673e-11,-26.078803528856675
823,9.143025249126563e-05,9.143027783961613e-05,-2.5348350490848522e-11,-25.34835049084852
824,9.14380656935468e-05,9.143809032993044e-05,-2.4636383641982335e-11,-24.636383641982334
825,9.144587884212306e-05,9.144590282024475e-05,-2.39781216906331e-11,-23.9781216906331
826,9.145369205722296e-05,9.145371531055908e-05,-2.325333611619371e-11,-23.253336116193708
827,9.146150525957555e-05,9.14615278008734e-05,-2.254129784550941e-11,-22.54129784550941
828,9.146931841135952e-05,9.146934029118771e-05,-2.1879828187165185e-11,-21.879828187165185
829,9.14771316120417e-05,9.147715278150203e-05,-2.116946031966298e-11,-21.16946031966298
830,9.148494481028745e-05,9.148496527181634e-05,-2.046152888483531e-11,-20.46152888483531
831,9.149275797920181e-05,9.149277776213066e-05,-1.9782928845718343e-11,-19.78292884571834
832,9.150057112228743e-05,9.150059025244499e-05,-1.913015755166859e-11,-19.13015755166859
833,9.150838432959685e-05,9.15084027427593e-05,-1.8413162444176958e-11,-18.413162444176958
834,9.151619748104669e-05,9.151621523307362e-05,-1.7752026923389767e-11,-17.752026923389767
835,9.152401062892207e-05,9.152402772338793e-05,-1.7094465854534934e-11,-17.094465854534935
836,9.153182382257552e-05,9.153184021370224e-05,-1.6391126720639153e-11,-16.391126720639154
837,9.15396369865386e-05,9.153965270401656e-05,-1.5717477961793384e-11,-15.717477961793383
838,9.154745010067273e-05,9.154746519433089e-05,-1.5093658159013092e-11,-15.093658159013092
839,9.155526329490659e-05,9.15552776846452e-05,-1.4389738611036799e-11,-14.3897386110368
840,9.15630764494777e-05,9.156309017495952e-05,-1.3725481807720293e-11,-13.725481807720293
841,9.157088954998006e-05,9.157090266527383e-05,-1.3115293773722352e-11,-13.115293773722351
842,9.157870272672212e-05,9.157871515558815e-05,-1.2428866025313e-11,-12.428866025313
843,9.158651587400322e-05,9.158652764590246e-05,-1.1771899234773962e-11,-11.771899234773961
844,9.159432896466992e-05,9.159434013621678e-05,-1.1171546852491847e-11,-11.171546852491847
845,9.160214212006236e-05,9.16021526265311e-05,-1.050646873892463e-11,-10.50646873892463
846,9.160995525752858e-05,9.160996511684542e-05,-9.859316837629815e-12,-9.859316837629814
847,9.161776834366079e-05,9.161777760715973e-05,-9.263498941198741e-12,-9.26349894119874
848,9.16255814701527e-05,9.162559009747405e-05,-8.627321347846351e-12,-8.627321347846351
849,9.163339459543958e-05,9.163340258778836e-05,-7.992348777446043e-12,-7.992348777446043
850,9.164120768647013e-05,9.164121507810269e-05,-7.391632564019897e-12,-7.391632564019898
851,9.164902077222133e-05,9.164902756841701e-05,-6.796195669784762e-12,-6.796195669784763
852,9.165683390004769e-05,9.165684005873132e-05,-6.15868362684595e-12,-6.15868362684595
853,9.166464698889344e-05,9.166465254904564e-05,-5.56015218921758e-12,-5.56015218921758
854,9.167246002587705e-05,9.167246503935995e-05,-5.013482898436223e-12,-5.013482898436223
855,9.168027315048974e-05,9.168027752967427e-05,-4.379184525604348e-12,-4.379184525604348
856,9.168808623516756e-05,9.168809001998858e-05,-3.784821018625028e-12,-3.7848210186250277
857,9.169589926226045e-05,9.169590251030291e-05,-3.24804245702986e-12,-3.24804245702986
858,9.170371236051961e-05,9.170371500061722e-05,-2.6400976102217373e-12,-2.640097610221737
859,9.171152543693591e-05,9.171152749093154e-05,-2.0539956289290665e-12,-2.0539956289290666
860,9.171933845939443e-05,9.171933998124585e-05,-1.5218514217575522e-12,-1.5218514217575523
861,9.172715152990723e-05,9.172715247156017e-05,-9.416529348465922e-13,-0.9416529348465922
862,9.173496459540892e-05,9.173496496187448e-05,-3.6646556261422445e-13,-0.36646556261422447
863,9.174277762214349e-05,9.174277745218881e-05,1.699546837154641e-13,0.1699546837154641
864,9.175059064011743e-05,9.175058994250313e-05,6.976143054409266e-13,0.6976143054409266
865,9.175840371351428e-05,9.175840243281744e-05,1.2806968378933339e-12,1.2806968378933339
866,9.176621674485695e-05,9.176621492313176e-05,1.8217252009541018e-12,1.8217252009541018
867,9.177402973042216e-05,9.177402741344607e-05,2.3169760952851164e-12,2.3169760952851166
868,9.178184279108736e-05,9.178183990376039e-05,2.887326977151298e-12,2.887326977151298
869,9.178965582105882e-05,9.178965239407471e-05,3.426984109066942e-12,3.4269841090669417
870,9.179746879369579e-05,9.179746488438903e-05,3.909306759852805e-12,3.909306759852805
871,9.180528182993915e-05,9.180527737470334e-05,4.455235811600897e-12,4.455235811600898
872,9.18130948504212e-05,9.181308986501766e-05,4.985403545317025e-12,4.985403545317025
873,9.18209078341357e-05,9.182090235533197e-05,5.478803733644661e-12,5.4788037336446616
874,9.182872082436415e-05,9.182871484564629e-05,5.978717862834699e-12,5.978717862834699
875,9.18365338402877e-05,9.183652733596062e-05,6.504327082069138e-12,6.504327082069138
876,9.184434683061608e-05,9.184433982627493e-05,7.004341147594425e-12,7.004341147594425
877,9.185215977490999e-05,9.185215231658925e-05,7.458320747817498e-12,7.458320747817498
878,9.185997280270043e-05,9.185996480690356e-05,7.995796871537916e-12,7.995796871537916
879,9.186778578380951e-05,9.186777729721788e-05,8.486591640729906e-12,8.486591640729907
880,9.187559873547405e-05,9.187558978753219e-05,8.94794186416197e-12,8.94794186416197
881,9.18834117149999e-05,9.18834022778465e-05,9.437153400026534e-12,9.437153400026535
882,9.189122469634995e-05,9.189121476816083e-05,9.928189119598833e-12,9.928189119598832
883,9.189903765569931e-05,9.189902725847515e-05,1.0397224168029474e-11,10.397224168029474
884,9.190685059103809e-05,9.190683974878946e-05,1.084224862422605e-11,10.84224862422605
885,9.191466357852107e-05,9.191465223910378e-05,1.1339417296017338e-11,11.339417296017338
886,9.192247653572209e-05,9.19224647294181e-05,1.1806303997843199e-11,11.8063039978432
887,9.1930289450127e-05,9.193027721973241e-05,1.2230394597178262e-11,12.230394597178261
888,9.193810242492318e-05,9.193808971004674e-05,1.2714876450143157e-11,12.714876450143157
889,9.194591538247783e-05,9.194590220036105e-05,1.3182116778060101e-11,13.1821167780601
890,9.195372829201638e-05,9.195371469067537e-05,1.3601341017259126e-11,13.601341017259125
891,9.196154123756035e-05,9.196152718098968e-05,1.405657067548202e-11,14.05657067548202
892,9.196935419217915e-05,9.1969339671304e-05,1.4520875160098726e-11,14.520875160098726
893,9.197716711562692e-05,9.197715216161831e-05,1.495400861541604e-11,14.95400861541604
894,9.198498000612954e-05,9.198496465193264e-05,1.5354196907209015e-11,15.354196907209015
895,9.199279297316835e-05,9.199277714224695e-05,1.5830921402049993e-11,15.830921402049993
896,9.200060588677188e-05,9.200058963256127e-05,1.6254210613349263e-11,16.25421061334926
897,9.200840574577677e-05,9.200840212287558e-05,3.6229011899110757e-12,3.622901189911076
898,9.201620870521006e-05,9.20162146131899e-05,-5.907979831557159e-12,-5.907979831557159
899,9.202401403159183e-05,9.202402710350421e-05,-1.3071912378241265e-11,-13.071912378241265
900,9.203182129201656e-05,9.203183959381854e-05,-1.8301801979056844e-11,-18.301801979056844
901,9.203962946666064e-05,9.203965208413286e-05,-2.2617472209634874e-11,-22.617472209634872
902,9.204743835517958e-05,9.204746457444717e-05,-2.6219267585258522e-11,-26.21926758525852
903,9.205524777996321e-05,9.205527706476149e-05,-2.928479827045918e-11,-29.284798270459177
904,9.20630576355167e-05,9.20630895550758e-05,-3.191955910173612e-11,-31.919559101736123
905,9.20708678420376e-05,9.207090204539012e-05,-3.42033525089446e-11,-34.203352508944604
906,9.20786783521476e-05,9.207871453570444e-05,-3.618355683953216e-11,-36.18355683953216
907,9.208648912124237e-05,9.208652702601876e-05,-3.790477638771528e-11,-37.90477638771528
908,9.20943001242817e-05,9.209433951633307e-05,-3.9392051371873656e-11,-39.392051371873656
909,9.210211138830741e-05,9.210215200664739e-05,-4.061833997378686e-11,-40.61833997378686
910,9.210992282151579e-05,9.21099644969617e-05,-4.167544591465541e-11,-41.675445914655405
911,9.211773440570677e-05,9.211777698727602e-05,-4.258156924911541e-11,-42.58156924911541
912,9.212554613697147e-05,9.212558947759035e-05,-4.334061887836439e-11,-43.34061887836439
913,9.213335798869065e-05,9.213340196790466e-05,-4.397921401216846e-11,-43.979214012168455
914,9.214116993660851e-05,9.214121445821898e-05,-4.452161046218805e-11,-44.52161046218805
915,9.214898208200041e-05,9.214902694853329e-05,-4.486653287638624e-11,-44.86653287638624
916,9.215679428995307e-05,9.21568394388476e-05,-4.514889453485492e-11,-45.14889453485492
917,9.216460657646219e-05,9.216465192916192e-05,-4.5352699728604973e-11,-45.352699728604975
918,9.217241891505305e-05,9.217246441947624e-05,-4.55044231839105e-11,-45.504423183910504
919,9.218023138499791e-05,9.218027690979056e-05,-4.55247926457786e-11,-45.524792645778604
920,9.218804392178234e-05,9.218808940010488e-05,-4.5478322534490955e-11,-45.47832253449096
921,9.219585650869349e-05,9.21959018904192e-05,-4.5381725704563685e-11,-45.381725704563685
922,9.220366910993059e-05,9.220371438073351e-05,-4.5270802918308076e-11,-45.27080291830808
923,9.221148183320698e-05,9.221152687104782e-05,-4.503784084473951e-11,-45.03784084473951
924,9.22192945905166e-05,9.221933936136214e-05,-4.4770845529451356e-11,-44.77084552945136
925,9.222710736710315e-05,9.222715185167647e-05,-4.448457331637684e-11,-44.484573316376846
926,9.223492016660197e-05,9.223496434199078e-05,-4.417538880786899e-11,-44.17538880786899
927,9.224273307393854e-05,9.22427768323051e-05,-4.375836655617723e-11,-43.75836655617723
928,9.22505459846958e-05,9.225058932261941e-05,-4.33379236059737e-11,-43.3379236059737
929,9.225835887560965e-05,9.225840181293373e-05,-4.29373240762967e-11,-42.9373240762967
930,9.226617186311666e-05,9.226621430324804e-05,-4.244013137587476e-11,-42.44013137587476
931,9.227398486391033e-05,9.227402679356237e-05,-4.192965203532703e-11,-41.92965203532703
932,9.228179785481346e-05,9.228183928387668e-05,-4.1429063220677584e-11,-41.429063220677584
933,9.22896108778138e-05,9.2289651774191e-05,-4.08963771970229e-11,-40.8963771970229
934,9.229742395345868e-05,9.229746426450531e-05,-4.031104662557595e-11,-40.31104662557595
935,9.230523701829403e-05,9.230527675481963e-05,-3.9736525590446265e-11,-39.73652559044626
936,9.231305006007435e-05,9.231308924513394e-05,-3.9185059585965925e-11,-39.185059585965924
937,9.232086319914654e-05,9.232090173544827e-05,-3.853630172375564e-11,-38.53630172375564
938,9.232867631511955e-05,9.232871422576259e-05,-3.791064303277565e-11,-37.91064303277565
939,9.233648939536461e-05,9.23365267160769e-05,-3.732071228637854e-11,-37.32071228637854
940,9.234430255755431e-05,9.234433920639122e-05,-3.6648836902816196e-11,-36.64883690281619
941,9.235211570387468e-05,9.235215169670553e-05,-3.599283085092725e-11,-35.99283085092725
942,9.235992881356203e-05,9.235996418701984e-05,-3.537345780848972e-11,-35.37345780848972
943,9.23677419898651e-05,9.236777667733416e-05,-3.4687469053540006e-11,-34.687469053540006
944,9.237555516090635e-05,9.237558916764849e-05,-3.4006742135021273e-11,-34.00674213502128
945,9.238336829227187e-05,9.23834016579628e-05,-3.336569093093082e-11,-33.36569093093082
946,9.23911814713178e-05,9.239121414827712e-05,-3.267695932066757e-11,-32.67695932066757
947,9.239899465771431e-05,9.239902663859143e-05,-3.198087711783047e-11,-31.980877117830467
948,9.240680781341231e-05,9.240683912890575e-05,-3.131549343543346e-11,-31.315493435433464
949,9.241462098154177e-05,9.241465161922008e-05,-3.0637678304479265e-11,-30.637678304479266
950,9.242243417972191e-05,9.242246410953439e-05,-2.992981247743556e-11,-29.929812477435558
951,9.24302473474469e-05,9.24302765998487e-05,-2.925240180810181e-11,-29.25240180810181
952,9.243806049854127e-05,9.243808909016302e-05,-2.8591621742996865e-11,-28.591621742996864
953,9.24458737061746e-05,9.244590158047733e-05,-2.7874302730106203e-11,-27.874302730106205
954,9.24536868799606e-05,9.245371407079165e-05,-2.7190831045367606e-11,-27.190831045367606
955,9.246150000972798e-05,9.246152656110596e-05,-2.6551377982384448e-11,-26.551377982384448
956,9.246931322517713e-05,9.246933905142029e-05,-2.5826243159320245e-11,-25.826243159320246
957,9.247712640115784e-05,9.247715154173461e-05,-2.5140576764781467e-11,-25.140576764781468
958,9.248493952509706e-05,9.248496403204892e-05,-2.450695185768156e-11,-24.50695185768156
959,9.24927527265313e-05,9.249277652236324e-05,-2.379583193334241e-11,-23.79583193334241
960,9.250056588504237e-05,9.250058901267755e-05,-2.3127635179988672e-11,-23.127635179988673
961,9.250837899389744e-05,9.250840150299187e-05,-2.250909442534885e-11,-22.50909442534885
962,9.251619217885597e-05,9.25162139933062e-05,-2.181445022695817e-11,-21.81445022695817
963,9.252400534885132e-05,9.252402648362051e-05,-2.1134769184065124e-11,-21.134769184065124
964,9.25318184605416e-05,9.253183897393482e-05,-2.0513393227191724e-11,-20.513393227191724
965,9.253963162158888e-05,9.253965146424914e-05,-1.9842660253906e-11,-19.842660253906
966,9.254744478048113e-05,9.254746395456345e-05,-1.9174082322173473e-11,-19.174082322173472
967,9.255525790846288e-05,9.255527644487777e-05,-1.853641488595829e-11,-18.53641488595829
968,9.256307101860654e-05,9.25630889351921e-05,-1.7916585557036466e-11,-17.916585557036466
969,9.25708841779582e-05,9.257090142550641e-05,-1.7247548208185875e-11,-17.247548208185876
970,9.257869729641754e-05,9.257871391582073e-05,-1.661940318412636e-11,-16.61940318412636
971,9.258651038936292e-05,9.258652640613504e-05,-1.6016772120585806e-11,-16.016772120585806
972,9.259432354044925e-05,9.259433889644936e-05,-1.5356000105681995e-11,-15.356000105681995
973,9.260213665520896e-05,9.260215138676367e-05,-1.4731554704695652e-11,-14.731554704695652
974,9.260994971939612e-05,9.2609963877078e-05,-1.4157681873387314e-11,-14.157681873387315
975,9.261776286099402e-05,9.261777636739231e-05,-1.3506398294453591e-11,-13.506398294453591
976,9.262557596910106e-05,9.262558885770663e-05,-1.2888605571550147e-11,-12.888605571550148
977,9.26333890362313e-05,9.263340134802094e-05,-1.2311789646339543e-11,-12.311789646339543
978,9.264120213654319e-05,9.264121383833526e-05,-1.1701792066005726e-11,-11.701792066005726
979,9.264901523451192e-05,9.264902632864957e-05,-1.1094137649854558e-11,-11.094137649854558
980,9.265682828335961e-05,9.265683881896389e-05,-1.0535604273512871e-11,-10.53560427351287
981,9.266464136186388e-05,9.266465130927822e-05,-9.947414335676428e-12,-9.947414335676427
982,9.267245445338868e-05,9.267246379959253e-05,-9.346203848032373e-12,-9.346203848032372
983,9.268026752008552e-05,9.268027628990685e-05,-8.769821319087693e-12,-8.769821319087693
984,9.268808054958022e-05,9.268808878022116e-05,-8.230640937972345e-12,-8.230640937972344
985,9.269589363806046e-05,9.269590127053548e-05,-7.632475012001374e-12,-7.632475012001374
986,9.270370668794385e-05,9.27037137608498e-05,-7.07290595153442e-12,-7.07290595153442
987,9.271151969170753e-05,9.271152625116412e-05,-6.559456588212965e-12,-6.5594565882129645
988,9.271933277172598e-05,9.271933874147843e-05,-5.969752453622428e-12,-5.969752453622428
989,9.272714582061322e-05,9.272715123179275e-05,-5.4111795310065e-12,-5.4111795310065
990,9.273495881210786e-05,9.273496372210706e-05,-4.909999202756798e-12,-4.909999202756798
991,9.274277186661492e-05,9.274277621242138e-05,-4.345806453705062e-12,-4.3458064537050625
992,9.275058490450535e-05,9.27505887027357e-05,-3.7982303362266385e-12,-3.7982303362266383
993,9.27583979038029e-05,9.275840119305002e-05,-3.2892471133617755e-12,-3.2892471133617756
994,9.27662109130299e-05,9.276621368336434e-05,-2.7703344281881113e-12,-2.7703344281881113
995,9.277402394863095e-05,9.277402617367865e-05,-2.2250476984645807e-12,-2.225047698464581
996,9.278183695324443e-05,9.278183866399297e-05,-1.7107485374803312e-12,-1.710748537480331
997,9.278964991142433e-05,9.278965115430728e-05,-1.2428829501705145e-12,-1.2428829501705145
998,9.279746295804547e-05,9.27974636446216e-05,-6.865761185152981e-13,-0.6865761185152981
999,9.280527595449515e-05,9.280527613493592e-05,-1.8044076949690272e-13,-0.18044076949690271
1000,9.281308891744661e-05,9.281308862525024e-05,2.9219637802149553e-13,0.2921963780214955
1001,9.282090191591226e-05,9.282090111556455e-05,8.003477061119376e-13,0.8003477061119376
1002,9.282871491109477e-05,9.282871360587887e-05,1.3052159073937677e-12,1.3052159073937677
1003,9.283652786934363e-05,9.283652609619318e-05,1.7731504499617544e-12,1.7731504499617545
1004,9.284434083587703e-05,9.28443385865075e-05,2.2493695304075017e-12,2.2493695304075016
1005,9.285215383158999e-05,9.285215107682181e-05,2.7547681776022203e-12,2.7547681776022204
1006,9.285996679450134e-05,9.285996356713614e-05,3.2273651960877094e-12,3.2273651960877094
1007,9.286777971622146e-05,9.286777605745046e-05,3.658771002348222e-12,3.658771002348222
1008,9.287559271191578e-05,9.287558854776477e-05,4.164151014818101e-12,4.164151014818101
1009,9.288340567882263e-05,9.288340103807909e-05,4.640743548702161e-12,4.640743548702161
1010,9.289121859110328e-05,9.28912135283934e-05,5.0627098842732e-12,5.0627098842731995
1011,9.28990315593251e-05,9.289902601870773e-05,5.5406173792096316e-12,5.540617379209632
1012,9.290684451868699e-05,9.290683850902204e-05,6.009664950175365e-12,6.009664950175365
1013,9.291465744968599e-05,9.291465099933636e-05,6.450349629678551e-12,6.450349629678551
1014,9.292247036013554e-05,9.292246348965067e-05,6.870484869753007e-12,6.870484869753007
1015,9.293028332861162e-05,9.293027597996499e-05,7.34864663720394e-12,7.348646637203941
1016,9.293809626460533e-05,9.29380884702793e-05,7.79432603282786e-12,7.79432603282786
1017,9.294590915101822e-05,9.294590096059362e-05,8.190424605606003e-12,8.190424605606003
1018,9.295372210405257e-05,9.295371345090795e-05,8.653144623615312e-12,8.653144623615312
1019,9.296153503836675e-05,9.296152594122226e-05,9.097144495206361e-12,9.097144495206361
1020,9.296934793362162e-05,9.296933843153658e-05,9.502085048409247e-12,9.502085048409247
1021,9.297716083607056e-05,9.297715092185089e-05,9.914219676049862e-12,9.914219676049862
1022,9.298497378324496e-05,9.29849634121652e-05,1.037107975749974e-11,10.37107975749974
1023,9.299278668861466e-05,9.299277590247953e-05,1.078613513092534e-11,10.78613513092534
1024,9.300059955770598e-05,9.300058839279385e-05,1.1164912137430148e-11,11.164912137430148
1025,9.300839950447437e-05,9.300840088310816e-05,-1.3786337899931881e-12,-1.3786337899931882
1026,9.301620267090525e-05,9.301621337342248e-05,-1.0702517225072069e-11,-10.70251722507207
1027,9.302400811695723e-05,9.30240258637368e-05,-1.774677956105779e-11,-17.74677956105779
1028,9.303181557417528e-05,9.303183835405111e-05,-2.2779875828833433e-11,-22.779875828833433
1029,9.30396239080074e-05,9.303965084436542e-05,-2.693635802122617e-11,-26.93635802122617
1030,9.304743292755404e-05,9.304746333467975e-05,-3.0407125707608724e-11,-30.407125707608724
1031,9.305524246421771e-05,9.305527582499407e-05,-3.336077635090316e-11,-33.36077635090316
1032,9.306305243480064e-05,9.306308831530838e-05,-3.5880507736250714e-11,-35.88050773625071
1033,9.307086276472934e-05,9.30709008056227e-05,-3.8040893349059075e-11,-38.040893349059075
1034,9.307867339940182e-05,9.307871329593701e-05,-3.989653518282776e-11,-39.89653518282776
1035,9.308648429456777e-05,9.308652578625133e-05,-4.1491683553316466e-11,-41.49168355331646
1036,9.309429542167204e-05,9.309433827656565e-05,-4.285489360813798e-11,-42.85489360813798
1037,9.310210674996561e-05,9.310215076687997e-05,-4.401691435089605e-11,-44.016914350896045
1038,9.310991824422059e-05,9.310996325719428e-05,-4.50129736921316e-11,-45.0129736921316
1039,9.311772988087915e-05,9.31177757475086e-05,-4.586662944769895e-11,-45.86662944769895
1040,9.312554174081273e-05,9.312558823782291e-05,-4.649701017795329e-11,-46.49701017795329
1041,9.313335370052204e-05,9.313340072813723e-05,-4.702761518395811e-11,-47.02761518395811
1042,9.314116577060863e-05,9.314121321845154e-05,-4.744784290647788e-11,-47.44784290647788
1043,9.314897793086103e-05,9.314902570876587e-05,-4.7777904839124164e-11,-47.77790483912416
1044,9.31567901685573e-05,9.315683819908019e-05,-4.803052288821617e-11,-48.03052288821617
1045,9.31646025744053e-05,9.31646506893945e-05,-4.811498920345175e-11,-48.11498920345175
1046,9.317241501793634e-05,9.317246317970882e-05,-4.816177247298439e-11,-48.16177247298439
1047,9.318022752566937e-05,9.318027567002313e-05,-4.81443537621964e-11,-48.1443537621964
1048,9.318804006979177e-05,9.318808816033746e-05,-4.809054568929021e-11,-48.09054568929021
1049,9.319585274985e-05,9.319590065065177e-05,-4.790080177101314e-11,-47.900801771013136
1050,9.320366545784968e-05,9.320371314096609e-05,-4.768311640421049e-11,-47.683116404210494
1051,9.321147817611028e-05,9.32115256312804e-05,-4.745517012094239e-11,-47.45517012094239
1052,9.321929096013452e-05,9.321933812159472e-05,-4.716146019964946e-11,-47.16146019964946
1053,9.322710382825695e-05,9.322715061190903e-05,-4.678365207686357e-11,-46.78365207686357
1054,9.32349167040676e-05,9.323496310222335e-05,-4.639815574094731e-11,-46.39815574094731
1055,9.324272957213875e-05,9.324277559253768e-05,-4.602039892802923e-11,-46.02039892802923
1056,9.325054254730483e-05,9.325058808285199e-05,-4.553554715883561e-11,-45.53554715883561
1057,9.325835553446615e-05,9.32584005731663e-05,-4.503870015627637e-11,-45.03870015627637
1058,9.326616848972336e-05,9.326621306348062e-05,-4.457375725276292e-11,-44.573757252762924
1059,9.327398152752805e-05,9.327402555379494e-05,-4.4026266882123815e-11,-44.026266882123814
1060,9.328179458593943e-05,9.328183804410926e-05,-4.345816982618127e-11,-43.45816982618127
1061,9.328960763440843e-05,9.328965053442358e-05,-4.2900015148105904e-11,-42.90001514810591
1062,9.329742069746207e-05,9.32974630247379e-05,-4.2327275823063846e-11,-42.32727582306384
1063,9.33052338206296e-05,9.330527551505221e-05,-4.169442261041273e-11,-41.69442261041273
1064,9.331304692768763e-05,9.331308800536652e-05,-4.107767889376875e-11,-41.07767889376875
1065,9.332086000548768e-05,9.332090049568084e-05,-4.049019315879586e-11,-40.49019315879586
1066,9.332867318104937e-05,9.332871298599515e-05,-3.9804945781291694e-11,-39.80494578129169
1067,9.333648633033831e-05,9.333652547630948e-05,-3.9145971170301957e-11,-39.145971170301955
1068,9.334429943538978e-05,9.33443379666238e-05,-3.853123401372365e-11,-38.53123401372365
1069,9.335211262724633e-05,9.335215045693811e-05,-3.7829691782298435e-11,-37.82969178229843
1070,9.335992580350219e-05,9.335996294725243e-05,-3.714375023080081e-11,-37.143750230800805
1071,9.336773893100677e-05,9.336777543756674e-05,-3.650655996551426e-11,-36.50655996551426
1072,9.33755521324593e-05,9.337558792788105e-05,-3.579542174526345e-11,-35.795421745263454
1073,9.338336532429655e-05,9.338340041819538e-05,-3.5093898826189437e-11,-35.09389882618944
1074,9.339117846895609e-05,9.33912129085097e-05,-3.4439553609398413e-11,-34.439553609398416
1075,9.339899166880748e-05,9.339902539882401e-05,-3.37300165253634e-11,-33.7300165253634
1076,9.340680486739248e-05,9.340683788913833e-05,-3.302174584367596e-11,-33.021745843675966
1077,9.341461802903947e-05,9.341465037945264e-05,-3.2350413171063583e-11,-32.350413171063586
1078,9.342243121544629e-05,9.342246286976696e-05,-3.165432066830584e-11,-31.654320668305843
1079,9.343024441935764e-05,9.343027536008127e-05,-3.0940723626605634e-11,-30.940723626605635
1080,9.343805759050014e-05,9.34380878503956e-05,-3.025989545715652e-11,-30.259895457156517
1081,9.344587075738014e-05,9.344590034070992e-05,-2.958332977433842e-11,-29.58332977433842
1082,9.345368396586409e-05,9.345371283102423e-05,-2.8865160137080808e-11,-28.865160137080807
1083,9.346149714038591e-05,9.346152532133854e-05,-2.81809526314328e-11,-28.1809526314328
1084,9.346931028372295e-05,9.346933781165286e-05,-2.7527929910899247e-11,-27.527929910899246
1085,9.347712349492015e-05,9.347715030196719e-05,-2.6807047030599935e-11,-26.807047030599936
1086,9.348493666813082e-05,9.34849627922815e-05,-2.6124150677744167e-11,-26.12415067774417
1087,9.349274979102447e-05,9.349277528259582e-05,-2.549157134811435e-11,-25.49157134811435
1088,9.350056298696699e-05,9.350058777291013e-05,-2.47859431381718e-11,-24.7859431381718
1089,9.350837614177116e-05,9.350840026322445e-05,-2.412145328559832e-11,-24.121453285598317
1090,9.351618926117366e-05,9.351621275353876e-05,-2.3492365100516432e-11,-23.49236510051643
1091,9.352400245095272e-05,9.352402524385308e-05,-2.27929003495315e-11,-22.7929003495315
1092,9.353181560818592e-05,9.35318377341674e-05,-2.2125981477515837e-11,-22.125981477515836
1093,9.353962872611502e-05,9.353965022448172e-05,-2.1498366696081304e-11,-21.498366696081305
1094,9.354744188195963e-05,9.354746271479603e-05,-2.0832836402445524e-11,-20.832836402445523
1095,9.355525502840515e-05,9.355527520511035e-05,-2.0176705192968292e-11,-20.176705192968292
1096,9.35630681507573e-05,9.356308769542466e-05,-1.9544667368113523e-11,-19.544667368113522
1097,9.35708812659925e-05,9.357090018573898e-05,-1.891974647671191e-11,-18.91974647671191
1098,9.357869441864633e-05,9.357871267605331e-05,-1.8257406976517227e-11,-18.257406976517228
1099,9.358650753293286e-05,9.358652516636762e-05,-1.763343476201654e-11,-17.633434762016538
1100,9.359432061636902e-05,9.359433765668194e-05,-1.7040312910470203e-11,-17.040312910470202
1101,9.360213375437569e-05,9.360215014699625e-05,-1.6392620561497458e-11,-16.39262056149746
1102,9.360994685760546e-05,9.360996263731057e-05,-1.5779705108514413e-11,-15.779705108514413
1103,9.361775991158172e-05,9.361777512762488e-05,-1.5216043157741272e-11,-15.216043157741272
1104,9.362557304661384e-05,9.362558761793921e-05,-1.457132537163885e-11,-14.57132537163885
1105,9.363338614321609e-05,9.363340010825352e-05,-1.3965037429695774e-11,-13.965037429695773
1106,9.364119918389363e-05,9.364121259856784e-05,-1.341467420790265e-11,-13.41467420790265
1107,9.364901229285025e-05,9.364902508888215e-05,-1.2796031904176846e-11,-12.796031904176846
1108,9.365682538003638e-05,9.365683757919647e-05,-1.2199160081918953e-11,-12.199160081918953
1109,9.366463841379205e-05,9.366465006951078e-05,-1.1655718732055629e-11,-11.655718732055629
1110,9.367245149225094e-05,9.367246255982511e-05,-1.1067574168080104e-11,-11.067574168080105
1111,9.368026456613755e-05,9.368027505013943e-05,-1.0484001874401331e-11,-10.484001874401331
1112,9.368807760743506e-05,9.368808754045374e-05,-9.933018678700926e-12,-9.933018678700925
1113,9.369589063897638e-05,9.369590003076806e-05,-9.391791676249631e-12,-9.391791676249632
1114,9.370370371862026e-05,9.370371252108237e-05,-8.802462106404634e-12,-8.802462106404635
1115,9.371151675562341e-05,9.371152501139669e-05,-8.255773272879118e-12,-8.255773272879118
1116,9.371932974350126e-05,9.3719337501711e-05,-7.75820973465661e-12,-7.75820973465661
1117,9.372714281089022e-05,9.372714999202533e-05,-7.181135105255124e-12,-7.181135105255124
1118,9.373495584604368e-05,9.373496248233964e-05,-6.63629596129345e-12,-6.63629596129345
1119,9.37427688255692e-05,9.374277497265396e-05,-6.1470847506895374e-12,-6.147084750689538
1120,9.37505818663651e-05,9.375058746296827e-05,-5.59660317467676e-12,-5.59660317467676
1121,9.375839488993895e-05,9.375839995328259e-05,-5.0633436351778825e-12,-5.063343635177882
1122,9.376620787792842e-05,9.376621244359692e-05,-4.5656684918942445e-12,-4.565668491894245
1123,9.37740208729183e-05,9.377402493391123e-05,-4.060992926233411e-12,-4.060992926233411
1124,9.378183389410099e-05,9.378183742422555e-05,-3.530124553968369e-12,-3.5301245539683688
1125,9.378964688891038e-05,9.378964991453986e-05,-3.0256294808641996e-12,-3.0256294808641995
1126,9.37974598348263e-05,9.379746240485418e-05,-2.570027873533507e-12,-2.570027873533507
1127,9.380527286210982e-05,9.380527489516849e-05,-2.0330586685388347e-12,-2.0330586685388345
1128,9.38130858498542e-05,9.38130873854828e-05,-1.5356286091562872e-12,-1.5356286091562872
1129,9.382089878869843e-05,9.382089987579713e-05,-1.0870986969431041e-12,-1.087098696943104
1130,9.382871177744448e-05,9.382871236611145e-05,-5.886669702784515e-13,-0.5886669702784515
1131,9.383652475922544e-05,9.383652485642576e-05,-9.72003210001716e-14,-0.09720032100017159
1132,9.384433771221384e-05,9.384433734674008e-05,3.654737674946056e-13,0.3654737674946056
1133,9.385215065179519e-05,9.38521498370544e-05,8.147408016598072e-13,0.8147408016598072
1134,9.385996363655191e-05,9.385996232736871e-05,1.3091832064307995e-12,1.3091832064307996
1135,9.386777659096722e-05,9.386777481768304e-05,1.7732841862997305e-12,1.7732841862997306
1136,9.387558949703761e-05,9.387558730799735e-05,2.189040266036881e-12,2.1890402660368813
1137,9.388340247491793e-05,9.388339979831167e-05,2.676606267606683e-12,2.6766062676066826
1138,9.389121542937151e-05,9.389121228862598e-05,3.1407455333648298e-12,3.14074553336483
1139,9.389902833181391e-05,9.38990247789403e-05,3.552873615134828e-12,3.552873615134828
1140,9.390684127462777e-05,9.390683726925461e-05,4.005373157419714e-12,4.005373157419713
1141,9.391465422263299e-05,9.391464975956893e-05,4.463064062994367e-12,4.463064062994367
1142,9.392246714432759e-05,9.392246224988325e-05,4.894444336293718e-12,4.894444336293718
1143,9.3930280026776e-05,9.393027474019757e-05,5.286578428960476e-12,5.2865784289604765
1144,9.393809298790364e-05,9.393808723051188e-05,5.757391758689374e-12,5.757391758689374
1145,9.394590591318938e-05,9.39458997208262e-05,6.192363180634539e-12,6.19236318063454
1146,9.395371878412781e-05,9.395371221114051e-05,6.572987301723029e-12,6.572987301723029
1147,9.396153171730697e-05,9.396152470145484e-05,7.015852135612231e-12,7.0158521356122305
1148,9.396934463834825e-05,9.396933719176916e-05,7.446579095787496e-12,7.446579095787496
1149,9.397715752076728e-05,9.397714968208347e-05,7.83868380657538e-12,7.83868380657538
1150,9.398497040310587e-05,9.398496217239779e-05,8.230708083114593e-12,8.230708083114592
1151,9.399278333357168e-05,9.39927746627121e-05,8.670859579094405e-12,8.670859579094405
1152,9.400059621436719e-05,9.400058715302642e-05,9.061340778444155e-12,9.061340778444155
1153,9.400839626344342e-05,9.400839964334073e-05,-3.379897311213397e-12,-3.379897311213397
1154,9.401619950164547e-05,9.401621213365506e-05,-1.2632009584687293e-11,-12.632009584687292
1155,9.402400515256049e-05,9.402402462396937e-05,-1.9471408884415795e-11,-19.471408884415794
1156,9.403181272288946e-05,9.403183711428369e-05,-2.439139422911132e-11,-24.39139422911132
1157,9.403962116410707e-05,9.4039649604598e-05,-2.8440490926151344e-11,-28.440490926151345
1158,9.404743028557208e-05,9.404746209491232e-05,-3.1809340233741e-11,-31.809340233741
1159,9.405523993220787e-05,9.405527458522665e-05,-3.465301877345477e-11,-34.65301877345477
1160,9.406305001671474e-05,9.406308707554096e-05,-3.7058826219618113e-11,-37.05882621961811
1161,9.407086046542413e-05,9.407089956585528e-05,-3.910043114184798e-11,-39.10043114184798
1162,9.407867122191445e-05,9.407871205616959e-05,-4.0834255136597437e-11,-40.834255136597434
1163,9.408648223424008e-05,9.40865245464839e-05,-4.231224382072826e-11,-42.312243820728256
1164,9.409429346108005e-05,9.409433703679822e-05,-4.3575718171912937e-11,-43.57571817191294
1165,9.410210488413781e-05,9.410214952711254e-05,-4.4642974725228416e-11,-44.64297472522841
1166,9.41099164819848e-05,9.410996201742686e-05,-4.5535442058987514e-11,-45.53544205898751
1167,9.411772822043096e-05,9.411777450774118e-05,-4.628731021764902e-11,-46.287310217649015
1168,9.412554008444339e-05,9.41255869980555e-05,-4.6913612098015307e-11,-46.91361209801531
1169,9.413335215485206e-05,9.413339948836981e-05,-4.733351774472721e-11,-47.33351774472721
1170,9.414116430234386e-05,9.414121197868412e-05,-4.76763402626052e-11,-47.6763402626052
1171,9.414897654191124e-05,9.414902446899844e-05,-4.792708719558793e-11,-47.92708719558793
1172,9.415678885306566e-05,9.415683695931277e-05,-4.8106247105152144e-11,-48.10624710515214
1173,9.416460128494145e-05,9.416464944962708e-05,-4.816468562935417e-11,-48.16468562935417
1174,9.417241381250301e-05,9.41724619399414e-05,-4.812743837871446e-11,-48.12743837871446
1175,9.418022638065766e-05,9.418027443025571e-05,-4.804959804308328e-11,-48.04959804308328
1176,9.418803898460397e-05,9.418808692057003e-05,-4.7935966052439066e-11,-47.93596605243906
1177,9.419585169357576e-05,9.419589941088434e-05,-4.771730857641604e-11,-47.717308576416045
1178,9.420366445443821e-05,9.420371190119866e-05,-4.744676043902887e-11,-47.44676043902887
1179,9.421147723911914e-05,9.421152439151298e-05,-4.715239384358512e-11,-47.15239384358512
1180,9.421929004991467e-05,9.42193368818273e-05,-4.683191262606633e-11,-46.83191262606633
1181,9.422710296872734e-05,9.422714937214161e-05,-4.640341427056166e-11,-46.40341427056166
1182,9.423491589465675e-05,9.423496186245593e-05,-4.596779917133922e-11,-45.967799171339216
1183,9.424272880397047e-05,9.424277435277024e-05,-4.5548799768565714e-11,-45.548799768565715
1184,9.425054180865114e-05,9.425058684308457e-05,-4.503443342770435e-11,-45.03443342770435
1185,9.425835482969004e-05,9.425839933339889e-05,-4.4503708847752436e-11,-44.503708847752435
1186,9.42661678428196e-05,9.42662118237132e-05,-4.3980893603963964e-11,-43.98089360396396
1187,9.42739808889099e-05,9.427402431402752e-05,-4.3425117611244924e-11,-43.42511761124492
1188,9.428179398785651e-05,9.428183680434183e-05,-4.281648531249681e-11,-42.81648531249681
1189,9.428960707579268e-05,9.428964929465615e-05,-4.2218863466281046e-11,-42.21886346628104
1190,9.429742014627337e-05,9.429746178497046e-05,-4.163869708530692e-11,-41.638697085306916
1191,9.430523331414933e-05,9.430527427528479e-05,-4.0961135454373176e-11,-40.96113545437318
1192,9.431304644413191e-05,9.43130867655991e-05,-4.0321467190811306e-11,-40.321467190811305
1193,9.432085954576683e-05,9.432089925591342e-05,-3.971014658567146e-11,-39.71014658567146
1194,9.432867273630012e-05,9.432871174622773e-05,-3.900992760944524e-11,-39.00992760944524
1195,9.433648591110026e-05,9.433652423654205e-05,-3.8325441789099553e-11,-38.32544178909956
1196,9.43442990392467e-05,9.434433672685638e-05,-3.7687609676126896e-11,-37.6876096761269
1197,9.435211224619668e-05,9.435214921717069e-05,-3.69709740087605e-11,-36.9709740087605
1198,9.435992544144873e-05,9.4359961707485e-05,-3.6266036272971496e-11,-36.2660362729715
1199,9.436773858836336e-05,9.436777419779932e-05,-3.5609435956319285e-11,-35.60943595631928
1200,9.437555180116425e-05,9.437558668811364e-05,-3.488694937837654e-11,-34.88694937837654
1201,9.438336500741936e-05,9.438339917842795e-05,-3.4171008589735016e-11,-34.17100858973502
1202,9.439117818208963e-05,9.439121166874226e-05,-3.348665262970454e-11,-33.48665262970454
1203,9.439899137796137e-05,9.439902415905659e-05,-3.2781095218163853e-11,-32.781095218163856
1204,9.440680459485722e-05,9.440683664937091e-05,-3.2054513689930795e-11,-32.05451368993079
1205,9.441461776912783e-05,9.441464913968522e-05,-3.137055739392615e-11,-31.370557393926152
1206,9.442243095684833e-05,9.442246162999954e-05,-3.067315120405359e-11,-30.673151204053593
1207,9.443024417474735e-05,9.443027412031385e-05,-2.9945566504207913e-11,-29.945566504207914
1208,9.443805735912734e-05,9.443808661062817e-05,-2.9251500822543944e-11,-29.251500822543946
1209,9.444587052617179e-05,9.44458991009425e-05,-2.8574770706913862e-11,-28.574770706913863
1210,9.445368374651977e-05,9.445371159125681e-05,-2.784473703830603e-11,-27.84473703830603
1211,9.446149693146802e-05,9.446152408157113e-05,-2.7150103099178405e-11,-27.150103099178406
1212,9.446931007206024e-05,9.446933657188544e-05,-2.6499825199074826e-11,-26.499825199074827
1213,9.447712329371258e-05,9.447714906219975e-05,-2.5768487167490856e-11,-25.768487167490857
1214,9.448493647840352e-05,9.448496155251407e-05,-2.5074110550196346e-11,-25.074110550196345
1215,9.44927496112089e-05,9.449277404282838e-05,-2.4431619484963247e-11,-24.431619484963246
1216,9.450056279975915e-05,9.450058653314271e-05,-2.3733383555168084e-11,-23.733383555168086
1217,9.450837595975119e-05,9.450839902345703e-05,-2.306370583585684e-11,-23.06370583585684
1218,9.451618909168811e-05,9.451621151377134e-05,-2.242208323011643e-11,-22.42208323011643
1219,9.452400226370752e-05,9.452402400408566e-05,-2.1740378130845154e-11,-21.740378130845155
1220,9.45318154284464e-05,9.453183649439997e-05,-2.1065953571134862e-11,-21.065953571134862
1221,9.453962853806769e-05,9.45396489847143e-05,-2.0446646610819743e-11,-20.446646610819744
1222,9.454744169861134e-05,9.454746147502862e-05,-1.9776417276548194e-11,-19.776417276548194
1223,9.455525485029974e-05,9.455527396534293e-05,-1.9115043190625474e-11,-19.115043190625475
1224,9.456306797105798e-05,9.456308645565724e-05,-1.8484599264937002e-11,-18.484599264937003
1225,9.457088108447675e-05,9.457089894597156e-05,-1.786149480519759e-11,-17.86149480519759
1226,9.457869423508709e-05,9.457871143628587e-05,-1.7201198782152554e-11,-17.201198782152552
1227,9.45865073404888e-05,9.458652392660019e-05,-1.658611138761495e-11,-16.58611138761495
1228,9.459432042564757e-05,9.459433641691452e-05,-1.5991266942104442e-11,-15.991266942104442
1229,9.460213356681539e-05,9.460214890722883e-05,-1.534041343906749e-11,-15.34041343906749
1230,9.460994667023794e-05,9.460996139754315e-05,-1.472730520138565e-11,-14.727305201385649
1231,9.46177597227447e-05,9.461777388785746e-05,-1.4165112764684568e-11,-14.165112764684569
1232,9.462557285254698e-05,9.462558637817178e-05,-1.3525624790391456e-11,-13.525624790391456
1233,9.463338594855975e-05,9.463339886848609e-05,-1.2919926342722087e-11,-12.919926342722087
1234,9.464119898771002e-05,9.464121135880042e-05,-1.2371090395871762e-11,-12.371090395871763
1235,9.46490120911331e-05,9.464902384911473e-05,-1.1757981629641363e-11,-11.757981629641362
1236,9.465682517556092e-05,9.465683633942905e-05,-1.116386812613049e-11,-11.16386812613049
1237,9.466463821123293e-05,9.466464882974336e-05,-1.061851043537477e-11,-10.618510435374771
1238,9.467245127879835e-05,9.467246132005768e-05,-1.0041259324964658e-11,-10.041259324964658
1239,9.46802643530072e-05,9.4680273810372e-05,-9.457364792847695e-12,-9.457364792847695
1240,9.468807739172324e-05,9.468808630068631e-05,-8.90896306896745e-12,-8.90896306896745
1241,9.46958904102272e-05,9.469589879100064e-05,-8.380773435009969e-12,-8.380773435009969
1242,9.470370348273091e-05,9.470371128131495e-05,-7.7985840412022e-12,-7.798584041202201
1243,9.471151652034963e-05,9.471152377162927e-05,-7.251279638340729e-12,-7.251279638340729
1244,9.471932950737897e-05,9.471933626194358e-05,-6.7545646102909355e-12,-6.754564610290935
1245,9.472714256596042e-05,9.47271487522579e-05,-6.186297470132581e-12,-6.1862974701325815
1246,9.473495559688422e-05,9.473496124257222e-05,-5.64568800213368e-12,-5.64568800213368
1247,9.47427685731133e-05,9.474277373288654e-05,-5.159773240472574e-12,-5.159773240472574
1248,9.475058160338984e-05,9.475058622320085e-05,-4.6198110140655924e-12,-4.619811014065593
1249,9.475839462291426e-05,9.475839871351517e-05,-4.090600901918313e-12,-4.090600901918313
1250,9.476620761131117e-05,9.476621120382948e-05,-3.5925183154582547e-12,-3.5925183154582547
1251,9.477402058964254e-05,9.47740236941438e-05,-3.104501258679645e-12,-3.1045012586796448
1252,9.47818336110313e-05,9.478183618445811e-05,-2.5734268066866676e-12,-2.5734268066866677
1253,9.478964660061958e-05,9.478964867477244e-05,-2.074152858221901e-12,-2.074152858221901
1254,9.479745954105211e-05,9.479746116508676e-05,-1.6240346440361354e-12,-1.6240346440361353
1255,9.480527255441134e-05,9.480527365540107e-05,-1.10098972556995e-12,-1.1009897255699501
1256,9.481308554050372e-05,9.481308614571539e-05,-6.052116650376186e-13,-0.6052116650376186
1257,9.482089847408906e-05,9.48208986360297e-05,-1.6194063480449503e-13,-0.16194063480449503
1258,9.48287114552678e-05,9.482871112634403e-05,3.2892376727202346e-13,0.32892376727202344
1259,9.483652443288271e-05,9.483652361665834e-05,8.162243697025278e-13,0.8162243697025278
1260,9.484433738142351e-05,9.484433610697266e-05,1.2744508575978621e-12,1.2744508575978621
1261,9.485215030522509e-05,9.485214859728697e-05,1.7079381151891123e-12,1.7079381151891122
1262,9.485996328954551e-05,9.485996108760129e-05,2.201944223453369e-12,2.2019442234533693
1263,9.486777624064235e-05,9.48677735779156e-05,2.6627267450753924e-12,2.662726745075392
1264,9.4875589141707e-05,9.487558606822992e-05,3.073477090487232e-12,3.073477090487232
1265,9.488340210456172e-05,9.488339855854425e-05,3.5460174729617357e-12,3.5460174729617355
1266,9.489121505144036e-05,9.489121104885856e-05,4.002581797611487e-12,4.002581797611487
1267,9.489902795841953e-05,9.489902353917288e-05,4.419246655609615e-12,4.419246655609615
1268,9.490684087956563e-05,9.490683602948719e-05,4.850078444582432e-12,4.850078444582432
1269,9.491465382672267e-05,9.49146485198015e-05,5.306921165245023e-12,5.306921165245023
1270,9.492246674598154e-05,9.492246101011582e-05,5.735865724153776e-12,5.7358657241537765
1271,9.493027961961984e-05,9.493027350043015e-05,6.119189698387135e-12,6.119189698387135
1272,9.493809256442945e-05,9.493808599074446e-05,6.573684985821023e-12,6.573684985821023
1273,9.494590548634336e-05,9.494589848105878e-05,7.00528457966734e-12,7.00528457966734
1274,9.495371835781094e-05,9.49537109713731e-05,7.386437845626111e-12,7.386437845626111
1275,9.496153126996072e-05,9.496152346168741e-05,7.808273317994931e-12,7.8082733179949315
1276,9.49693441879888e-05,9.496933595200172e-05,8.235987077044952e-12,8.235987077044951
1277,9.497715707908624e-05,9.497714844231604e-05,8.636770202807333e-12,8.636770202807334
1278,9.498496992913397e-05,9.498496093263037e-05,8.996503604728248e-12,8.996503604728247
1279,9.499278285748205e-05,9.499277342294468e-05,9.434537369262126e-12,9.434537369262125
1280,9.500059572985605e-05,9.5000585913259e-05,9.816597055342149e-12,9.816597055342148
1281,9.500839573124547e-05,9.500839840357331e-05,-2.6723278372810126e-12,-2.6723278372810126
1282,9.501619890994446e-05,9.501621089388763e-05,-1.1983943158859987e-11,-11.983943158859987
1283,9.50240044574781e-05,9.502402338420195e-05,-1.8926723846240413e-11,-18.926723846240414
1284,9.50318119405606e-05,9.503183587451627e-05,-2.393395567159231e-11,-23.93395567159231
1285,9.503962031006899e-05,9.503964836483058e-05,-2.8054761595188218e-11,-28.054761595188218
1286,9.504742937902851e-05,9.50474608551449e-05,-3.1476116388088985e-11,-31.476116388088986
1287,9.505523899443693e-05,9.505527334545921e-05,-3.435102228140501e-11,-34.35102228140501
1288,9.506304900243696e-05,9.506308583577353e-05,-3.683333656229001e-11,-36.83333656229001
1289,9.507085936620428e-05,9.507089832608784e-05,-3.8959883561221267e-11,-38.95988356122127
1290,9.507867002916952e-05,9.507871081640217e-05,-4.0787232651407964e-11,-40.78723265140796
1291,9.508648099483865e-05,9.508652330671649e-05,-4.231187783473241e-11,-42.31187783473241
1292,9.509429218146637e-05,9.50943357970308e-05,-4.3615564431342945e-11,-43.615564431342946
1293,9.51021035539984e-05,9.510214828734512e-05,-4.473334671680258e-11,-44.73334671680258
1294,9.510991510240504e-05,9.510996077765943e-05,-4.5675254387910954e-11,-45.675254387910954
1295,9.511772680547011e-05,9.511777326797376e-05,-4.646250364132783e-11,-46.46250364132783
1296,9.512553862924797e-05,9.512558575828807e-05,-4.712904010168473e-11,-47.12904010168473
1297,9.513335059541583e-05,9.513339824860239e-05,-4.765318655600563e-11,-47.653186556005636
1298,9.514116272347638e-05,9.51412107389167e-05,-4.801544032140176e-11,-48.01544032140176
1299,9.514897492706783e-05,9.514902322923102e-05,-4.830216318310927e-11,-48.302163183109265
1300,9.515678721627296e-05,9.515683571954533e-05,-4.8503272372632163e-11,-48.50327237263216
1301,9.516459956510191e-05,9.516464820985965e-05,-4.8644757733927966e-11,-48.64475773392797
1302,9.51724120550868e-05,9.517246070017398e-05,-4.8645087168758076e-11,-48.645087168758074
1303,9.518022460215571e-05,9.518027319048829e-05,-4.858833257316025e-11,-48.58833257316025
1304,9.518803718644935e-05,9.51880856808026e-05,-4.849435325122285e-11,-48.49435325122285
1305,9.5195849805026e-05,9.519589817111692e-05,-4.836609091449037e-11,-48.36609091449037
1306,9.520366255334331e-05,9.520371066143124e-05,-4.81080879178107e-11,-48.1080879178107
1307,9.521147532478513e-05,9.521152315174555e-05,-4.782696042022748e-11,-47.82696042022748
1308,9.521928810144569e-05,9.521933564205988e-05,-4.754061418324964e-11,-47.540614183249644
1309,9.522710094792549e-05,9.52271481323742e-05,-4.7184448700943e-11,-47.184448700942994
1310,9.523491385515167e-05,9.523496062268851e-05,-4.676753683458492e-11,-46.767536834584924
1311,9.52427267733472e-05,9.524277311300282e-05,-4.633965562050936e-11,-46.33965562050936
1312,9.525053967986349e-05,9.525058560331714e-05,-4.592345364907625e-11,-45.92345364907625
1313,9.52583526933327e-05,9.525839809363145e-05,-4.540029875185219e-11,-45.40029875185219
1314,9.526616570738589e-05,9.526621058394577e-05,-4.487655987623298e-11,-44.87655987623298
1315,9.527397869167873e-05,9.52740230742601e-05,-4.4382581360914013e-11,-44.38258136091401
1316,9.528179176045086e-05,9.528183556457441e-05,-4.380412354703845e-11,-43.80412354703845
1317,9.528960483935962e-05,9.528964805488873e-05,-4.321552910692398e-11,-43.21552910692398
1318,9.529741790006218e-05,9.529746054520304e-05,-4.264514086074043e-11,-42.64514086074043
1319,9.530523099098698e-05,9.530527303551736e-05,-4.204453037057863e-11,-42.04453037057863
1320,9.531304412302808e-05,9.531308552583168e-05,-4.1402803600114497e-11,-41.402803600114495
1321,9.532085723670137e-05,9.5320898016146e-05,-4.0779444623915093e-11,-40.77944462391509
1322,9.53286703367924e-05,9.532871050646031e-05,-4.016966790911634e-11,-40.16966790911634
1323,9.533648351188156e-05,9.533652299677463e-05,-3.948489306757652e-11,-39.48489306757652
1324,9.53442966614537e-05,9.534433548708894e-05,-3.882563523587428e-11,-38.82563523587428
1325,9.535210977189493e-05,9.535214797740326e-05,-3.820550832056116e-11,-38.205508320561165
1326,9.535992297052567e-05,9.535996046771757e-05,-3.749719189909457e-11,-37.497191899094574
1327,9.536773614285998e-05,9.53677729580319e-05,-3.681517192040735e-11,-36.81517192040735
1328,9.537554926637427e-05,9.537558544834622e-05,-3.6181971939243893e-11,-36.181971939243894
1329,9.538336246926695e-05,9.538339793866053e-05,-3.546939357324737e-11,-35.46939357324737
1330,9.539117565607112e-05,9.539121042897485e-05,-3.477290372394594e-11,-34.77290372394594
1331,9.53989887898188e-05,9.539902291928916e-05,-3.412947035149968e-11,-34.129470351499684
1332,9.540680198732272e-05,9.540683540960349e-05,-3.342228076845601e-11,-33.422280768456005
1333,9.541461518307796e-05,9.54146478999178e-05,-3.271683984088623e-11,-32.71683984088623
1334,9.542242834179677e-05,9.542246039023212e-05,-3.2048435340843717e-11,-32.04843534084372
1335,9.543024151597001e-05,9.543027288054643e-05,-3.136457641974669e-11,-31.36457641974669
1336,9.54380547059291e-05,9.543808537086075e-05,-3.0664931650543544e-11,-30.664931650543544
1337,9.544586786100331e-05,9.544589786117506e-05,-3.000017175031395e-11,-30.00017175031395
1338,9.545368102568297e-05,9.545371035148938e-05,-2.9325806401594804e-11,-29.325806401594804
1339,9.546149421679885e-05,9.54615228418037e-05,-2.8625004856436253e-11,-28.625004856436252
1340,9.546930737435187e-05,9.546933533211802e-05,-2.7957766144779706e-11,-27.957766144779708
1341,9.547712051295509e-05,9.547714782243234e-05,-2.7309477240666605e-11,-27.309477240666606
1342,9.54849337047614e-05,9.548496031274665e-05,-2.660798524845956e-11,-26.60798524845956
1343,9.549274686029979e-05,9.549277280306096e-05,-2.5942761174174873e-11,-25.942761174174873
1344,9.55005599572598e-05,9.550058529337528e-05,-2.533611547261993e-11,-25.33611547261993
1345,9.550837314128666e-05,9.550839778368961e-05,-2.4642402942708595e-11,-24.642402942708596
1346,9.551618628514655e-05,9.551621027400392e-05,-2.398885736567736e-11,-23.98885736567736
1347,9.552399938730372e-05,9.552402276431824e-05,-2.3377014513903555e-11,-23.377014513903553
1348,9.553181256304004e-05,9.553183525463255e-05,-2.2691592512086983e-11,-22.69159251208698
1349,9.553962570247228e-05,9.553964774494687e-05,-2.2042474586335218e-11,-22.042474586335217
1350,9.554743878833517e-05,9.554746023526118e-05,-2.144692600572379e-11,-21.44692600572379
1351,9.555525193704526e-05,9.55552727255755e-05,-2.0788530236721415e-11,-20.788530236721414
1352,9.556306506829847e-05,9.556308521588983e-05,-2.0147591355976028e-11,-20.14759135597603
1353,9.557087815410538e-05,9.557089770620414e-05,-1.955209876085428e-11,-19.552098760854282
1354,9.557869126701327e-05,9.557871019651845e-05,-1.8929505177178544e-11,-18.929505177178545
1355,9.558650439153626e-05,9.558652268683277e-05,-1.8295296508523915e-11,-18.295296508523915
1356,9.55943174739724e-05,9.559433517714708e-05,-1.77031746844039e-11,-17.703174684403898
1357,9.560213054717525e-05,9.560214766746141e-05,-1.712028615637773e-11,-17.12028615637773
1358,9.560994366652278e-05,9.560996015777573e-05,-1.649125294034599e-11,-16.491252940345987
1359,9.561775674966254e-05,9.561777264809004e-05,-1.5898427496121083e-11,-15.898427496121084
1360,9.562556978381499e-05,9.562558513840436e-05,-1.535458936892021e-11,-15.35458936892021
1361,9.563338289557897e-05,9.563339762871867e-05,-1.473313969985161e-11,-14.733139699851609
1362,9.564119597249028e-05,9.564121011903299e-05,-1.4146542698952035e-11,-14.146542698952036
1363,9.564900899341703e-05,9.56490226093473e-05,-1.3615930266162336e-11,-13.615930266162335
1364,9.565682207811972e-05,9.565683509966163e-05,-1.3021541903848211e-11,-13.021541903848211
1365,9.566463514391051e-05,9.566464758997594e-05,-1.244606542910655e-11,-12.44606542910655
1366,9.567244816286629e-05,9.567246008029026e-05,-1.1917423967446212e-11,-11.917423967446211
1367,9.568026120979876e-05,9.568027257060457e-05,-1.1360805807137166e-11,-11.360805807137167
1368,9.568807426654838e-05,9.568808506091889e-05,-1.0794370507864389e-11,-10.79437050786439
1369,9.569588729111558e-05,9.56958975512332e-05,-1.026011762233508e-11,-10.26011762233508
1370,9.570370028648951e-05,9.570371004154753e-05,-9.755058018712225e-12,-9.755058018712225
1371,9.571151334544389e-05,9.571152253186185e-05,-9.186417953664117e-12,-9.186417953664117
1372,9.571932636696687e-05,9.571933502217616e-05,-8.655209290994714e-12,-8.655209290994714
1373,9.572713933758266e-05,9.572714751249048e-05,-8.174907809898798e-12,-8.174907809898798
1374,9.573495237672788e-05,9.573496000280479e-05,-7.626076904588575e-12,-7.626076904588575
1375,9.574276539267957e-05,9.57427724931191e-05,-7.100439536755233e-12,-7.100439536755233
1376,9.575057835774583e-05,9.575058498343342e-05,-6.625687585136766e-12,-6.625687585136766
1377,9.575839136310756e-05,9.575839747374775e-05,-6.1106401891282295e-12,-6.11064018912823
1378,9.576620436925354e-05,9.576620996406206e-05,-5.594808521925699e-12,-5.594808521925699
1379,9.57740173453234e-05,9.577402245437638e-05,-5.109052975353622e-12,-5.109052975353622
1380,9.578183029535071e-05,9.57818349446907e-05,-4.6493399785171744e-12,-4.649339978517174
1381,9.578964330605238e-05,9.578964743500501e-05,-4.128952629311131e-12,-4.128952629311131
1382,9.579745628248717e-05,9.579745992531934e-05,-3.64283216739285e-12,-3.64283216739285
1383,9.580526920665916e-05,9.580527241563365e-05,-3.2089744921293704e-12,-3.2089744921293706
1384,9.58130821988949e-05,9.581308490594797e-05,-2.707053057484666e-12,-2.7070530574846656
1385,9.582089517046403e-05,9.582089739626228e-05,-2.225798250971011e-12,-2.225798250971011
1386,9.582870809775744e-05,9.58287098865766e-05,-1.7888191576529453e-12,-1.7888191576529453
1387,9.583652104776659e-05,9.583652237689091e-05,-1.3291243212028867e-12,-1.3291243212028867
1388,9.58443340158902e-05,9.584433486720523e-05,-8.513150278782279e-13,-0.8513150278782279
1389,9.585214695436928e-05,9.585214735751955e-05,-4.031502749567379e-13,-0.40315027495673794
1390,9.585995984993545e-05,9.585995984783387e-05,2.1015797949227253e-15,0.0021015797949227254
1391,9.586777282302015e-05,9.586777233814818e-05,4.848719654204408e-13,0.48487196542044075
1392,9.587558576182321e-05,9.58755848284625e-05,9.333607186086509e-13,0.9333607186086509
1393,9.58833986477744e-05,9.588339731877681e-05,1.3289975838916398e-12,1.3289975838916397
1394,9.589121159663281e-05,9.589120980909114e-05,1.7875416752608766e-12,1.7875416752608766
1395,9.589902452596496e-05,9.589902229940546e-05,2.226559502344084e-12,2.226559502344084
1396,9.590683743208302e-05,9.590683478971977e-05,2.6423632463192425e-12,2.6423632463192424
1397,9.591465031464937e-05,9.591464728003409e-05,3.0346152866298403e-12,3.0346152866298404
1398,9.592246325790073e-05,9.59224597703484e-05,3.487552331596378e-12,3.4875523315963783
1399,9.593027616844103e-05,9.593027226066272e-05,3.907778319392671e-12,3.9077783193926705
1400,9.593808902818524e-05,9.593808475097703e-05,4.277208215680573e-12,4.277208215680573
1401,9.594590195325215e-05,9.594589724129136e-05,4.7119607914172225e-12,4.711960791417223
1402,9.595371485972902e-05,9.595370973160567e-05,5.128123352101365e-12,5.128123352101365
1403,9.596152773314214e-05,9.596152222191999e-05,5.511222151096026e-12,5.5112221510960255
1404,9.59693406050159e-05,9.59693347122343e-05,5.892781599846191e-12,5.892781599846192
1405,9.597715351863896e-05,9.597714720254862e-05,6.316090340337093e-12,6.316090340337094
1406,9.598496640362848e-05,9.598495969286293e-05,6.710765545398142e-12,6.710765545398142
1407,9.599277923903151e-05,9.599277218317726e-05,7.055854249104534e-12,7.0558542491045335
1408,9.600059212108783e-05,9.600058467349158e-05,7.44759625360814e-12,7.447596253608141
1409,9.600839208424543e-05,9.600839716380589e-05,-5.079560453647563e-12,-5.079560453647563
1410,9.601619527684936e-05,9.60162096541202e-05,-1.4377270841706829e-11,-14.377270841706828
1411,9.602400070837687e-05,9.602402214443452e-05,-2.143605765143867e-11,-21.43605765143867
1412,9.603180819899288e-05,9.603183463474884e-05,-2.6435755952205162e-11,-26.435755952205163
1413,9.60396165685264e-05,9.603964712506315e-05,-3.055653674941572e-11,-30.55653674941572
1414,9.604742560637445e-05,9.604745961537748e-05,-3.400900302181156e-11,-34.00900302181156
1415,9.605523516669893e-05,9.60552721056918e-05,-3.6938992863597824e-11,-36.938992863597825
1416,9.60630451470564e-05,9.606308459600611e-05,-3.94489497055745e-11,-39.4489497055745
1417,9.607085548665324e-05,9.607089708632042e-05,-4.1599667175902683e-11,-41.59966717590268
1418,9.607866612872962e-05,9.607870957663474e-05,-4.344790511500821e-11,-43.44790511500821
1419,9.608647703145943e-05,9.608652206694907e-05,-4.503548963035573e-11,-45.035489630355734
1420,9.609428815132515e-05,9.609433455726338e-05,-4.640593822545657e-11,-46.40593822545657
1421,9.610209945735049e-05,9.61021470475777e-05,-4.759022720689994e-11,-47.59022720689994
1422,9.61099109914158e-05,9.610995953789201e-05,-4.854647620290245e-11,-48.546476202902454
1423,9.611772269247847e-05,9.611777202820633e-05,-4.933572785575916e-11,-49.33572785575916
1424,9.612553451616645e-05,9.612558451852064e-05,-5.0002354182923635e-11,-50.00235418292363
1425,9.613334646606653e-05,9.613339700883496e-05,-5.0542768426768853e-11,-50.54276842676885
1426,9.614115850812766e-05,9.614120949914928e-05,-5.0991021623482564e-11,-50.99102162348257
1427,9.614897067098629e-05,9.61490219894636e-05,-5.131847731028905e-11,-51.31847731028905
1428,9.615678297280349e-05,9.615683447977791e-05,-5.1506974423172815e-11,-51.506974423172814
1429,9.616459532830369e-05,9.616464697009223e-05,-5.1641788539423516e-11,-51.641788539423516
1430,9.617240775977435e-05,9.617245946040654e-05,-5.1700632189319815e-11,-51.70063218931981
1431,9.61802202312856e-05,9.618027195072087e-05,-5.171943526365174e-11,-51.71943526365174
1432,9.618803284888779e-05,9.618808444103519e-05,-5.1592147394279366e-11,-51.592147394279365
1433,9.619584548717349e-05,9.61958969313495e-05,-5.1444176010327103e-11,-51.444176010327105
1434,9.620365814577953e-05,9.620370942166382e-05,-5.1275884278865156e-11,-51.275884278865156
1435,9.62114708821952e-05,9.621152191197813e-05,-5.1029782921798566e-11,-51.029782921798564
1436,9.621928368814678e-05,9.621933440229245e-05,-5.071414566208842e-11,-50.71414566208842
1437,9.622709651592348e-05,9.622714689260676e-05,-5.0376683277120875e-11,-50.376683277120875
1438,9.623490933610967e-05,9.623495938292109e-05,-5.004681141866795e-11,-50.04681141866795
1439,9.624272226439046e-05,9.62427718732354e-05,-4.9608844942431405e-11,-49.6088449424314
1440,9.625053520606501e-05,9.625058436354972e-05,-4.915748470689442e-11,-49.15748470689442
1441,9.625834813554631e-05,9.625839685386403e-05,-4.8718317720697334e-11,-48.718317720697335
1442,9.626616112026824e-05,9.626620934417835e-05,-4.822391010526355e-11,-48.22391010526355
1443,9.627397414695668e-05,9.627402183449266e-05,-4.7687535978183775e-11,-47.687535978183774
1444,9.628178717136234e-05,9.628183432480699e-05,-4.7153444652330694e-11,-47.15344465233069
1445,9.62896001723647e-05,9.62896468151213e-05,-4.664275660286476e-11,-46.64275660286476
1446,9.629741327925888e-05,9.629745930543562e-05,-4.6026176736274094e-11,-46.026176736274095
1447,9.630522635580337e-05,9.630527179574994e-05,-4.5439946561627054e-11,-45.43994656162705
1448,9.631303941112608e-05,9.631308428606425e-05,-4.487493816728096e-11,-44.87493816728096
1449,9.632085254536236e-05,9.632089677637857e-05,-4.423101619912567e-11,-44.23101619912567
1450,9.63286656601324e-05,9.632870926669288e-05,-4.360656047111363e-11,-43.60656047111363
1451,9.633647874595023e-05,9.633652175700721e-05,-4.301105697976005e-11,-43.01105697976005
1452,9.634429190696701e-05,9.634433424732152e-05,-4.234035451321296e-11,-42.34035451321296
1453,9.635210505470533e-05,9.635214673763584e-05,-4.1682930501065254e-11,-41.68293050106525
1454,9.635991818123684e-05,9.635995922795015e-05,-4.1046713307228514e-11,-41.046713307228515
1455,9.636773131891614e-05,9.636777171826447e-05,-4.0399348319549224e-11,-40.399348319549226
1456,9.637554449399636e-05,9.63755842085788e-05,-3.971458243622986e-11,-39.71458243622986
1457,9.638335763223379e-05,9.638339669889311e-05,-3.90666593148247e-11,-39.0666593148247
1458,9.639117077526751e-05,9.639120918920743e-05,-3.841393991340143e-11,-38.41393991340143
1459,9.639898396215048e-05,9.639902167952174e-05,-3.7717371256154585e-11,-37.717371256154586
1460,9.640679711805625e-05,9.640683416983606e-05,-3.705177979996375e-11,-37.05177979996375
1461,9.641461024430595e-05,9.641464666015037e-05,-3.6415844417376694e-11,-36.4158444173767
1462,9.642242344282438e-05,9.642245915046468e-05,-3.5707640305702645e-11,-35.70764030570265
1463,9.643023660569766e-05,9.643027164077901e-05,-3.5035081346223076e-11,-35.03508134622307
1464,9.643804972056702e-05,9.643808413109333e-05,-3.441052630529204e-11,-34.41052630529204
1465,9.644586291815183e-05,9.644589662140764e-05,-3.3703255813661246e-11,-33.703255813661244
1466,9.645367608300012e-05,9.645370911172196e-05,-3.3028721830846696e-11,-33.0287218308467
1467,9.646148919391309e-05,9.646152160203627e-05,-3.240812317916833e-11,-32.408123179168335
1468,9.646930237620735e-05,9.64693340923506e-05,-3.171614324498621e-11,-31.71614324498621
1469,9.647711553833016e-05,9.647714658266492e-05,-3.104433475669791e-11,-31.044334756697907
1470,9.648492864331556e-05,9.648495907297923e-05,-3.0429663668689483e-11,-30.429663668689482
1471,9.649274180950412e-05,9.649277156329355e-05,-2.975378942225436e-11,-29.75378942225436
1472,9.65005549581259e-05,9.650058405360786e-05,-2.9095481961518935e-11,-29.095481961518935
1473,9.650836806466392e-05,9.650839654392217e-05,-2.847925825534193e-11,-28.479258255341932
1474,9.651618118073413e-05,9.651620903423649e-05,-2.785350235208465e-11,-27.85350235208465
1475,9.652399433217353e-05,9.652402152455082e-05,-2.7192377280295896e-11,-27.192377280295897
1476,9.653180743407292e-05,9.653183401486513e-05,-2.6580792211141126e-11,-26.580792211141127
1477,9.653962053170902e-05,9.653964650517945e-05,-2.5973470428216477e-11,-25.973470428216476
1478,9.654743367694663e-05,9.654745899549376e-05,-2.531854712837961e-11,-25.31854712837961
1479,9.655524678259433e-05,9.655527148580808e-05,-2.4703213741921597e-11,-24.703213741921598
1480,9.65630598540024e-05,9.656308397612239e-05,-2.4122119988619235e-11,-24.122119988619236
1481,9.657087298493451e-05,9.657089646643672e-05,-2.3481502207899756e-11,-23.481502207899755
1482,9.65786860860331e-05,9.657870895675104e-05,-2.2870717930469584e-11,-22.870717930469585
1483,9.658649914842264e-05,9.658652144706535e-05,-2.2298642706363227e-11,-22.29864270636323
1484,9.659431225819677e-05,9.659433393737966e-05,-2.1679182887094315e-11,-21.679182887094314
1485,9.660212534876869e-05,9.660214642769398e-05,-2.107892529118713e-11,-21.07892529118713
1486,9.660993838887481e-05,9.66099589180083e-05,-2.0529133484596488e-11,-20.52913348459649
1487,9.661775147243643e-05,9.661777140832261e-05,-1.993588617730627e-11,-19.93588617730627
1488,9.662556455703905e-05,9.662558389863694e-05,-1.9341597886852665e-11,-19.341597886852664
1489,9.663337760364065e-05,9.663339638895125e-05,-1.8785310597941607e-11,-18.785310597941606
1490,9.664119064138529e-05,9.664120887926557e-05,-1.823788027855033e-11,-18.23788027855033
1491,9.664900372075728e-05,9.664902136957988e-05,-1.7648822599505137e-11,-17.648822599505138
1492,9.66568167650243e-05,9.66568338598942e-05,-1.7094869896027038e-11,-17.09486989602704
1493,9.666462976205284e-05,9.666464635020853e-05,-1.6588155677916225e-11,-16.588155677916227
1494,9.667244283421759e-05,9.667245884052284e-05,-1.6006305246365158e-11,-16.00630524636516
1495,9.668025587421671e-05,9.668027133083715e-05,-1.5456620436976413e-11,-15.456620436976413
1496,9.66880688569205e-05,9.668808382115147e-05,-1.4964230969019022e-11,-14.964230969019022
1497,9.669588190218296e-05,9.669589631146578e-05,-1.4409282818868783e-11,-14.409282818868784
1498,9.670369493075403e-05,9.67037088017801e-05,-1.3871026069584175e-11,-13.871026069584175
1499,9.671150791565415e-05,9.671152129209441e-05,-1.3376440265523345e-11,-13.376440265523344
1500,9.671932091090143e-05,9.671933378240874e-05,-1.2871507310266763e-11,-12.871507310266763
1501,9.672713394493393e-05,9.672714627272306e-05,-1.2327789122931222e-11,-12.327789122931222
1502,9.673494693820912e-05,9.673495876303737e-05,-1.1824828250111228e-11,-11.824828250111228
1503,9.674275988563776e-05,9.674277125335169e-05,-1.1367713923251902e-11,-11.367713923251902
1504,9.675057291326759e-05,9.6750583743666e-05,-1.083039841053081e-11,-10.83039841053081
1505,9.675838590338891e-05,9.675839623398032e-05,-1.0330591400515415e-11,-10.330591400515415
1506,9.676619883869478e-05,9.676620872429464e-05,-9.885599863407301e-12,-9.8855998634073
1507,9.677401183662796e-05,9.677402121460896e-05,-9.377981000556294e-12,-9.377981000556293
1508,9.67818248176755e-05,9.678183370492327e-05,-8.887247773390119e-12,-8.887247773390119
1509,9.678963776363936e-05,9.678964619523759e-05,-8.431598230770875e-12,-8.431598230770875
1510,9.679745070873662e-05,9.67974586855519e-05,-7.976815277395572e-12,-7.976815277395572
1511,9.680526369118597e-05,9.680527117586622e-05,-7.484680244583009e-12,-7.484680244583009
1512,9.68130766432674e-05,9.681308366618053e-05,-7.0229131318630975e-12,-7.022913131863097
1513,9.682088955058514e-05,9.682089615649486e-05,-6.605909718184084e-12,-6.605909718184083
1514,9.682870252242622e-05,9.682870864680918e-05,-6.124382953107988e-12,-6.124382953107988
1515,9.683651547208348e-05,9.683652113712349e-05,-5.665040008025537e-12,-5.665040008025537
1516,9.684432837262238e-05,9.68443336274378e-05,-5.25481541935219e-12,-5.25481541935219
1517,9.685214131346631e-05,9.685214611775212e-05,-4.8042858046520746e-12,-4.804285804652075
1518,9.685995425698805e-05,9.685995860806645e-05,-4.3510784003213e-12,-4.3510784003213
1519,9.686776717375598e-05,9.686777109838076e-05,-3.924624782351305e-12,-3.924624782351305
1520,9.687558005203206e-05,9.687558358869508e-05,-3.5366630113523957e-12,-3.536663011352396
1521,9.688339300757966e-05,9.68833960790094e-05,-3.0714297313921022e-12,-3.071429731392102
1522,9.689120592753581e-05,9.689120856932371e-05,-2.6417878949611693e-12,-2.6417878949611695
1523,9.689901879393574e-05,9.689902105963802e-05,-2.2657022848242856e-12,-2.2657022848242856
1524,9.690683172070481e-05,9.690683354995234e-05,-1.829247525229361e-12,-1.8292475252293612
1525,9.691464463358452e-05,9.691464604026667e-05,-1.4066821408529696e-12,-1.4066821408529695
1526,9.692245751233774e-05,9.692245853058098e-05,-1.0182432395830033e-12,-1.0182432395830032
1527,9.69302703802835e-05,9.69302710208953e-05,-6.40611787541117e-13,-0.6406117875411169
1528,9.693808330365645e-05,9.693808351120961e-05,-2.0755315572623176e-13,-0.20755315572623176
1529,9.694589619649656e-05,9.694589600152393e-05,1.9497263529303995e-13,0.19497263529303996
1530,9.695370903677446e-05,9.695370849183825e-05,5.449362101225243e-13,0.5449362101225244
1531,9.696152194267164e-05,9.696152098215257e-05,9.605190750100933e-13,0.9605190750100933
1532,9.696933483183607e-05,9.696933347246688e-05,1.3593691902716775e-12,1.3593691902716776
1533,9.69771476880915e-05,9.69771459627812e-05,1.7253103001513747e-12,1.7253103001513748
1534,9.698496053901857e-05,9.698495845309551e-05,2.0859230577968104e-12,2.08592305779681
1535,9.699277343658745e-05,9.699277094340983e-05,2.493177623696432e-12,2.493177623696432
1536,9.700058628299019e-05,9.700058343372414e-05,2.849266046333667e-12,2.849266046333667
1537,9.700838647260987e-05,9.700839592403847e-05,-9.451428596217957e-12,-9.451428596217957
1538,9.701618995681104e-05,9.701620841435279e-05,-1.84575417393376e-11,-18.4575417393376
1539,9.702399582987984e-05,9.70240209046671e-05,-2.5074787254982302e-11,-25.0747872549823
1540,9.703180361146384e-05,9.703183339498142e-05,-2.9783517568197556e-11,-29.783517568197556
1541,9.703961229154078e-05,9.703964588529573e-05,-3.3593754945002325e-11,-33.593754945002324
1542,9.704742161753625e-05,9.704745837561005e-05,-3.675807379535117e-11,-36.75807379535117
1543,9.705523147764812e-05,9.705527086592437e-05,-3.93882762476717e-11,-39.3882762476717
1544,9.706304175337925e-05,9.706308335623869e-05,-4.1602859433016714e-11,-41.60285943301671
1545,9.707085237551859e-05,9.7070895846553e-05,-4.347103441350637e-11,-43.471034413506366
1546,9.707866328587738e-05,9.707870833686732e-05,-4.50509899402672e-11,-45.0509899402672
1547,9.708647444322681e-05,9.708652082718163e-05,-4.638395482023451e-11,-46.383954820234514
1548,9.709428581869367e-05,9.709433331749595e-05,-4.7498802278833444e-11,-47.498802278833445
1549,9.71020973826292e-05,9.710214580781026e-05,-4.842518105775058e-11,-48.425181057750585
1550,9.71099090906452e-05,9.710995829812459e-05,-4.9207479383261964e-11,-49.20747938326196
1551,9.711772099109265e-05,9.71177707884389e-05,-4.979734625659859e-11,-49.797346256598594
1552,9.712553304316466e-05,9.712558327875322e-05,-5.023558855386782e-11,-50.23558855386782
1553,9.713334519403738e-05,9.713339576906754e-05,-5.057503014990124e-11,-50.57503014990124
1554,9.714115744381105e-05,9.714120825938185e-05,-5.081557079665548e-11,-50.81557079665548
1555,9.714896976102701e-05,9.714902074969618e-05,-5.0988669162266286e-11,-50.988669162266284
1556,9.715678224532097e-05,9.71568332400105e-05,-5.0994689520089664e-11,-50.994689520089665
1557,9.716459477192135e-05,9.716464573032481e-05,-5.0958403455333446e-11,-50.958403455333446
1558,9.717240737067369e-05,9.717245822063912e-05,-5.084996543006421e-11,-50.84996543006421
1559,9.718021998950011e-05,9.718027071095344e-05,-5.072145332025625e-11,-50.721453320256245
1560,9.718803275284081e-05,9.718808320126775e-05,-5.044842694064826e-11,-50.44842694064826
1561,9.719584553980888e-05,9.719589569158207e-05,-5.0151773180064074e-11,-50.151773180064076
1562,9.720365833257395e-05,9.72037081818964e-05,-4.984932244796162e-11,-49.849322447961626
1563,9.721147121058089e-05,9.721152067221071e-05,-4.9461629816599505e-11,-49.461629816599505
1564,9.721928414316854e-05,9.721933316252503e-05,-4.901935648275803e-11,-49.01935648275803
1565,9.722709708599698e-05,9.722714565283934e-05,-4.8566842357953924e-11,-48.566842357953924
1566,9.723491002533593e-05,9.723495814315366e-05,-4.8117817724289436e-11,-48.11781772428944
1567,9.724272307622879e-05,9.724277063346798e-05,-4.7557239190284736e-11,-47.55723919028473
1568,9.72505361207296e-05,9.72505831237823e-05,-4.700305269216067e-11,-47.003052692160665
1569,9.725834913848213e-05,9.725839561409661e-05,-4.6475614478071354e-11,-46.47561447807136
1570,9.726616225055334e-05,9.726620810441093e-05,-4.585385758676465e-11,-45.85385758676465
1571,9.727397536506969e-05,9.727402059472524e-05,-4.522965554850845e-11,-45.22965554850845
1572,9.728178844756722e-05,9.728183308503956e-05,-4.4637472331440416e-11,-44.637472331440414
1573,9.728960159829476e-05,9.728964557535387e-05,-4.3977059106140535e-11,-43.97705910614054
1574,9.729741476799338e-05,9.72974580656682e-05,-4.3297674822934627e-11,-43.297674822934624
1575,9.730522790963061e-05,9.730527055598252e-05,-4.264635190101457e-11,-42.64635190101457
1576,9.7313041055841e-05,9.731308304629683e-05,-4.1990455827883496e-11,-41.990455827883494
1577,9.732085426909476e-05,9.732089553661115e-05,-4.1267516378693305e-11,-41.26751637869331
1578,9.732866744792718e-05,9.732870802692546e-05,-4.0578998274942874e-11,-40.578998274942876
1579,9.733648061308665e-05,9.733652051723978e-05,-3.990415312610482e-11,-39.90415312610482
1580,9.734429383958158e-05,9.73443330075541e-05,-3.916797251906997e-11,-39.16797251906997
1581,9.735210703786816e-05,9.735214549786842e-05,-3.846000025047798e-11,-38.46000025047798
1582,9.73599202044903e-05,9.735995798818273e-05,-3.778369243159408e-11,-37.78369243159408
1583,9.736773345004411e-05,9.736777047849705e-05,-3.702845293272471e-11,-37.02845293272471
1584,9.737554666015206e-05,9.737558296881136e-05,-3.6308659296137984e-11,-36.30865929613798
1585,9.738335982427885e-05,9.738339545912568e-05,-3.563484682276417e-11,-35.63484682276417
1586,9.739117307461504e-05,9.739120794943999e-05,-3.487482494876954e-11,-34.87482494876954
1587,9.739898628710315e-05,9.739902043975432e-05,-3.415265116315356e-11,-34.152651163153564
1588,9.740679945408869e-05,9.740683293006864e-05,-3.34759799468065e-11,-33.4759799468065
1589,9.741461269362825e-05,9.741464542038295e-05,-3.2726754693570755e-11,-32.726754693570754
1590,9.74224259100326e-05,9.742245791069727e-05,-3.200066466128754e-11,-32.00066466128754
1591,9.743023906894401e-05,9.743027040101158e-05,-3.133206756628161e-11,-31.332067566281612
1592,9.743805229797664e-05,9.743808289132591e-05,-3.0593349262089316e-11,-30.593349262089315
1593,9.744586550757572e-05,9.744589538164022e-05,-2.987406449579225e-11,-29.874064495792247
1594,9.745367866068646e-05,9.745370787195454e-05,-2.92112680721445e-11,-29.2112680721445
1595,9.746149187384869e-05,9.746152036226885e-05,-2.848842015672272e-11,-28.48842015672272
1596,9.746930507399033e-05,9.746933285258317e-05,-2.7778592831766135e-11,-27.778592831766137
1597,9.747711822607283e-05,9.747714534289748e-05,-2.7116824651906244e-11,-27.116824651906246
1598,9.748493141189956e-05,9.74849578332118e-05,-2.6421312237968365e-11,-26.421312237968365
1599,9.749274460087329e-05,9.749277032352613e-05,-2.5722652832357156e-11,-25.722652832357156
1600,9.750055774697528e-05,9.750058281384044e-05,-2.5066865152338277e-11,-25.066865152338277
1601,9.750837088140458e-05,9.750839530415476e-05,-2.442275016909123e-11,-24.42275016909123
1602,9.751618406401793e-05,9.751620779446907e-05,-2.3730451140657217e-11,-23.730451140657216
1603,9.752399721251601e-05,9.752402028478338e-05,-2.3072267373837144e-11,-23.072267373837143
1604,9.753181032548056e-05,9.75318327750977e-05,-2.2449617140597895e-11,-22.449617140597894
1605,9.753962349904087e-05,9.753964526541203e-05,-2.1766371159646555e-11,-21.766371159646553
1606,9.754743663771084e-05,9.754745775572634e-05,-2.1118015495784683e-11,-21.118015495784682
1607,9.755524972377243e-05,9.755527024604066e-05,-2.052226822157262e-11,-20.52226822157262
1608,9.756306288712824e-05,9.756308273635497e-05,-1.984922672436366e-11,-19.84922672436366
1609,9.757087601583805e-05,9.757089522666929e-05,-1.9210831232837124e-11,-19.210831232837123
1610,9.757868908654297e-05,9.75787077169836e-05,-1.86304406253012e-11,-18.6304406253012
1611,9.758650222152305e-05,9.758652020729793e-05,-1.7985774880903057e-11,-17.985774880903058
1612,9.759431533471274e-05,9.759433269761225e-05,-1.7362899499530163e-11,-17.36289949953016
1613,9.760212841379398e-05,9.760214518792656e-05,-1.6774132576402578e-11,-16.77413257640258
1614,9.760994150873792e-05,9.760995767824087e-05,-1.6169502948787372e-11,-16.169502948787372
1615,9.761775460711963e-05,9.761777016855519e-05,-1.5561435560028704e-11,-15.561435560028704
1616,9.762556767035719e-05,9.76255826588695e-05,-1.498851231364061e-11,-14.98851231364061
1617,9.763338072745961e-05,9.763339514918383e-05,-1.4421724214980907e-11,-14.421724214980907
1618,9.76411938236933e-05,9.764120763949815e-05,-1.3815804847566367e-11,-13.815804847566367
1619,9.76490068845867e-05,9.764902012981246e-05,-1.3245225754695405e-11,-13.245225754695404
1620,9.765681989668382e-05,9.765683262012678e-05,-1.272344295597821e-11,-12.723442955978209
1621,9.766463298817489e-05,9.766464511044109e-05,-1.2122266200574246e-11,-12.122266200574247
1622,9.767244604151339e-05,9.76724576007554e-05,-1.1559242018176543e-11,-11.559242018176542
1623,9.768025903821628e-05,9.768027009106972e-05,-1.1052853440188236e-11,-11.052853440188237
1624,9.768807210065848e-05,9.768808258138405e-05,-1.0480725564513878e-11,-10.480725564513879
1625,9.769588514334934e-05,9.769589507169836e-05,-9.92834901994403e-12,-9.928349019944031
1626,9.770369813738038e-05,9.770370756201268e-05,-9.424632295579489e-12,-9.424632295579489
1627,9.771151115790027e-05,9.7711520052327e-05,-8.894426723207541e-12,-8.894426723207541
1628,9.771932419165549e-05,9.771933254264131e-05,-8.350985820577613e-12,-8.350985820577613
1629,9.772713719317198e-05,9.772714503295564e-05,-7.839783655994014e-12,-7.839783655994014
1630,9.773495015975677e-05,9.773495752326995e-05,-7.363513184365291e-12,-7.363513184365291
1631,9.77427631958742e-05,9.774277001358427e-05,-6.817710062699533e-12,-6.817710062699533
1632,9.77505761953248e-05,9.775058250389858e-05,-6.308573777592969e-12,-6.308573777592969
1633,9.775838914045736e-05,9.77583949942129e-05,-5.8537555334369516e-12,-5.853755533436952
1634,9.776620215173182e-05,9.776620748452721e-05,-5.332795386670657e-12,-5.332795386670657
1635,9.77740151427159e-05,9.777401997484153e-05,-4.832125622776506e-12,-4.8321256227765055
1636,9.778182809010436e-05,9.778183246515585e-05,-4.375051492712725e-12,-4.375051492712725
1637,9.778964105719944e-05,9.778964495547017e-05,-3.898270727778994e-12,-3.898270727778994
1638,9.779745404278597e-05,9.779745744578448e-05,-3.402998515322763e-12,-3.402998515322763
1639,9.780526699855467e-05,9.78052699360988e-05,-2.9375441258819183e-12,-2.937544125881918
1640,9.781307991131942e-05,9.781308242641311e-05,-2.5150936940408645e-12,-2.5150936940408646
1641,9.782089290134517e-05,9.782089491672743e-05,-2.015382256446973e-12,-2.0153822564469728
1642,9.782870585652312e-05,9.782870740704176e-05,-1.5505186352173884e-12,-1.5505186352173883
1643,9.783651875675071e-05,9.783651989735607e-05,-1.1406053616453436e-12,-1.1406053616453435
1644,9.78443317164866e-05,9.784433238767039e-05,-6.711837815876843e-13,-0.6711837815876843
1645,9.785214466171907e-05,9.78521448779847e-05,-2.1626562820147225e-13,-0.21626562820147224
1646,9.785995757811341e-05,9.785995736829902e-05,2.0981440080493843e-13,0.20981440080493843
1647,9.78677704807385e-05,9.786776985861333e-05,6.221251706410004e-13,0.6221251706410005
1648,9.787558343218953e-05,9.787558234892765e-05,1.0832618875602475e-12,1.0832618875602475
1649,9.788339635107372e-05,9.788339483924197e-05,1.5118317461981897e-12,1.5118317461981896
1650,9.789120922162748e-05,9.789120732955629e-05,1.8920711923558813e-12,1.8920711923558813
1651,9.789902216047928e-05,9.78990198198706e-05,2.3406086804317446e-12,2.3406086804317447
1652,9.790683507816865e-05,9.790683231018492e-05,2.7679837347230806e-12,2.7679837347230807
1653,9.791464795432406e-05,9.791464480049923e-05,3.153824833377663e-12,3.153824833377663
1654,9.792246084516107e-05,9.792245729081356e-05,3.554347506673159e-12,3.554347506673159
1655,9.793027376469317e-05,9.793026978112788e-05,3.983565298081906e-12,3.983565298081906
1656,9.793808665566311e-05,9.793808227144219e-05,4.384220921668803e-12,4.384220921668803
1657,9.794589950565784e-05,9.79458947617565e-05,4.743901333208537e-12,4.7439013332085365
1658,9.795371241623244e-05,9.795370725207082e-05,5.164161622451061e-12,5.164161622451061
1659,9.796152530865015e-05,9.796151974238514e-05,5.56626502185646e-12,5.56626502185646
1660,9.796933817158562e-05,9.796933223269945e-05,5.938886172371383e-12,5.938886172371383
1661,9.797715102434539e-05,9.797714472301378e-05,6.30133161115908e-12,6.30133161115908
1662,9.798496392486164e-05,9.79849572133281e-05,6.711533553559549e-12,6.711533553559549
1663,9.799277679100334e-05,9.799276970364241e-05,7.087360933844001e-12,7.087360933844001
1664,9.800058958451399e-05,9.800058219395672e-05,7.39055727178047e-12,7.39055727178047
1665,9.800838973949334e-05,9.800839468427104e-05,-4.9447776979447015e-12,-4.944777697944701
1666,9.801619325654478e-05,9.801620717458537e-05,-1.391804058588768e-11,-13.918040585887681
1667,9.802399901102029e-05,9.802401966489968e-05,-2.0653879387765364e-11,-20.653879387765365
1668,9.803180678148386e-05,9.8031832155214e-05,-2.537373013227084e-11,-25.37373013227084
1669,9.803961540934087e-05,9.803964464552831e-05,-2.923618744263954e-11,-29.23618744263954
1670,9.804742470963769e-05,9.804745713584263e-05,-3.2426204933794905e-11,-32.42620493379491
1671,9.805523451031474e-05,9.805526962615694e-05,-3.511584219724628e-11,-35.11584219724628
1672,9.806304473512291e-05,9.806308211647126e-05,-3.738134833930639e-11,-37.38134833930639
1673,9.807085530487626e-05,9.807089460678558e-05,-3.930190932602775e-11,-39.301909326027754
1674,9.807866616709637e-05,9.80787070970999e-05,-4.093000352411463e-11,-40.930003524114625
1675,9.808647727307223e-05,9.808651958741421e-05,-4.231434198232498e-11,-42.314341982324976
1676,9.809428858138524e-05,9.809433207772853e-05,-4.349634328363188e-11,-43.49634328363188
1677,9.810210009531819e-05,9.810214456804284e-05,-4.4472724653592417e-11,-44.472724653592415
1678,9.810991183837105e-05,9.810995705835716e-05,-4.5219986104985665e-11,-45.219986104985665
1679,9.811772370235772e-05,9.811776954867149e-05,-4.5846313762258605e-11,-45.8463137622586
1680,9.812553569669612e-05,9.81255820389858e-05,-4.634228967613489e-11,-46.34228967613489
1681,9.813334779898837e-05,9.813339452930012e-05,-4.6730311742327115e-11,-46.73031174232712
1682,9.81411599826243e-05,9.814120701961443e-05,-4.703699013106579e-11,-47.03699013106579
1683,9.814897235533021e-05,9.814901950992875e-05,-4.715459852804529e-11,-47.15459852804529
1684,9.815678477464443e-05,9.815683200024306e-05,-4.7225598632170256e-11,-47.225598632170254
1685,9.816459726175159e-05,9.816464449055738e-05,-4.722880578351163e-11,-47.22880578351163
1686,9.817240979292173e-05,9.81724569808717e-05,-4.718794996922871e-11,-47.18794996922871
1687,9.818022246633733e-05,9.818026947118602e-05,-4.700484868661192e-11,-47.004848686611915
1688,9.818803517641314e-05,9.818808196150033e-05,-4.6785087194621706e-11,-46.7850871946217
1689,9.819584790261369e-05,9.819589445181465e-05,-4.654920096003131e-11,-46.549200960031314
1690,9.820366069354311e-05,9.820370694212896e-05,-4.6248585849969515e-11,-46.248585849969515
1691,9.821147356903636e-05,9.821151943244329e-05,-4.586340692779178e-11,-45.86340692779178
1692,9.82192864578857e-05,9.82193319227576e-05,-4.546487190878657e-11,-45.46487190878657
1693,9.822709933910231e-05,9.822714441307192e-05,-4.507396960531303e-11,-45.07396960531303
1694,9.823491233017138e-05,9.823495690338624e-05,-4.457321485352108e-11,-44.57321485352108
1695,9.824272533224847e-05,9.824276939370055e-05,-4.4061452075099145e-11,-44.06145207509915
1696,9.825053831646824e-05,9.825058188401487e-05,-4.3567546621454076e-11,-43.56754662145408
1697,9.825835136870462e-05,9.825839437432918e-05,-4.300562455766976e-11,-43.00562455766976
1698,9.826616444728786e-05,9.826620686464351e-05,-4.241735564925758e-11,-42.41735564925758
1699,9.827397751952538e-05,9.827401935495782e-05,-4.183543244063568e-11,-41.83543244063568
1700,9.828179060048192e-05,9.828183184527214e-05,-4.124479021366793e-11,-41.244790213667926
1701,9.828960374695225e-05,9.828964433558645e-05,-4.0588634203066e-11,-40.588634203066
1702,9.829741687612512e-05,9.829745682590077e-05,-3.99497756487916e-11,-39.9497756487916
1703,9.830522997467375e-05,9.83052693162151e-05,-3.9341541347108477e-11,-39.341541347108475
1704,9.831304317504582e-05,9.831308180652941e-05,-3.8631483588532656e-11,-38.63148358853265
1705,9.832085633356514e-05,9.832089429684373e-05,-3.796327858168988e-11,-37.963278581689885
1706,9.832866945995634e-05,9.832870678715804e-05,-3.732720169716679e-11,-37.32720169716679
1707,9.833648267170142e-05,9.833651927747236e-05,-3.660577092885214e-11,-36.60577092885214
1708,9.834429586610182e-05,9.834433176778667e-05,-3.590168484742215e-11,-35.90168484742215
1709,9.835210901068939e-05,9.835214425810098e-05,-3.524741159455033e-11,-35.24741159455033
1710,9.835992223084032e-05,9.835995674841531e-05,-3.451757499323987e-11,-34.51757499323987
1711,9.836773543768666e-05,9.836776923872963e-05,-3.3801042962048634e-11,-33.80104296204863
1712,9.837554859425503e-05,9.837558172904394e-05,-3.313478890925261e-11,-33.13478890925261
1713,9.83833618108323e-05,9.838339421935826e-05,-3.240852596027541e-11,-32.40852596027541
1714,9.839117502280865e-05,9.839120670967257e-05,-3.168686391808484e-11,-31.686863918084843
1715,9.839898819403602e-05,9.839901919998689e-05,-3.100595086915815e-11,-31.00595086915815
1716,9.840680139910702e-05,9.840683169030122e-05,-3.02911941919193e-11,-30.291194191919303
1717,9.841461461252927e-05,9.841464418061553e-05,-2.956808625771151e-11,-29.568086257711506
1718,9.842242778960304e-05,9.842245667092985e-05,-2.8881326797647484e-11,-28.881326797647482
1719,9.843024097424778e-05,9.843026916124416e-05,-2.8186996380918048e-11,-28.18699638091805
1720,9.843805418694684e-05,9.843808165155848e-05,-2.7464611636664355e-11,-27.464611636664355
1721,9.844586736524726e-05,9.844589414187279e-05,-2.677662552381491e-11,-26.776625523814907
1722,9.84536805242888e-05,9.84537066321871e-05,-2.610789829744323e-11,-26.107898297443228
1723,9.846149373546255e-05,9.846151912250143e-05,-2.5387038876568425e-11,-25.387038876568425
1724,9.846930691288255e-05,9.846933161281575e-05,-2.4699933190093145e-11,-24.699933190093144
1725,9.847712002975183e-05,9.847714410313006e-05,-2.4073378229834743e-11,-24.07337822983474
1726,9.848493325236504e-05,9.848495659344438e-05,-2.3341079337627935e-11,-23.341079337627935
1727,9.849274642100239e-05,9.849276908375869e-05,-2.266275629861351e-11,-22.66275629861351
1728,9.85005595242935e-05,9.850058157407302e-05,-2.2049779520445083e-11,-22.04977952044508
1729,9.850837270267014e-05,9.850839406438734e-05,-2.136171718818291e-11,-21.36171718818291
1730,9.851618586287003e-05,9.851620655470165e-05,-2.0691831613762675e-11,-20.691831613762677
1731,9.852399896485301e-05,9.852401904501597e-05,-2.0080162952620407e-11,-20.080162952620405
1732,9.853181213241935e-05,9.853183153533028e-05,-1.9402910929169544e-11,-19.402910929169543
1733,9.853962527981084e-05,9.85396440256446e-05,-1.874583375329682e-11,-18.745833753296818
1734,9.854743837471532e-05,9.854745651595891e-05,-1.8141243590640693e-11,-18.14124359064069
1735,9.855525151160924e-05,9.855526900627324e-05,-1.749466399901515e-11,-17.494663999015152
1736,9.856306464504703e-05,9.856308149658755e-05,-1.685154051865484e-11,-16.85154051865484
1737,9.857087774144e-05,9.857089398690187e-05,-1.6245461868388637e-11,-16.245461868388638
1738,9.857869083661628e-05,9.857870647721618e-05,-1.5640599896247868e-11,-15.640599896247867
1739,9.858650396366286e-05,9.85865189675305e-05,-1.500386763861656e-11,-15.003867638616562
1740,9.859431705442222e-05,9.859433145784481e-05,-1.4403422584153754e-11,-14.403422584153754
1741,9.8602130104993e-05,9.860214394815914e-05,-1.3843166139509445e-11,-13.843166139509444
1742,9.860994322956033e-05,9.860995643847346e-05,-1.3208913126985961e-11,-13.20891312698596
1743,9.861775631200999e-05,9.861776892878777e-05,-1.2616777777443843e-11,-12.616777777443843
1744,9.862556934196554e-05,9.862558141910208e-05,-1.2077136542642553e-11,-12.077136542642553
1745,9.863338244240865e-05,9.86333939094164e-05,-1.1467007746740811e-11,-11.467007746740812
1746,9.864119551659686e-05,9.864120639973071e-05,-1.0883133855122707e-11,-10.883133855122708
1747,9.864900853515843e-05,9.864901889004504e-05,-1.0354886609372284e-11,-10.354886609372285
1748,9.865682160396829e-05,9.865683138035936e-05,-9.77639106526112e-12,-9.77639106526112
1749,9.866463466345965e-05,9.866464387067367e-05,-9.207214021982035e-12,-9.207214021982034
1750,9.867244768909777e-05,9.867245636098799e-05,-8.671890215756853e-12,-8.671890215756854
1751,9.868026070812915e-05,9.86802688513023e-05,-8.143173144547511e-12,-8.14317314454751
1752,9.868807376505358e-05,9.868808134161662e-05,-7.576563031226948e-12,-7.576563031226948
1753,9.869588678682518e-05,9.869589383193095e-05,-7.0451057609993934e-12,-7.045105760999394
1754,9.870369976117796e-05,9.870370632224526e-05,-6.561067292512936e-12,-6.561067292512936
1755,9.871151281254348e-05,9.871151881255957e-05,-6.0000160870186135e-12,-6.000016087018613
1756,9.871932583089695e-05,9.871933130287389e-05,-5.471976940322672e-12,-5.471976940322673
1757,9.872713879293004e-05,9.87271437931882e-05,-5.000258166254478e-12,-5.000258166254478
1758,9.87349518143839e-05,9.873495628350252e-05,-4.46911862147357e-12,-4.46911862147357
1759,9.874276482025468e-05,9.874276877381683e-05,-3.953562151887471e-12,-3.953562151887471
1760,9.875057778375332e-05,9.875058126413116e-05,-3.4803778346376733e-12,-3.4803778346376735
1761,9.875839075846534e-05,9.875839375444548e-05,-2.9959801293138903e-12,-2.99598012931389
1762,9.876620376257332e-05,9.876620624475979e-05,-2.482186464040035e-12,-2.482186464040035
1763,9.877401673131668e-05,9.87740187350741e-05,-2.003757427201056e-12,-2.003757427201056
1764,9.87818296576443e-05,9.878183122538842e-05,-1.5677441140731863e-12,-1.5677441140731863
1765,9.878964265610573e-05,9.878964371570275e-05,-1.059597014371217e-12,-1.059597014371217
1766,9.879745562628168e-05,9.879745620601706e-05,-5.797353805441517e-13,-0.5797353805441516
1767,9.880526854616046e-05,9.880526869633138e-05,-1.5017091549075277e-13,-0.15017091549075276
1768,9.881308150999492e-05,9.88130811866457e-05,3.23349233381972e-13,0.32334923338197197
1769,9.882089447040853e-05,9.882089367696001e-05,7.934485211125976e-13,0.7934485211125977
1770,9.882870740189322e-05,9.882870616727432e-05,1.2346188960840034e-12,1.2346188960840034
1771,9.883652030865379e-05,9.883651865758864e-05,1.651065151819104e-12,1.651065151819104
1772,9.884433327710935e-05,9.884433114790297e-05,2.1292063871913965e-12,2.1292063871913967
1773,9.885214620956444e-05,9.885214363821728e-05,2.5713471637647583e-12,2.5713471637647585
1774,9.885995909170078e-05,9.88599561285316e-05,2.963169182388694e-12,2.963169182388694
1775,9.886777203975826e-05,9.886776861884591e-05,3.4209123465080614e-12,3.4209123465080613
1776,9.887558496816782e-05,9.887558110916023e-05,3.8590075988576466e-12,3.8590075988576467
1777,9.888339785968412e-05,9.888339359947454e-05,4.2602095790243135e-12,4.2602095790243135
1778,9.889121075687797e-05,9.889120608978887e-05,4.667089105839945e-12,4.6670891058399455
1779,9.889902368883886e-05,9.889901858010318e-05,5.108735675958034e-12,5.108735675958034
1780,9.890683659091654e-05,9.89068310704175e-05,5.520499045669735e-12,5.520499045669735
1781,9.891464944435068e-05,9.891464356073181e-05,5.883618871761245e-12,5.883618871761245
1782,9.89224623700411e-05,9.892245605104613e-05,6.3189949721672905e-12,6.318994972167291
1783,9.893027527092346e-05,9.893026854136044e-05,6.729563022536354e-12,6.729563022536354
1784,9.893808812826197e-05,9.893808103167476e-05,7.096587209728782e-12,7.096587209728782
1785,9.894590100971707e-05,9.894589352198909e-05,7.487727983470164e-12,7.4877279834701636
1786,9.895371391181797e-05,9.89537060123034e-05,7.899514568660884e-12,7.899514568660884
1787,9.896152678655542e-05,9.896151850261772e-05,8.283937707056708e-12,8.283937707056708
1788,9.896933961734734e-05,9.896933099293203e-05,8.624415312476046e-12,8.624415312476046
1789,9.897715252081805e-05,9.897714348324635e-05,9.037571705796538e-12,9.03757170579654
1790,9.898496539923241e-05,9.898495597356067e-05,9.425671739677494e-12,9.425671739677494
1791,9.899277823203971e-05,9.899276846387499e-05,9.768164727857685e-12,9.768164727857684
1792,9.900059106153916e-05,9.90005809541893e-05,1.0107349855867203e-11,10.107349855867204
1793,9.900839113257083e-05,9.900839344450362e-05,-2.311932787431812e-12,-2.311932787431812
1794,9.901619449653563e-05,9.901620593481793e-05,-1.1438282298071786e-11,-11.438282298071785
1795,9.902400006878987e-05,9.902401842513225e-05,-1.835634237632044e-11,-18.35634237632044
1796,9.903180772982586e-05,9.903183091544656e-05,-2.3185620697417977e-11,-23.185620697417978
1797,9.903961623618937e-05,9.903964340576089e-05,-2.7169571521278533e-11,-27.169571521278534
1798,9.904742541077711e-05,9.90474558960752e-05,-3.048529809370775e-11,-30.48529809370775
1799,9.90552350975453e-05,9.905526838638952e-05,-3.328884421238061e-11,-33.28884421238061
1800,9.906304520795287e-05,9.906308087670384e-05,-3.566875096311007e-11,-35.66875096311007
1801,9.907085566731345e-05,9.907089336701815e-05,-3.7699704696749966e-11,-37.69970469674997
1802,9.90786664241587e-05,9.907870585733248e-05,-3.943317377791826e-11,-39.43317377791826
1803,9.908647743299458e-05,9.90865183476468e-05,-4.0914652210686716e-11,-40.91465221068672
1804,9.909428865130422e-05,9.909433083796111e-05,-4.218665688838166e-11,-42.186656888381656
1805,9.91021000574067e-05,9.910214332827542e-05,-4.3270868723819025e-11,-43.27086872381903
1806,9.910991171115594e-05,9.910995581858974e-05,-4.410743379396567e-11,-44.10743379396567
1807,9.911772348983252e-05,9.911776830890405e-05,-4.4819071533262397e-11,-44.819071533262395
1808,9.912553539935862e-05,9.912558079921837e-05,-4.5399859744840026e-11,-45.39985974484003
1809,9.913334742584683e-05,9.91333932895327e-05,-4.5863685865905705e-11,-45.8636858659057
1810,9.914115952821244e-05,9.914120577984701e-05,-4.6251634572268436e-11,-46.251634572268436
1811,9.914897181553281e-05,9.914901827016133e-05,-4.6454628511742926e-11,-46.454628511742925
1812,9.915678416892139e-05,9.915683076047564e-05,-4.6591554247249813e-11,-46.59155424724981
1813,9.916459658682679e-05,9.916464325078996e-05,-4.666396316367771e-11,-46.66396316367771
1814,9.917240906009192e-05,9.917245574110427e-05,-4.668101235126026e-11,-46.68101235126026
1815,9.9180221651016e-05,9.91802682314186e-05,-4.6580402590937023e-11,-46.58040259093703
1816,9.918803430114049e-05,9.918808072173291e-05,-4.642059242399263e-11,-46.42059242399263
1817,9.919584699159626e-05,9.919589321204723e-05,-4.622045096622384e-11,-46.220450966223844
1818,9.920365968841856e-05,9.920370570236154e-05,-4.601394297843053e-11,-46.01394297843053
1819,9.921147252026948e-05,9.921151819267586e-05,-4.5672406378539215e-11,-45.672406378539215
1820,9.921928536300631e-05,9.921933068299017e-05,-4.531998386028759e-11,-45.319983860287586
1821,9.922709820617322e-05,9.922714317330449e-05,-4.496713126613919e-11,-44.96713126613919
1822,9.923491111748722e-05,9.923495566361882e-05,-4.454613159167261e-11,-44.54613159167261
1823,9.924272407795106e-05,9.924276815393313e-05,-4.407598206472382e-11,-44.07598206472382
1824,9.925053704368001e-05,9.925058064424745e-05,-4.3600567435185e-11,-43.600567435185
1825,9.925834998458999e-05,9.925839313456176e-05,-4.314997176546753e-11,-43.14997176546753
1826,9.926616306426966e-05,9.926620562487608e-05,-4.256060641695084e-11,-42.56060641695084
1827,9.927397610409826e-05,9.92740181151904e-05,-4.20110921390113e-11,-42.011092139011296
1828,9.928178912049173e-05,9.928183060550472e-05,-4.148501298589772e-11,-41.48501298589772
1829,9.928960222514188e-05,9.928964309581903e-05,-4.087067714675356e-11,-40.87067714675356
1830,9.929741533006161e-05,9.929745558613335e-05,-4.025607173429173e-11,-40.25607173429173
1831,9.930522841652448e-05,9.930526807644766e-05,-3.9659923183303104e-11,-39.65992318330311
1832,9.93130415281318e-05,9.931308056676198e-05,-3.9038630181448426e-11,-39.038630181448426
1833,9.932085467865357e-05,9.932089305707629e-05,-3.8378422724168355e-11,-38.37842272416835
1834,9.9328667796012e-05,9.932870554739062e-05,-3.775137861254731e-11,-37.751378612547306
1835,9.933648092717918e-05,9.933651803770494e-05,-3.711052574969178e-11,-37.11052574969178
1836,9.93442941022248e-05,9.934433052801925e-05,-3.642579445242172e-11,-36.42579445242172
1837,9.935210725066945e-05,9.935214301833357e-05,-3.5767664109663694e-11,-35.76766410966369
1838,9.935992038153537e-05,9.935995550864788e-05,-3.512711250593432e-11,-35.12711250593432
1839,9.936773358061108e-05,9.936776799896221e-05,-3.441835112789614e-11,-34.41835112789614
1840,9.937554674817148e-05,9.937558048927652e-05,-3.374110504045217e-11,-33.74110504045217
1841,9.938335987229115e-05,9.938339297959084e-05,-3.310729968145318e-11,-33.10729968145318
1842,9.939117308393518e-05,9.939120546990515e-05,-3.238596997433353e-11,-32.385969974333534
1843,9.939898626239592e-05,9.939901796021947e-05,-3.169782354864036e-11,-31.697823548640358
1844,9.940679938937477e-05,9.940683045053378e-05,-3.106115901298725e-11,-31.06115901298725
1845,9.941461259395303e-05,9.94146429408481e-05,-3.034689506497822e-11,-30.346895064978217
1846,9.942242577615901e-05,9.942245543116243e-05,-2.965500341195799e-11,-29.65500341195799
1847,9.943023890333138e-05,9.943026792147674e-05,-2.901814535976962e-11,-29.018145359769623
1848,9.943805209781802e-05,9.943808041179106e-05,-2.8313973030056812e-11,-28.31397303005681
1849,9.944586527594018e-05,9.944589290210537e-05,-2.7626165187149577e-11,-27.626165187149578
1850,9.945367840394422e-05,9.945370539241968e-05,-2.698847545702722e-11,-26.98847545702722
1851,9.946149157819399e-05,9.9461517882734e-05,-2.6304540004809344e-11,-26.304540004809343
1852,9.946930474954104e-05,9.946933037304833e-05,-2.562350728706786e-11,-25.623507287067863
1853,9.947711788231929e-05,9.947714286336264e-05,-2.498104335399413e-11,-24.981043353994128
1854,9.94849310262456e-05,9.948495535367696e-05,-2.4327431356027303e-11,-24.327431356027304
1855,9.949274419365424e-05,9.949276784399127e-05,-2.365033702978243e-11,-23.650337029782428
1856,9.950055731435316e-05,9.950058033430559e-05,-2.301995242350532e-11,-23.01995242350532
1857,9.95083704021396e-05,9.95083928246199e-05,-2.2422480305609576e-11,-22.422480305609575
1858,9.951618357921367e-05,9.951620531493422e-05,-2.1735720547389955e-11,-21.735720547389956
1859,9.952399670333559e-05,9.952401780524855e-05,-2.1101912952223983e-11,-21.101912952223984
1860,9.953180977947047e-05,9.953183029556286e-05,-2.0516092389157708e-11,-20.51609238915771
1861,9.953962293754546e-05,9.953964278587717e-05,-1.9848331715470272e-11,-19.848331715470273
1862,9.954743605963479e-05,9.954745527619149e-05,-1.9216556701222113e-11,-19.216556701222114
1863,9.955524912367318e-05,9.95552677665058e-05,-1.864283262245184e-11,-18.64283262245184
1864,9.956306225522514e-05,9.956308025682013e-05,-1.8001594989797825e-11,-18.001594989797823
1865,9.957087536197381e-05,9.957089274713445e-05,-1.7385160636691233e-11,-17.385160636691232
1866,9.95786884380888e-05,9.957870523744876e-05,-1.6799359955182296e-11,-16.799359955182297
1867,9.958650152750272e-05,9.958651772776308e-05,-1.6200260354957962e-11,-16.200260354957962
1868,9.959431461948911e-05,9.959433021807739e-05,-1.55985882817915e-11,-15.598588281791498
1869,9.96021276817964e-05,9.960214270839171e-05,-1.5026595307972452e-11,-15.026595307972451
1870,9.960994073757215e-05,9.960995519870602e-05,-1.4461133866196055e-11,-14.461133866196056
1871,9.961775382949766e-05,9.961776768902035e-05,-1.3859522684534104e-11,-13.859522684534104
1872,9.962556688446391e-05,9.962558017933466e-05,-1.3294870748757267e-11,-13.294870748757267
1873,9.963337989573545e-05,9.963339266964898e-05,-1.2773913529336838e-11,-12.773913529336838
1874,9.964119298529803e-05,9.96412051599633e-05,-1.2174665257889602e-11,-12.174665257889602
1875,9.964900603780233e-05,9.964901765027761e-05,-1.1612475274195936e-11,-11.612475274195935
1876,9.965681903370628e-05,9.965683014059192e-05,-1.1106885644788534e-11,-11.106885644788534
1877,9.966463209558808e-05,9.966464263090625e-05,-1.053531816611208e-11,-10.535318166112079
1878,9.967244513650828e-05,9.967245512122057e-05,-9.984712286320226e-12,-9.984712286320226
1879,9.968025813189194e-05,9.968026761153488e-05,-9.479642938430346e-12,-9.479642938430345
1880,9.968807115030174e-05,9.96880801018492e-05,-8.951547453879017e-12,-8.951547453879018
1881,9.969588418279423e-05,9.969589259216351e-05,-8.409369280861801e-12,-8.409369280861801
1882,9.970369718371037e-05,9.970370508247783e-05,-7.898767452573634e-12,-7.898767452573634
1883,9.971151014832134e-05,9.971151757279214e-05,-7.424470798104975e-12,-7.424470798104975
1884,9.971932318406534e-05,9.971933006310647e-05,-6.87904112987753e-12,-6.87904112987753
1885,9.972713618291476e-05,9.972714255342078e-05,-6.370506021323082e-12,-6.370506021323083
1886,9.973494912776978e-05,9.97349550437351e-05,-5.915965319370694e-12,-5.915965319370694
1887,9.974276213838584e-05,9.974276753404941e-05,-5.395663567926168e-12,-5.395663567926168
1888,9.975057513057633e-05,9.975058002436373e-05,-4.893787398722165e-12,-4.893787398722165
1889,9.975838807643645e-05,9.975839251467806e-05,-4.438241600698301e-12,-4.438241600698301
1890,9.976620104316952e-05,9.976620500499237e-05,-3.9618228508699636e-12,-3.9618228508699636
1891,9.977401402818718e-05,9.977401749530669e-05,-3.4671195057411084e-12,-3.4671195057411084
1892,9.978182698335219e-05,9.9781829985621e-05,-3.0022688136224308e-12,-3.0022688136224307
1893,9.978963989551581e-05,9.978964247593532e-05,-2.5804195041233844e-12,-2.5804195041233844
1894,9.979745288408938e-05,9.979745496624963e-05,-2.08216024691932e-12,-2.08216024691932
1895,9.98052658388882e-05,9.980526745656395e-05,-1.6176757440843993e-12,-1.6176757440843992
1896,9.981307873824158e-05,9.981307994687827e-05,-1.2086366898290838e-12,-1.208636689829084
1897,9.982089169702257e-05,9.982089243719259e-05,-7.401700208348412e-13,-0.7401700208348412
1898,9.982870464118951e-05,9.98287049275069e-05,-2.8631739423869355e-13,-0.28631739423869357
1899,9.983651755548325e-05,9.983651741782122e-05,1.3766203371610793e-13,0.13766203371610794
1900,9.98443304571793e-05,9.984432990813553e-05,5.490437642630943e-13,0.5490437642630943
1901,9.98521434079024e-05,9.985214239844986e-05,1.0094525342912074e-12,1.0094525342912075
1902,9.985995632836128e-05,9.985995488876418e-05,1.4395971017169947e-12,1.4395971017169946
1903,9.98677691965038e-05,9.986776737907849e-05,1.8174253093481329e-12,1.817425309348133
1904,9.9875582132382e-05,9.98755798693928e-05,2.2629891967831016e-12,2.2629891967831015
1905,9.988339504594257e-05,9.988339235970712e-05,2.686235446571287e-12,2.686235446571287
1906,9.989120792332055e-05,9.989120485002144e-05,3.0732991187006183e-12,3.0732991187006182
1907,9.989902081111966e-05,9.989901734033575e-05,3.4707839117189187e-12,3.4707839117189185
1908,9.990683372880114e-05,9.990682983065008e-05,3.898151064886923e-12,3.898151064886923
1909,9.99146466183496e-05,9.99146423209644e-05,4.297385204558001e-12,4.297385204558001
1910,9.99224594612455e-05,9.992245481127871e-05,4.649966788820859e-12,4.649966788820859
1911,9.993027237473576e-05,9.993026730159302e-05,5.073142741650686e-12,5.073142741650686
1912,9.993808526595359e-05,9.993807979190734e-05,5.474046254511795e-12,5.474046254511795
1913,9.99458981123596e-05,9.994589228222165e-05,5.8301379433080746e-12,5.830137943308075
1914,9.995371097258126e-05,9.995370477253598e-05,6.200045281575158e-12,6.200045281575158
1915,9.996152387114041e-05,9.99615172628503e-05,6.6082901170815466e-12,6.6082901170815465
1916,9.996933673404956e-05,9.996932975316461e-05,6.980884948588733e-12,6.980884948588733
1917,9.997714955359242e-05,9.997714224347893e-05,7.310113495682611e-12,7.310113495682611
1918,9.998496244525573e-05,9.998495473379324e-05,7.711462493663867e-12,7.711462493663867
1919,9.999277531216732e-05,9.999276722410756e-05,8.088059765911001e-12,8.088059765911002
1920,0.0001000005881272304,0.00010000057971442187,8.412808538705967e-12,8.412808538705967
1921,0.00010000838818575826,0.0001000083922047362,-4.01897793719778e-12,-4.018977937197779
1922,0.00010001619150344709,0.00010001620469505051,-1.3191603419173888e-11,-13.19160341917389
1923,0.00010002399714593193,0.00010002401718536483,-2.003943289223697e-11,-20.03943289223697
1924,0.00010003180475688028,0.00010003182967567914,-2.491879886003834e-11,-24.91879886003834
1925,0.00010003961324676256,0.00010003964216599346,-2.8919230898620864e-11,-28.919230898620864
1926,0.00010004742240794257,0.00010004745465630779,-3.2248365216558545e-11,-32.24836521655855
1927,0.00010005523208238177,0.0001000552671466221,-3.50642403266833e-11,-35.0642403266833
1928,0.00010006304218702496,0.00010006307963693642,-3.744991145510321e-11,-37.44991145510321
1929,0.0001000708526443061,0.00010007089212725073,-3.948294463429982e-11,-39.48294463429982
1930,0.00010007866339611488,0.00010007870461756505,-4.1221450159819965e-11,-41.221450159819966
1931,0.00010008647440266502,0.00010008651710787936,-4.270521433471351e-11,-42.70521433471351
1932,0.00010009428563323394,0.00010009432959819368,-4.396495973515625e-11,-43.96495973515625
1933,0.00010010209705922688,0.000100102142088508,-4.502928112279785e-11,-45.02928112279785
1934,0.00010010990863980252,0.00010010995457882232,-4.593901979716464e-11,-45.93901979716464
1935,0.00010011772038227677,0.00010011776706913663,-4.668685986015229e-11,-46.68685986015229
1936,0.00010012553231438212,0.00010012557955945095,-4.724506882965144e-11,-47.245068829651444
1937,0.00010013334434835739,0.00010013339204976526,-4.770140787064228e-11,-47.70140787064228
1938,0.0001001411564887522,0.00010014120454007959,-4.805132738620598e-11,-48.051327386205976
1939,0.00010014896870148416,0.0001001490170303939,-4.8328909745973073e-11,-48.32890974597307
1940,0.00010015678103912316,0.00010015682952070822,-4.848158506302341e-11,-48.48158506302341
1941,0.00010016459348296077,0.00010016464201102254,-4.852806176083925e-11,-48.52806176083925
1942,0.00010017240597977423,0.00010017245450133685,-4.8521562619336505e-11,-48.52156261933651
1943,0.00010018021850439327,0.00010018026699165117,-4.848725789339292e-11,-48.48725789339292
1944,0.0001001880311422882,0.00010018807948196548,-4.833967728300868e-11,-48.339677283008676
1945,0.00010019584384453598,0.00010019589197227981,-4.81277438255715e-11,-48.1277438255715
1946,0.00010020365658539021,0.00010020370446259412,-4.787720390744108e-11,-47.877203907441086
1947,0.00010021146933010736,0.00010021151695290844,-4.762280107183779e-11,-47.622801071837785
1948,0.00010021928217973632,0.00010021932944322275,-4.726348642945347e-11,-47.263486429453465
1949,0.00010022709505518268,0.00010022714193353707,-4.6878354385467164e-11,-46.87835438546716
1950,0.00010023490793111191,0.00010023495442385138,-4.649273946493829e-11,-46.49273946493829
1951,0.00010024272085693504,0.00010024276691416571,-4.605723067173886e-11,-46.05723067173886
1952,0.00010025053384352296,0.00010025057940448003,-4.5560957063051066e-11,-45.56095706305106
1953,0.00010025834682972198,0.00010025839189479434,-4.506507235768254e-11,-45.065072357682546
1954,0.00010026615979836813,0.00010026620438510866,-4.458674051956833e-11,-44.58674051956833
1955,0.00010027397286992189,0.00010027401687542297,-4.400550107659904e-11,-44.00550107659904
1956,0.00010028178593119627,0.00010028182936573729,-4.343454100863719e-11,-43.43454100863719
1957,0.00010028959895824206,0.0001002896418560516,-4.289780954207389e-11,-42.89780954207389
1958,0.00010029741206729818,0.00010029745434636593,-4.227906774924623e-11,-42.27906774924623
1959,0.00010030522518202145,0.00010030526683668024,-4.165465879100541e-11,-41.65465879100541
1960,0.0001003130382671739,0.00010031307932699456,-4.105982066097256e-11,-41.05982066097256
1961,0.0001003208513808079,0.00010032089181730887,-4.043650097354938e-11,-40.436500973549386
1962,0.0001003286645306948,0.00010032870430762319,-3.977692838440394e-11,-39.77692838440394
1963,0.00010033647765848888,0.00010033651679793752,-3.913944863713734e-11,-39.13944863713734
1964,0.00010034429077735414,0.00010034432928825183,-3.8510897687784445e-11,-38.51089768778444
1965,0.00010035210396396427,0.00010035214177856615,-3.781460187001431e-11,-37.81460187001431
1966,0.00010035991710928824,0.00010035995426888046,-3.7159592213474405e-11,-37.159592213474404
1967,0.0001003677302288962,0.00010036776675919478,-3.653029857208083e-11,-36.53029857208083
1968,0.00010037554342696432,0.00010037557924950909,-3.58225447702266e-11,-35.8225447702266
1969,0.00010038335659194374,0.0001003833917398234,-3.514787966671181e-11,-35.147879666711816
1970,0.0001003911697107299,0.00010039120423013773,-3.4519407837012456e-11,-34.51940783701246
1971,0.00010039898291342933,0.00010039901672045205,-3.380702271650065e-11,-33.807022716500654
1972,0.00010040679608664557,0.00010040682921076636,-3.312412079355622e-11,-33.12412079355622
1973,0.00010041460920650988,0.00010041464170108068,-3.2494570792558965e-11,-32.49457079255897
1974,0.00010042242239972468,0.00010042245419139499,-3.1791670313309645e-11,-31.791670313309645
1975,0.00010043023557473185,0.00010043026668170932,-3.1106977464559123e-11,-31.106977464559122
1976,0.00010043804869346529,0.00010043807917202364,-3.047855834063788e-11,-30.47855834063788
1977,0.00010044586187488075,0.00010044589166233795,-2.9787457192974135e-11,-29.787457192974134
1978,0.00010045367504537554,0.00010045370415265227,-2.910727672590286e-11,-29.107276725902864
1979,0.0001004614881693622,0.00010046151664296658,-2.847360437140538e-11,-28.47360437140538
1980,0.00010046930132480245,0.0001004693291332809,-2.7808478444522356e-11,-27.808478444522358
1981,0.00010047711448668784,0.00010047714162359521,-2.7136907369404774e-11,-27.136907369404774
1982,0.000100484927615753,0.00010048495411390952,-2.649815651706368e-11,-26.49815651706368
1983,0.00010049274073764056,0.00010049276660422385,-2.5866583286392348e-11,-25.86658328639235
1984,0.00010050055388743812,0.00010050057909453817,-2.5207100049058443e-11,-25.207100049058443
1985,0.00010050836700060353,0.00010050839158485248,-2.4584248953814213e-11,-24.584248953814214
1986,0.00010051618008460977,0.0001005162040751668,-2.3990557028765585e-11,-23.990557028765586
1987,0.00010052399324604154,0.00010052401656548113,-2.331943958383697e-11,-23.31943958383697
1988,0.0001005318063669038,0.00010053182905579544,-2.2688891642502577e-11,-22.688891642502576
1989,0.00010053961943345033,0.00010053964154610976,-2.2112659424636585e-11,-22.112659424636586
1990,0.00010054743257204697,0.00010054745403642407,-2.1464377093499155e-11,-21.464377093499156
1991,0.00010055524568448289,0.00010055526652673838,-2.0842255490134155e-11,-20.842255490134153
1992,0.0001005630587383406,0.0001005630790170527,-2.0278712096868575e-11,-20.278712096868574
1993,0.00010057087185322988,0.00010057089150736701,-1.965413713372262e-11,-19.65413713372262
1994,0.00010057868495235419,0.00010057870399768133,-1.9045327134238436e-11,-19.045327134238434
1995,0.00010058649800773337,0.00010058651648799566,-1.8480262280064207e-11,-18.480262280064206
1996,0.00010059431108071584,0.00010059432897830997,-1.7897594129682124e-11,-17.897594129682123
1997,0.00010060212417086097,0.00010060214146862429,-1.729776331640761e-11,-17.29776331640761
1998,0.00010060993722801717,0.0001006099539589386,-1.6730921427767625e-11,-16.730921427767626
1999,0.00010061775025300194,0.00010061776644925292,-1.619625097532411e-11,-16.196250975324112
2000,0.00010062556334277702,0.00010062557893956725,-1.559679022735612e-11,-15.596790227356122
2001,0.00010063337639271449,0.00010063339142988156,-1.503716706520076e-11,-15.03716706520076
2002,0.00010064118939169878,0.00010064120392019587,-1.4528497095448583e-11,-14.528497095448582
2003,0.0001006490024603816,0.00010064901641051019,-1.395012859272698e-11,-13.95012859272698
2004,0.00010065681550653781,0.0001006568289008245,-1.339428669406838e-11,-13.394286694068379
2005,0.00010066462850657073,0.00010066464139113882,-1.2884568083974974e-11,-12.884568083974974
2006,0.00010067244153266994,0.00010067245388145313,-1.2348783193670889e-11,-12.348783193670888
2007,0.00010068025456286266,0.00010068026637176745,-1.1808904789644368e-11,-11.808904789644368
2008,0.00010068806756677391,0.00010068807886208178,-1.1295307866407237e-11,-11.295307866407237
2009,0.00010069588054248551,0.00010069589135239609,-1.0809910580890531e-11,-10.80991058089053
2010,0.0001007036935729439,0.00010070370384271041,-1.026976650667417e-11,-10.26976650667417
2011,0.00010071150656933813,0.00010071151633302472,-9.763686587491843e-12,-9.763686587491842
2012,0.0001007193195260215,0.00010071932882333905,-9.297317551545762e-12,-9.297317551545762
2013,0.00010072713254527986,0.00010072714131365336,-8.76837350261161e-12,-8.76837350261161
2014,0.0001007349455273281,0.00010073495380396768,-8.276639570392758e-12,-8.276639570392758
2015,0.0001007427584868215,0.000100742766294282,-7.807460485703502e-12,-7.807460485703502
2016,0.00010075057145529038,0.00010075057878459631,-7.329305928197016e-12,-7.329305928197016
2017,0.00010075838443632868,0.00010075839127491062,-6.838581943854361e-12,-6.838581943854361
2018,0.00010076619738841731,0.00010076620376522494,-6.3768076211900025e-12,-6.376807621190003
2019,0.00010077401031509929,0.00010077401625553925,-5.94043996368711e-12,-5.94043996368711
2020,0.00010078182330175663,0.00010078182874585358,-5.444096952507751e-12,-5.444096952507751
2021,0.00010078963625339628,0.0001007896412361679,-4.9827716115155455e-12,-4.982771611515545
2022,0.00010079744915335027,0.00010079745372648221,-4.5731319363617274e-12,-4.573131936361728
2023,0.00010080526212066046,0.00010080526621679653,-4.096136065716976e-12,-4.096136065716975
2024,0.00010081307506415008,0.00010081307870711084,-3.642960753770507e-12,-3.642960753770507
2025,0.00010082088797032257,0.00010082089119742517,-3.227102596398817e-12,-3.227102596398817
2026,0.00010082870088942991,0.00010082870368773948,-2.7983095682961957e-12,-2.7983095682961956
2027,0.00010083651383418732,0.0001008365161780538,-2.3438664716443853e-12,-2.343866471644385
2028,0.00010084432675001013,0.00010084432866836811,-1.9183579798132004e-12,-1.9183579798132004
2029,0.0001008521396200911,0.00010085214115868243,-1.5385913271178754e-12,-1.5385913271178753
2030,0.000100859952562853,0.00010085995364899674,-1.086143745222106e-12,-1.086143745222106
2031,0.00010086776547925103,0.00010086776613931106,-6.600600299283089e-13,-0.6600600299283089
2032,0.00010087557834548371,0.00010087557862962539,-2.8414167152905826e-13,-0.2841416715290583
2033,0.00010088339125074215,0.0001008833911199397,1.3080244920111802e-13,0.13080244920111803
2034,0.0001008912041653979,0.00010089120361025402,5.551438922613124e-13,0.5551438922613124
2035,0.00010089901704654268,0.00010089901610056833,9.459743537884015e-13,0.9459743537884016
2036,0.00010090682989041206,0.00010090682859088265,1.29952941607688e-12,1.29952941607688
2037,0.00010091464281054981,0.00010091464108119697,1.729352842819177e-12,1.729352842819177
2038,0.00010092245569641034,0.00010092245357151129,2.124899055248019e-12,2.124899055248019
2039,0.0001009302685324227,0.0001009302660618256,2.470597094127875e-12,2.470597094127875
2040,0.0001009380814191578,0.00010093807855213992,2.8670178782391525e-12,2.8670178782391527
2041,0.00010094589430417531,0.00010094589104245423,3.2617210828213055e-12,3.2617210828213055
2042,0.00010095370716116302,0.00010095370353276855,3.6283944764008265e-12,3.6283944764008265
2043,0.00010096151998092328,0.00010096151602308286,3.957840419582815e-12,3.957840419582815
2044,0.0001009693328788271,0.00010096932851339718,4.365429922638572e-12,4.3654299226385715
2045,0.0001009771457436418,0.0001009771410037115,4.73993029367401e-12,4.73993029367401
2046,0.00010098495855611359,0.00010098495349402582,5.062087769066628e-12,5.062087769066627
2047,0.00010099277141669278,0.00010099276598434014,5.432352650105143e-12,5.432352650105143
2048,0.00010100058425824395,0.00010100057847465445,5.783589498413467e-12,5.783589498413467
2049,0.00010100838436029449,0.00010100839096496878,-6.604674283361064e-12,-6.604674283361064
2050,0.0001010161877226444,0.0001010162034552831,-1.57326386860319e-11,-15.7326386860319
2051,0.00010102399341364288,0.00010102401594559741,-2.2531954530000108e-11,-22.531954530000107
2052,0.00010103180104549421,0.00010103182843591172,-2.7390417513596827e-11,-27.390417513596827
2053,0.00010103960956874327,0.00010103964092622604,-3.1357482769535187e-11,-31.357482769535185
2054,0.00010104741880196117,0.00010104745341654035,-3.46145791850284e-11,-34.6145791850284
2055,0.00010105522853609337,0.00010105526590685467,-3.737076129482745e-11,-37.37076129482745
2056,0.00010106303867994418,0.00010106307839716898,-3.971722479955453e-11,-39.71722479955453
2057,0.0001010708491664835,0.00010107089088748331,-4.172099980734467e-11,-41.72099980734467
2058,0.00010107865993528759,0.00010107870337779763,-4.344251003013023e-11,-43.44251003013023
2059,0.00010108647101084285,0.00010108651586811194,-4.485726908710629e-11,-44.85726908710629
2060,0.00010109428230181622,0.00010109432835842626,-4.6056610033757746e-11,-46.05661003375775
2061,0.00010110209377065564,0.00010110214084874057,-4.707808493061258e-11,-47.07808493061258
2062,0.00010110990541082094,0.0001011099533390549,-4.792823395622577e-11,-47.92823395622577
2063,0.0001011177171994833,0.00010111776582936921,-4.8629885908910835e-11,-48.629885908910836
2064,0.00010112552909759492,0.00010112557831968353,-4.922208860096039e-11,-49.22208860096039
2065,0.00010113334116837579,0.00010113339080999784,-4.964162205461901e-11,-49.641622054619006
2066,0.00010114115335661515,0.00010114120330031216,-4.9943697002248476e-11,-49.94369700224848
2067,0.00010114896562847345,0.00010114901579062647,-5.0162153019955325e-11,-50.162153019955326
2068,0.00010115677797768635,0.00010115682828094079,-5.0303254438156796e-11,-50.3032544381568
2069,0.00010116459038937405,0.00010116464077125512,-5.0381881064308515e-11,-50.381881064308516
2070,0.00010117240293769004,0.00010117245326156943,-5.032387939226684e-11,-50.32387939226684
2071,0.00010118021553405159,0.00010118026575188375,-5.021783215476068e-11,-50.217832154760686
2072,0.00010118802815004444,0.00010118807824219806,-5.0092153620883035e-11,-50.09215362088303
2073,0.00010119584085274076,0.00010119589073251238,-4.9879771615454575e-11,-49.87977161545457
2074,0.00010120365363056508,0.0001012037032228267,-4.959226162296984e-11,-49.59226162296984
2075,0.00010121146643593366,0.00010121151571314102,-4.927720735232037e-11,-49.277207352320374
2076,0.00010121927923755205,0.00010121932820345533,-4.896590328277542e-11,-48.96590328277542
2077,0.00010122709214842498,0.00010122714069376965,-4.854534466175261e-11,-48.54534466175261
2078,0.00010123490507715488,0.00010123495318408396,-4.8106929081871164e-11,-48.106929081871165
2079,0.00010124271800093694,0.00010124276567439828,-4.767346133991902e-11,-47.67346133991902
2080,0.00010125053097244717,0.00010125057816471259,-4.719226541913586e-11,-47.19226541913586
2081,0.00010125834399717089,0.00010125839065502691,-4.665785601547042e-11,-46.65785601547042
2082,0.00010126615701741932,0.00010126620314534124,-4.612792191376994e-11,-46.12792191376994
2083,0.00010127397002124465,0.00010127401563565555,-4.561441090000245e-11,-45.61441090000245
2084,0.00010128178312727811,0.00010128182812596987,-4.4998691754411466e-11,-44.99869175441147
2085,0.00010128959621074802,0.00010128964061628418,-4.440553615707251e-11,-44.40553615707251
2086,0.00010129740926869824,0.00010129745310659851,-4.383790026652403e-11,-43.83790026652403
2087,0.00010130522240175021,0.00010130526559691282,-4.319516261305933e-11,-43.19516261305933
2088,0.00010131303553391778,0.00010131307808722714,-4.255330935685925e-11,-42.55330935685925
2089,0.00010132084862038585,0.00010132089057754145,-4.1957155601700195e-11,-41.957155601700194
2090,0.0001013286617794253,0.00010132870306785577,-4.12884304624177e-11,-41.2884304624177
2091,0.00010133647493799401,0.00010133651555817008,-4.0620176070165966e-11,-40.62017607016597
2092,0.00010134428806307633,0.0001013443280484844,-3.998540806161055e-11,-39.98540806161055
2093,0.0001013521012202344,0.00010135214053879871,-3.9318564311252915e-11,-39.31856431125291
2094,0.00010135991439837084,0.00010135995302911304,-3.8630742197534584e-11,-38.63074219753458
2095,0.00010136772754930346,0.00010136776551942736,-3.7970123895393777e-11,-37.970123895393776
2096,0.00010137554069573762,0.00010137557800974167,-3.73140040429343e-11,-37.3140040429343
2097,0.00010138335389082791,0.00010138339050005599,-3.6609228070109435e-11,-36.60922807010944
2098,0.0001013911670542105,0.0001013912029903703,-3.5936159793106814e-11,-35.93615979310681
2099,0.00010139898018478999,0.00010139901548068463,-3.529589463559141e-11,-35.29589463559141
2100,0.0001014067933911265,0.00010140682797099894,-3.457987243691926e-11,-34.57987243691926
2101,0.00010141460656179007,0.00010141464046131326,-3.389952318667478e-11,-33.899523186674784
2102,0.00010142241968277973,0.00010142245295162757,-3.3268847838032594e-11,-33.26884783803259
2103,0.00010143023288379083,0.00010143026544194189,-3.255815105069631e-11,-32.55815105069631
2104,0.0001014380460553721,0.0001014380779322562,-3.187688410462799e-11,-31.87688410462799
2105,0.0001014458591738837,0.00010144589042257052,-3.1248686808471234e-11,-31.248686808471234
2106,0.00010145367236188811,0.00010145370291288485,-3.0550996733812336e-11,-30.550996733812337
2107,0.000101461485524114,0.00010146151540319916,-2.987908515144996e-11,-29.87908515144996
2108,0.00010146929863470396,0.00010146932789351348,-2.925880951070383e-11,-29.25880951070383
2109,0.00010147711180098712,0.00010147714038382779,-2.858284066762916e-11,-28.58284066762916
2110,0.0001014849249662748,0.0001014849528741421,-2.7907867298331684e-11,-27.907867298331684
2111,0.00010149273807222584,0.00010149276536445643,-2.729223059276339e-11,-27.29223059276339
2112,0.00010150055119931297,0.00010150057785477075,-2.6655457772418305e-11,-26.655457772418305
2113,0.00010150836432885237,0.00010150839034508506,-2.6016232690046966e-11,-26.016232690046966
2114,0.0001015161774439487,0.00010151620283539938,-2.539145067139112e-11,-25.391450671391123
2115,0.0001015239905404789,0.00010152401532571369,-2.4785234788234934e-11,-24.785234788234934
2116,0.00010153180368613937,0.00010153182781602801,-2.4129888635998272e-11,-24.129888635998274
2117,0.00010153961680058476,0.00010153964030634232,-2.350575755877426e-11,-23.50575755877426
2118,0.00010154742985574413,0.00010154745279665664,-2.294091249948545e-11,-22.94091249948545
2119,0.0001015552429962631,0.00010155526528697097,-2.2290707864343675e-11,-22.290707864343673
2120,0.0001015630560978919,0.00010156307777728528,-2.1679393371393576e-11,-21.679393371393576
2121,0.00010157086914329007,0.0001015708902675996,-2.1124309519788923e-11,-21.124309519788923
2122,0.00010157868225365691,0.00010157870275791391,-2.0504256994297367e-11,-20.504256994297368
2123,0.00010158649534440242,0.00010158651524822824,-1.9903825817622368e-11,-19.90382581762237
2124,0.0001015943083832618,0.00010159432773854255,-1.9355280748662394e-11,-19.355280748662395
2125,0.00010160212146245891,0.00010160214022885687,-1.8766397951427623e-11,-18.766397951427624
2126,0.00010160993453894937,0.00010160995271917118,-1.8180221810706355e-11,-18.180221810706353
2127,0.0001016177475828931,0.0001016177652094855,-1.7626592389211037e-11,-17.626592389211037
2128,0.00010162556061447118,0.00010162557769979981,-1.7085328632306095e-11,-17.085328632306094
2129,0.00010163337368835268,0.00010163339019011413,-1.650176144793006e-11,-16.50176144793006
2130,0.0001016411867277817,0.00010164120268042844,-1.5952646739148662e-11,-15.952646739148662
2131,0.00010164899971806632,0.00010164901517074277,-1.545267644828609e-11,-15.45267644828609
2132,0.00010165681278382981,0.00010165682766105708,-1.487722726833412e-11,-14.87722726833412
2133,0.00010166462581780339,0.0001016646401513714,-1.4333568007386654e-11,-14.333568007386654
2134,0.0001016724387937613,0.00010167245264168571,-1.3847924418241413e-11,-13.847924418241414
2135,0.00010168025183022725,0.00010168026513200003,-1.330177277978731e-11,-13.30177277978731
2136,0.00010168806485062962,0.00010168807762231436,-1.277168473493086e-11,-12.77168473493086
2137,0.00010169587783314962,0.00010169589011262867,-1.2279479052794232e-11,-12.279479052794231
2138,0.00010170369081996225,0.00010170370260294299,-1.1782980729653664e-11,-11.782980729653664
2139,0.00010171150383662391,0.0001017115150932573,-1.1256633385580197e-11,-11.256633385580196
2140,0.00010171931682222569,0.00010171932758357162,-1.0761345926530915e-11,-10.761345926530915
2141,0.00010172712976238908,0.00010172714007388593,-1.0311496851981942e-11,-10.311496851981941
2142,0.00010173494278713662,0.00010173495256420025,-9.777063622973767e-12,-9.777063622973767
2143,0.00010174275575679746,0.00010174276505451456,-9.29771709359885e-12,-9.29771709359885
2144,0.00010175056868228931,0.00010175057754482889,-8.862539578373222e-12,-8.862539578373221
2145,0.00010175838166515252,0.0001017583900351432,-8.369990678486367e-12,-8.369990678486367
2146,0.00010176619463561211,0.00010176620252545752,-7.889845403818452e-12,-7.889845403818453
2147,0.00010177400757432175,0.00010177401501577183,-7.441450081752456e-12,-7.441450081752456
2148,0.00010178182049985863,0.00010178182750608616,-7.006227531479089e-12,-7.006227531479089
2149,0.00010178963347353895,0.00010178963999640048,-6.522861525837589e-12,-6.522861525837588
2150,0.00010179744641530815,0.00010179745248671479,-6.071406639450947e-12,-6.071406639450947
2151,0.00010180525930640181,0.00010180526497702911,-5.670627294843642e-12,-5.6706272948436425
2152,0.00010181307226634327,0.00010181307746734342,-5.20100015005408e-12,-5.20100015005408
2153,0.0001018208852030743,0.00010182088995765774,-4.754583429190234e-12,-4.754583429190234
2154,0.00010182869809670173,0.00010182870244797205,-4.351270317658357e-12,-4.351270317658357
2155,0.00010183651101117945,0.00010183651493828637,-3.927106914147412e-12,-3.927106914147412
2156,0.00010184432394577286,0.0001018443274286007,-3.482827833391893e-12,-3.482827833391893
2157,0.00010185213685209275,0.00010185213991891501,-3.066822251629799e-12,-3.0668222516297994
2158,0.00010185994971311936,0.00010185995240922932,-2.696109961012281e-12,-2.6961099610122807
2159,0.00010186776264860584,0.00010186776489954364,-2.250937795822231e-12,-2.250937795822231
2160,0.00010187557555541304,0.00010187557738985795,-1.8344449058411864e-12,-1.8344449058411865
2161,0.00010188338842030384,0.00010188338988017228,-1.4598684373657667e-12,-1.4598684373657667
2162,0.000101891201308029,0.0001018912023704866,-1.062457600488157e-12,-1.062457600488157
2163,0.00010189901421538121,0.00010189901486080091,-6.454196956275311e-13,-0.6454196956275311
2164,0.00010190682708370637,0.00010190682735111523,-2.674088541404377e-13,-0.26740885414043775
2165,0.00010191463992225806,0.00010191463984142954,8.0828521752651e-14,0.08082852175265101
2166,0.00010192245283556778,0.00010192245233174386,5.038239278157046e-13,0.5038239278157046
2167,0.00010193026571409346,0.00010193026482205817,8.920352957072477e-13,0.8920352957072477
2168,0.0001019380785461192,0.0001019380773123725,1.2337467096463474e-12,1.2337467096463475
2169,0.00010194589141964552,0.00010194588980268681,1.6169587129003426e-12,1.6169587129003427
2170,0.00010195370429196613,0.00010195370229300113,1.998965002023371e-12,1.998965002023371
2171,0.00010196151714302336,0.00010196151478331544,2.3597079181396135e-12,2.3597079181396134
2172,0.00010196932995374495,0.00010196932727362976,2.680115193070242e-12,2.6801151930702423
2173,0.00010197714284175781,0.00010197713976394409,3.0778137229943208e-12,3.0778137229943208
2174,0.00010198495569407877,0.0001019849522542584,3.4398203716102853e-12,3.4398203716102853
2175,0.00010199276849883759,0.00010199276474457272,3.7542648734054226e-12,3.7542648734054227
2176,0.00010200058134608905,0.00010200057723488703,4.1112020230558065e-12,4.111202023055807
2177,0.00010200838157411843,0.00010200838972520135,-8.151082914391825e-12,-8.151082914391825
2178,0.00010201618520175277,0.00010201620221551566,-1.7013762886355215e-11,-17.013762886355217
2179,0.00010202399109337791,0.00010202401470582998,-2.3612452064977393e-11,-23.612452064977393
2180,0.0001020317989638113,0.00010203182719614429,-2.8232332985939414e-11,-28.232332985939415
2181,0.00010203960773549609,0.00010203963968645862,-3.1950962529771187e-11,-31.950962529771186
2182,0.00010204741715160445,0.00010204745217677293,-3.502516848576004e-11,-35.02516848576004
2183,0.00010205522707694885,0.00010205526466708725,-3.7590138396489935e-11,-37.590138396489934
2184,0.00010206303740113732,0.00010206307715740156,-3.975626423638536e-11,-39.756264236385356
2185,0.0001020708480739299,0.00010207088964771589,-4.1573785982555374e-11,-41.57378598255537
2186,0.00010207865901789735,0.0001020787021380302,-4.3120132854719886e-11,-43.120132854719884
2187,0.00010208647021120786,0.00010208651462834452,-4.4417136659532184e-11,-44.41713665953218
2188,0.00010209428167397032,0.00010209432711865884,-4.54446885095638e-11,-45.4446885095638
2189,0.0001021020933030158,0.00010210213960897315,-4.630595734305096e-11,-46.30595734305096
2190,0.00010210990508973448,0.00010210995209928747,-4.700955298562822e-11,-47.009552985628225
2191,0.00010211771701948685,0.00010211776458960178,-4.7570114931339685e-11,-47.57011493133968
2192,0.00010212552905123503,0.0001021255770799161,-4.802868105911808e-11,-48.02868105911808
2193,0.00010213334125245871,0.00010213338957023042,-4.8317771709950075e-11,-48.31777170995007
2194,0.00010214115356269809,0.00010214120206054474,-4.8497846645490285e-11,-48.497846645490284
2195,0.00010214896595540252,0.00010214901455085905,-4.859545652682247e-11,-48.595456526822474
2196,0.00010215677839866513,0.00010215682704117337,-4.864250823126049e-11,-48.64250823126049
2197,0.00010216459095559425,0.00010216463953148768,-4.857589342676763e-11,-48.575893426767635
2198,0.00010217240360288897,0.00010217245202180201,-4.8418913041045954e-11,-48.418913041045954
2199,0.00010218021629103044,0.00010218026451211633,-4.822108588057697e-11,-48.22108588057697
2200,0.00010218802900798643,0.00010218807700243064,-4.799444420423049e-11,-47.99444420423049
2201,0.00010219584182527478,0.00010219588949274496,-4.7667470174239136e-11,-47.667470174239135
2202,0.00010220365468064433,0.00010220370198305927,-4.730241493884952e-11,-47.30241493884952
2203,0.00010221146755652994,0.00010221151447337359,-4.691684364390556e-11,-46.916843643905565
2204,0.00010221928046075936,0.0001022193269636879,-4.650292853945729e-11,-46.502928539457294
2205,0.00010222709345392606,0.00010222713945400223,-4.600007616816971e-11,-46.00007616816971
2206,0.00010223490645007346,0.00010223495194431654,-4.5494243081164477e-11,-45.49424308116448
2207,0.00010224271942894268,0.00010224276443463086,-4.500568817879315e-11,-45.00568817879315
2208,0.00010225053250842167,0.00010225057692494517,-4.441652350254606e-11,-44.41652350254606
2209,0.00010225834559119898,0.00010225838941525949,-4.382406050710742e-11,-43.82406050710742
2210,0.00010226615865682224,0.00010226620190557382,-4.324875156870646e-11,-43.24875156870646
2211,0.00010227397176911838,0.00010227401439588813,-4.262676974610655e-11,-42.62676974610655
2212,0.00010228178491127014,0.00010228182688620245,-4.197493230249301e-11,-41.97493230249301
2213,0.00010228959803525114,0.00010228963937651676,-4.134126561295188e-11,-41.34126561295188
2214,0.00010229741117479819,0.00010229745186683108,-4.069203288374258e-11,-40.69203288374258
2215,0.00010230522435523104,0.00010230526435714539,-4.000191434850776e-11,-40.00191434850776
2216,0.00010231303751480964,0.0001023130768474597,-3.933265006258994e-11,-39.33265006258994
2217,0.00010232085067354797,0.00010232088933777402,-3.866422604690832e-11,-38.664226046908325
2218,0.00010232866388663595,0.00010232870182808835,-3.794145239933536e-11,-37.94145239933536
2219,0.00010233647707239806,0.00010233651431840266,-3.724600460384696e-11,-37.24600460384696
2220,0.0001023442902306981,0.00010234432680871698,-3.657801887689357e-11,-36.57801887689357
2221,0.00010235210346633818,0.00010235213929903129,-3.583269310584897e-11,-35.83269310584897
2222,0.00010235991666829237,0.00010235995178934562,-3.5121053252358004e-11,-35.121053252358
2223,0.00010236772982516558,0.00010236776427965994,-3.445449434901613e-11,-34.45449434901613
2224,0.00010237554306858986,0.00010237557676997425,-3.3701384385843846e-11,-33.701384385843845
2225,0.00010238335627844822,0.00010238338926028857,-3.2981840346149755e-11,-32.98184034614975
2226,0.00010239116943588718,0.00010239120175060288,-3.2314715692561754e-11,-32.314715692561755
2227,0.00010239898267221354,0.0001023990142409172,-3.1568703648647024e-11,-31.568703648647023
2228,0.0001024067958818372,0.00010240682673123151,-3.084939431161822e-11,-30.849394311618223
2229,0.00010241460904798765,0.00010241463922154582,-3.017355817488946e-11,-30.17355817488946
2230,0.00010242242226550399,0.00010242245171186015,-2.944635615775309e-11,-29.44635615775309
2231,0.00010243023546858237,0.00010243026420217447,-2.8733592095029475e-11,-28.733592095029476
2232,0.00010243804862168923,0.00010243807669248878,-2.8070799547404492e-11,-28.07079954740449
2233,0.00010244586182595648,0.0001024458891828031,-2.7356846616341165e-11,-27.356846616341166
2234,0.00010245367502393854,0.00010245370167311741,-2.664917887303437e-11,-26.649178873034373
2235,0.00010246148818009205,0.00010246151416343174,-2.598333969019965e-11,-25.98333969019965
2236,0.00010246930135433391,0.00010246932665374606,-2.5299412139105105e-11,-25.299412139105105
2237,0.00010247711454019805,0.00010247713914406037,-2.4603862320192275e-11,-24.603862320192274
2238,0.00010248492769013049,0.00010248495163437469,-2.3944244194555585e-11,-23.944244194555587
2239,0.00010249274083669926,0.000102492764124689,-2.3287989738396397e-11,-23.287989738396398
2240,0.00010250055400448657,0.00010250057661500331,-2.2610516740990254e-11,-22.610516740990253
2241,0.00010250836713680613,0.00010250838910531763,-2.196851149319812e-11,-21.96851149319812
2242,0.00010251618024553668,0.00010251620159563196,-2.1350095272730333e-11,-21.350095272730332
2243,0.00010252399342046885,0.00010252401408594627,-2.0665477423665093e-11,-20.66547742366509
2244,0.00010253180655509826,0.00010253182657626059,-2.002116232380206e-11,-20.02116232380206
2245,0.00010253961963679211,0.0001025396390665749,-1.9429782785146907e-11,-19.42978278514691
2246,0.00010254743279419158,0.00010254745155688922,-1.8762697637175566e-11,-18.762697637175567
2247,0.00010255524591892522,0.00010255526404720355,-1.812827832159135e-11,-18.12827832159135
2248,0.00010256305898442028,0.00010256307653751786,-1.7553097576544762e-11,-17.55309757654476
2249,0.00010257087211495508,0.00010257088902783218,-1.6912877088158864e-11,-16.912877088158865
2250,0.00010257868522444871,0.00010257870151814649,-1.6293697779097028e-11,-16.293697779097027
2251,0.00010258649828368457,0.0001025865140084608,-1.5724776228059888e-11,-15.724776228059888
2252,0.00010259431137839553,0.00010259432649877512,-1.5120379581939023e-11,-15.120379581939023
2253,0.00010260212447433674,0.00010260213898908943,-1.4514752691613039e-11,-14.514752691613038
2254,0.00010260993753613363,0.00010260995147940375,-1.3943270119519217e-11,-13.943270119519216
2255,0.0001026177505816601,0.00010261776396971808,-1.3388057979692505e-11,-13.388057979692505
2256,0.00010262556367352484,0.00010262557646003239,-1.2786507554009794e-11,-12.786507554009795
2257,0.00010263337673023139,0.00010263338895034671,-1.2220115311115792e-11,-12.22011531111579
2258,0.00010264118973454328,0.00010264120144066102,-1.1706117734518346e-11,-11.706117734518346
2259,0.0001026490028258912,0.00010264901393097535,-1.110508414801126e-11,-11.10508414801126
2260,0.00010265681585671698,0.00010265682642128967,-1.0564572678336224e-11,-10.564572678336225
2261,0.00010266462884924944,0.00010266463891160398,-1.0062354538214491e-11,-10.06235453821449
2262,0.00010267244190027608,0.0001026724514019183,-9.501642213661706e-12,-9.501642213661706
2263,0.00010268025493680009,0.00010268026389223261,-8.955432516181266e-12,-8.955432516181265
2264,0.00010268806792533173,0.00010268807638254692,-8.457215190496222e-12,-8.457215190496223
2265,0.00010269588092734121,0.00010269588887286124,-7.945520025632267e-12,-7.945520025632267
2266,0.00010270369395445908,0.00010270370136317555,-7.408716473177023e-12,-7.408716473177023
2267,0.00010271150695024537,0.00010271151385348988,-6.90324450681039e-12,-6.90324450681039
2268,0.00010271931989988888,0.0001027193263438042,-6.443915317543002e-12,-6.443915317543002
2269,0.00010272713292697166,0.00010272713883411851,-5.907146852580566e-12,-5.907146852580566
2270,0.00010273494591333224,0.00010273495132443283,-5.411100587535816e-12,-5.411100587535816
2271,0.0001027427588641148,0.00010274276381474714,-4.9506323354660146e-12,-4.950632335466015
2272,0.00010275057185520829,0.00010275057630506147,-4.449853175572659e-12,-4.44985317557266
2273,0.00010275838483940152,0.00010275838879537578,-3.955974257775762e-12,-3.955974257775762
2274,0.00010276619777718102,0.0001027662012856901,-3.5085090727535413e-12,-3.508509072753541
2275,0.00010277401072137653,0.00010277401377600441,-3.0546278774301487e-12,-3.0546278774301485
2276,0.00010278182370044553,0.00010278182626631873,-2.5658731972560154e-12,-2.5658731972560154
2277,0.00010278963664932275,0.00010278963875663304,-2.107310294979086e-12,-2.107310294979086
2278,0.0001027974495485917,0.00010279745124694736,-1.6983556594154257e-12,-1.6983556594154257
2279,0.0001028052625200043,0.00010280526373726167,-1.2172573710378963e-12,-1.2172573710378962
2280,0.00010281307546598794,0.000102813076227576,-7.615880552815319e-13,-0.761588055281532
2281,0.00010282088835977013,0.00010282088871789032,-3.581201874420604e-13,-0.3581201874420604
2282,0.00010282870129348586,0.00010282870120820463,8.528123165483172e-14,0.08528123165483173
2283,0.00010283651423216369,0.00010283651369851895,5.336447459395926e-13,0.5336447459395925
2284,0.00010284432714271925,0.00010284432618883327,9.538859803289356e-13,0.9538859803289356
2285,0.00010285214001591344,0.00010285213867914759,1.336765851799917e-12,1.336765851799917
2286,0.00010285995295994289,0.0001028599511694619,1.7904809880080662e-12,1.7904809880080663
2287,0.0001028677658722809,0.00010286776365977622,2.2125046778740297e-12,2.21250467787403
2288,0.00010287557872998733,0.00010287557615009053,2.5798968026262186e-12,2.5798968026262186
2289,0.00010288339164671236,0.00010288338864040485,3.0063075132952373e-12,3.0063075132952375
2290,0.00010289120455038535,0.00010289120113071916,3.419666191636061e-12,3.419666191636061
2291,0.0001028990174278346,0.00010289901362103348,3.806801122953179e-12,3.806801122953179
2292,0.00010290683028107997,0.00010290682611134781,4.1697321623414046e-12,4.169732162341405
2293,0.00010291464319635362,0.00010291463860166212,4.5946915057722256e-12,4.594691505772226
2294,0.00010292245607885502,0.00010292245109197644,4.986878588820164e-12,4.986878588820164
2295,0.00010293026890954352,0.00010293026358229075,5.327252774904775e-12,5.327252774904775
2296,0.00010293808180200802,0.00010293807607260507,5.729402957633916e-12,5.7294029576339165
2297,0.0001029458946793572,0.0001029458885629194,6.1164378035379865e-12,6.116437803537987
2298,0.0001029537075288805,0.00010295370105323371,6.4756467904205966e-12,6.475646790420597
2299,0.00010296152036103579,0.00010296151354354802,6.817487766519308e-12,6.817487766519308
2300,0.0001029693332458094,0.00010296932603386234,7.211947066270234e-12,7.211947066270233
2301,0.00010297714610422465,0.00010297713852417665,7.580048001745212e-12,7.580048001745212
2302,0.00010298495890997835,0.00010298495101449097,7.895487381006349e-12,7.895487381006349
2303,0.0001029927717796537,0.00010299276350480528,8.27484842011642e-12,8.27484842011642
2304,0.00010300058461966519,0.00010300057599511961,8.62454557936707e-12,8.624545579367071
2305,0.00010300838476347389,0.00010300838848543393,-3.7219600337614365e-12,-3.7219600337614365
2306,0.00010301618820470246,0.00010301620097574824,-1.2771045773933033e-11,-12.771045773933032
2307,0.00010302399398424434,0.00010302401346606256,-1.948181821460614e-11,-19.48181821460614
2308,0.00010303180170610086,0.00010303182595637687,-2.4250276005776174e-11,-24.250276005776175
2309,0.0001030396102891272,0.0001030396384466912,-2.815756399177498e-11,-28.157563991774982
2310,0.00010304741958786923,0.00010304745093700551,-3.1349136283055796e-11,-31.349136283055795
2311,0.00010305522937554804,0.00010305526342731983,-3.405177178885508e-11,-34.051771788855085
2312,0.00010306303958246335,0.00010306307591763414,-3.633517079041827e-11,-36.33517079041827
2313,0.00010307085013671691,0.00010307088840794846,-3.8271231544950007e-11,-38.271231544950005
2314,0.0001030786610141671,0.00010307870089826277,-3.988409567051691e-11,-39.884095670516906
2315,0.00010308647213914924,0.00010308651338857709,-4.1249427847803154e-11,-41.249427847803155
2316,0.00010309428346994238,0.0001030943258788914,-4.240894901666267e-11,-42.40894901666267
2317,0.0001031020949904908,0.00010310213836920573,-4.337871492377988e-11,-43.37871492377988
2318,0.00010310990667768426,0.00010310995085952005,-4.4181835785694715e-11,-44.181835785694716
2319,0.00010311771849654249,0.00010311776334983436,-4.485329186761938e-11,-44.853291867619376
2320,0.00010312553045809249,0.00010312557584014868,-4.5382056182938386e-11,-45.382056182938385
2321,0.00010313334259544742,0.000103133388330463,-4.57350155845533e-11,-45.7350155845533
2322,0.0001031411548109575,0.00010314120082077732,-4.6009819811778675e-11,-46.00981981177868
2323,0.00010314896711681416,0.00010314901331109163,-4.619427747197083e-11,-46.19427747197083
2324,0.00010315677947134457,0.00010315682580140595,-4.6330061379959766e-11,-46.330061379959766
2325,0.00010316459198794946,0.00010316463829172026,-4.6303770805424654e-11,-46.303770805424655
2326,0.00010317240455144206,0.00010317245078203458,-4.623059251203011e-11,-46.23059251203011
2327,0.00010318021717041213,0.00010318026327234889,-4.6101936758986816e-11,-46.10193675898682
2328,0.00010318802980859865,0.00010318807576266321,-4.595406455242828e-11,-45.95406455242828
2329,0.00010319584258521066,0.00010319588825297754,-4.566776687415524e-11,-45.66776687415524
2330,0.00010320365537914034,0.00010320370074329185,-4.5364151505631634e-11,-45.36415150563163
2331,0.00010321146817791652,0.00010321151323360617,-4.50556896449768e-11,-45.0556896449768
2332,0.00010321928105136545,0.00010321932572392048,-4.4672555026652865e-11,-44.672555026652866
2333,0.00010322709398143943,0.0001032271382142348,-4.423279536133819e-11,-44.23279536133819
2334,0.00010323490692056382,0.00010323495070454912,-4.378398530483616e-11,-43.783985304836165
2335,0.00010324271984979862,0.00010324276319486344,-4.334506481200299e-11,-43.34506481200299
2336,0.00010325053289731353,0.00010325057568517775,-4.2787864218286885e-11,-42.787864218286884
2337,0.00010325834591537931,0.00010325838817549207,-4.2260112751084886e-11,-42.26011275108489
2338,0.00010326615892896615,0.00010326620066580638,-4.173684023147764e-11,-41.73684023147764
2339,0.00010327397201726353,0.0001032740131561207,-4.113885716975559e-11,-41.13885716975559
2340,0.00010328178511303119,0.00010328182564643501,-4.0533403819539836e-11,-40.533403819539835
2341,0.00010328959818180579,0.00010328963813674934,-3.995494355265686e-11,-39.95494355265686
2342,0.00010329741129934952,0.00010329745062706366,-3.932771413733201e-11,-39.32771413733201
2343,0.00010330522444093775,0.00010330526311737797,-3.867644022135015e-11,-38.67644022135015
2344,0.00010331303756289154,0.00010331307560769229,-3.8044800745926077e-11,-38.044800745926075
2345,0.00010332085068842735,0.0001033208880980066,-3.7409579242706966e-11,-37.40957924270697
2346,0.00010332866386752441,0.00010332870058832093,-3.6720796512311286e-11,-36.72079651231129
2347,0.00010333647702201904,0.00010333651307863524,-3.605661619945805e-11,-36.05661619945805
2348,0.00010334429014464441,0.00010334432556894956,-3.5424305142103286e-11,-35.424305142103286
2349,0.00010335210335337915,0.00010335213805926387,-3.470588471533065e-11,-34.70588471533065
2350,0.00010335991652784035,0.00010335995054957819,-3.402173783013661e-11,-34.02173783013661
2351,0.0001033677296564876,0.0001033677630398925,-3.338340489707543e-11,-33.38340489707543
2352,0.00010337554286974198,0.00010337557553020682,-3.2660464838021515e-11,-32.66046483802152
2353,0.00010338335605644726,0.00010338338802052113,-3.196407386795822e-11,-31.964073867958216
2354,0.00010339116919046657,0.00010339120051083546,-3.132036888931522e-11,-31.320368889315223
2355,0.00010339898239833913,0.00010339901300114978,-3.06028106472152e-11,-30.6028106472152
2356,0.00010340679558696468,0.00010340682549146409,-2.990449940602663e-11,-29.90449940602663
2357,0.00010341460872174321,0.0001034146379817784,-2.92600351877073e-11,-29.2600351877073
2358,0.00010342242191962635,0.00010342245047209273,-2.8552466377848746e-11,-28.552466377848745
2359,0.00010343023510553662,0.00010343026296240705,-2.7856870426133477e-11,-27.856870426133476
2360,0.0001034380482439142,0.00010343807545272136,-2.7208807158044997e-11,-27.208807158044998
2361,0.00010344586141909457,0.00010344588794303568,-2.652394110799742e-11,-26.52394110799742
2362,0.00010345367459507608,0.00010345370043334999,-2.583827391385954e-11,-25.838273913859542
2363,0.00010346148774424226,0.00010346151292366431,-2.5179422048108255e-11,-25.179422048108254
2364,0.00010346930088226497,0.00010346932541397862,-2.4531713652943358e-11,-24.531713652943356
2365,0.00010347711406110301,0.00010347713790429294,-2.3843189924894157e-11,-23.84318992489416
2366,0.0001034849272020787,0.00010348495039460727,-2.3192528556034696e-11,-23.192528556034695
2367,0.00010349274031148031,0.00010349276288492158,-2.257344126863225e-11,-22.57344126863225
2368,0.0001035005534759032,0.0001035005753752359,-2.1899332686092602e-11,-21.899332686092603
2369,0.00010350836659584118,0.00010350838786555021,-2.126970902711025e-11,-21.269709027110252
2370,0.00010351617968057053,0.00010351620035586452,-2.0675293993422684e-11,-20.675293993422684
2371,0.00010352399284073156,0.00010352401284617885,-2.0005447287650332e-11,-20.00544728765033
2372,0.00010353180596878875,0.00010353182533649317,-1.9367704418068998e-11,-19.367704418068996
2373,0.00010353961903820553,0.00010353963782680748,-1.8788601951134203e-11,-18.788601951134204
2374,0.00010354743217234553,0.0001035474503171218,-1.814477626013183e-11,-18.144776260131827
2375,0.00010355524528756703,0.00010355526280743611,-1.7519869083887698e-11,-17.5198690838877
2376,0.00010356305835021078,0.00010356307529775043,-1.6947539641476948e-11,-16.947539641476947
2377,0.00010357087145274785,0.00010357088778806474,-1.6335316885261903e-11,-16.335316885261904
2378,0.00010357868455423688,0.00010357870027837907,-1.572414218662942e-11,-15.724142186629418
2379,0.00010358649762021994,0.00010358651276869339,-1.5148473442184995e-11,-15.148473442184995
2380,0.00010359431067695347,0.0001035943252590077,-1.4582054229761952e-11,-14.582054229761951
2381,0.00010360212377404566,0.00010360213774932201,-1.3975276350409656e-11,-13.975276350409656
2382,0.0001036099368356415,0.00010360995023963633,-1.3403994830056195e-11,-13.403994830056195
2383,0.00010361774985024098,0.00010361776272995066,-1.2879709679172376e-11,-12.879709679172377
2384,0.00010362556293981309,0.00010362557522026497,-1.2280451880298549e-11,-12.28045188029855
2385,0.00010363337598928321,0.00010363338771057929,-1.1721296077042165e-11,-11.721296077042165
2386,0.00010364118899102203,0.0001036412002008936,-1.1209871569698044e-11,-11.209871569698043
2387,0.00010364900205260629,0.00010364901269120792,-1.0638601623202774e-11,-10.638601623202774
2388,0.00010365681509411893,0.00010365682518152223,-1.0087403294686293e-11,-10.087403294686293
2389,0.00010366462810084673,0.00010366463767183655,-9.570989817492952e-12,-9.570989817492952
2390,0.0001036724411120143,0.00010367245016215086,-9.050136559508338e-12,-9.050136559508339
2391,0.00010368025414429174,0.00010368026265246519,-8.508173451544562e-12,-8.508173451544561
2392,0.00010368806714520396,0.0001036880751427795,-7.997575539936743e-12,-7.997575539936743
2393,0.00010369588010854063,0.00010369588763309382,-7.524553188938988e-12,-7.524553188938988
2394,0.00010370369314399188,0.00010370370012340813,-6.979416255298113e-12,-6.979416255298113
2395,0.00010371150614226209,0.00010371151261372245,-6.471460354649262e-12,-6.4714603546492615
2396,0.00010371931908422236,0.00010371932510403678,-6.019814418287301e-12,-6.019814418287301
2397,0.00010372713209359792,0.00010372713759435109,-5.500753170310952e-12,-5.500753170310952
2398,0.00010373494508230062,0.00010373495008466541,-5.0023647846281445e-12,-5.002364784628145
2399,0.00010374275802738012,0.00010374276257497972,-4.547599598615943e-12,-4.5475995986159425
2400,0.00010375057099140145,0.00010375057506529404,-4.07389258749879e-12,-4.07389258749879
2401,0.00010375838397824787,0.00010375838755560835,-3.5773604779080224e-12,-3.5773604779080226
2402,0.00010376619692591435,0.00010376620004592267,-3.1200083177496347e-12,-3.1200083177496345
2403,0.00010377400983456047,0.000103774012536237,-2.7016765260163645e-12,-2.7016765260163647
2404,0.00010378182281749394,0.00010378182502655131,-2.2090573698287326e-12,-2.2090573698287326
2405,0.00010378963576926317,0.00010378963751686562,-1.7476024531243881e-12,-1.7476024531243881
2406,0.00010379744866512236,0.00010379745000717994,-1.3420575791830861e-12,-1.3420575791830862
2407,0.00010380526161933713,0.00010380526249749425,-8.781571225059563e-13,-0.8781571225059562
2408,0.00010381307455960768,0.00010381307498780858,-4.2820090167728706e-13,-0.4282009016772871
2409,0.00010382088747250897,0.0001038208874781229,-5.61392812513587e-15,-0.00561392812513587
2410,0.00010382870036422707,0.00010382869996843721,3.9578986272341207e-13,0.39578986272341204
2411,0.00010383651331947792,0.00010383651245875153,8.607263965490962e-13,0.8607263965490962
2412,0.0001038443262309482,0.00010384432494906584,1.2818823587588381e-12,1.2818823587588382
2413,0.00010385213909087657,0.00010385213743938016,1.6514964203382645e-12,1.6514964203382645
2414,0.00010385995202050527,0.00010385994992969447,2.090810803820701e-12,2.090810803820701
2415,0.0001038677649315327,0.00010386776242000879,2.511523910100564e-12,2.5115239101005638
2416,0.00010387557780497919,0.00010387557491032311,2.8946560754170827e-12,2.8946560754170827
2417,0.00010388339068138658,0.00010388338740063743,3.280749156209078e-12,3.280749156209078
2418,0.00010389120359506228,0.00010389119989095174,3.704110534715454e-12,3.704110534715454
2419,0.0001038990164789865,0.00010389901238126606,4.0977204433794e-12,4.0977204433794
2420,0.00010390682931812893,0.00010390682487158039,4.446548546826167e-12,4.446548546826167
2421,0.00010391464222171717,0.0001039146373618947,4.859822467662157e-12,4.859822467662156
2422,0.00010392245510381062,0.00010392244985220902,5.251601606090171e-12,5.251601606090171
2423,0.00010393026794826743,0.00010393026234252333,5.605744102668229e-12,5.605744102668229
2424,0.00010393808080390515,0.00010393807483283765,5.9710675019126796e-12,5.97106750191268
2425,0.0001039458936895614,0.00010394588732315196,6.366409437099698e-12,6.366409437099698
2426,0.00010395370654776531,0.00010395369981346628,6.734299034466205e-12,6.734299034466205
2427,0.00010396151935948782,0.00010396151230378059,7.055707231289945e-12,7.0557072312899445
2428,0.00010396933224130071,0.00010396932479409492,7.447205791748247e-12,7.447205791748247
2429,0.00010397714510120783,0.00010397713728440923,7.816798602965092e-12,7.816798602965092
2430,0.00010398495792122865,0.00010398494977472355,8.146505107034183e-12,8.146505107034184
2431,0.00010399277075228035,0.00010399276226503786,8.48724248729405e-12,8.487242487294049
2432,0.00010400058361422167,0.00010400057475535218,8.85886949217944e-12,8.858869492179439
2433,0.00010400838383905345,0.00010400838724566651,-3.4066130556304495e-12,-3.4066130556304497
2434,0.00010401618744593135,0.00010401619973598082,-1.2290049468322352e-11,-12.290049468322353
2435,0.0001040239933688888,0.00010402401222629514,-1.8857406329019453e-11,-18.857406329019454
2436,0.0001040318012210882,0.00010403182471660945,-2.349552125369812e-11,-23.49552125369812
2437,0.00010403960994720013,0.00010403963720692377,-2.7259723636652115e-11,-27.259723636652115
2438,0.00010404741936628706,0.00010404744969723808,-3.033095101822261e-11,-30.330951018222606
2439,0.00010405522929271709,0.0001040552621875524,-3.2894835303764666e-11,-32.894835303764665
2440,0.00010406303961812274,0.00010406307467786672,-3.5059743977643674e-11,-35.05974397764368
2441,0.00010407085029696012,0.00010407088716818104,-3.6871220917231324e-11,-36.87122091723133
2442,0.00010407866128788036,0.00010407869965849535,-3.8370614991301e-11,-38.370614991301
2443,0.00010408647251854802,0.00010408651214880967,-3.963026164803088e-11,-39.63026164803088
2444,0.00010409428394969866,0.00010409432463912398,-4.068942532330764e-11,-40.68942532330764
2445,0.00010410209556839729,0.00010410213712943831,-4.156104102338748e-11,-41.56104102338748
2446,0.00010410990734911934,0.00010410994961975263,-4.2270633279760545e-11,-42.270633279760546
2447,0.00010411771924694296,0.00010411776211006694,-4.2863123976564695e-11,-42.863123976564694
2448,0.00010412553132760385,0.00010412557460038126,-4.3272777407533577e-11,-43.272777407533574
2449,0.00010413334354023386,0.00010413338709069557,-4.355046170940994e-11,-43.550461709409944
2450,0.00010414115583688129,0.00010414119958100989,-4.374412859640772e-11,-43.74412859640772
2451,0.00010414896821105428,0.0001041490120713242,-4.386026991877004e-11,-43.860269918770044
2452,0.00010415678065838449,0.00010415682456163852,-4.390325402191755e-11,-43.90325402191755
2453,0.00010416459324956735,0.00010416463705195284,-4.3802385489640794e-11,-43.80238548964079
2454,0.00010417240588063955,0.00010417244954226716,-4.3661627600897675e-11,-43.661627600897674
2455,0.00010418021853115633,0.00010418026203258147,-4.3501425142502224e-11,-43.50142514250222
2456,0.00010418803129133684,0.00010418807452289579,-4.323155894117649e-11,-43.23155894117649
2457,0.00010419584411158353,0.00010419588701321012,-4.290162658424234e-11,-42.901626584242344
2458,0.00010420365694865978,0.00010420369950352443,-4.255486464487568e-11,-42.55486464487568
2459,0.00010421146979373843,0.00010421151199383875,-4.220010031769412e-11,-42.20010031769412
2460,0.00010421928275769073,0.00010421932448415306,-4.1726462329597774e-11,-41.72646232959777
2461,0.0001042270957294094,0.00010422713697446738,-4.124505797094695e-11,-41.24505797094695
2462,0.00010423490869141738,0.00010423494946478169,-4.077336430971158e-11,-40.773364309711575
2463,0.00010424272172541969,0.000104242761955096,-4.022967631740654e-11,-40.229676317406536
2464,0.00010425053478926924,0.00010425057444541032,-3.965614107954966e-11,-39.65614107954966
2465,0.00010425834784967526,0.00010425838693572465,-3.908604938976534e-11,-39.086049389765336
2466,0.00010426616092079471,0.00010426619942603896,-3.850524425108129e-11,-38.505244251081294
2467,0.0001042739740514879,0.00010427401191635328,-3.786486537431052e-11,-37.86486537431052
2468,0.00010428178716816454,0.00010428182440666759,-3.7238503049673114e-11,-37.23850304967311
2469,0.00010428960027082087,0.00010428963689698191,-3.6626161031219096e-11,-36.6261610312191
2470,0.00010429741345702061,0.00010429744938729624,-3.593027562462883e-11,-35.93027562462883
2471,0.00010430522661862115,0.00010430526187761055,-3.525898939652701e-11,-35.258989396527014
2472,0.00010431303974227604,0.00010431307436792487,-3.462564882144684e-11,-34.62564882144684
2473,0.00010432085295790882,0.00010432088685823918,-3.390033036163967e-11,-33.90033036163967
2474,0.00010432866614853927,0.0001043286993485535,-3.320001422734627e-11,-33.200014227346266
2475,0.0001043364792931069,0.00010433651183886781,-3.254576091024189e-11,-32.54576091024189
2476,0.00010434429251748151,0.00010434432432918213,-3.1811700609633136e-11,-31.811700609633135
2477,0.00010435210572638119,0.00010435213681949645,-3.109311526215754e-11,-31.09311526215754
2478,0.00010435991888258633,0.00010435994930981077,-3.0427224430641826e-11,-30.427224430641825
2479,0.00010436773210941622,0.00010436776180012508,-2.969070885934579e-11,-29.690708859345786
2480,0.00010437554532416304,0.0001043755742904394,-2.8966276355343867e-11,-28.966276355343865
2481,0.0001043833584888181,0.00010438338678075371,-2.8291935604461508e-11,-28.291935604461507
2482,0.00010439117170859057,0.00010439119927106804,-2.756247747102441e-11,-27.562477471024412
2483,0.0001043989849216221,0.00010439901176138236,-2.6839760256174525e-11,-26.839760256174525
2484,0.00010440679809958473,0.00010440682425169667,-2.6152111940064444e-11,-26.152111940064444
2485,0.00010441461129523583,0.00010441463674201099,-2.544677515011333e-11,-25.446775150113332
2486,0.00010442242451283906,0.0001044224492323253,-2.4719486234172835e-11,-24.719486234172834
2487,0.00010443023768047472,0.00010443026172263962,-2.404216488954557e-11,-24.042164889545568
2488,0.00010443805085349534,0.00010443807421295393,-2.335945858377811e-11,-23.35945858377811
2489,0.00010444586405918658,0.00010444588670326824,-2.264408166158144e-11,-22.644081661581442
2490,0.00010445367722880393,0.00010445369919358257,-2.196477863932836e-11,-21.96477863932836
2491,0.00010446149036543381,0.00010446151168389689,-2.1318463078036873e-11,-21.318463078036874
2492,0.00010446930358948129,0.0001044693241742112,-2.0584729908328612e-11,-20.58472990832861
2493,0.00010447711675226313,0.00010447713666452552,-1.9912262387749765e-11,-19.912262387749767
2494,0.00010448492986696072,0.00010448494915483985,-1.9287879125100433e-11,-19.28787912510043
2495,0.0001044927430730036,0.00010449276164515416,-1.8572150555481644e-11,-18.572150555481645
2496,0.00010450055619729177,0.00010450057413546848,-1.793817669791252e-11,-17.93817669791252
2497,0.00010450836929654916,0.00010450838662578279,-1.732923362616419e-11,-17.329233626164193
2498,0.00010451618246842737,0.0001045161991160971,-1.6647669730673354e-11,-16.647669730673353
2499,0.00010452399561601288,0.00010452401160641142,-1.5990398536821863e-11,-15.990398536821862
2500,0.00010453180872001712,0.00010453182409672573,-1.5376708611121957e-11,-15.376708611121957
2501,0.00010453962185643335,0.00010453963658704005,-1.4730606691868558e-11,-14.730606691868557
2502,0.00010454743498349051,0.00010454744907735438,-1.409386386326607e-11,-14.093863863266069
2503,0.00010455524807032549,0.00010455526156766869,-1.3497343200539318e-11,-13.497343200539317
2504,0.00010456306117819128,0.00010456307405798301,-1.2879791726171779e-11,-12.87979172617178
2505,0.00010457087429803135,0.00010457088654829732,-1.2250265970645604e-11,-12.250265970645604
2506,0.00010457868737845002,0.00010457869903861164,-1.1660161616375621e-11,-11.660161616375621
2507,0.00010458650044300982,0.00010458651152892597,-1.10859161447806e-11,-11.085916144780601
2508,0.00010459431355848287,0.00010459432401924028,-1.0460757406527398e-11,-10.460757406527398
2509,0.00010460212663594876,0.0001046021365095546,-9.873605836216599e-12,-9.873605836216598
2510,0.00010460993966251875,0.00010460994899986891,-9.337350158224166e-12,-9.337350158224167
2511,0.00010461775276424106,0.00010461776149018322,-8.725942166389217e-12,-8.725942166389217
2512,0.0001046255658335863,0.00010462557398049754,-8.14691124324528e-12,-8.14691124324528
2513,0.00010463337884495627,0.00010463338647081185,-7.62585557826759e-12,-7.62585557826759
2514,0.00010464119191581953,0.00010464119896112617,-7.045306636556901e-12,-7.045306636556901
2515,0.00010464900497059184,0.0001046490114514405,-6.480848650996194e-12,-6.480848650996194
2516,0.00010465681798251332,0.00010465682394175481,-5.9592414930309416e-12,-5.959241493030942
2517,0.0001046646310095851,0.00010466463643206913,-5.4224840191680286e-12,-5.422484019168029
2518,0.00010467244405511241,0.00010467244892238344,-4.867271025532106e-12,-4.867271025532106
2519,0.00010468025706844905,0.00010468026141269777,-4.344248712681217e-12,-4.344248712681217
2520,0.00010468807003953687,0.00010468807390301209,-3.863475210616982e-12,-3.8634752106169823
2521,0.00010469588308635491,0.0001046958863933264,-3.3069714878472426e-12,-3.3069714878472425
2522,0.00010470369609601472,0.00010470369888364071,-2.7876259891663222e-12,-2.7876259891663224
2523,0.00010471150904821688,0.00010471151137395503,-2.3257381505345044e-12,-2.3257381505345043
2524,0.00010471932206712123,0.00010471932386426934,-1.7971481071621962e-12,-1.7971481071621962
2525,0.00010472713506560155,0.00010472713635458366,-1.2889821016848442e-12,-1.2889821016848442
2526,0.00010473494801964573,0.00010473494884489797,-8.252522442195549e-13,-0.8252522442195549
2527,0.00010474276099041137,0.0001047427613352123,-3.4480092638340185e-13,-0.3448009263834019
2528,0.00010475057398212183,0.00010475057382552662,1.565952123087335e-13,0.1565952123087335
2529,0.00010475838694553439,0.00010475838631584093,6.296934574585627e-13,0.6296934574585626
2530,0.00010476619986306969,0.00010476619880615525,1.0569144466211885e-12,1.0569144466211884
2531,0.0001047740128632584,0.00010477401129646956,1.5667888430142531e-12,1.5667888430142531
2532,0.00010478182581388526,0.00010478182378678389,2.027101376547031e-12,2.027101376547031
2533,0.00010478963871757363,0.0001047896362770982,2.4404754234536496e-12,2.4404754234536497
2534,0.00010479745167902661,0.00010479744876741252,2.9116140951494556e-12,2.9116140951494556
2535,0.00010480526462648511,0.00010480526125772683,3.3687582782261063e-12,3.3687582782261063
2536,0.00010481307755250763,0.00010481307374804115,3.8044664833101115e-12,3.8044664833101116
2537,0.00010482089044820159,0.00010482088623835546,4.209846124840327e-12,4.209846124840327
2538,0.00010482870340083334,0.00010482869872866978,4.672163565030465e-12,4.6721635650304645
2539,0.00010483651632216971,0.00010483651121898411,5.103185604379499e-12,5.103185604379499
2540,0.00010484432919241104,0.00010484432370929842,5.483112624128662e-12,5.483112624128662
2541,0.00010485214212865798,0.00010485213619961274,5.929045248722493e-12,5.929045248722493
2542,0.00010485995504506795,0.00010485994868992705,6.3551409037927144e-12,6.355140903792714
2543,0.00010486776793415196,0.00010486776118024137,6.7539105983581545e-12,6.753910598358154
2544,0.00010487558081122667,0.0001048755736705557,7.14067097848226e-12,7.140670978482261
2545,0.00010488339373096308,0.00010488338616087001,7.570093074237885e-12,7.570093074237884
2546,0.00010489120661761447,0.00010489119865118432,7.966430144388919e-12,7.966430144388919
2547,0.00010489901945985331,0.00010489901114149864,8.318354675030196e-12,8.318354675030196
2548,0.00010490683237249282,0.00010490682363181295,8.740679867967801e-12,8.7406798679678
2549,0.00010491464526095725,0.00010491463612212727,9.138829981649247e-12,9.138829981649247
2550,0.00010492245810644936,0.00010492244861244158,9.494007782881812e-12,9.49400778288181
2551,0.00010493027097484204,0.0001049302611027559,9.872086143059197e-12,9.872086143059196
2552,0.00010493808386281372,0.00010493807359307023,1.0269743500405775e-11,10.269743500405776
2553,0.00010494589672498816,0.00010494588608338454,1.0641603622310777e-11,10.641603622310777
2554,0.00010495370953967893,0.00010495369857369886,1.0965980080079712e-11,10.965980080079712
2555,0.00010496152242774557,0.00010496151106401317,1.1363732399984073e-11,11.363732399984073
2556,0.00010496933529186668,0.0001049693235543275,1.1737539179784718e-11,11.737539179784719
2557,0.00010497714811266914,0.00010497713604464181,1.2068027325857535e-11,12.068027325857535
2558,0.00010498496095580825,0.00010498494853495613,1.2420852123772736e-11,12.420852123772736
2559,0.00010499277382143084,0.00010499276102527044,1.2796160401609529e-11,12.79616040160953
2560,0.00010500058664075749,0.00010500057351558476,1.312517273168516e-11,13.12517273168516
2561,0.00010500838672479122,0.00010500838600589907,7.18892152546715e-13,0.718892152546715
2562,0.00010501619005494383,0.00010501619849621339,-8.441269558094935e-12,-8.441269558094934
2563,0.00010502399579628419,0.0001050240109865277,-1.519024350994986e-11,-15.19024350994986
2564,0.00010503180345782309,0.00010503182347684203,-2.0019018937422218e-11,-20.019018937422217
2565,0.00010503961198860965,0.00010503963596715635,-2.3978546697884714e-11,-23.978546697884713
2566,0.00010504742118124521,0.00010504744845747066,-2.727622545121536e-11,-27.27622545121536
2567,0.00010505523090431496,0.00010505526094778498,-3.004347001459346e-11,-30.043470014593463
2568,0.00010506304105574795,0.00010506307343809929,-3.2382351341162645e-11,-32.38235134116265
2569,0.00010507085155985748,0.00010507088592841362,-3.4368556134463715e-11,-34.36855613446372
2570,0.00010507866236031105,0.00010507869841872793,-3.6058416883083694e-11,-36.058416883083694
2571,0.00010508647340890606,0.00010508651090904225,-3.750013618561923e-11,-37.500136185619226
2572,0.0001050942846757841,0.00010509432339935656,-3.872357245490453e-11,-38.72357245490453
2573,0.00010510209613737737,0.00010510213588967088,-3.9752293508558955e-11,-39.75229350855896
2574,0.00010510990776144831,0.0001051099483799852,-4.061853687845391e-11,-40.61853687845391
2575,0.00010511771951325913,0.00010511776087029951,-4.1357040375090785e-11,-41.35704037509078
2576,0.00010512553147302994,0.00010512557336061384,-4.1887583893279896e-11,-41.887583893279896
2577,0.00010513334353921658,0.00010513338585092815,-4.231171157232926e-11,-42.31171157232926
2578,0.00010514115570621244,0.00010514119834124247,-4.26350300249607e-11,-42.6350300249607
2579,0.00010514896795628982,0.00010514901083155678,-4.287526695958137e-11,-42.87526695958137
2580,0.00010515678028148807,0.0001051568233218711,-4.3040383022222526e-11,-43.04038302222253
2581,0.00010516459276516639,0.00010516463581218542,-4.304701903069702e-11,-43.04701903069702
2582,0.00010517240528121666,0.00010517244830249974,-4.3021283079783245e-11,-43.021283079783245
2583,0.00010518021784324131,0.00010518026079281405,-4.294957274192014e-11,-42.949572741920136
2584,0.00010518803046761443,0.00010518807328312837,-4.28155139351129e-11,-42.8155139351129
2585,0.00010519584319664456,0.00010519588577344268,-4.25767981225877e-11,-42.5767981225877
2586,0.0001052036559532577,0.000105203698263757,-4.231049929877515e-11,-42.31049929877515
2587,0.00010521146870833948,0.00010521151075407131,-4.204573182921607e-11,-42.045731829216066
2588,0.00010521928156823254,0.00010521932324438563,-4.167615308552241e-11,-41.67615308552241
2589,0.00010522709445836507,0.00010522713573469996,-4.1276334886141015e-11,-41.276334886141015
2590,0.0001052349073604368,0.00010523494822501427,-4.0864577465988735e-11,-40.86457746598874
2591,0.00010524272027140511,0.00010524276071532859,-4.0443923475832327e-11,-40.44392347583233
2592,0.00010525053327701837,0.0001052505732056429,-3.9928624531367247e-11,-39.92862453136725
2593,0.00010525834627813434,0.00010525838569595723,-3.941782288461869e-11,-39.417822884618694
2594,0.00010526615925332655,0.00010526619818627154,-3.8932944986152714e-11,-38.93294498615271
2595,0.00010527397232237796,0.00010527401067658586,-3.835420789535005e-11,-38.35420789535005
2596,0.00010528178539274425,0.00010528182316690017,-3.777415592481017e-11,-37.774155924810174
2597,0.00010528959842978527,0.00010528963565721449,-3.7227429211971254e-11,-37.227429211971256
2598,0.00010529741152670076,0.0001052974481475288,-3.662082804402055e-11,-36.62082804402055
2599,0.00010530522465256887,0.00010530526063784312,-3.59852742463881e-11,-35.985274246388094
2600,0.00010531303774121196,0.00010531307312815743,-3.538694547325082e-11,-35.38694547325082
2601,0.00010532085085153281,0.00010532088561847176,-3.476693894503643e-11,-34.76693894503643
2602,0.00010532866400675583,0.00010532869810878608,-3.4102030238058664e-11,-34.10203023805867
2603,0.00010533647713881405,0.00010533651059910039,-3.3460286337200206e-11,-33.46028633720021
2604,0.00010534429023895831,0.0001053443230894147,-3.285045638807478e-11,-32.85045638807478
2605,0.00010535210343860214,0.00010535213557972902,-3.2141126874545694e-11,-32.14112687454569
2606,0.00010535991658304866,0.00010535994807004335,-3.148699468992904e-11,-31.486994689929038
2607,0.0001053677296978266,0.00010536776056035766,-3.086253106079367e-11,-30.862531060793668
2608,0.0001053755428961253,0.00010537557305067198,-3.01545466762424e-11,-30.1545466762424
2609,0.00010538335606054561,0.00010538338554098629,-2.948044068223544e-11,-29.48044068223544
2610,0.00010539116917775283,0.00010539119803130061,-2.8853547776159875e-11,-28.853547776159875
2611,0.0001053989823690243,0.00010539901052161492,-2.8152590620884518e-11,-28.152590620884517
2612,0.00010540679554238963,0.00010540682301192924,-2.7469539606588845e-11,-27.469539606588846
2613,0.0001054146086611747,0.00010541463550224357,-2.684106886109166e-11,-26.84106886109166
2614,0.00010542242184364894,0.00010542244799255788,-2.614890893579638e-11,-26.148908935796378
2615,0.00010543023501625462,0.0001054302604828722,-2.5466617567752858e-11,-25.46661756775286
2616,0.00010543804814361841,0.00010543807297318651,-2.4829568099670937e-11,-24.829568099670936
2617,0.000105445861301501,0.00010544588546350083,-2.416199981765901e-11,-24.16199981765901
2618,0.00010545367446798954,0.00010545369795381515,-2.348582561314034e-11,-23.485825613140342
2619,0.00010546148760119251,0.00010546151044412947,-2.2842936957418065e-11,-22.842936957418065
2620,0.00010546930072846942,0.00010546932293444378,-2.2205974361035214e-11,-22.205974361035214
2621,0.0001054771138949668,0.0001054771354247581,-2.1529791293163786e-11,-21.529791293163786
2622,0.00010548492702630402,0.00010548494791507241,-2.0888768386750032e-11,-20.888768386750034
2623,0.00010549274011689235,0.00010549276040538673,-2.028849437873246e-11,-20.288494378732462
2624,0.00010550055327217501,0.00010550057289570104,-1.962352602708268e-11,-19.62352602708268
2625,0.00010550836638199216,0.00010550838538601536,-1.9004023192092575e-11,-19.004023192092575
2626,0.00010551617945635945,0.00010551619787632969,-1.8419970230933157e-11,-18.419970230933156
2627,0.00010552399260203836,0.000105524010366644,-1.7764605633707036e-11,-17.764605633707035
2628,0.00010553180572130532,0.00010553182285695832,-1.7135652987449237e-11,-17.135652987449237
2629,0.00010553961878187534,0.00010553963534727263,-1.6565397284981272e-11,-16.565397284981273
2630,0.0001055474319034111,0.00010554744783758696,-1.5934175850809857e-11,-15.934175850809856
2631,0.00010555524500905376,0.00010555526032790127,-1.5318847505891945e-11,-15.318847505891945
2632,0.00010556305806849326,0.00010556307281821559,-1.4749722328134285e-11,-14.749722328134286
2633,0.00010557087114990369,0.0001055708853085299,-1.4158626213479549e-11,-14.158626213479549
2634,0.00010557868424566399,0.00010557869779884422,-1.3553180222286044e-11,-13.553180222286043
2635,0.00010558649730805,0.00010558651028915853,-1.2981108535389275e-11,-12.981108535389275
2636,0.00010559431033492789,0.00010559432277947285,-1.2444544957532384e-11,-12.444544957532383
2637,0.00010560212343665805,0.00010560213526978716,-1.1833129105231684e-11,-11.833129105231684
2638,0.0001056099364937781,0.00010560994776010149,-1.1266323388286677e-11,-11.266323388286677
2639,0.00010561774949817659,0.0001056177602504158,-1.0752239211040705e-11,-10.752239211040704
2640,0.00010562556257566095,0.00010562557274073012,-1.0165069168635391e-11,-10.165069168635391
2641,0.00010563337562354076,0.00010563338523104443,-9.60750367312561e-12,-9.60750367312561
2642,0.00010564118861498466,0.00010564119772135875,-9.10637408553758e-12,-9.10637408553758
2643,0.00010564900166314472,0.00010564901021167308,-8.548528350871264e-12,-8.548528350871264
2644,0.00010565681469803303,0.00010565682270198739,-8.003954362103399e-12,-8.003954362103398
2645,0.00010566462769799219,0.00010566463519230171,-7.494309518415303e-12,-7.494309518415303
2646,0.00010567244069332782,0.00010567244768261602,-6.989288200681664e-12,-6.989288200681664
2647,0.0001056802537252409,0.00010568026017293034,-6.4476894388579515e-12,-6.447689438857951
2648,0.00010568806672523042,0.00010568807266324465,-5.9380142239565e-12,-5.9380142239564995
2649,0.00010569587967644848,0.00010569588515355897,-5.4771104885315925e-12,-5.477110488531593
2650,0.00010570369269988127,0.00010570369764387328,-4.9439920037353556e-12,-4.943992003735356
2651,0.00010571150569799152,0.00010571151013418761,-4.4361960906695814e-12,-4.436196090669581
2652,0.00010571931863185097,0.00010571932262450192,-3.992650947022199e-12,-3.992650947022199
2653,0.000105727131627174,0.00010572713511481624,-3.487642233138815e-12,-3.487642233138815
2654,0.00010573494460925913,0.00010573494760513055,-2.9958714244935714e-12,-2.9958714244935716
2655,0.0001057427575561435,0.00010574276009544488,-2.5393013806773605e-12,-2.5393013806773603
2656,0.00010575057049555596,0.0001057505725857592,-2.0902032381055778e-12,-2.0902032381055777
2657,0.00010575838348075597,0.00010575838507607351,-1.5953175437238377e-12,-1.5953175437238376
2658,0.00010576619642967429,0.00010576619756638783,-1.136713536632044e-12,-1.136713536632044
2659,0.00010577400933218385,0.00010577401005670214,-7.245182885374602e-13,-0.7245182885374603
2660,0.00010578182230907504,0.00010578182254701646,-2.379414181621443e-13,-0.23794141816214429
2661,0.00010578963525879573,0.00010578963503733077,2.2146496629992454e-13,0.22146496629992454
2662,0.00010579744815513612,0.00010579744752764509,6.274910362704299e-13,0.6274910362704299
2663,0.00010580526108286427,0.00010580526001795941,1.0649048540020808e-12,1.0649048540020807
2664,0.00010581307402513491,0.00010581307250827373,1.516861183893497e-12,1.516861183893497
2665,0.00010582088693938016,0.00010582088499858804,1.940792120906134e-12,1.940792120906134
2666,0.00010582869980963089,0.00010582869748890236,2.320728532556616e-12,2.320728532556616
2667,0.00010583651275545379,0.00010583650997921667,2.7762371153409092e-12,2.7762371153409093
2668,0.0001058443256713006,0.000105844322469531,3.2017695951451604e-12,3.2017695951451604
2669,0.00010585213853265478,0.00010585213495984532,3.572809463896568e-12,3.572809463896568
2670,0.00010585995144501741,0.00010585994745015963,3.994857778704374e-12,3.9948577787043744
2671,0.00010586776435131958,0.00010586775994047395,4.410845633760948e-12,4.410845633760948
2672,0.00010587557724198269,0.00010587557243078826,4.811194428133032e-12,4.811194428133032
2673,0.00010588339007425094,0.00010588338492110258,5.153148364545589e-12,5.153148364545589
2674,0.00010589120299743922,0.00010589119741141689,5.586022329625446e-12,5.586022329625446
2675,0.00010589901588239387,0.00010589900990173122,5.980662650481595e-12,5.9806626504815945
2676,0.00010590682871412685,0.00010590682239204553,6.322081316281596e-12,6.322081316281596
2677,0.00010591464160270253,0.00010591463488235985,6.7203426826584666e-12,6.720342682658466
2678,0.00010592245448077451,0.00010592244737267416,7.108100352598406e-12,7.108100352598406
2679,0.00010593026732972071,0.00010593025986298848,7.466732232217129e-12,7.4667322322171295
2680,0.00010593808014733324,0.00010593807235330281,7.79403043865806e-12,7.7940304386580594
2681,0.00010594589305718086,0.00010594588484361712,8.213563743238878e-12,8.213563743238879
2682,0.00010595370590898818,0.00010595369733393144,8.575056751075628e-12,8.575056751075628
2683,0.00010596151872239303,0.00010596150982424575,8.89814727730536e-12,8.898147277305359
2684,0.00010596933157613021,0.00010596932231456007,9.261570151456606e-12,9.261570151456606
2685,0.00010597714443119001,0.00010597713480487438,9.62631563028554e-12,9.626315630285541
2686,0.00010598495726241051,0.0001059849472951887,9.967221820823662e-12,9.967221820823662
2687,0.00010599277005866035,0.00010599275978550301,1.0273157341338807e-11,10.273157341338807
2688,0.00010600058291413756,0.00010600057227581734,1.0638320224451622e-11,10.638320224451622
2689,0.00010600838312243886,0.00010600838476613165,-1.6436927879639205e-12,-1.6436927879639205
2690,0.00010601618670826939,0.00010601619725644597,-1.0548176573484796e-11,-10.548176573484795
2691,0.0001060239925833193,0.00010602400974676028,-1.7163440980709823e-11,-17.163440980709822
2692,0.00010603180039590078,0.00010603182223707461,-2.184117383184097e-11,-21.841173831840972
2693,0.00010603960912920905,0.00010603963472738893,-2.5598179877085204e-11,-25.598179877085204
2694,0.00010604741853534161,0.00010604744721770324,-2.8682361631473206e-11,-28.682361631473206
2695,0.00010605522842715016,0.00010605525970801756,-3.128086739262354e-11,-31.280867392623538
2696,0.00010606303872763541,0.00010606307219833187,-3.3470696453437124e-11,-33.47069645343712
2697,0.000106070849363869,0.00010607088468864619,-3.532477718515523e-11,-35.32477718515523
2698,0.00010607866029498801,0.0001060786971789605,-3.688397249003247e-11,-36.88397249003247
2699,0.00010608647151358463,0.00010608650966927482,-3.8155690179412354e-11,-38.15569017941235
2700,0.00010609428293275415,0.00010609432215958914,-3.922683499342649e-11,-39.22683499342649
2701,0.00010610209452898308,0.00010610213464990346,-4.012092037695528e-11,-40.120920376955276
2702,0.00010610990629157175,0.00010610994714021777,-4.084864602308338e-11,-40.84864602308338
2703,0.00010611771818535923,0.00010611775963053209,-4.144517285220999e-11,-41.445172852209986
2704,0.00010612553020036657,0.0001061255721208464,-4.1920479834025604e-11,-41.920479834025606
2705,0.00010613334240816668,0.00010613338461116073,-4.2202994053292484e-11,-42.202994053292485
2706,0.00010614115468535594,0.00010614119710147505,-4.241611910312733e-11,-42.41611910312733
2707,0.00010614896705272102,0.00010614900959178936,-4.25390683342186e-11,-42.5390683342186
2708,0.00010615677946273232,0.00010615682208210368,-4.2619371353769415e-11,-42.61937135376942
2709,0.0001061645920366954,0.00010616463457241799,-4.2535722581182e-11,-42.535722581182
2710,0.00010617240465345155,0.0001061724470627323,-4.2409280755422394e-11,-42.409280755422394
2711,0.00010618021731995948,0.00010618025955304662,-4.223308714168694e-11,-42.23308714168694
2712,0.00010618803000650492,0.00010618807204336095,-4.2036856021683543e-11,-42.03685602168354
2713,0.00010619584284164267,0.00010619588453367526,-4.1692032595143704e-11,-41.6920325951437
2714,0.00010620365566708559,0.00010620369702398958,-4.1356903982457486e-11,-41.35690398245749
2715,0.00010621146850358833,0.0001062115095143039,-4.1010715558935015e-11,-41.01071555893501
2716,0.00010621928143082605,0.00010621932200461821,-4.057379215295103e-11,-40.573792152951036
2717,0.0001062270943937651,0.00010622713449493254,-4.010116743310004e-11,-40.10116743310004
2718,0.00010623490736164577,0.00010623494698524685,-3.962360108237718e-11,-39.62360108237718
2719,0.00010624272033610015,0.00010624275947556117,-3.913946101059463e-11,-39.13946101059463
2720,0.00010625053340329107,0.00010625057196587548,-3.856258441071995e-11,-38.56258441071995
2721,0.00010625834646192956,0.0001062583844561898,-3.7994260227974796e-11,-37.9942602279748
2722,0.00010626615949352207,0.00010626619694650411,-3.745298203762843e-11,-37.45298203762843
2723,0.00010627397262065347,0.00010627400943681843,-3.681616495472966e-11,-36.81616495472966
2724,0.00010628178574265889,0.00010628182192713274,-3.618447384417712e-11,-36.18447384417712
2725,0.00010628959882551481,0.00010628963441744707,-3.55919322576335e-11,-35.5919322576335
2726,0.00010629741198706685,0.00010629744690776138,-3.4920694534026376e-11,-34.920694534026374
2727,0.00010630522514662013,0.0001063052593980757,-3.4251455564229283e-11,-34.25145556422928
2728,0.00010631303828522542,0.00010631307188839001,-3.360316458657953e-11,-33.60316458657953
2729,0.00010632085144339437,0.00010632088437870434,-3.2935309966773846e-11,-32.93530996677384
2730,0.00010632866463356693,0.00010632869686901866,-3.223545171816294e-11,-32.23545171816294
2731,0.00010633647780096289,0.00010633650935933297,-3.155837007708348e-11,-31.558370077083485
2732,0.00010634429096664646,0.00010634432184964729,-3.088300082491525e-11,-30.88300082491525
2733,0.00010635210417479764,0.0001063521343399616,-3.016516395640943e-11,-30.165163956409426
2734,0.0001063599173536698,0.00010635994683027592,-2.9476606116649375e-11,-29.476606116649375
2735,0.00010636773051548954,0.00010636775932059023,-2.8805100689973338e-11,-28.805100689973337
2736,0.00010637554373863322,0.00010637557181090454,-2.8072271324748587e-11,-28.072271324748588
2737,0.00010638335692823228,0.00010638338430121887,-2.737298659198187e-11,-27.37298659198187
2738,0.00010639117007650067,0.00010639119679153319,-2.671503251339204e-11,-26.71503251339204
2739,0.00010639898330830237,0.0001063990092818475,-2.597354512974616e-11,-25.97354512974616
2740,0.00010640679649878445,0.00010640682177216182,-2.5273377368520063e-11,-25.273377368520062
2741,0.00010641460964552024,0.00010641463426247613,-2.4616955891016203e-11,-24.616955891016204
2742,0.00010642242287326319,0.00010642244675279046,-2.3879527272413133e-11,-23.879527272413135
2743,0.00010643023605705736,0.00010643025924310478,-2.3186047412288013e-11,-23.186047412288012
2744,0.00010643804919226838,0.00010643807173341909,-2.2541150705722076e-11,-22.541150705722075
2745,0.00010644586239743646,0.0001064458842237334,-2.1826296938178685e-11,-21.826296938178686
2746,0.00010645367558119509,0.00010645369671404772,-2.1132852626332294e-11,-21.132852626332294
2747,0.00010646148870755519,0.00010646150920436203,-2.0496806844859024e-11,-20.496806844859023
2748,0.00010646930189484015,0.00010646932169467635,-1.979983619255168e-11,-19.79983619255168
2749,0.00010647711506780047,0.00010647713418499068,-1.9117190209082593e-11,-19.117190209082594
2750,0.00010648492819227413,0.00010648494667530499,-1.8483030858074285e-11,-18.483030858074283
2751,0.00010649274134889702,0.00010649275916561931,-1.7816722283461513e-11,-17.816722283461512
2752,0.0001065005545087879,0.00010650057165593362,-1.7147145720212963e-11,-17.147145720212965
2753,0.00010650836762203046,0.00010650838414624794,-1.6524217470431634e-11,-16.524217470431633
2754,0.00010651618071811287,0.00010651619663656227,-1.5918449389877737e-11,-15.918449389877738
2755,0.00010652399388244653,0.00010652400912687658,-1.5244430050729412e-11,-15.244430050729411
2756,0.00010653180700171164,0.0001065318216171909,-1.4615479247615306e-11,-14.615479247615307
2757,0.00010653962007624768,0.00010653963410750521,-1.4031257530387741e-11,-14.031257530387741
2758,0.00010654743322734813,0.00010654744659781952,-1.3370471393750633e-11,-13.370471393750632
2759,0.0001065552463378109,0.00010655525908813384,-1.2750322943471867e-11,-12.750322943471867
2760,0.0001065630593915078,0.00010656307157844815,-1.2186940350940994e-11,-12.186940350940993
2761,0.00010657087251596999,0.00010657088406876247,-1.1552792478923187e-11,-11.552792478923188
2762,0.00010657868561561853,0.0001065786965590768,-1.0943458267688606e-11,-10.943458267688605
2763,0.00010658649865660056,0.00010658650904939111,-1.039279054771534e-11,-10.39279054771534
2764,0.00010659431175391613,0.00010659432153970543,-9.785789295610458e-12,-9.785789295610458
2765,0.00010660212483742167,0.00010660213403001974,-9.19259806867761e-12,-9.19259806867761
2766,0.00010660993788114626,0.00010660994652033407,-8.639187805098934e-12,-8.639187805098933
2767,0.00010661775093100042,0.00010661775901064839,-8.079647963880528e-12,-8.079647963880529
2768,0.00010662556400674035,0.0001066255715009627,-7.494222348560636e-12,-7.494222348560635
2769,0.00010663337704834561,0.00010663338399127701,-6.94293140207357e-12,-6.942931402073571
2770,0.00010664119004723989,0.00010664119648159133,-6.434351434654236e-12,-6.4343514346542365
2771,0.00010664900312099182,0.00010664900897190564,-5.85091382599034e-12,-5.8509138259903395
2772,0.00010665681615532787,0.00010665682146221996,-5.306892089151557e-12,-5.306892089151557
2773,0.0001066646291357295,0.00010666463395253427,-4.81680477542964e-12,-4.81680477542964
2774,0.0001066724421823021,0.0001066724464428486,-4.260546502479224e-12,-4.260546502479224
2775,0.00010668025520635383,0.00010668025893316292,-3.7268090873202965e-12,-3.7268090873202966
2776,0.00010668806818329376,0.00010668807142347723,-3.2401834685048e-12,-3.2401834685048003
2777,0.00010669588118743835,0.00010669588391379155,-2.7263531978550963e-12,-2.7263531978550963
2778,0.00010670369420718528,0.00010670369640410586,-2.196920580316968e-12,-2.1969205803169682
2779,0.00010671150718316717,0.00010671150889442019,-1.7112530167511887e-12,-1.7112530167511886
2780,0.00010671932013422252,0.0001067193213847345,-1.2505119794147902e-12,-1.25051197941479
2781,0.00010672713315587823,0.00010672713387504882,-7.191705832944199e-13,-0.7191705832944199
2782,0.00010673494612887356,0.00010673494636536313,-2.364895765854961e-13,-0.2364895765854961
2783,0.0001067427590540509,0.00010674275885567745,1.9837345224747523e-13,0.19837345224747524
2784,0.00010675057204620829,0.00010675057134599176,7.002165261801634e-13,0.7002165261801634
2785,0.00010675838501724296,0.00010675838383630608,1.1809368887854187e-12,1.1809368887854188
2786,0.00010676619794455657,0.0001067661963266204,1.6179361753689469e-12,1.617936175368947
2787,0.00010677401088612653,0.00010677400881693472,2.06919181250134e-12,2.06919181250134
2788,0.00010678182385400476,0.00010678182130724904,2.546755723769311e-12,2.5467557237693113
2789,0.00010678963679199844,0.00010678963379756335,2.9944350929307064e-12,2.9944350929307064
2790,0.00010679744968436716,0.00010679744628787767,3.3964894999504357e-12,3.3964894999504356
2791,0.0001068052626533671,0.000106805258778192,3.875175113233533e-12,3.8751751132335333
2792,0.00010681307558299162,0.00010681307126850631,4.314485308985078e-12,4.314485308985079
2793,0.0001068208884666001,0.00010682088375882062,4.707779484423869e-12,4.707779484423869
2794,0.00010682870139427182,0.00010682869624913494,5.145136882984969e-12,5.1451368829849695
2795,0.00010683651432270517,0.00010683650873944925,5.583255920019713e-12,5.583255920019713
2796,0.00010684432722303156,0.00010684432122976357,5.993267991514726e-12,5.993267991514726
2797,0.00010685214008773712,0.00010685213372007788,6.367659237601504e-12,6.3676592376015035
2798,0.00010685995303119792,0.0001068599462103922,6.8208057233227114e-12,6.820805723322711
2799,0.00010686776592607108,0.00010686775870070653,7.225364556045719e-12,7.22536455604572
2800,0.00010687557878652178,0.00010687557119102084,7.595500945574268e-12,7.595500945574268
2801,0.00010688339168388018,0.00010688338368133516,8.002545027174628e-12,8.002545027174628
2802,0.00010689120457868731,0.00010689119617164947,8.407037845537859e-12,8.40703784553786
2803,0.00010689901744764235,0.00010689900866196379,8.785678567829585e-12,8.785678567829585
2804,0.00010690683029289009,0.00010690682115227811,9.140611976339944e-12,9.140611976339944
2805,0.00010691464319947454,0.00010691463364259243,9.556882116984652e-12,9.556882116984651
2806,0.00010692245607201345,0.00010692244613290674,9.93910671021511e-12,9.93910671021511
2807,0.0001069302688942883,0.00010693025862322106,1.0271067243495744e-11,10.271067243495745
2808,0.00010693808177830816,0.00010693807111353537,1.066477279234383e-11,10.66477279234383
2809,0.00010694589464711443,0.00010694588360384969,1.1043264748544964e-11,11.043264748544964
2810,0.00010695370748716447,0.000106953696094164,1.1393000464735374e-11,11.393000464735373
2811,0.00010696152030801131,0.00010696150858447833,1.17235329817821e-11,11.7235329817821
2812,0.00010696933318672453,0.00010696932107479265,1.2111931889544429e-11,12.111931889544428
2813,0.00010697714603663026,0.00010697713356510696,1.2471523301638329e-11,12.471523301638328
2814,0.00010698495883548641,0.00010698494605542128,1.2780065135755912e-11,12.780065135755912
2815,0.00010699277169227404,0.00010699275854573559,1.3146538453377028e-11,13.146538453377028
2816,0.00010700058452009727,0.00010700057103604992,1.3484047350617775e-11,13.484047350617775
2817,0.00010700838475594041,0.00010700838352636423,1.2295761769120832e-12,1.2295761769120832
2818,0.00010701618836159331,0.00010701619601667855,-7.65508523515693e-12,-7.65508523515693
2819,0.00010702399430786644,0.00010702400850699286,-1.419912642300242e-11,-14.199126423002419
2820,0.00010703180219411551,0.00010703182099730718,-1.8803191666746053e-11,-18.803191666746052
2821,0.00010703961093409218,0.0001070396334876215,-2.2553529312975886e-11,-22.553529312975886
2822,0.00010704742035186267,0.00010704744597793581,-2.562607313282421e-11,-25.62607313282421
2823,0.00010705523027387367,0.00010705525846825012,-2.8194376450238467e-11,-28.194376450238465
2824,0.00010706304062988607,0.00010706307095856445,-3.032867838139128e-11,-30.32867838139128
2825,0.00010707085132995785,0.00010707088344887877,-3.2118920909722676e-11,-32.118920909722675
2826,0.00010707866231734978,0.00010707869593919308,-3.362184330292227e-11,-33.62184330292227
2827,0.0001070864735411671,0.0001070865084295074,-3.4888340287791095e-11,-34.888340287791095
2828,0.00010709428497836667,0.00010709432091982172,-3.594145505006976e-11,-35.94145505006976
2829,0.00010710209660107408,0.00010710213341013604,-3.680906195327442e-11,-36.809061953274416
2830,0.00010710990837206537,0.00010710994590045035,-3.7528384978355646e-11,-37.528384978355646
2831,0.00010711772028576636,0.00010711775839076467,-3.8104998306837794e-11,-38.10499830683779
2832,0.00010712553239884001,0.00010712557088107898,-3.8482238971759135e-11,-38.48223897175914
2833,0.00010713334459477027,0.0001071333833713933,-3.877662302285786e-11,-38.77662302285786
2834,0.00010714115688938593,0.00010714119586170761,-3.897232167762182e-11,-38.97232167762182
2835,0.0001071489692447463,0.00010714900835202193,-3.9107275628847716e-11,-39.10727562884772
2836,0.00010715678174710417,0.00010715682084233626,-3.9095232080722785e-11,-39.09523208072279
2837,0.00010716459431771733,0.00010716463333265057,-3.901493323535033e-11,-39.014933235350334
2838,0.00010717240694159839,0.00010717244582296489,-3.888136649369908e-11,-38.881366493699076
2839,0.00010718021959220069,0.0001071802583132792,-3.8721078505304744e-11,-38.721078505304746
2840,0.00010718803237154408,0.00010718807080359352,-3.843204943715614e-11,-38.432049437156145
2841,0.00010719584518377753,0.00010719588329390784,-3.811013031005862e-11,-38.11013031005862
2842,0.00010720365800636781,0.00010720369578422216,-3.777785434170843e-11,-37.77785434170843
2843,0.00010721147089081611,0.00010721150827453647,-3.7383720356819356e-11,-37.38372035681935
2844,0.0001072192838427968,0.00010721932076485079,-3.6922053980033796e-11,-36.922053980033795
2845,0.00010722709680457481,0.0001072271332551651,-3.645059029163173e-11,-36.450590291631734
2846,0.00010723490975486496,0.00010723494574547942,-3.599061445708362e-11,-35.99061445708362
2847,0.00010724272281540139,0.00010724275823579373,-3.542039233777795e-11,-35.42039233777795
2848,0.00010725053587180187,0.00010725057072610806,-3.485430619226229e-11,-34.85430619226229
2849,0.00010725834889947529,0.00010725838321642238,-3.431694708106134e-11,-34.31694708106134
2850,0.00010726616201424066,0.00010726619570673669,-3.3692496028671174e-11,-33.69249602867117
2851,0.00010727397513458579,0.000107274008197051,-3.3062465211115474e-11,-33.06246521111547
2852,0.00010728178822665134,0.00010728182068736532,-3.246071397763789e-11,-32.460713977637894
2853,0.00010728960137334222,0.00010728963317767965,-3.1804337426761554e-11,-31.804337426761553
2854,0.00010729741453938868,0.00010729744566799396,-3.112860527857366e-11,-31.128605278573662
2855,0.00010730522767767821,0.00010730525815830828,-3.0480630061254117e-11,-30.480630061254118
2856,0.0001073130408251916,0.0001073130706486226,-2.982343099395215e-11,-29.82343099395215
2857,0.00010732085404382607,0.00010732088313893691,-2.9095110839115294e-11,-29.095110839115293
2858,0.00010732866722033707,0.00010732869562925122,-2.8408914147741426e-11,-28.408914147741427
2859,0.00010733648036991986,0.00010733650811956554,-2.7749645677305363e-11,-27.749645677305363
2860,0.00010734429359592983,0.00010734432060987985,-2.701395002034974e-11,-27.01395002034974
2861,0.00010735210678986612,0.00010735213310019418,-2.631032805876474e-11,-26.31032805876474
2862,0.00010735991994129422,0.0001073599455905085,-2.5649214276231106e-11,-25.649214276231106
2863,0.00010736773318983017,0.00010736775808082281,-2.489099263862873e-11,-24.890992638628727
2864,0.00010737554638232681,0.00010737557057113713,-2.418881030779341e-11,-24.18881030779341
2865,0.0001073833595360097,0.00010738338306145145,-2.352544175065924e-11,-23.52544175065924
2866,0.00010739117276961901,0.00010739119555176577,-2.278214675804634e-11,-22.782146758046338
2867,0.00010739898597750025,0.00010739900804208008,-2.206457982877641e-11,-22.064579828776413
2868,0.00010740679912966436,0.0001074068205323944,-2.1402730035597987e-11,-21.402730035597987
2869,0.0001074146123529932,0.00010741463302270871,-2.066971551574723e-11,-20.66971551574723
2870,0.00010742242555753356,0.00010742244551302303,-1.9955489460604126e-11,-19.955489460604127
2871,0.00010743023870381559,0.00010743025800333734,-1.9299521748814506e-11,-19.299521748814506
2872,0.00010743805191330021,0.00010743807049365166,-1.8580351447161798e-11,-18.580351447161796
2873,0.00010744586510789457,0.00010744588298396599,-1.787607141551568e-11,-17.87607141551568
2874,0.00010745367825436215,0.0001074536954742803,-1.7219918142524238e-11,-17.21991814252424
2875,0.00010746149143725976,0.00010746150796459462,-1.6527334849833127e-11,-16.527334849833128
2876,0.00010746930462089352,0.00010746932045490893,-1.5834015410971953e-11,-15.834015410971952
2877,0.0001074771177684844,0.00010747713294522324,-1.517673883676718e-11,-15.17673883676718
2878,0.00010748493091740683,0.00010748494543553757,-1.4518130740321852e-11,-14.518130740321851
2879,0.00010749274409492286,0.00010749275792585189,-1.3830929020639144e-11,-13.830929020639143
2880,0.00010750055722487193,0.0001075005704161662,-1.3191294272476931e-11,-13.19129427247693
2881,0.0001075083703260525,0.00010750838290648052,-1.2580428015809992e-11,-12.580428015809991
2882,0.00010751618350726543,0.00010751619539679483,-1.188952939711207e-11,-11.88952939711207
2883,0.0001075239966334963,0.00010752400788710915,-1.1253612838985234e-11,-11.253612838985234
2884,0.00010753180971520928,0.00010753182037742346,-1.0662214177714265e-11,-10.662214177714265
2885,0.00010753962287202412,0.00010753963286773779,-9.99571367221191e-12,-9.99571367221191
2886,0.00010754743599520872,0.0001075474453580521,-9.362843383376578e-12,-9.362843383376578
2887,0.0001075552490606699,0.00010755525784836642,-8.78769651964788e-12,-8.78769651964788
2888,0.00010756306219241901,0.00010756307033868073,-8.146261724828798e-12,-8.146261724828799
2889,0.00010757087530172036,0.00010757088282899505,-7.527274685469725e-12,-7.527274685469725
2890,0.00010757868835831012,0.00010757869531930938,-6.960999251807281e-12,-6.960999251807281
2891,0.0001075865014554418,0.00010758650780962369,-6.35418189394338e-12,-6.35418189394338
2892,0.00010759431454956066,0.00010759432029993801,-5.750377344181436e-12,-5.7503773441814365
2893,0.00010760212760866034,0.00010760213279025232,-5.181591982489688e-12,-5.181591982489688
2894,0.00010760994065767887,0.00010760994528056664,-4.622887762990672e-12,-4.622887762990672
2895,0.00010761775374656684,0.00010761775777088095,-4.02431410924021e-12,-4.02431410924021
2896,0.0001076255667995604,0.00010762557026119527,-3.461634865763683e-12,-3.461634865763683
2897,0.00010763337979999869,0.00010763338275150958,-2.9515108860305123e-12,-2.9515108860305124
2898,0.00010764119288659126,0.00010764119524182391,-2.3552326509095285e-12,-2.3552326509095285
2899,0.00010764900593291885,0.00010764900773213822,-1.7992193669925125e-12,-1.7992193669925125
2900,0.00010765681892136849,0.00010765682022245254,-1.3010840476492903e-12,-1.3010840476492902
2901,0.00010766463197393525,0.00010766463271276685,-7.388316003579621e-13,-0.7388316003579621
2902,0.00010767244500581729,0.00010767244520308118,-1.9726388737396414e-13,-0.19726388737396414
2903,0.0001076802579953932,0.0001076802576933955,3.0199770118603605e-13,0.301997701186036
2904,0.00010768807100136347,0.00010768807018370981,8.176536598739883e-13,0.8176536598739883
2905,0.0001076958840258782,0.00010769588267402413,1.3518540700181485e-12,1.3518540700181485
2906,0.00010770369701892548,0.00010770369516433844,1.8545870435414856e-12,1.8545870435414857
2907,0.00010771150996649887,0.00010771150765465276,2.3118461113908383e-12,2.3118461113908384
2908,0.00010771932299530981,0.00010771932014496707,2.850342740406108e-12,2.8503427404061084
2909,0.00010772713598495781,0.00010772713263528139,3.3496764284105786e-12,3.3496764284105787
2910,0.00010773494891766455,0.00010773494512559571,3.792068834755647e-12,3.7920688347556473
2911,0.00010774276191406384,0.00010774275761591003,4.298153809030603e-12,4.2981538090306035
2912,0.0001077505748922509,0.00010775057010622434,4.7860265585000554e-12,4.786026558500056
2913,0.00010775838783281342,0.00010775838259653866,5.236274768526302e-12,5.236274768526302
2914,0.00010776620077731452,0.00010776619508685297,5.69046154623201e-12,5.69046154623201
2915,0.00010777401375320847,0.0001077740075771673,6.1760411674490736e-12,6.176041167449074
2916,0.0001077818266987027,0.00010778182006748162,6.631221087897305e-12,6.6312210878973055
2917,0.00010778963959577064,0.00010778963255779593,7.037974711735657e-12,7.037974711735657
2918,0.00010779745256468482,0.00010779744504811025,7.516574578179438e-12,7.516574578179438
2919,0.00010780526550745566,0.00010780525753842456,7.96903110474313e-12,7.96903110474313
2920,0.0001078130783983649,0.00010781307002873888,8.369626026560895e-12,8.369626026560896
2921,0.0001078208913316458,0.00010782088251905319,8.812592612823985e-12,8.812592612823986
2922,0.00010782870426602009,0.0001078286950093675,9.256652589872972e-12,9.256652589872973
2923,0.00010783651716895541,0.00010783650749968183,9.669273577055636e-12,9.669273577055636
2924,0.00010784433004073727,0.00010784431998999615,1.0050741126119157e-11,10.050741126119156
2925,0.00010785214298524526,0.00010785213248031046,1.0504934802061187e-11,10.504934802061186
2926,0.00010785995589405038,0.00010785994497062478,1.0923425605595579e-11,10.923425605595579
2927,0.00010786776875989875,0.00010786775746093911,1.1298959641429738e-11,11.298959641429738
2928,0.0001078755816629197,0.00010787556995125342,1.1711666280584029e-11,11.711666280584028
2929,0.00010788339456285825,0.00010788338244156774,1.2121290519409416e-11,12.121290519409417
2930,0.0001078912074364996,0.00010789119493188205,1.2504617556513912e-11,12.504617556513912
2931,0.00010789902028726647,0.00010789900742219637,1.2865070109735836e-11,12.865070109735836
2932,0.00010790683319779072,0.00010790681991251068,1.3285280037787448e-11,13.285280037787448
2933,0.0001079146460758982,0.000107914632402825,1.367307320179601e-11,13.67307320179601
2934,0.00010792245890375086,0.00010792244489313931,1.4010611548678267e-11,14.010611548678266
2935,0.00010793027179169767,0.00010793025738345364,1.4408244037137514e-11,14.408244037137514
2936,0.00010793808467390842,0.00010793806987376795,1.4800140472688064e-11,14.800140472688064
2937,0.00010794589751698917,0.00010794588236408227,1.5152906899868803e-11,15.152906899868803
2938,0.0001079537103377993,0.00010795369485439658,1.548340271667199e-11,15.483402716671991
2939,0.00010796152322187429,0.0001079615073447109,1.5877163397200548e-11,15.877163397200547
2940,0.00010796933607274566,0.00010796931983502523,1.6237720440406845e-11,16.237720440406846
2941,0.000107977148877272,0.00010797713232533954,1.6551932462151147e-11,16.551932462151147
2942,0.00010798496173855693,0.00010798494481565386,1.6922903077488787e-11,16.922903077488787
2943,0.00010799277459321038,0.00010799275730596817,1.7287242210896e-11,17.287242210896
2944,0.0001080005873929747,0.00010800056979628249,1.759669221341084e-11,17.59669221341084
2945,0.0001080083874295358,0.0001080083822865968,5.142939001893434e-12,5.142939001893434
2946,0.00010801619068419778,0.00010801619477691112,-4.092713334326129e-12,-4.092713334326129
2947,0.00010802399630397514,0.00010802400726722544,-1.0963250297032166e-11,-10.963250297032166
2948,0.00010803180386740736,0.00010803181975753976,-1.589013240082467e-11,-15.890132400824669
2949,0.00010803961231406093,0.00010803963224785407,-1.9933793138564813e-11,-19.933793138564813
2950,0.0001080474214301868,0.00010804744473816839,-2.3307981586200346e-11,-23.307981586200345
2951,0.00010805523106117922,0.0001080552572284827,-2.6167303482749713e-11,-26.167303482749713
2952,0.00010806304113134263,0.00010806306971879703,-2.8587454395106483e-11,-28.587454395106484
2953,0.00010807085155608693,0.00010807088220911135,-3.065302441373675e-11,-30.65302441373675
2954,0.00010807866228237524,0.00010807869469942566,-3.2417050418541415e-11,-32.417050418541415
2955,0.00010808647326043553,0.00010808650718973998,-3.39293044449719e-11,-33.929304444971905
2956,0.00010809428445819384,0.00010809431968005429,-3.522186044589685e-11,-35.22186044589685
2957,0.00010810209585266098,0.0001081021321703686,-3.6317707627341206e-11,-36.31770762734121
2958,0.00010810990741789547,0.00010810994466068292,-3.7242787450740544e-11,-37.24278745074054
2959,0.00010811771911414419,0.00010811775715099724,-3.803685304255825e-11,-38.036853042558256
2960,0.00010812553099272182,0.00010812556964131156,-3.8648589737386845e-11,-38.64858973738684
2961,0.0001081333430118776,0.00010813338213162588,-3.911974827708746e-11,-39.11974827708746
2962,0.00010814115512272962,0.0001081411946219402,-3.9499210567127916e-11,-39.49921056712792
2963,0.00010814896732754206,0.00010814900711225451,-3.978471244100635e-11,-39.78471244100635
2964,0.00010815677959115523,0.00010815681960256884,-4.001141359939452e-11,-40.011413599394515
2965,0.00010816459201451031,0.00010816463209288315,-4.007837284136505e-11,-40.07837284136505
2966,0.00010817240449283013,0.00010817244458319747,-4.0090367329341676e-11,-40.090367329341674
2967,0.00010818021701408354,0.00010818025707351178,-4.005942823799203e-11,-40.05942823799203
2968,0.00010818802957988836,0.0001081880695638261,-3.998393773438686e-11,-39.98393773438686
2969,0.00010819584226670705,0.00010819588205414041,-3.978743335477842e-11,-39.78743335477842
2970,0.00010820365498614085,0.00010820369454445473,-3.9558313869892e-11,-39.558313869892
2971,0.00010821146772367392,0.00010821150703476904,-3.931109512051392e-11,-39.31109512051392
2972,0.00010821928050362153,0.00010821931952508337,-3.902146184004712e-11,-39.02146184004712
2973,0.00010822709337172762,0.00010822713201539768,-3.8643670061608975e-11,-38.64367006160897
2974,0.00010823490625096092,0.000108234944505712,-3.825475107561703e-11,-38.25475107561703
2975,0.00010824271911547932,0.00010824275699602631,-3.788054698993028e-11,-37.88054698993028
2976,0.00010825053207876888,0.00010825056948634063,-3.740757174751692e-11,-37.40757174751692
2977,0.00010825834505346434,0.00010825838197665496,-3.692319061693385e-11,-36.923190616933844
2978,0.00010826615801383145,0.00010826619446696927,-3.645313781437137e-11,-36.45313781437137
2979,0.00010827397101761795,0.00010827400695728359,-3.593966562859418e-11,-35.939665628594184
2980,0.00010828178406628263,0.0001082818194475979,-3.538131526557921e-11,-35.38131526557921
2981,0.00010828959710170772,0.00010828963193791222,-3.4836204488315747e-11,-34.836204488315744
2982,0.00010829741012108637,0.00010829744442822653,-3.4307140160703085e-11,-34.307140160703085
2983,0.0001083052232465429,0.00010830525691854085,-3.367199793976784e-11,-33.671997939767834
2984,0.00010831303632767967,0.00010831306940885517,-3.308117550484649e-11,-33.08117550484649
2985,0.00010832084937929496,0.00010832088189916949,-3.251987452627668e-11,-32.51987452627668
2986,0.0001083286625232584,0.0001083286943894838,-3.186622539438545e-11,-31.86622539438545
2987,0.00010833647563403876,0.00010833650687979812,-3.1245759354185306e-11,-31.245759354185306
2988,0.00010834428871562255,0.00010834431937011243,-3.065448987560319e-11,-30.65448987560319
2989,0.00010835210186505066,0.00010835213186042676,-2.9995376093712086e-11,-29.995376093712085
2990,0.00010835991500895041,0.00010835994435074108,-2.9341790658698486e-11,-29.341790658698486
2991,0.00010836772811513835,0.00010836775684105539,-2.8725917041402977e-11,-28.725917041402976
2992,0.00010837554125588272,0.0001083755693313697,-2.8075486987077016e-11,-28.075486987077017
2993,0.00010838335441296696,0.00010838338182168402,-2.7408717057334798e-11,-27.408717057334798
2994,0.00010839116754125871,0.00010839119431199834,-2.6770739620613446e-11,-26.770739620613448
2995,0.00010839898065653456,0.00010839900680231265,-2.6145778085182892e-11,-26.145778085182894
2996,0.00010840679383267565,0.00010840681929262696,-2.545995131003775e-11,-25.45995131003775
2997,0.00010841460697100899,0.00010841463178294129,-2.481193230450296e-11,-24.81193230450296
2998,0.00010842242006933245,0.00010842244427325561,-2.4203923150953483e-11,-24.203923150953482
2999,0.00010843023324983824,0.00010843025676356992,-2.351373167601751e-11,-23.51373167601751
3000,0.00010843804638866993,0.00010843806925388424,-2.2865214303401613e-11,-22.865214303401615
3001,0.0001084458594802607,0.00010844588174419857,-2.2263937869160417e-11,-22.263937869160415
3002,0.00010845367264750586,0.00010845369423451288,-2.15870070134981e-11,-21.5870070134981
3003,0.00010846148578804407,0.0001084615067248272,-2.0936783120215236e-11,-20.936783120215235
3004,0.00010846929887301624,0.00010846931921514151,-2.0342125265898613e-11,-20.342125265898613
3005,0.00010847711202453461,0.00010847713170545583,-1.9680921209981594e-11,-19.680921209981594
3006,0.00010848492515251941,0.00010848494419577014,-1.90432507244478e-11,-19.0432507244478
3007,0.0001084927382401173,0.00010849275668608445,-1.8445967149309852e-11,-18.44596714930985
3008,0.00010850055135179676,0.00010850056917639877,-1.7824602007353122e-11,-17.82460200735312
3009,0.00010850836446151712,0.0001085083816667131,-1.7205195978064492e-11,-17.20519597806449
3010,0.00010851617754934783,0.00010851619415702741,-1.660767958406253e-11,-16.60767958406253
3011,0.00010852399062836663,0.00010852400664734173,-1.6018975097427552e-11,-16.018975097427553
3012,0.00010853180375168166,0.00010853181913765604,-1.538597437907087e-11,-15.38597437907087
3013,0.00010853961683851664,0.00010853963162797036,-1.478945371634412e-11,-14.789453716344118
3014,0.00010854742987846728,0.00010854744411828469,-1.4239817397897538e-11,-14.239817397897538
3015,0.00010855524299770497,0.000108555256608599,-1.3610894025098396e-11,-13.610894025098396
3016,0.00010856305608017896,0.00010856306909891332,-1.3018734348770033e-11,-13.018734348770034
3017,0.0001085708691054233,0.00010857088158922763,-1.2483804324773898e-11,-12.483804324773898
3018,0.00010857868219790181,0.00010857869407954194,-1.1881640132241344e-11,-11.881640132241344
3019,0.00010858649526950582,0.00010858650656985626,-1.1300350436501359e-11,-11.30035043650136
3020,0.00010859430829032602,0.00010859431906017057,-1.076984455368016e-11,-10.76984455368016
3021,0.00010860212134735616,0.0001086021315504849,-1.0203128744200306e-11,-10.203128744200306
3022,0.00010860993440674141,0.00010860994404079922,-9.634057803656326e-12,-9.634057803656326
3023,0.00010861774743839997,0.00010861775653111353,-9.092713558292604e-12,-9.092713558292603
3024,0.00010862556043857421,0.00010862556902142785,-8.582853635998542e-12,-8.582853635998543
3025,0.00010863337349774044,0.00010863338151174216,-8.01400171784593e-12,-8.01400171784593
3026,0.00010864118652159226,0.00010864119400205649,-7.480464229567609e-12,-7.480464229567609
3027,0.000108648999494155,0.0001086490064923708,-6.99821580597298e-12,-6.99821580597298
3028,0.00010865681254327188,0.00010865681898268512,-6.439413235784392e-12,-6.439413235784392
3029,0.00010866462555540357,0.00010866463147299943,-5.917595864570422e-12,-5.917595864570422
3030,0.00010867243853356563,0.00010867244396331375,-5.429748119513573e-12,-5.429748119513572
3031,0.00010868025152788113,0.00010868025645362806,-4.925746927604025e-12,-4.925746927604025
3032,0.00010868806454277884,0.00010868806894394238,-4.40116353980761e-12,-4.40116353980761
3033,0.00010869587749925714,0.0001086958814342567,-3.934999553597401e-12,-3.9349995535974007
3034,0.0001087036904572505,0.00010870369392457102,-3.4673205168238872e-12,-3.467320516823887
3035,0.00010871150346321035,0.00010871150641488534,-2.951674980029318e-12,-2.951674980029318
3036,0.00010871931643485011,0.00010871931890519965,-2.4703495377441257e-12,-2.470349537744126
3037,0.00010872712935558484,0.00010872713139551397,-2.039929122180604e-12,-2.0399291221806037
3038,0.00010873494234625492,0.0001087349438858283,-1.5395733703406584e-12,-1.5395733703406584
3039,0.00010874275531319445,0.00010874275637614261,-1.0629481613136253e-12,-1.0629481613136254
3040,0.00010875056823198135,0.00010875056886645692,-6.344755691630822e-13,-0.6344755691630822
3041,0.00010875838118220286,0.00010875838135677124,-1.7456837816501517e-13,-0.17456837816501516
3042,0.00010876619414203935,0.00010876619384708555,2.949538023017236e-13,0.2949538023017236
3043,0.00010877400707283343,0.00010877400633739987,7.354335675943104e-13,0.7354335675943104
3044,0.00010878181996070159,0.00010878181882771418,1.132987410738471e-12,1.132987410738471
3045,0.00010878963292823842,0.0001087896313180285,1.6102099202948535e-12,1.6102099202948534
3046,0.00010879744585809294,0.00010879744380834283,2.0497501159847644e-12,2.0497501159847644
3047,0.00010880525873447845,0.00010880525629865714,2.4358213094454025e-12,2.4358213094454024
3048,0.00010881307166785694,0.00010881306878897146,2.878885487456543e-12,2.878885487456543
3049,0.00010882088459063389,0.00010882088127928577,3.3113481197846858e-12,3.311348119784686
3050,0.00010882869748284551,0.00010882869376960009,3.713245425909622e-12,3.713245425909622
3051,0.00010883651035565364,0.00010883650625991441,4.095739226539508e-12,4.095739226539508
3052,0.00010884432329136139,0.00010884431875022873,4.541132663840435e-12,4.541132663840435
3053,0.00010885213618555182,0.00010885213124054304,4.945008774455429e-12,4.945008774455429
3054,0.00010885994902972934,0.00010885994373085736,5.298871980553855e-12,5.298871980553855
3055,0.00010886776194011598,0.00010886775622117167,5.718944309797252e-12,5.718944309797252
3056,0.00010887557483271468,0.00010887556871148599,6.1212286896502926e-12,6.121228689650293
3057,0.00010888338769198639,0.0001088833812018003,6.490186090631426e-12,6.4901860906314255
3058,0.00010889120054523642,0.00010889119369211462,6.8531218056415204e-12,6.85312180564152
3059,0.00010889901344233222,0.00010889900618242895,7.259903279923178e-12,7.2599032799231775
3060,0.00010890682631096542,0.00010890681867274326,7.638222156800002e-12,7.638222156800001
3061,0.0001089146391300769,0.00010891463116305758,7.967019326954502e-12,7.967019326954502
3062,0.00010892245201509717,0.00010892244365337189,8.361725282699668e-12,8.361725282699668
3063,0.00010893026488137378,0.00010893025614368622,8.737687564839431e-12,8.737687564839431
3064,0.00010893807771440982,0.00010893806863400053,9.080409292572961e-12,9.080409292572961
3065,0.00010894589054291154,0.00010894588112431485,9.418596697085777e-12,9.418596697085777
3066,0.0001089537034164281,0.00010895369361462916,9.80179894252022e-12,9.80179894252022
3067,0.00010896151625994682,0.00010896150610494348,1.0155003346721062e-11,10.155003346721061
3068,0.00010896932905418644,0.0001089693185952578,1.0458928647988202e-11,10.458928647988202
3069,0.00010897714191505258,0.00010897713108557211,1.0829480476684193e-11,10.829480476684193
3070,0.00010898495475711646,0.00010898494357588642,1.1181230044199885e-11,11.181230044199886
3071,0.00010899276756899293,0.00010899275606620075,1.1502792184179591e-11,11.50279218417959
3072,0.00010900058035029914,0.00010900056855651507,1.1793784078388733e-11,11.793784078388732
3073,0.00010900838063344444,0.00010900838104682938,-4.1338494017709374e-13,-0.41338494017709376
3074,0.00010901618435124674,0.0001090161935371437,-9.185896953862657e-12,-9.185896953862656
3075,0.00010902399030186814,0.00010902400602745801,-1.572558986758023e-11,-15.72558986758023
3076,0.00010903179827018393,0.00010903181851777234,-2.024758840654654e-11,-20.247588406546537
3077,0.00010903960710166469,0.00010903963100808665,-2.3906421964398754e-11,-23.906421964398753
3078,0.00010904741657852741,0.00010904744349840097,-2.6919873553897684e-11,-26.919873553897684
3079,0.00010905522656584189,0.00010905525598871528,-2.942287339579417e-11,-29.422873395794173
3080,0.0001090630369574826,0.0001090630684790296,-3.1521546993438706e-11,-31.521546993438704
3081,0.00010907084768147892,0.00010907088096934391,-3.328786498808348e-11,-33.28786498808348
3082,0.00010907865868127211,0.00010907869345965823,-3.477838611420386e-11,-34.778386114203855
3083,0.00010908646991249903,0.00010908650594997256,-3.6037473525900645e-11,-36.037473525900644
3084,0.00010909428142500706,0.00010909431844028687,-3.7015279808566374e-11,-37.015279808566376
3085,0.00010910209310515108,0.00010910213093060119,-3.78254500987966e-11,-37.8254500987966
3086,0.00010910990493572773,0.0001091099434209155,-3.8485187771275334e-11,-38.485187771275335
3087,0.00010911771690800457,0.00010911775591122982,-3.900322524779779e-11,-39.003225247797786
3088,0.00010912552898044224,0.00010912556840154414,-3.9421101905011575e-11,-39.421101905011575
3089,0.00010913334121635475,0.00010913338089185846,-3.9675503710622807e-11,-39.675503710622806
3090,0.00010914115356337533,0.00010914119338217277,-3.981879743982715e-11,-39.81879743982715
3091,0.00010914896598973339,0.00010914900587248709,-3.9882753699277915e-11,-39.88275369927791
3092,0.00010915677847152941,0.0001091568183628014,-3.9891271991144064e-11,-39.891271991144066
3093,0.00010916459104789703,0.00010916463085311572,-3.9805218688531036e-11,-39.805218688531035
3094,0.00010917240373051903,0.00010917244334343003,-3.961291099803427e-11,-39.612910998034266
3095,0.00010918021644843568,0.00010918025583374435,-3.938530866435286e-11,-39.38530866435286
3096,0.00010918802917672088,0.00010918806832405868,-3.914733779358785e-11,-39.147337793587845
3097,0.00010919584202733664,0.00010919588081437299,-3.8787036351043714e-11,-38.78703635104372
3098,0.00010920365490662954,0.0001092036933046873,-3.839805776103734e-11,-38.398057761037336
3099,0.00010921146779767601,0.00010921150579500162,-3.799732560632959e-11,-37.99732560632959
3100,0.00010921928073221522,0.00010921931828531595,-3.755310072213017e-11,-37.55310072213017
3101,0.00010922709373996416,0.00010922713077563026,-3.70356661026732e-11,-37.0356661026732
3102,0.00010923490675072186,0.00010923494326594458,-3.6515222713767367e-11,-36.515222713767365
3103,0.00010924271974485146,0.0001092427557562589,-3.6011407435425346e-11,-36.01140743542535
3104,0.00010925053284492514,0.00010925056824657321,-3.540164806786135e-11,-35.40164806786135
3105,0.00010925834593842321,0.00010925838073688752,-3.479846430515832e-11,-34.79846430515832
3106,0.00010926615899884322,0.00010926619322720184,-3.4228358615613445e-11,-34.228358615613445
3107,0.00010927397214289393,0.00010927400571751615,-3.3574622218999853e-11,-33.574622218999856
3108,0.00010928178529439638,0.00010928181820783048,-3.291343410085477e-11,-32.91343410085477
3109,0.00010928959842117305,0.0001092896306981448,-3.2276971741801776e-11,-32.27697174180177
3110,0.00010929741157667184,0.00010929744318845911,-3.161178726800144e-11,-31.61178726800144
3111,0.00010930522476524233,0.00010930525567877343,-3.0913531090730704e-11,-30.913531090730704
3112,0.00010931303792071862,0.00010931306816908774,-3.0248369114125444e-11,-30.248369114125445
3113,0.00010932085110198966,0.00010932088065940207,-2.955741240929613e-11,-29.55741240929613
3114,0.00010932866431375735,0.00010932869314971638,-2.8835959035366186e-11,-28.835959035366187
3115,0.00010933647749812069,0.0001093365056400307,-2.814191000975809e-11,-28.141910009758092
3116,0.00010934429067726957,0.00010934431813034501,-2.745307544094604e-11,-27.45307544094604
3117,0.00010935210390805908,0.00010935213062065933,-2.671260024134334e-11,-26.71260024134334
3118,0.00010935991710655352,0.00010935994311097364,-2.6004420117642357e-11,-26.004420117642358
3119,0.00010936773027581958,0.00010936775560128796,-2.532546837689316e-11,-25.325468376893163
3120,0.00010937554351805881,0.00010937556809160229,-2.4573543473800456e-11,-24.573543473800456
3121,0.00010938335672778659,0.0001093833805819166,-2.3854130012705513e-11,-23.854130012705514
3122,0.0001093911698831373,0.00010939119307223092,-2.3189093613816882e-11,-23.189093613816883
3123,0.00010939898312657581,0.00010939900556254523,-2.243596942049108e-11,-22.43596942049108
3124,0.00010940679633261496,0.00010940681805285955,-2.172024457781726e-11,-21.72024457781726
3125,0.00010941460948518778,0.00010941463054317387,-2.1057986094629918e-11,-21.057986094629918
3126,0.00010942242271527378,0.00010942244303348819,-2.031821440671189e-11,-20.31821440671189
3127,0.0001094302359159771,0.0001094302555238025,-1.960782539726732e-11,-19.60782539726732
3128,0.00010943804906012363,0.00010943806801411682,-1.8953993184286736e-11,-18.953993184286738
3129,0.00010944586227289144,0.00010944588050443113,-1.823153968806278e-11,-18.23153968806278
3130,0.00010945367546744464,0.00010945369299474545,-1.7527300801889108e-11,-17.52730080188911
3131,0.00010946148860213762,0.00010946150548505976,-1.6882922140673712e-11,-16.882922140673713
3132,0.00010946930179474504,0.00010946931797537408,-1.618062903148142e-11,-16.18062903148142
3133,0.00010947711497452963,0.0001094771304656884,-1.5491158767830584e-11,-15.491158767830584
3134,0.00010948492810774097,0.00010948494295600272,-1.4848261750199052e-11,-14.848261750199052
3135,0.00010949274126585369,0.00010949275544631704,-1.4180463346276014e-11,-14.180463346276014
3136,0.0001095005544320606,0.00010950056793663135,-1.3504570749719123e-11,-13.504570749719123
3137,0.0001095083675467153,0.00010950838042694568,-1.288023038081824e-11,-12.88023038081824
3138,0.00010951618064949035,0.00010951619291725999,-1.2267769642226334e-11,-12.267769642226334
3139,0.0001095239938256282,0.00010952400540757431,-1.1581946106135182e-11,-11.581946106135181
3140,0.0001095318069472469,0.00010953181789788862,-1.0950641716945044e-11,-10.950641716945045
3141,0.00010953962001860636,0.00010953963038820294,-1.036959657655759e-11,-10.36959657655759
3142,0.00010954743319356448,0.00010954744287851725,-9.684952774402846e-12,-9.684952774402847
3143,0.00010955524629542987,0.00010955525536883157,-9.073401694986184e-12,-9.073401694986183
3144,0.00010956305935331345,0.00010956306785914588,-8.505832428661204e-12,-8.505832428661204
3145,0.00010957087248043308,0.00010957088034946021,-7.869027122908526e-12,-7.869027122908526
3146,0.00010957868558255894,0.00010957869283977453,-7.257215577472451e-12,-7.257215577472452
3147,0.00010958649862613039,0.00010958650533008884,-6.703958443898111e-12,-6.70395844389811
3148,0.00010959431172458925,0.00010959431782040315,-6.095813900602343e-12,-6.0958139006023435
3149,0.0001096021248098463,0.00010960213031071747,-5.5008711721649e-12,-5.5008711721649
3150,0.00010960993785357905,0.0001096099428010318,-4.947452749964875e-12,-4.947452749964875
3151,0.00010961775090459538,0.00010961775529134611,-4.386750725332728e-12,-4.386750725332728
3152,0.00010962556398170038,0.00010962556778166043,-3.7999600452675676e-12,-3.7999600452675675
3153,0.00010963337702329675,0.00010963338027197474,-3.2486779892383167e-12,-3.248677989238317
3154,0.00010964119002132602,0.00010964119276228906,-2.740963038969773e-12,-2.740963038969773
3155,0.00010964900309875443,0.00010964900525260337,-2.15384894139656e-12,-2.15384894139656
3156,0.0001096568161344597,0.00010965681774291769,-1.608457979186672e-12,-1.608457979186672
3157,0.00010966462911421314,0.000109664630233232,-1.1190188557335757e-12,-1.1190188557335756
3158,0.00010967244215893368,0.00010967244272354633,-5.646126440392536e-13,-0.5646126440392536
3159,0.00010968025518320988,0.00010968025521386064,-3.065075837304013e-14,-0.030650758373040134
3160,0.00010968806816027796,0.00010968806770417496,4.561029995867168e-13,0.4561029995867168
3161,0.00010969588116248343,0.00010969588019448927,9.679941610984032e-13,0.9679941610984032
3162,0.00010970369417673301,0.0001097036926848036,1.4919294128361065e-12,1.4919294128361065
3163,0.00010971150715978546,0.00010971150517511792,1.9846675466596416e-12,1.9846675466596415
3164,0.0001097193201039834,0.00010971931766543223,2.438551167885395e-12,2.4385511678853953
3165,0.00010972713312116733,0.00010972713015574655,2.965420785697876e-12,2.965420785697876
3166,0.00010973494610096586,0.00010973494264606086,3.4549049984088206e-12,3.4549049984088205
3167,0.00010974275902581466,0.00010974275513637518,3.8894394868784745e-12,3.8894394868784743
3168,0.00010975057201482134,0.00010975056762668949,4.388131855745393e-12,4.388131855745392
3169,0.00010975838498442908,0.0001097583801170038,4.8674252727663854e-12,4.867425272766385
3170,0.00010976619791370828,0.00010976619260731813,5.306390150125994e-12,5.306390150125994
3171,0.00010977401085265494,0.00010977400509763245,5.755022492339423e-12,5.755022492339423
3172,0.00010978182381881033,0.00010978181758794676,6.230863565697733e-12,6.2308635656977325
3173,0.00010978963675507116,0.00010978963007826108,6.676810081631899e-12,6.676810081631899
3174,0.00010979744964441607,0.0001097974425685754,7.0758406758976205e-12,7.075840675897621
3175,0.00010980526260623566,0.00010980525505888972,7.547345943452998e-12,7.547345943452998
3176,0.00010981307554072351,0.00010981306754920404,7.991519477127026e-12,7.991519477127026
3177,0.00010982088842264345,0.00010982088003951835,8.38312510254986e-12,8.38312510254986
3178,0.00010982870134817168,0.00010982869252983267,8.81833901986343e-12,8.81833901986343
3179,0.0001098365142742093,0.00010983650502014698,9.254062322462687e-12,9.254062322462687
3180,0.00010984432717255107,0.0001098443175104613,9.662089775433492e-12,9.662089775433492
3181,0.00010985214003116114,0.00010985213000077561,1.0030385528486339e-11,10.030385528486338
3182,0.00010985995296803244,0.00010985994249108994,1.0476942504453723e-11,10.476942504453723
3183,0.00010986776586837548,0.00010986775498140425,1.088697123200461e-11,10.88697123200461
3184,0.00010987557871600482,0.00010987556747171857,1.124428625321716e-11,11.24428625321716
3185,0.00010988339161977378,0.00010988337996203288,1.1657740897002775e-11,11.657740897002775
3186,0.00010989120451039052,0.0001098911924523472,1.2058043328179458e-11,12.058043328179458
3187,0.00010989901737671519,0.00010989900494266153,1.2434053667580517e-11,12.434053667580518
3188,0.00010990683021598187,0.00010990681743297584,1.2783006034148779e-11,12.783006034148778
3189,0.0001099146431199316,0.00010991462992329016,1.3196641441541602e-11,13.196641441541601
3190,0.00010992245598639912,0.00010992244241360447,1.357279465168394e-11,13.57279465168394
3191,0.00010993026880641825,0.00010993025490391879,1.3902499461687137e-11,13.902499461687137
3192,0.00010993808168590434,0.0001099380673942331,1.4291671242968122e-11,14.291671242968121
3193,0.00010994589455046202,0.00010994587988454742,1.4665914603878572e-11,14.665914603878573
3194,0.00010995370739074934,0.00010995369237486173,1.5015887611266957e-11,15.015887611266956
3195,0.00010996152020403291,0.00010996150486517606,1.533885685593117e-11,15.33885685593117
3196,0.00010996933308369773,0.00010996931735549037,1.572820735438776e-11,15.728207354387761
3197,0.00010997714592927896,0.00010997712984580469,1.6083474277038904e-11,16.083474277038903
3198,0.00010998495872366989,0.000109984942336119,1.638755089227174e-11,16.38755089227174
3199,0.00010999277157566743,0.00010999275482643333,1.67492340962746e-11,16.7492340962746
3200,0.00011000058439309132,0.00011000056731674765,1.707634367864257e-11,17.076343678642573
3201,0.00011000838452604704,0.00011000837980706196,4.71898507979474e-12,4.718985079794741
3202,0.00011001618794159073,0.00011001619229737628,-4.355785545368309e-12,-4.355785545368309
3203,0.00011002399370857972,0.00011002400478769059,-1.1079110865241925e-11,-11.079110865241924
3204,0.00011003180140362901,0.0001100318172780049,-1.5874375893939844e-11,-15.874375893939844
3205,0.00011003960996330334,0.00011003962976831922,-1.980501587356304e-11,-19.80501587356304
3206,0.00011004741925711213,0.00011004744225863354,-2.3001521406701408e-11,-23.001521406701407
3207,0.00011005522902866623,0.00011005525474894786,-2.5720281627995822e-11,-25.72028162799582
3208,0.00011006303921534165,0.00011006306723926218,-2.8023920529267494e-11,-28.023920529267492
3209,0.0001100708497421981,0.0001100708797295765,-2.9987378395071584e-11,-29.987378395071584
3210,0.00011007866058619505,0.00011007869221989081,-3.163369575485338e-11,-31.63369575485338
3211,0.00011008647169727572,0.00011008650471020512,-3.301292939621238e-11,-33.01292939621238
3212,0.000110094283015323,0.00011009431720051945,-3.4185196445811634e-11,-34.185196445811634
3213,0.00011010209451661214,0.00011010212969083377,-3.5174221618877374e-11,-35.174221618877375
3214,0.00011010990618734145,0.00011010994218114808,-3.599380663288249e-11,-35.99380663288249
3215,0.00011011771799570376,0.0001101177546714624,-3.6675758632093493e-11,-36.67575863209349
3216,0.00011012552991591827,0.00011012556716177671,-3.724585843984158e-11,-37.245858439841584
3217,0.00011013334204469211,0.00011013337965209103,-3.760739890862843e-11,-37.60739890862843
3218,0.00011014115424658251,0.00011014119214240534,-3.789582282933446e-11,-37.89582282933446
3219,0.000110148966539563,0.00011014900463271967,-3.8093156664262435e-11,-38.09315666426244
3220,0.00011015677888866871,0.00011015681712303398,-3.8234365269401183e-11,-38.23436526940118
3221,0.00011016459136079601,0.0001101646296133483,-3.825255228650618e-11,-38.25255228650618
3222,0.00011017240392745652,0.00011017244210366261,-3.81762060898889e-11,-38.1762060898889
3223,0.00011018021652709335,0.00011018025459397693,-3.8066883572487354e-11,-38.066883572487356
3224,0.00011018802915074778,0.00011018806708429126,-3.793354346974773e-11,-37.93354346974773
3225,0.00011019584189650445,0.00011019587957460557,-3.767810111465398e-11,-37.678101114653984
3226,0.00011020365467950419,0.00011020369206491989,-3.738541569665142e-11,-37.385415696651414
3227,0.00011021146747930108,0.0001102115045552342,-3.7075933113861296e-11,-37.075933113861296
3228,0.00011021928030627846,0.00011021931704554852,-3.673927005694541e-11,-36.739270056945415
3229,0.00011022709323252992,0.00011022712953586283,-3.630333290902016e-11,-36.30333290902016
3230,0.00011023490616496685,0.00011023494202617715,-3.586121029283319e-11,-35.861210292833185
3231,0.00011024271907861884,0.00011024275451649146,-3.543787261769681e-11,-35.437872617696804
3232,0.00011025053208975928,0.00011025056700680579,-3.4917046505424087e-11,-34.91704650542409
3233,0.00011025834511102781,0.0001102583794971201,-3.438609229145204e-11,-34.38609229145204
3234,0.00011026615811357565,0.00011026619198743442,-3.3873858765999335e-11,-33.87385876599934
3235,0.00011027397116561671,0.00011027400447774873,-3.331213202123639e-11,-33.312132021236394
3236,0.00011028178425310923,0.00011028181696806306,-3.271495383054961e-11,-32.71495383054961
3237,0.0001102895973278038,0.00011028962945837738,-3.213057357585937e-11,-32.13057357585937
3238,0.00011029741039556957,0.00011029744194869169,-3.155312211844031e-11,-31.55312211844031
3239,0.00011030522353881636,0.000110305254439006,-3.090018964418509e-11,-30.90018964418509
3240,0.00011031303665899755,0.00011031306692932032,-3.02703227715504e-11,-30.270322771550397
3241,0.00011032084974345464,0.00011032087941963464,-2.967617999458087e-11,-29.676179994580867
3242,0.00011032866291856191,0.00011032869190994895,-2.8991387033312244e-11,-28.991387033312243
3243,0.00011033647606803463,0.00011033650440026327,-2.8332228636501743e-11,-28.332228636501743
3244,0.00011034428918553458,0.0001103443168905776,-2.7705043009392134e-11,-27.705043009392135
3245,0.000110352102363122,0.00011035212938089191,-2.7017769908548895e-11,-27.017769908548896
3246,0.00011035991552592428,0.00011035994187120622,-2.634528193720657e-11,-26.34528193720657
3247,0.00011036772864611714,0.00011036775436152054,-2.5715403395845995e-11,-25.715403395845996
3248,0.00011037554183114263,0.00011037556685183485,-2.502069222086611e-11,-25.02069222086611
3249,0.00011038335500903466,0.00011038337934214918,-2.433311451342251e-11,-24.33311451342251
3250,0.0001103911681452587,0.0001103911918324635,-2.368720479610924e-11,-23.68720479610924
3251,0.00011039898131396576,0.00011039900432277781,-2.3008812042895124e-11,-23.008812042895123
3252,0.00011040679449409551,0.00011040681681309213,-2.231899660993015e-11,-22.31899660993015
3253,0.00011041460764206767,0.00011041462930340644,-2.1661338762478897e-11,-21.6613387624789
3254,0.0001104224207875776,0.00011042244179372076,-2.1006143151713884e-11,-21.006143151713886
3255,0.00011043023397132925,0.00011043025428403507,-2.031270581941898e-11,-20.31270581941898
3256,0.00011043804712176938,0.0001104380667743494,-1.9652580016115024e-11,-19.652580016115024
3257,0.00011044586023779601,0.00011044587926466371,-1.9026867697785078e-11,-19.02686769778508
3258,0.00011045367342422732,0.00011045369175497803,-1.8330750705610766e-11,-18.330750705610765
3259,0.00011046148657333003,0.00011046150424529234,-1.7671962306344153e-11,-17.671962306344152
3260,0.00011046929967233743,0.00011046931673560666,-1.7063269224511744e-11,-17.063269224511743
3261,0.00011047711284660477,0.00011047712922592099,-1.637931620821867e-11,-16.379316208218672
3262,0.00011048492598806313,0.0001104849417162353,-1.5728172166104547e-11,-15.728172166104548
3263,0.00011049273907326675,0.00011049275420654962,-1.5133282861729153e-11,-15.133282861729153
3264,0.00011050055222091348,0.00011050056669686393,-1.4475950451112498e-11,-14.475950451112498
3265,0.00011050836533596782,0.00011050837918717825,-1.3851210418185782e-11,-13.851210418185783
3266,0.00011051617841539679,0.00011051619167749256,-1.3262095764316426e-11,-13.262095764316426
3267,0.00011052399153957869,0.00011052400416780687,-1.2628228185665261e-11,-12.628228185665261
3268,0.00011053180465913361,0.00011053181665812119,-1.199898757531045e-11,-11.99898757531045
3269,0.00011053961773536406,0.00011053962914843552,-1.1413071453375197e-11,-11.413071453375197
3270,0.0001105474308228851,0.00011054744163874983,-1.0815864734618751e-11,-10.815864734618751
3271,0.00011055524393629113,0.00011055525412906415,-1.0192773014254865e-11,-10.192773014254865
3272,0.00011056305701705769,0.00011056306661937846,-9.602320766612787e-12,-9.602320766612786
3273,0.00011057087004665304,0.00011057087910969279,-9.063039744430778e-12,-9.063039744430778
3274,0.00011057868316170189,0.0001105786916000071,-8.438305213830088e-12,-8.438305213830088
3275,0.00011058649623221405,0.00011058650409032142,-7.858107363887904e-12,-7.858107363887904
3276,0.00011059430926151263,0.00011059431658063574,-7.319123101393032e-12,-7.319123101393032
3277,0.00011060212234284112,0.00011060212907095005,-6.728108925317481e-12,-6.728108925317481
3278,0.00011060993539966889,0.00011060994156126436,-6.161595468620595e-12,-6.161595468620595
3279,0.00011061774841191487,0.00011061775405157868,-5.6396638089451174e-12,-5.639663808945118
3280,0.00011062556145598512,0.000110625566541893,-5.085907874608798e-12,-5.085907874608798
3281,0.0001106333745088345,0.00011063337903220732,-4.523372816468684e-12,-4.523372816468684
3282,0.00011064118753416162,0.00011064119152252164,-3.9883600136366804e-12,-3.9883600136366804
3283,0.00011064900052353356,0.00011064900401283595,-3.489302390610379e-12,-3.489302390610379
3284,0.00011065681356959443,0.00011065681650315027,-2.9335558339803217e-12,-2.933555833980322
3285,0.00011066462658167081,0.00011066462899346458,-2.4117937706296756e-12,-2.4117937706296755
3286,0.00011067243954310916,0.00011067244148377891,-1.9406697492157252e-12,-1.9406697492157252
3287,0.0001106802525758738,0.00011068025397409323,-1.3982194279006883e-12,-1.3982194279006883
3288,0.00011068806558203306,0.00011068806646440754,-8.823744792215447e-13,-0.8823744792215447
3289,0.00011069587853120825,0.00011069587895472185,-4.235135975300348e-13,-0.4235135975300348
3290,0.00011070369153253195,0.00011070369144503617,8.749578235476915e-14,0.08749578235476915
3291,0.00011071150452468207,0.00011071150393535048,5.893315921329017e-13,0.5893315921329016
3292,0.00011071931748701695,0.0001107193164256648,1.0613521538758074e-12,1.0613521538758075
3293,0.00011072713042921345,0.00011072712891597911,1.5132343378911527e-12,1.5132343378911528
3294,0.00011073494342431636,0.00011073494140629344,2.018022918075941e-12,2.018022918075941
3295,0.00011074275638565236,0.00011074275389660776,2.4890446043573357e-12,2.4890446043573355
3296,0.00011075056929394956,0.00011075056638692207,2.907027486278973e-12,2.907027486278973
3297,0.00011075838227076371,0.00011075837887723639,3.3935273240899338e-12,3.3935273240899337
3298,0.00011076619522638599,0.00011076619136755072,3.858835278474857e-12,3.858835278474857
3299,0.00011077400813397779,0.00011077400385786503,4.276112764910548e-12,4.276112764910548
3300,0.00011078182106786041,0.00011078181634817934,4.71968106982684e-12,4.71968106982684
3301,0.00011078963401697993,0.00011078962883849366,5.178486277736793e-12,5.178486277736793
3302,0.00011079744694157327,0.00011079744132880797,5.612765301069555e-12,5.612765301069555
3303,0.00011080525981471282,0.00011080525381912229,5.995590528751043e-12,5.995590528751043
3304,0.00011081307276607193,0.0001108130663094366,6.4566353324311176e-12,6.456635332431118
3305,0.00011082088568731208,0.00011082087879975092,6.887561162389871e-12,6.887561162389871
3306,0.00011082869856900161,0.00011082869129006525,7.278936367745998e-12,7.278936367745998
3307,0.00011083651147408328,0.00011083650378037956,7.693703722864478e-12,7.693703722864478
3308,0.00011084432438596401,0.00011084431627069388,8.115270136911668e-12,8.115270136911668
3309,0.00011085213727204032,0.00011085212876100819,8.511032132677889e-12,8.511032132677888
3310,0.0001108599501249403,0.0001108599412513225,8.87361779946407e-12,8.87361779946407
3311,0.00011086776304452041,0.00011086775374163683,9.302883580371476e-12,9.302883580371477
3312,0.00011087557593156806,0.00011087556623195115,9.699616912864027e-12,9.699616912864027
3313,0.00011088338876727907,0.00011088337872226546,1.0045013611302568e-11,10.045013611302567
3314,0.00011089120166070312,0.00011089119121257978,1.0448123340059413e-11,10.448123340059412
3315,0.00011089901455076769,0.0001108990037028941,1.0847873600622176e-11,10.847873600622176
3316,0.00011090682740422697,0.00011090681619320841,1.121101856665156e-11,11.21101856665156
3317,0.0001109146402287529,0.00011091462868352272,1.1545230174692817e-11,11.545230174692817
3318,0.00011092245312228147,0.00011092244117383705,1.194844442053909e-11,11.94844442053909
3319,0.00011093026598390758,0.00011093025366415137,1.2319756220747884e-11,12.319756220747884
3320,0.00011093807879281217,0.00011093806615446568,1.2638346494810172e-11,12.638346494810172
3321,0.00011094589166318199,0.00011094587864478,1.3018401992516774e-11,13.018401992516774
3322,0.00011095370452002696,0.00011095369113509431,1.3384932650880287e-11,13.384932650880287
3323,0.00011096151735241763,0.00011096150362540864,1.3727008993718119e-11,13.727008993718119
3324,0.00011096933015455516,0.00011096931611572295,1.403883220636831e-11,14.03883220636831
3325,0.00011097714302571683,0.00011097712860603727,1.4419679564684115e-11,14.419679564684115
3326,0.00011098495586318165,0.00011098494109635158,1.4766830068556868e-11,14.766830068556867
3327,0.00011099276864960929,0.0001109927535866659,1.5062943395015652e-11,15.062943395015653
3328,0.00011100058146495468,0.00011100056607698021,1.538797446695128e-11,15.38797446695128
3329,0.00011100838170554513,0.00011100837856729453,3.1382506079830876e-12,3.1382506079830876
3330,0.00011101618534999954,0.00011101619105760884,-5.707609295421851e-12,-5.707609295421851
3331,0.00011102399124246053,0.00011102400354792317,-1.2305462635484205e-11,-12.305462635484204
3332,0.0001110317991108656,0.00011103181603823749,-1.6927371881870513e-11,-16.927371881870513
3333,0.00011103960788954306,0.0001110396285285518,-2.0639008741818095e-11,-20.639008741818095
3334,0.00011104741731210739,0.00011104744101886612,-2.3706758721103194e-11,-23.706758721103196
3335,0.0001110552272418737,0.00011105525350918044,-2.626730674037766e-11,-26.267306740377663
3336,0.00011106303757571037,0.00011106306599949476,-2.842378438711288e-11,-28.423784387112878
3337,0.00011107084824260718,0.00011107087848980907,-3.02472018891716e-11,-30.247201889171603
3338,0.0001110786591872104,0.00011107869098012339,-3.1792912985182167e-11,-31.792912985182166
3339,0.00011108647039149485,0.0001110865034704377,-3.307894284797027e-11,-33.078942847970275
3340,0.00011109428185187327,0.00011109431596075202,-3.410887875015897e-11,-34.108878750158965
3341,0.00011110209347810044,0.00011110212845106633,-3.497296588587834e-11,-34.97296588587834
3342,0.00011110990526421692,0.00011110994094138065,-3.5677163721447256e-11,-35.67716372144726
3343,0.00011111771719018868,0.00011111775343169498,-3.62415062936867e-11,-36.241506293686705
3344,0.00011112552921656553,0.00011112556592200929,-3.6705443762315495e-11,-36.7054437623155
3345,0.00011113334142429027,0.0001111333784123236,-3.698803333363336e-11,-36.98803333363336
3346,0.00011114115372956225,0.00011114119090263792,-3.717307566339956e-11,-37.17307566339956
3347,0.00011114896611753768,0.00011114900339295224,-3.727541455000506e-11,-37.27541455000506
3348,0.00011115677856516303,0.00011115681588326656,-3.7318103533321214e-11,-37.318103533321214
3349,0.00011116459111319952,0.00011116462837358088,-3.726038135504708e-11,-37.26038135504708
3350,0.00011117240375353465,0.0001111724408638952,-3.711036054438575e-11,-37.11036054438575
3351,0.00011118021643858203,0.00011118025335420951,-3.6915627480076605e-11,-36.91562748007661
3352,0.00011118802913772243,0.00011118806584452382,-3.6706801386723354e-11,-36.706801386723356
3353,0.00011119584195834279,0.00011119587833483814,-3.637649534595793e-11,-36.376495345957935
3354,0.00011120365480920555,0.00011120369082515245,-3.601594689505385e-11,-36.01594689505385
3355,0.00011121146767569552,0.00011121150331546678,-3.563977125547907e-11,-35.63977125547907
3356,0.0001112192805775549,0.0001112193158057811,-3.52282261898748e-11,-35.2282261898748
3357,0.00011122709356219602,0.00011122712829609541,-3.473389938816045e-11,-34.73389938816045
3358,0.00011123490655077263,0.00011123494078640973,-3.42356370951903e-11,-34.2356370951903
3359,0.0001112427195210142,0.00011124275327672404,-3.3755709840026746e-11,-33.755709840026746
3360,0.0001112505325955972,0.00011125056576703837,-3.3171441163292586e-11,-33.171441163292585
3361,0.0001112583456685401,0.00011125837825735268,-3.25888125862898e-11,-32.5888125862898
3362,0.00011126615870757379,0.000111266190747667,-3.204009320472554e-11,-32.040093204725544
3363,0.000111273971831623,0.00011127400323798131,-3.1406358305315236e-11,-31.406358305315237
3364,0.00011128178496171079,0.00011128181572829563,-3.0766584833485053e-11,-30.766584833485055
3365,0.00011128959806879384,0.00011128962821860994,-3.014981609887594e-11,-30.14981609887594
3366,0.00011129741120889997,0.00011129744070892426,-2.950002428726387e-11,-29.500024287263866
3367,0.00011130522437853888,0.00011130525319923857,-2.8820699689387554e-11,-28.820699689387553
3368,0.00011131303752695412,0.0001113130656895529,-2.8162598782718514e-11,-28.162598782718515
3369,0.00011132085067603313,0.00011132087817986722,-2.7503834086821897e-11,-27.503834086821897
3370,0.0001113286638792961,0.00011132869067018153,-2.6790885425125888e-11,-26.79088542512589
3371,0.00011133647705524114,0.00011133650316049585,-2.6105254700838585e-11,-26.105254700838586
3372,0.00011134429019743711,0.00011134431565081017,-2.5453373062433992e-11,-25.453373062433993
3373,0.00011135210342006281,0.00011135212814112449,-2.4721061674797146e-11,-24.721061674797145
3374,0.00011135991661544896,0.0001113599406314388,-2.4015989836751935e-11,-24.015989836751935
3375,0.00011136772975793409,0.00011136775312175312,-2.3363819028075413e-11,-23.36381902807541
3376,0.00011137554298894116,0.00011137556561206743,-2.2623126269754277e-11,-22.623126269754277
3377,0.00011138335618753493,0.00011138337810238175,-2.1914846819581767e-11,-21.91484681958177
3378,0.00011139116933404736,0.00011139119059269606,-2.1258648701277966e-11,-21.258648701277966
3379,0.0001113989825557581,0.00011139900308301038,-2.052725227185448e-11,-20.527252271854483
3380,0.00011140679575575401,0.0001114068155733247,-1.9817570690774932e-11,-19.817570690774932
3381,0.00011141460889973078,0.00011141462806363902,-1.9163908236749504e-11,-19.163908236749503
3382,0.00011142242211047214,0.00011142244055395334,-1.8443481195701087e-11,-18.443481195701086
3383,0.00011143023530418946,0.00011143025304426765,-1.774007818874482e-11,-17.74007818874482
3384,0.00011143804844572891,0.00011143806553458197,-1.7088853048308194e-11,-17.088853048308195
3385,0.00011144586163504866,0.0001114458780248963,-1.6389847633126164e-11,-16.389847633126163
3386,0.00011145367481974238,0.00011145369051521061,-1.569546822401106e-11,-15.695468224011059
3387,0.00011146148796313555,0.00011146150300552492,-1.5042389368910026e-11,-15.042389368910026
3388,0.00011146930112175642,0.00011146931549583924,-1.4374082812981271e-11,-14.374082812981271
3389,0.0001114771142979462,0.00011147712798615355,-1.3688207343606056e-11,-13.688207343606056
3390,0.00011148492743836847,0.00011148494047646787,-1.3038099392193014e-11,-13.038099392193013
3391,0.00011149274054785729,0.00011149275296678218,-1.2418924894278318e-11,-12.418924894278318
3392,0.00011150055372630708,0.00011150056545709651,-1.1730789432579611e-11,-11.730789432579611
3393,0.00011150836683977313,0.00011150837794741083,-1.1107637688072951e-11,-11.107637688072952
3394,0.00011151617992437163,0.00011151619043772514,-1.0513353504035076e-11,-10.513353504035075
3395,0.00011152399309027235,0.00011152400292803946,-9.837767099724221e-12,-9.837767099724221
3396,0.00011153180621537465,0.00011153181541835377,-9.202979114743779e-12,-9.20297911474378
3397,0.00011153961928287374,0.0001115396279086681,-8.625794357506623e-12,-8.625794357506622
3398,0.00011154743242128677,0.00011154744039898241,-7.977695636007103e-12,-7.977695636007103
3399,0.00011155524553512324,0.00011155525288929673,-7.35417348738074e-12,-7.3541734873807405
3400,0.00011156305858808613,0.00011156306537961104,-6.791524913273168e-12,-6.791524913273167
3401,0.00011157087169812987,0.00011157087786992536,-6.171795480029012e-12,-6.1717954800290125
3402,0.00011157868479577999,0.00011157869036023967,-5.564459683791283e-12,-5.564459683791283
3403,0.00011158649785353971,0.00011158650285055399,-4.997014274011983e-12,-4.997014274011983
3404,0.00011159431091569616,0.0001115943153408683,-4.425172139820183e-12,-4.425172139820183
3405,0.00011160212400447342,0.00011160212783118263,-3.826709210216587e-12,-3.826709210216587
3406,0.00011160993705940576,0.00011160994032149695,-3.262091182862694e-12,-3.262091182862694
3407,0.00011161775007122135,0.00011161775281181126,-2.740589910792112e-12,-2.740589910792112
3408,0.00011162556316790024,0.00011162556530212557,-2.1342253293079684e-12,-2.1342253293079683
3409,0.00011163337620588713,0.0001116333777924399,-1.586552772046302e-12,-1.586552772046302
3410,0.00011164118921072327,0.00011164119028275422,-1.0720309430408782e-12,-1.072030943040878
3411,0.00011164900226323055,0.00011164900277306853,-5.09837977791238e-13,-0.509837977791238
3412,0.00011165681529784064,0.00011165681526338285,3.445779114664085e-14,0.03445779114664085
3413,0.00011166462828066604,0.00011166462775369716,5.269688794827303e-13,0.5269688794827303
3414,0.0001116724413009183,0.00011167244024401148,1.0569068301009268e-12,1.0569068301009268
3415,0.00011168025432472629,0.00011168025273432579,1.5904005030589523e-12,1.5904005030589523
3416,0.00011168806731761994,0.0001116880652246401,2.092979831581921e-12,2.0929798315819212
3417,0.00011169588028016977,0.00011169587771495444,2.565215336405522e-12,2.565215336405522
3418,0.00011170369330358846,0.00011170369020526875,3.0983197130209896e-12,3.0983197130209894
3419,0.00011171150628929021,0.00011171150269558306,3.5937071490631016e-12,3.5937071490631016
3420,0.00011171931922546837,0.00011171931518589738,4.039570994581616e-12,4.039570994581616
3421,0.00011172713222867242,0.0001117271276762117,4.5524607333992156e-12,4.552460733399216
3422,0.00011173494520999319,0.00011173494016652602,5.04346716596033e-12,5.04346716596033
3423,0.00011174275814455007,0.00011174275265684034,5.48770973620769e-12,5.48770973620769
3424,0.00011175057110376193,0.00011175056514715465,5.956607280697806e-12,5.956607280697806
3425,0.00011175838408125489,0.00011175837763746897,6.443785923936433e-12,6.443785923936432
3426,0.00011176619701880275,0.00011176619012778328,6.891019469164502e-12,6.891019469164502
3427,0.00011177400991880954,0.0001117740026180976,7.30071194496412e-12,7.30071194496412
3428,0.0001117818228958801,0.00011178181510841191,7.787468196588874e-12,7.787468196588874
3429,0.00011178963583795923,0.00011178962759872623,8.23923300216652e-12,8.23923300216652
3430,0.00011179744872384817,0.00011179744008904055,8.634807620692282e-12,8.634807620692282
3431,0.0001118052616766337,0.00011180525257935487,9.097278827855532e-12,9.097278827855533
3432,0.00011181307461341638,0.00011181306506966918,9.54374719740037e-12,9.54374719740037
3433,0.00011182088750425236,0.0001118208775599835,9.944268867808857e-12,9.944268867808857
3434,0.00011182870038633938,0.00011182869005029783,1.0336041555233944e-11,10.336041555233944
3435,0.00011183651333026182,0.00011183650254061214,1.078964968068767e-11,10.789649680687669
3436,0.00011184432623522439,0.00011184431503092646,1.1204297936197501e-11,11.204297936197502
3437,0.00011185213909009172,0.00011185212752124077,1.1568850955588293e-11,11.568850955588292
3438,0.00011185995200960757,0.00011185994001155509,1.1998052483964452e-11,11.998052483964452
3439,0.00011186776490943552,0.0001118677525018694,1.2407566120615719e-11,12.40756612061572
3440,0.00011187557777455443,0.00011187556499218372,1.2782370718780756e-11,12.782370718780756
3441,0.00011188339063928687,0.00011188337748249803,1.3156788839528884e-11,13.156788839528884
3442,0.00011189120354337839,0.00011189118997281236,1.3570566033460815e-11,13.570566033460814
3443,0.0001118990164171315,0.00011189900246312667,1.395400482470424e-11,13.954004824704239
3444,0.00011190682925350778,0.00011190681495344099,1.4300066789595817e-11,14.300066789595817
3445,0.00011191464214177847,0.0001119146274437553,1.4698023169901568e-11,14.698023169901568
3446,0.00011192245501178134,0.00011192243993406962,1.5077711719382892e-11,15.077711719382892
3447,0.00011193026784583487,0.00011193025242438395,1.542145093019772e-11,15.421450930197718
3448,0.00011193808068571952,0.00011193806491469826,1.5771021264899243e-11,15.771021264899243
3449,0.00011194589356431125,0.00011194587740501258,1.6159298674255617e-11,16.159298674255616
3450,0.00011195370641363633,0.00011195368989532689,1.6518309441876043e-11,16.518309441876042
3451,0.00011196151921368357,0.0001119615023856412,1.682804236694779e-11,16.82804236694779
3452,0.00011196933208156565,0.00011196931487595552,1.720561013566457e-11,17.20561013566457
3453,0.00011197714492992803,0.00011197712736626984,1.7563658199518465e-11,17.563658199518464
3454,0.00011198495774479338,0.00011198493985658416,1.788820921383717e-11,17.88820921383717
3455,0.00011199277055543639,0.00011199275234689848,1.8208537911215348e-11,18.20853791121535
3456,0.00011200058340008171,0.0001120005648372128,1.8562868923446147e-11,18.562868923446146
3457,0.00011200838357778526,0.00011200837732752711,6.250258153629914e-12,6.250258153629914
3458,0.0001120161871181964,0.00011201618981784142,-2.699645015748197e-12,-2.699645015748197
3459,0.00011202399296504768,0.00011202400230815575,-9.343108071359166e-12,-9.343108071359167
3460,0.00011203180073929435,0.00011203181479847007,-1.4059175709224188e-11,-14.059175709224188
3461,0.0001120396094165497,0.00011203962728878438,-1.787223468152527e-11,-17.87223468152527
3462,0.00011204741878966045,0.0001120474397790987,-2.0989438238978678e-11,-20.98943823897868
3463,0.00011205522864412609,0.00011205525226941301,-2.3625286918057912e-11,-23.625286918057913
3464,0.00011206303891070628,0.00011206306475972733,-2.584902104078925e-11,-25.84902104078925
3465,0.00011207084951323672,0.00011207087725004164,-2.7736804915323004e-11,-27.736804915323003
3466,0.00011207866041922734,0.00011207868974035596,-2.9321128611321615e-11,-29.321128611321615
3467,0.00011208647160342085,0.00011208650223067028,-3.062724943154476e-11,-30.62724943154476
3468,0.00011209428299097626,0.0001120943147209846,-3.173000833407608e-11,-31.73000833407608
3469,0.00011210209455738593,0.00011210212721129891,-3.265391297718813e-11,-32.65391297718813
3470,0.0001121099062905557,0.00011210993970161323,-3.341105752769478e-11,-33.41105752769478
3471,0.0001121177181568607,0.00011211775219192756,-3.403506684901482e-11,-34.03506684901482
3472,0.00011212553014139411,0.00011212556468224187,-3.4540847758790504e-11,-34.540847758790505
3473,0.00011213334232408275,0.00011213337717255619,-3.484847342851981e-11,-34.84847342851981
3474,0.00011214115457694143,0.0001121411896628705,-3.508592907285993e-11,-35.08592907285993
3475,0.00011214896691482639,0.00011214900215318482,-3.523835842509491e-11,-35.23835842509491
3476,0.00011215677931821111,0.00011215681464349913,-3.532528802056132e-11,-35.325288020561324
3477,0.00011216459184914965,0.00011216462713381345,-3.5284663791862447e-11,-35.28466379186245
3478,0.00011217240444886596,0.00011217243962412776,-3.5175261802441656e-11,-35.17526180244165
3479,0.00011218021708598515,0.00011218025211444209,-3.5028456938711825e-11,-35.02845693871183
3480,0.00011218802975600589,0.0001121880646047564,-3.4848750509937516e-11,-34.84875050993752
3481,0.00011219584255666699,0.00011219587709507072,-3.453840372314823e-11,-34.538403723148235
3482,0.00011220365536772826,0.00011220368958538503,-3.4217656767676965e-11,-34.217656767676964
3483,0.00011221146819184418,0.00011221150207569935,-3.388385516423976e-11,-33.88385516423976
3484,0.00011221928108595783,0.00011221931456601368,-3.348005584224363e-11,-33.48005584224363
3485,0.0001122270940338859,0.00011222712705632799,-3.302244209120608e-11,-33.02244209120608
3486,0.00011223490698887605,0.0001122349395466423,-3.255776625379277e-11,-32.55776625379277
3487,0.00011224271993244476,0.00011224275203695662,-3.2104511862850344e-11,-32.104511862850345
3488,0.00011225053299664366,0.00011225056452727094,-3.1530627267948435e-11,-31.530627267948436
3489,0.00011225834603396127,0.00011225837701758525,-3.0983623975135317e-11,-30.983623975135316
3490,0.00011226615904816918,0.00011226618950789957,-3.045973038386609e-11,-30.45973038386609
3491,0.00011227397215326887,0.0001122740019982139,-2.984494502094869e-11,-29.844945020948686
3492,0.0001122817852593066,0.00011228181448852821,-2.922922160631165e-11,-29.229221606311647
3493,0.00011228959833407702,0.00011228962697884252,-2.864476549812692e-11,-28.64476549812692
3494,0.0001122974114666411,0.00011229743946915684,-2.8002515735639834e-11,-28.002515735639836
3495,0.00011230522461370047,0.00011230525195947115,-2.7345770677997596e-11,-27.345770677997596
3496,0.00011231303773929421,0.00011231306444978548,-2.6710491264829948e-11,-26.710491264829948
3497,0.00011232085087097521,0.0001123208769400998,-2.6069124585012352e-11,-26.069124585012354
3498,0.00011232866406262101,0.00011232868943041411,-2.5367793095384417e-11,-25.367793095384418
3499,0.0001123364772199416,0.00011233650192072843,-2.4700786823121124e-11,-24.700786823121124
3500,0.00011234429035600362,0.00011234431441104274,-2.4055039112717477e-11,-24.055039112717477
3501,0.00011235210356005797,0.00011235212690135706,-2.3341299078303244e-11,-23.341299078303244
3502,0.00011235991673573115,0.00011235993939167137,-2.265594021771069e-11,-22.65594021771069
3503,0.00011236772986914195,0.00011236775188198568,-2.2012843733984477e-11,-22.012843733984475
3504,0.00011237554309924827,0.00011237556437230001,-2.127305174438077e-11,-21.27305174438077
3505,0.00011238335627466263,0.00011238337686261433,-2.0587951696399315e-11,-20.587951696399315
3506,0.00011239116940774666,0.00011239118935292864,-1.994518197765536e-11,-19.94518197765536
3507,0.00011239898261846033,0.00011239900184324296,-1.9224782624419923e-11,-19.224782624419923
3508,0.00011240679580619317,0.00011240681433355729,-1.852736411530018e-11,-18.52736411530018
3509,0.00011241460893753985,0.0001124146268238716,-1.788633174922247e-11,-17.88633174922247
3510,0.00011242242213704238,0.00011242243931418592,-1.717714353434151e-11,-17.17714353434151
3511,0.00011243023532056983,0.00011243025180450023,-1.6483930401503347e-11,-16.483930401503347
3512,0.00011243804845133581,0.00011243806429481455,-1.584347873410922e-11,-15.84347873410922
3513,0.00011244586162768745,0.00011244587678512886,-1.515744140690218e-11,-15.157441406902182
3514,0.00011245367480646986,0.00011245368927544318,-1.4468973311976956e-11,-14.468973311976956
3515,0.00011246148794164849,0.00011246150176575749,-1.3824108995950923e-11,-13.824108995950922
3516,0.0001124693010900261,0.00011246931425607182,-1.3166045711097268e-11,-13.166045711097267
3517,0.00011247711426561613,0.00011247712674638613,-1.2480769995258818e-11,-12.480769995258818
3518,0.00011248492739503842,0.00011248493923670045,-1.1841662020274634e-11,-11.841662020274635
3519,0.0001124927405062505,0.00011249275172701476,-1.1220764264321936e-11,-11.220764264321936
3520,0.00011250055365983702,0.00011250056421732908,-1.0557492052103318e-11,-10.557492052103319
3521,0.00011250836677191262,0.0001125083767076434,-9.935730783330344e-12,-9.935730783330344
3522,0.00011251617984912026,0.00011251618919795772,-9.348837456424503e-12,-9.348837456424503
3523,0.00011252399300592879,0.00011252400168827204,-8.682343239294748e-12,-8.682343239294747
3524,0.0001125318061252839,0.00011253181417858635,-8.053302447400325e-12,-8.053302447400325
3525,0.00011253961918799756,0.00011253962666890067,-7.480903101054504e-12,-7.480903101054504
3526,0.0001125474323186141,0.00011254743915921498,-6.840600877377328e-12,-6.8406008773773275
3527,0.00011255524542605565,0.0001125552516495293,-6.223473637767355e-12,-6.223473637767355
3528,0.00011256305847788669,0.00011256306413984362,-5.6619569300702755e-12,-5.661956930070276
3529,0.00011257087157798757,0.00011257087663015794,-5.052170362584279e-12,-5.052170362584278
3530,0.00011257868466961785,0.00011257868912047225,-4.450854395621368e-12,-4.450854395621368
3531,0.0001125864977256869,0.00011258650161078657,-3.885099663604787e-12,-3.8850996636047874
3532,0.00011259431077723108,0.00011259431410110088,-3.323869795144966e-12,-3.323869795144966
3533,0.00011260212386329273,0.00011260212659141521,-2.728122480275321e-12,-2.7281224802753212
3534,0.00011260993691583718,0.00011260993908172953,-2.1658923404436918e-12,-2.165892340443692
3535,0.00011261774992033596,0.00011261775157204384,-1.651707874496764e-12,-1.651707874496764
3536,0.00011262556300383953,0.00011262556406235816,-1.0585186262328814e-12,-1.0585186262328814
3537,0.00011263337604844354,0.00011263337655267247,-5.0422892561452e-13,-0.50422892561452
3538,0.00011264118903667827,0.00011264118904298678,-6.308508694411552e-15,-0.0063085086944115526
3539,0.00011264900209216027,0.0001126490015333011,5.5885916850335e-13,0.5588591685033499
3540,0.0001126568151231549,0.00011265681402361541,1.0995394891142229e-12,1.099539489114223
3541,0.0001126646280999906,0.00011266462651392974,1.5860608618908347e-12,1.5860608618908347
3542,0.00011267244111241834,0.00011267243900424406,2.108174288060529e-12,2.108174288060529
3543,0.00011268025413309669,0.00011268025149455837,2.638538316579985e-12,2.6385383165799854
3544,0.00011268806712176133,0.00011268806398487269,3.1368886467665385e-12,3.1368886467665384
3545,0.00011269588006718222,0.00011269587647518702,3.591995207385274e-12,3.591995207385274
3546,0.00011270369311280934,0.00011270368896550133,4.1473080153837016e-12,4.147308015383701
3547,0.00011271150608785451,0.00011271150145581565,4.632038868930035e-12,4.632038868930035
3548,0.00011271931902810067,0.00011271931394612996,5.0819707087623505e-12,5.08197070876235
3549,0.00011272713202043466,0.00011272712643644427,5.583990385676409e-12,5.583990385676409
3550,0.0001127349449972003,0.00011273493892675859,6.070441718992679e-12,6.0704417189926785
3551,0.00011274275792718041,0.0001127427514170729,6.510107505951745e-12,6.510107505951745
3552,0.00011275057087896235,0.00011275056390738722,6.971575134926562e-12,6.971575134926562
3553,0.00011275838385279821,0.00011275837639770155,7.455096669369705e-12,7.455096669369705
3554,0.00011276619679645627,0.00011276618888801586,7.908440412123669e-12,7.908440412123669
3555,0.00011277400969285233,0.00011277400137833018,8.314522155875732e-12,8.314522155875732
3556,0.00011278182266313113,0.00011278181386864449,8.794486639831384e-12,8.794486639831385
3557,0.00011278963560449884,0.0001127896263589588,9.245540032601027e-12,9.245540032601028
3558,0.0001127974484922027,0.00011279743884927314,9.642929564905948e-12,9.642929564905948
3559,0.00011280526142829758,0.00011280525133958745,1.0088710130145088e-11,10.088710130145088
3560,0.00011281307436058078,0.00011281306382990176,1.0530679020016529e-11,10.53067902001653
3561,0.00011282088726404859,0.00011282087632021608,1.094383251309621e-11,10.94383251309621
3562,0.00011282870013515069,0.0001128286888105304,1.1324620294502636e-11,11.324620294502637
3563,0.00011283651307634373,0.00011283650130084471,1.1775499022302292e-11,11.775499022302292
3564,0.00011284432598241128,0.00011284431379115902,1.219125225600874e-11,12.19125225600874
3565,0.00011285213883503606,0.00011285212628147334,1.2553562725178489e-11,12.55356272517849
3566,0.00011285995174834547,0.00011285993877178767,1.297655780598089e-11,12.97655780598089
3567,0.00011286776464669088,0.00011286775126210198,1.33845889045815e-11,13.3845889045815
3568,0.00011287557751652346,0.0001128755637524163,1.376410716655911e-11,13.764107166559109
3569,0.00011288339036796901,0.00011288337624273061,1.4125238403235955e-11,14.125238403235954
3570,0.00011289120327423538,0.00011289118873304494,1.4541190438963255e-11,14.541190438963255
3571,0.00011289901614898622,0.00011289900122335925,1.492562696725591e-11,14.92562696725591
3572,0.00011290682897405977,0.00011290681371367357,1.526038620581449e-11,15.26038620581449
3573,0.00011291464186133108,0.00011291462620398788,1.5657343195662696e-11,15.657343195662696
3574,0.00011292245473249839,0.0001129224386943022,1.6038196191829798e-11,16.038196191829797
3575,0.00011293026757377582,0.00011293025118461651,1.6389159306194624e-11,16.389159306194625
3576,0.00011293808040054054,0.00011293806367493083,1.67256097104069e-11,16.7256097104069
3577,0.0001129458932813839,0.00011294587616524514,1.711613876373004e-11,17.11613876373004
3578,0.0001129537061320991,0.00011295368865555947,1.747653962761339e-11,17.476539627613388
3579,0.00011296151893138531,0.00011296150114587379,1.7785511524075216e-11,17.785511524075215
3580,0.00011296933179263622,0.0001129693136361881,1.8156448122569694e-11,18.156448122569692
3581,0.00011297714463928553,0.00011297712612650242,1.8512783119886007e-11,18.512783119886006
3582,0.000112984957461365,0.00011298493861681673,1.8844548266382632e-11,18.84454826638263
3583,0.00011299277025719753,0.00011299275110713106,1.9150066477481587e-11,19.150066477481587
3584,0.00011300058309752688,0.00011300056359744537,1.9500081511256683e-11,19.500081511256685
3585,0.00011300838330218654,0.00011300837608775969,7.2144268534791424e-12,7.214426853479142
3586,0.00011301618687667833,0.000113016188578074,-1.701395667439385e-12,-1.7013956674393849
3587,0.0001130239927511033,0.00011302400106838832,-8.31728502234916e-12,-8.31728502234916
3588,0.0001130318005538346,0.00011303181355870263,-1.3004868026400192e-11,-13.004868026400192
3589,0.00011303960927007874,0.00011303962604901695,-1.677893820766443e-11,-16.778938207664428
3590,0.00011304741866947907,0.00011304743853933128,-1.9869852207022263e-11,-19.869852207022262
3591,0.00011305522855179866,0.00011305525102964559,-2.247784693269124e-11,-22.477846932691243
3592,0.00011306303884390738,0.0001130630635199599,-2.4676052525936925e-11,-24.676052525936925
3593,0.00011307084947118969,0.00011307087601027422,-2.653908452565876e-11,-26.539084525658758
3594,0.00011307866039972623,0.00011307868850058854,-2.810086230524317e-11,-28.10086230524317
3595,0.00011308647160783378,0.00011308650099090286,-2.938306908143571e-11,-29.38306908143571
3596,0.00011309428301747047,0.00011309431348121718,-3.0463746702393846e-11,-30.463746702393845
3597,0.00011310209460535544,0.0001131021259715315,-3.1366176051631974e-11,-31.366176051631975
3598,0.00011310990635914006,0.00011310993846184581,-3.210270574466131e-11,-32.10270574466131
3599,0.00011311771824331023,0.00011311775095216012,-3.270884989429126e-11,-32.70884989429126
3600,0.00011312553025136643,0.00011312556344247444,-3.3191108007942805e-11,-33.1911080079428
3601,0.00011313334245014082,0.00011313337593278875,-3.3482647925692557e-11,-33.482647925692554
3602,0.00011314115471947266,0.00011314118842310307,-3.370363040551184e-11,-33.70363040551184
3603,0.0001131489670761665,0.0001131490009134174,-3.3837250896485797e-11,-33.8372508964858
3604,0.00011315677947747974,0.00011315681340373171,-3.392625196862296e-11,-33.92625196862296
3605,0.00011316459204586968,0.00011316462589404603,-3.3848176347567824e-11,-33.84817634756782
3606,0.00011317240465948166,0.00011317243838436034,-3.3724878681003374e-11,-33.724878681003375
3607,0.00011318021729904803,0.00011318025087467467,-3.357562663744497e-11,-33.57562663744497
3608,0.00011318802998148171,0.00011318806336498898,-3.3383507272865565e-11,-33.383507272865565
3609,0.00011319584279219561,0.0001131958758553033,-3.3063107682217834e-11,-33.06310768221783
3610,0.00011320365562290787,0.00011320368834561761,-3.272270973855312e-11,-32.72270973855312
3611,0.00011321146845009697,0.00011321150083593193,-3.238583495050548e-11,-32.385834950505476
3612,0.00011321928136636886,0.00011321931332624624,-3.195987738213445e-11,-31.959877382134447
3613,0.00011322709432129365,0.00011322712581656056,-3.149526690855961e-11,-31.495266908559614
3614,0.00011323490728307111,0.00011323493830687487,-3.1023803762258636e-11,-31.023803762258638
3615,0.00011324272024746251,0.0001132427507971892,-3.054972668583496e-11,-30.54972668583496
3616,0.00011325053330895139,0.00011325056328750352,-2.9978552122025814e-11,-29.978552122025814
3617,0.00011325834636034633,0.00011325837577781783,-2.9417471493995035e-11,-29.417471493995034
3618,0.00011326615937716222,0.00011326618826813215,-2.889096992216253e-11,-28.890969922162533
3619,0.00011327397250108998,0.00011327400075844646,-2.8257356480500597e-11,-28.257356480500597
3620,0.00011328178561583942,0.00011328181324876079,-2.7632921365882366e-11,-27.632921365882368
3621,0.00011328959869082582,0.0001132896257390751,-2.7048249284624878e-11,-27.048249284624877
3622,0.00011329741184189854,0.00011329743822938942,-2.638749087645833e-11,-26.38749087645833
3623,0.0001133052249954813,0.00011330525071970373,-2.5724222431842263e-11,-25.724222431842264
3624,0.00011331303811771915,0.00011331306321001805,-2.5092298895449e-11,-25.092298895449
3625,0.00011332085127783989,0.00011332087570033236,-2.4422492467787357e-11,-24.422492467787357
3626,0.00011332866445925363,0.00011332868819064668,-2.3731393041294563e-11,-23.731393041294563
3627,0.00011333647761485581,0.000113336500680961,-2.306610518881708e-11,-23.06610518881708
3628,0.00011334429077024968,0.00011334431317127532,-2.2401025638681982e-11,-22.401025638681983
3629,0.00011335210397367298,0.00011335212566158964,-2.1687916650589718e-11,-21.687916650589717
3630,0.00011335991715298683,0.00011335993815190395,-2.0998917120417122e-11,-20.998917120417122
3631,0.00011336773029862576,0.00011336775064221827,-2.034359250314611e-11,-20.343592503146112
3632,0.00011337554352564259,0.0001133755631325326,-1.960689000184301e-11,-19.60689000184301
3633,0.00011338335670371071,0.00011338337562284691,-1.8919136192861544e-11,-18.919136192861544
3634,0.00011339116984078883,0.00011339118811316122,-1.8272372395286898e-11,-18.272372395286897
3635,0.00011339898306337082,0.00011339900060347554,-1.754010471455013e-11,-17.54010471455013
3636,0.00011340679625042255,0.00011340681309378985,-1.684336730123514e-11,-16.84336730123514
3637,0.00011341460938492067,0.00011341462558410417,-1.6199183498255195e-11,-16.199183498255195
3638,0.00011342242259414719,0.00011342243807441848,-1.5480271290929647e-11,-15.480271290929647
3639,0.00011343023577924514,0.0001134302505647328,-1.478548765058706e-11,-14.785487650587058
3640,0.00011343804890670466,0.00011343806305504713,-1.4148342461005834e-11,-14.148342461005834
3641,0.00011344586210079286,0.00011344587554536144,-1.3444568575591414e-11,-13.444568575591413
3642,0.00011345367527722105,0.00011345368803567576,-1.2758454703710997e-11,-12.758454703710997
3643,0.00011346148840210422,0.00011346150052599007,-1.2123885849542141e-11,-12.123885849542141
3644,0.00011346930157149179,0.0001134693130163044,-1.1444812610386992e-11,-11.444812610386991
3645,0.0001134771147373713,0.00011347712550661871,-1.0769247415781136e-11,-10.769247415781136
3646,0.00011348492787264277,0.00011348493799693303,-1.0124290251391557e-11,-10.124290251391557
3647,0.00011349274098751449,0.00011349275048724734,-9.499732852320796e-12,-9.499732852320797
3648,0.00011350055414352783,0.00011350056297756166,-8.834033829721923e-12,-8.834033829721923
3649,0.00011350836724939181,0.00011350837546787597,-8.218484158483025e-12,-8.218484158483026
3650,0.00011351618034484334,0.00011351618795819029,-7.613346948068244e-12,-7.613346948068244
3651,0.00011352399349782648,0.0001135240004485046,-6.950678121463669e-12,-6.950678121463669
3652,0.0001135318066146735,0.00011353181293881893,-6.324145428007385e-12,-6.324145428007385
3653,0.00011353961967768084,0.00011353962542913325,-5.7514523983980915e-12,-5.751452398398092
3654,0.00011354743281734002,0.00011354743791944756,-5.1021075355790986e-12,-5.102107535579099
3655,0.00011355524592342325,0.00011355525040976187,-4.486338625108397e-12,-4.486338625108397
3656,0.00011356305897184269,0.00011356306290007619,-3.928233495072315e-12,-3.928233495072315
3657,0.0001135708720830808,0.00011357087539039052,-3.3073097182674766e-12,-3.3073097182674767
3658,0.00011357868517531067,0.00011357868788070483,-2.7053941603981272e-12,-2.7053941603981273
3659,0.00011358649821820735,0.00011358650037101915,-2.15281179359836e-12,-2.15281179359836
3660,0.00011359431129204086,0.00011359431286133346,-1.5692925987209845e-12,-1.5692925987209845
3661,0.00011360212437103395,0.00011360212535164778,-9.806138212300218e-13,-0.9806138212300217
3662,0.0001136099374163522,0.00011360993784196209,-4.2560988887800836e-13,-0.4256098888780084
3663,0.00011361775043978114,0.00011361775033227641,1.0750473344798913e-13,0.10750473344798914
3664,0.00011362556351601022,0.00011362556282259074,6.934194865779988e-13,0.6934194865779988
3665,0.00011363337655596053,0.00011363337531290505,1.2430554797639278e-12,1.2430554797639277
3666,0.00011364118954357233,0.00011364118780321936,1.7403529683258347e-12,1.7403529683258347
3667,0.00011364900260380845,0.00011364900029353368,2.310274777182255e-12,2.310274777182255
3668,0.00011365681563593782,0.000113656812783848,2.8520898237868513e-12,2.8520898237868515
3669,0.00011366462862069603,0.00011366462527416232,3.3465337057833035e-12,3.3465337057833033
3670,0.00011367244163747403,0.00011367243776447664,3.872997398302406e-12,3.872997398302406
3671,0.00011368025464972085,0.00011368025025479095,4.394929898234567e-12,4.394929898234567
3672,0.000113688067650217,0.00011368806274510527,4.905111733706167e-12,4.905111733706167
3673,0.00011369588061731595,0.00011369587523541958,5.381896374662664e-12,5.381896374662664
3674,0.00011370369363180957,0.0001137036877257339,5.906075680309394e-12,5.906075680309394
3675,0.00011371150661501752,0.00011371150021604821,6.398969315829518e-12,6.398969315829517
3676,0.00011371931954706005,0.00011371931270636253,6.840697526371194e-12,6.840697526371194
3677,0.00011372713255129076,0.00011372712519667686,7.354613909778448e-12,7.354613909778448
3678,0.00011373494552905712,0.00011373493768699117,7.842065948147394e-12,7.842065948147394
3679,0.00011374275845283108,0.00011374275017730548,8.275525599240827e-12,8.275525599240828
3680,0.0001137505714213683,0.0001137505626676198,8.753748502141762e-12,8.753748502141763
3681,0.00011375838438764685,0.00011375837515793413,9.22971272731434e-12,9.22971272731434
3682,0.00011376619732423491,0.00011376618764824844,9.675986469016689e-12,9.675986469016689
3683,0.00011377401023235763,0.00011377400013856276,1.0093794875703719e-11,10.093794875703718
3684,0.00011378182320353576,0.00011378181262887707,1.0574658691808921e-11,10.57465869180892
3685,0.00011378963613824029,0.00011378962511919139,1.101904890328712e-11,11.01904890328712
3686,0.00011379744902230547,0.0001137974376095057,1.1412799771786016e-11,11.412799771786016
3687,0.00011380526197039202,0.00011380525009982002,1.1870572006076133e-11,11.870572006076133
3688,0.00011381307489856977,0.00011381306259013433,1.2308435442448714e-11,12.308435442448713
3689,0.00011382088779128838,0.00011382087508044866,1.2710839721509504e-11,12.710839721509505
3690,0.00011382870068556668,0.00011382868757076297,1.3114803706710578e-11,13.114803706710578
3691,0.00011383651361586852,0.00011383650006107729,1.355479123066433e-11,13.55479123066433
3692,0.00011384432651699998,0.0001138443125513916,1.3965608376482521e-11,13.965608376482521
3693,0.00011385213936877362,0.00011385212504170592,1.4327067706289288e-11,14.327067706289288
3694,0.00011385995229025163,0.00011385993753202025,1.475823138309963e-11,14.75823138309963
3695,0.00011386776519012058,0.00011386775002233456,1.5167786016145544e-11,15.167786016145543
3696,0.00011387557804368722,0.00011387556251264888,1.5531038345295058e-11,15.531038345295059
3697,0.00011388339091842103,0.00011388337500296319,1.5915457838061078e-11,15.915457838061078
3698,0.00011389120381577285,0.0001138911874932775,1.6322495346685768e-11,16.322495346685766
3699,0.0001138990166860505,0.00011389899998359182,1.670245868720771e-11,16.70245868720771
3700,0.00011390682950875473,0.00011390681247390614,1.70348485916537e-11,17.034848591653702
3701,0.00011391464240449644,0.00011391462496422045,1.7440275992289615e-11,17.440275992289614
3702,0.00011392245527654858,0.00011392243745453478,1.782201380584968e-11,17.822013805849682
3703,0.00011393026810338827,0.0001139302499448491,1.8158539182642185e-11,18.158539182642187
3704,0.00011393808095335369,0.00011393806243516341,1.851819028006568e-11,18.51819028006568
3705,0.0001139458938239026,0.00011394587492547772,1.889842487441865e-11,18.89842487441865
3706,0.00011395370666875968,0.00011395368741579205,1.9252967631333736e-11,19.252967631333735
3707,0.00011396151946700176,0.00011396149990610637,1.9560895400445878e-11,19.560895400445876
3708,0.00011396933233801028,0.00011396931239642068,1.994158960165229e-11,19.94158960165229
3709,0.00011397714518423423,0.000113977124886735,2.0297499239351283e-11,20.297499239351282
3710,0.00011398495799893132,0.00011398493737704931,2.0621882012597873e-11,20.621882012597872
3711,0.00011399277080388928,0.00011399274986736363,2.0936525655227042e-11,20.93652565522704
3712,0.00011400058363724341,0.00011400056235767794,2.1279565474325452e-11,21.27956547432545
3713,0.00011400838384140881,0.00011400837484799226,8.99341655588253e-12,8.99341655588253
3714,0.00011401618739101838,0.00011401618733830658,5.271179839336717e-14,0.05271179839336717
3715,0.00011402399328072903,0.0001140239998286209,-6.547891864424985e-12,-6.547891864424985
3716,0.00011403180108783526,0.00011403181231893521,-1.1231099950079713e-11,-11.231099950079713
3717,0.0001140396097705864,0.00011403962480924953,-1.503866312867352e-11,-15.03866312867352
3718,0.00011404741917280725,0.00011404743729956384,-1.812675658963216e-11,-18.12675658963216
3719,0.00011405522904640985,0.00011405524978987817,-2.0743468314320448e-11,-20.74346831432045
3720,0.00011406303933375854,0.00011406306228019249,-2.294643394812663e-11,-22.94643394812663
3721,0.00011407084995446213,0.0001140708747705068,-2.4816044669790672e-11,-24.81604466979067
3722,0.00011407866090775726,0.00011407868726082112,-2.6353063852509693e-11,-26.353063852509692
3723,0.00011408647210539339,0.00011408649975113543,-2.764574204301948e-11,-27.64574204301948
3724,0.00011409428350368583,0.00011409431224144975,-2.873776391525382e-11,-28.73776391525382
3725,0.00011410209508786904,0.00011410212473176406,-2.964389501531188e-11,-29.643895015311884
3726,0.00011410990683608538,0.00011410993722207839,-3.038599300806878e-11,-30.385993008068777
3727,0.0001141177187089358,0.0001141177497123927,-3.1003456906005834e-11,-31.003456906005834
3728,0.00011412553073769717,0.00011412556220270702,-3.14650098481391e-11,-31.465009848139097
3729,0.0001141333429217456,0.00011413337469302133,-3.17712757250562e-11,-31.7712757250562
3730,0.00011414115518475528,0.00011414118718333565,-3.19985803639261e-11,-31.9985803639261
3731,0.00011414896753610641,0.00011414899967364998,-3.2137543559260575e-11,-32.13754355926058
3732,0.0001141567799320874,0.00011415681216396429,-3.223187688675982e-11,-32.23187688675982
3733,0.00011416459250839346,0.0001141646246542786,-3.2145885139725135e-11,-32.14588513972514
3734,0.0001141724051075481,0.00011417243714459292,-3.20370448212398e-11,-32.0370448212398
3735,0.00011418021774755021,0.00011418024963490724,-3.188735702327575e-11,-31.88735702327575
3736,0.00011418803043644098,0.00011418806212522155,-3.168878057068536e-11,-31.688780570685363
3737,0.00011419584325804457,0.00011419587461553587,-3.135749129407477e-11,-31.35749129407477
3738,0.00011420365607250644,0.00011420368710585018,-3.10333437384895e-11,-31.0333437384895
3739,0.0001142114688948388,0.00011421149959616451,-3.070132570183614e-11,-30.70132570183614
3740,0.00011421928181979542,0.00011421931208647882,-3.026668340301296e-11,-30.266683403012962
3741,0.00011422709476811507,0.00011422712457679314,-2.980867806525576e-11,-29.80867806525576
3742,0.0001142349077202319,0.00011423493706710745,-2.9346875553334916e-11,-29.346875553334915
3743,0.00011424272070135407,0.00011424274955742178,-2.885606770595422e-11,-28.85606770595422
3744,0.00011425053375083082,0.0001142505620477361,-2.8296905275512057e-11,-28.296905275512056
3745,0.00011425834679716874,0.00011425837453805041,-2.7740881664569348e-11,-27.740881664569347
3746,0.00011426615981669537,0.00011426618702836473,-2.721166935691267e-11,-27.21166935691267
3747,0.0001142739729391434,0.00011427399951867904,-2.6579535634375743e-11,-26.57953563437574
3748,0.00011428178604746567,0.00011428181200899336,-2.5961527683788533e-11,-25.961527683788532
3749,0.00011428959911812851,0.00011428962449930767,-2.5381179156849428e-11,-25.381179156849427
3750,0.00011429741227390732,0.00011429743698962199,-2.471571466073299e-11,-24.715714660732992
3751,0.00011430522542454108,0.00011430524947993631,-2.4055395232473557e-11,-24.055395232473558
3752,0.00011431303853499411,0.00011431306197025063,-2.3435256512909288e-11,-23.435256512909287
3753,0.0001143208517077439,0.00011432087446056494,-2.2752821040844517e-11,-22.752821040844516
3754,0.00011432866490015744,0.00011432868695087926,-2.2050721814105718e-11,-22.050721814105717
3755,0.00011433647804235898,0.00011433649944119357,-2.1398834592059936e-11,-21.398834592059938
3756,0.0001143442912039262,0.0001143443119315079,-2.0727581703174925e-11,-20.727581703174923
3757,0.00011435210439924884,0.00011435212442182222,-2.0022573372271967e-11,-20.022573372271967
3758,0.00011435991756590934,0.00011435993691213653,-1.934622718618369e-11,-19.34622718618369
3759,0.00011436773072876345,0.00011436774940245085,-1.867368738997752e-11,-18.67368738997752
3760,0.00011437554393809512,0.00011437556189276516,-1.7954670042146294e-11,-17.954670042146294
3761,0.00011438335711446264,0.00011438337438307948,-1.7268616831377428e-11,-17.26861683137743
3762,0.00011439117026061894,0.00011439118687339379,-1.6612774846382234e-11,-16.612774846382234
3763,0.00011439898347847509,0.00011439899936370812,-1.5885233026732478e-11,-15.885233026732479
3764,0.00011440679666036776,0.00011440681185402243,-1.5193654667482517e-11,-15.193654667482516
3765,0.00011441460979267857,0.00011441462434433675,-1.4551658174622924e-11,-14.551658174622924
3766,0.00011442242300671609,0.00011442243683465106,-1.3827934969234771e-11,-13.827934969234772
3767,0.00011443023618711065,0.00011443024932496538,-1.3137854719889169e-11,-13.137854719889168
3768,0.00011443804931278928,0.0001144380618152797,-1.2502490427243942e-11,-12.502490427243941
3769,0.00011444586251003231,0.00011444587430559402,-1.1795561703242969e-11,-11.795561703242969
3770,0.00011445367568476415,0.00011445368679590834,-1.111114418763415e-11,-11.11114418763415
3771,0.00011446148880084535,0.00011446149928622265,-1.0485377293277346e-11,-10.485377293277345
3772,0.00011446930198008301,0.00011446931177653697,-9.796453955412421e-12,-9.79645395541242
3773,0.0001144771151411154,0.00011447712426685128,-9.125735876354043e-12,-9.125735876354042
3774,0.00011448492825408446,0.0001144849367571656,-8.50308113012325e-12,-8.50308113012325
3775,0.0001144927414064332,0.00011449274924747991,-7.841046710867378e-12,-7.841046710867378
3776,0.00011450055455447225,0.00011450056173779424,-7.183321981694609e-12,-7.1833219816946094
3777,0.00011450836764765197,0.00011450837422810855,-6.580456581406999e-12,-6.580456581407
3778,0.00011451618075584845,0.00011451618671842287,-5.962574411824325e-12,-5.962574411824325
3779,0.0001145239939020069,0.00011452399920873718,-5.3067302855298405e-12,-5.306730285529841
3780,0.00011453180701060793,0.00011453181169905151,-4.688443573011557e-12,-4.688443573011558
3781,0.00011453962007589441,0.00011453962418936583,-4.113471414910428e-12,-4.113471414910428
3782,0.00011454743321895868,0.00011454743667968014,-3.4607214525384184e-12,-3.4607214525384182
3783,0.00011455524632047985,0.00011455524916999446,-2.84951460731152e-12,-2.84951460731152
3784,0.0001145630593665551,0.00011456306166030877,-2.29375367145015e-12,-2.29375367145015
3785,0.00011457087248213231,0.00011457087415062308,-1.6684907684732262e-12,-1.6684907684732262
3786,0.00011457868557251689,0.0001145786866409374,-1.06842050914892e-12,-1.06842050914892
3787,0.00011458649860436769,0.00011458649913125171,-5.268840211874896e-13,-0.5268840211874896
3788,0.00011459431169258035,0.00011459431162156604,7.101431013478506e-14,0.07101431013478507
3789,0.0001146021247671726,0.00011460212411188036,6.552922432449933e-13,0.6552922432449934
3790,0.00011460993780118801,0.00011460993660219467,1.198993340843791e-12,1.198993340843791
3791,0.00011461775084006413,0.00011461774909250899,1.7475551471748029e-12,1.747555147174803
3792,0.0001146255639073655,0.0001146255615828233,2.3245422001458065e-12,2.3245422001458067
3793,0.00011463337694196287,0.00011463337407313763,2.8688252432606858e-12,2.868825243260686
3794,0.00011464118992903061,0.00011464118656345195,3.3655786656199123e-12,3.3655786656199123
3795,0.00011464900299554756,0.00011464899905376626,3.941781298319123e-12,3.9417812983191225
3796,0.00011465681602446073,0.00011465681154408057,4.480380154046731e-12,4.480380154046731
3797,0.00011466462899579181,0.00011466462403439489,4.9613969239734164e-12,4.961396923973417
3798,0.00011467244203066136,0.0001146724365247092,5.505952156043698e-12,5.505952156043699
3799,0.00011468025504620594,0.00011468024901502352,6.0311824195138e-12,6.0311824195138
3800,0.0001146880680192503,0.00011468806150533783,6.513912472818501e-12,6.513912472818501
3801,0.00011469588100607144,0.00011469587399565216,7.010419279841069e-12,7.010419279841069
3802,0.00011470369401573898,0.00011470368648596648,7.529772503462468e-12,7.5297725034624685
3803,0.00011471150698990663,0.00011471149897628079,8.013625844427973e-12,8.013625844427974
3804,0.00011471931992355855,0.00011471931146659511,8.456963444674488e-12,8.456963444674487
3805,0.00011472713293661331,0.00011472712395690944,8.979703878513057e-12,8.979703878513057
3806,0.00011473494590683206,0.00011473493644722375,9.459608311220882e-12,9.459608311220881
3807,0.00011474275882450399,0.00011474274893753806,9.886965923409768e-12,9.886965923409768
3808,0.00011475057180127095,0.00011475056142785238,1.0373418571321171e-11,10.37341857132117
3809,0.00011475838476284287,0.0001147583739181667,1.0844676179995299e-11,10.844676179995298
3810,0.00011476619769223848,0.00011476618640848101,1.1283757473563178e-11,11.283757473563178
3811,0.00011477401061493297,0.00011477399889879532,1.1716137652316103e-11,11.716137652316103
3812,0.00011478182357893344,0.00011478181138910964,1.2189823806093963e-11,12.189823806093964
3813,0.00011478963650889113,0.00011478962387942397,1.2629467163620586e-11,12.629467163620586
3814,0.0001147974494013043,0.00011479743636973828,1.3031566022929387e-11,13.031566022929386
3815,0.00011480526234377407,0.0001148052488600526,1.3483721480102307e-11,13.483721480102307
3816,0.00011481307526762425,0.00011481306135036691,1.3917257337055939e-11,13.91725733705594
3817,0.00011482088815100905,0.00011482087384068123,1.4310327828034019e-11,14.31032782803402
3818,0.00011482870106178507,0.00011482868633099555,1.473078952138261e-11,14.73078952138261
3819,0.00011483651398557256,0.00011483649882130987,1.5164262697898145e-11,15.164262697898145
3820,0.00011484432688087418,0.00011484431131162418,1.5569249993767192e-11,15.569249993767192
3821,0.00011485213973217272,0.0001148521238019385,1.5930234226181975e-11,15.930234226181975
3822,0.00011485995265768759,0.00011485993629225281,1.636543478070377e-11,16.36543478070377
3823,0.00011486776555383096,0.00011486774878256713,1.6771263837587006e-11,16.771263837587007
3824,0.0001148755784004965,0.00011487556127288144,1.7127615057278325e-11,17.127615057278323
3825,0.0001148833912890688,0.00011488337376319577,1.7525873035523406e-11,17.525873035523407
3826,0.00011489120418043971,0.00011489118625351009,1.7926929624178743e-11,17.926929624178744
3827,0.00011489901704566537,0.0001148989987438244,1.830184097560019e-11,18.30184097560019
3828,0.0001149068298699231,0.00011490681123413872,1.8635784392681554e-11,18.635784392681554
3829,0.00011491464277390389,0.00011491462372445303,1.904945086246662e-11,19.04945086246662
3830,0.00011492245564254292,0.00011492243621476736,1.942777556693012e-11,19.42777556693012
3831,0.00011493026845882997,0.00011493024870508167,1.9753748295557606e-11,19.753748295557607
3832,0.00011493808131506975,0.00011493806119539599,2.0119673765820965e-11,20.119673765820966
3833,0.00011494589418502797,0.0001149458736857103,2.0499317673277837e-11,20.499317673277837
3834,0.00011495370702499687,0.00011495368617602462,2.0848972250488163e-11,20.848972250488163
3835,0.00011496151982469159,0.00011496149866633893,2.1158352660776055e-11,21.158352660776057
3836,0.00011496933269899768,0.00011496931115665325,2.154234443578503e-11,21.54234443578503
3837,0.00011497714554447203,0.00011497712364696756,2.1897504469654492e-11,21.897504469654493
3838,0.00011498495834058486,0.00011498493613728189,2.220330297412009e-11,22.20330297412009
3839,0.0001149927711768971,0.0001149927486275962,2.2549300889768328e-11,22.54930088976833
3840,0.0001150005839995451,0.00011500056111791052,2.2881634578331677e-11,22.881634578331678
3841,0.00011500838414217642,0.00011500837360822484,1.0533951589406487e-11,10.533951589406486
3842,0.0001150161875912512,0.00011501618609853916,1.4927120441743152e-12,1.4927120441743151
3843,0.00011502399336993634,0.00011502399858885348,-5.218917133055489e-12,-5.218917133055489
3844,0.00011503180106948965,0.0001150318110791678,-1.0009678141983414e-11,-10.009678141983414
3845,0.00011503960965837864,0.00011503962356948211,-1.391110346736483e-11,-13.91110346736483
3846,0.00011504741896553865,0.00011504743605979642,-1.709425776903298e-11,-17.09425776903298
3847,0.00011505522875262284,0.00011505524855011074,-1.979748789196124e-11,-19.79748789196124
3848,0.00011506303895529021,0.00011506306104042505,-2.2085134838293804e-11,-22.085134838293804
3849,0.00011507084949634718,0.00011507087353073937,-2.4034392189960912e-11,-24.03439218996091
3850,0.0001150786603391739,0.0001150786860210537,-2.5681879796910107e-11,-25.681879796910106
3851,0.0001150864714651657,0.00011508649851136801,-2.7046202310923225e-11,-27.046202310923224
3852,0.0001150942827983691,0.00011509431100168233,-2.820331321703814e-11,-28.20331321703814
3853,0.00011510209431066764,0.00011510212349199664,-2.918132899466865e-11,-29.181328994668647
3854,0.00011510990599238966,0.00011510993598231096,-2.998992129639946e-11,-29.98992129639946
3855,0.00011511771781365489,0.00011511774847262528,-3.0658970395291094e-11,-30.658970395291096
3856,0.00011512552974226254,0.0001151255609629396,-3.122067705520879e-11,-31.220677055208792
3857,0.00011513334187512537,0.00011513337345325391,-3.157812853681728e-11,-31.578128536817278
3858,0.0001151411540871153,0.00011514118594356823,-3.185645292455122e-11,-31.856452924551224
3859,0.00011514896638719846,0.00011514899843388254,-3.204668408328461e-11,-32.04668408328461
3860,0.00011515677874605219,0.00011515681092419686,-3.217814466734812e-11,-32.17814466734812
3861,0.00011516459121679984,0.00011516462341451117,-3.2197711331717604e-11,-32.197711331717606
3862,0.00011517240379452253,0.0001151724359048255,-3.211030296612435e-11,-32.11030296612435
3863,0.0001151802164004373,0.00011518024839513982,-3.1994702511568297e-11,-31.994702511568295
3864,0.00011518802903395538,0.00011518806088545413,-3.185149874403921e-11,-31.851498744039212
3865,0.00011519584177848166,0.00011519587337576845,-3.1597286782228384e-11,-31.597286782228384
3866,0.00011520365456302106,0.00011520368586608276,-3.13030617022732e-11,-31.3030617022732
3867,0.00011521146737319187,0.00011521149835639709,-3.098320521559872e-11,-30.983205215598723
3868,0.0001152192802001607,0.0001152193108467114,-3.064655069677495e-11,-30.64655069677495
3869,0.00011522709313309007,0.00011522712333702572,-3.020393564951376e-11,-30.20393564951376
3870,0.0001152349060697521,0.00011523493582734003,-2.9757587924565664e-11,-29.757587924565666
3871,0.00011524271898582833,0.00011524274831765435,-2.933182601402919e-11,-29.331826014029186
3872,0.00011525053199907749,0.00011525056080796866,-2.8808891169188564e-11,-28.808891169188563
3873,0.00011525834502323709,0.00011525837329828298,-2.8275045889466e-11,-28.275045889466
3874,0.00011526615803058711,0.00011526618578859729,-2.7758010175093344e-11,-27.758010175093343
3875,0.00011527397108175219,0.00011527399827891162,-2.7197159425028187e-11,-27.197159425028186
3876,0.00011528178417200172,0.00011528181076922594,-2.659722421663699e-11,-26.59722421663699
3877,0.00011528959724998947,0.00011528962325954025,-2.6009550779162992e-11,-26.009550779162993
3878,0.00011529741031692996,0.00011529743574985457,-2.54329246028851e-11,-25.4329246028851
3879,0.00011530522346349338,0.0001153052482401689,-2.4776675513526666e-11,-24.776675513526666
3880,0.00011531303658332564,0.00011531306073048321,-2.4147157564256132e-11,-24.147157564256133
3881,0.00011532084967080798,0.00011532087322079752,-2.3549989537964717e-11,-23.549989537964716
3882,0.00011532866284552847,0.00011532868571111184,-2.2865583365821127e-11,-22.865583365821127
3883,0.00011533647599875622,0.00011533649820142615,-2.2202669929653913e-11,-22.20266992965391
3884,0.00011534428910463406,0.00011534431069174047,-2.158710640773226e-11,-21.58710640773226
3885,0.00011535210228727526,0.00011535212318205478,-2.0894779515302416e-11,-20.894779515302417
3886,0.00011535991545711291,0.0001153599356723691,-2.0215256183167887e-11,-20.215256183167888
3887,0.00011536772857730842,0.00011536774816268343,-1.9585374999064516e-11,-19.585374999064516
3888,0.00011537554176008682,0.00011537556065299774,-1.889291091440227e-11,-18.89291091440227
3889,0.0001153833549367431,0.00011538337314331206,-1.8206568953489816e-11,-18.206568953489818
3890,0.00011539116807474478,0.00011539118563362637,-1.7558881591847065e-11,-17.558881591847065
3891,0.00011539898124018787,0.00011539899812394069,-1.688375281572069e-11,-16.88375281572069
3892,0.00011540679442033762,0.00011540681061425501,-1.619391739277816e-11,-16.19391739277816
3893,0.00011541460756816867,0.00011541462310456933,-1.5536400654239656e-11,-15.536400654239657
3894,0.0001154224207108369,0.00011542243559488364,-1.488404673736873e-11,-14.88404673736873
3895,0.00011543023389501586,0.00011543024808519796,-1.4190182093892593e-11,-14.190182093892593
3896,0.00011543804704146713,0.00011543806057551227,-1.3534045138143847e-11,-13.534045138143847
3897,0.00011544586016100808,0.00011544587306582659,-1.2904818500444534e-11,-12.904818500444534
3898,0.00011545367334873385,0.0001154536855561409,-1.2207407052191437e-11,-12.207407052191437
3899,0.00011546148648754381,0.00011546149804645523,-1.1558911417829098e-11,-11.558911417829098
3900,0.0001154692995874001,0.00011546931053676955,-1.0949369446353214e-11,-10.949369446353213
3901,0.00011547711276702599,0.00011547712302708386,-1.026005786924285e-11,-10.26005786924285
3902,0.0001154849258962511,0.00011548493551739818,-9.62114706997626e-12,-9.62114706997626
3903,0.0001154927389964277,0.00011549274800771249,-9.011284784521042e-12,-9.011284784521042
3904,0.00011550055212716777,0.00011550056049802682,-8.370859043111365e-12,-8.370859043111365
3905,0.00011550836523835068,0.00011550837298834113,-7.749990452197106e-12,-7.749990452197107
3906,0.00011551617831887999,0.00011551618547865545,-7.159775455095422e-12,-7.159775455095422
3907,0.00011552399143784713,0.00011552399796896976,-6.531122631395896e-12,-6.531122631395896
3908,0.00011553180455556043,0.00011553181045928408,-5.903723646851269e-12,-5.903723646851269
3909,0.00011553961763798014,0.00011553962294959839,-5.3116182483941655e-12,-5.311618248394166
3910,0.00011554743071338687,0.00011554743543991271,-4.726525835506932e-12,-4.726525835506932
3911,0.00011555524382750589,0.00011555524793022702,-4.102721130241892e-12,-4.102721130241893
3912,0.00011556305690536827,0.00011556306042054134,-3.5151730671966148e-12,-3.515173067196615
3913,0.00011557086993636491,0.00011557087291085567,-2.97449075436425e-12,-2.97449075436425
3914,0.00011557868304601612,0.00011557868540116998,-2.355153856516643e-12,-2.355153856516643
3915,0.00011558649611677884,0.0001155864978914843,-1.774705447452398e-12,-1.774705447452398
3916,0.00011559430913112771,0.00011559431038179862,-1.2506709099007494e-12,-1.2506709099007494
3917,0.00011560212221197398,0.00011560212287211294,-6.601389598464658e-13,-0.6601389598464659
3918,0.00011560993527204882,0.00011560993536242725,-9.037842606320271e-14,-0.0903784260632027
3919,0.00011561774828107098,0.00011561774785274157,4.283294126624975e-13,0.42832941266249747
3920,0.0001156255613248601,0.00011562556034305588,9.818042269280188e-13,0.9818042269280188
3921,0.00011563337437116456,0.0001156333728333702,1.5377943631286522e-12,1.5377943631286521
3922,0.00011564118738596979,0.00011564118532368451,2.0622852820322814e-12,2.0622852820322812
3923,0.00011564900036958108,0.00011564899781399883,2.555582254313097e-12,2.555582254313097
3924,0.00011565681342097441,0.00011565681030431314,3.116661269593144e-12,3.116661269593144
3925,0.00011566462643184231,0.00011566462279462747,3.6372148405447565e-12,3.6372148405447566
3926,0.00011567243939005475,0.00011567243528494178,4.105112967472275e-12,4.105112967472275
3927,0.00011568025241791924,0.0001156802477752561,4.6426631422010735e-12,4.642663142201074
3928,0.00011568806542012358,0.00011568806026557043,5.154553151747952e-12,5.154553151747952
3929,0.00011569587837026256,0.00011569587275588474,5.614377821408165e-12,5.614377821408166
3930,0.00011570369135810915,0.00011570368524619906,6.111910093950524e-12,6.111910093950524
3931,0.00011571150435532603,0.00011571149773651337,6.618812665083752e-12,6.618812665083752
3932,0.00011571931731574561,0.00011571931022682769,7.088917929478853e-12,7.088917929478853
3933,0.00011572713024854737,0.000115727122717142,7.53140536614434e-12,7.53140536614434
3934,0.00011573494324335406,0.00011573493520745632,8.035897742295605e-12,8.035897742295605
3935,0.00011574275620170887,0.00011574274769777063,8.503938238520898e-12,8.503938238520899
3936,0.00011575056910857237,0.00011575056018808495,8.920487425699749e-12,8.920487425699749
3937,0.00011575838208104237,0.00011575837267839927,9.402643095798522e-12,9.402643095798522
3938,0.00011576619503298194,0.00011576618516871359,9.864268354216691e-12,9.86426835421669
3939,0.00011577400794458232,0.0001157739976590279,1.0285554420687131e-11,10.28555442068713
3940,0.00011578182086684663,0.00011578181014934223,1.0717504401570541e-11,10.717504401570542
3941,0.00011578963381616048,0.00011578962263965655,1.1176503939167385e-11,11.176503939167384
3942,0.00011579744673594032,0.00011579743512997086,1.1605969457220017e-11,11.605969457220018
3943,0.00011580525960747898,0.00011580524762028518,1.1987193806183722e-11,11.987193806183722
3944,0.00011581307255061859,0.00011581306011059949,1.2440019097011331e-11,12.440019097011332
3945,0.00011582088546681245,0.00011582087260091381,1.2865898643483522e-11,12.865898643483522
3946,0.00011582869833620558,0.00011582868509122812,1.3244977464768095e-11,13.244977464768095
3947,0.00011583651124071085,0.00011583649758154244,1.36591684173541e-11,13.6591684173541
3948,0.00011584432415273166,0.00011584431007185675,1.4080874910321976e-11,14.080874910321976
3949,0.00011585213703836377,0.00011585212256217107,1.447619270845813e-11,14.476192708458129
3950,0.00011585994987486467,0.0001158599350524854,1.482237927528438e-11,14.82237927528438
3951,0.00011586776280282265,0.00011586774754279971,1.5260022943876598e-11,15.260022943876598
3952,0.00011587557568769608,0.00011587556003311402,1.5654582057990028e-11,15.654582057990028
3953,0.00011588338852275931,0.00011588337252342835,1.5999330959183036e-11,15.999330959183036
3954,0.0001158912014079101,0.00011589118501374267,1.639416743931724e-11,16.39416743931724
3955,0.0001158990142893573,0.00011589899750405698,1.6785300325487818e-11,16.785300325487817
3956,0.00011590682714464448,0.0001159068099943713,1.7150273188617377e-11,17.150273188617376
3957,0.00011591463996101752,0.00011591462248468561,1.7476331908029668e-11,17.476331908029668
3958,0.0001159224528559612,0.00011592243497499993,1.7880961281656523e-11,17.880961281656525
3959,0.00011593026571628884,0.00011593024746531424,1.8250974600685967e-11,18.250974600685968
3960,0.00011593807852486313,0.00011593805995562856,1.8569234572556407e-11,18.569234572556407
3961,0.00011594589138390456,0.00011594587244594287,1.8937961688996104e-11,18.937961688996104
3962,0.00011595370423853437,0.0001159536849362572,1.930227717324343e-11,19.302277173243432
3963,0.00011596151706920073,0.00011596149742657151,1.964262921449867e-11,19.64262921449867
3964,0.00011596932986367175,0.00011596930991688583,1.9946785925166998e-11,19.946785925167
3965,0.0001159771427323361,0.00011597712240720016,2.0325135945751226e-11,20.325135945751228
3966,0.00011598495557261585,0.00011598493489751447,2.067510137727693e-11,20.67510137727693
3967,0.00011599276837542166,0.00011599274738782879,2.0987592878593716e-11,20.987592878593716
3968,0.00011600058116282669,0.0001160005598781431,2.128468358620594e-11,21.28468358620594
3969,0.00011600838143101162,0.00011600837236845742,9.062554203963074e-12,9.062554203963074
3970,0.00011601618511698532,0.00011601618485877173,2.5821359236050603e-13,0.258213592360506
3971,0.00011602399104818064,0.00011602399734908605,-6.300905405362359e-12,-6.300905405362359
3972,0.00011603179896685162,0.00011603180983940036,-1.0872548735102622e-11,-10.872548735102622
3973,0.00011603960778342669,0.00011603962232971468,-1.4546287985737332e-11,-14.546287985737331
3974,0.00011604741724249924,0.000116047434820029,-1.7577529760793598e-11,-17.5775297607936
3975,0.0001160552272078766,0.00011605524731034332,-2.0102466712479382e-11,-20.102466712479384
3976,0.00011606303757573426,0.00011606305980065763,-2.2224923368979558e-11,-22.224923368979557
3977,0.0001160708482767556,0.00011607087229097196,-2.4014216353048292e-11,-24.01421635304829
3978,0.00011607865925156636,0.00011607868478128628,-2.552971990957257e-11,-25.52971990957257
3979,0.00011608647049082272,0.00011608649727160059,-2.678077786905773e-11,-26.78077786905773
3980,0.00011609428197922064,0.0001160943097619149,-2.778269426016443e-11,-27.78269426016443
3981,0.00011610209363113322,0.00011610212225222922,-2.8621095995896318e-11,-28.62109599589632
3982,0.0001161099054432349,0.00011610993474254354,-2.929930863602453e-11,-29.29930863602453
3983,0.000116117717395626,0.00011611774723285785,-2.98372318440633e-11,-29.8372318440633
3984,0.00011612552944269454,0.00011612555972317217,-3.028047762593833e-11,-30.28047762593833
3985,0.00011613334168344912,0.00011613337221348648,-3.053003735754219e-11,-30.530037357542188
3986,0.00011614115400872449,0.0001161411847038008,-3.0695076306303826e-11,-30.695076306303825
3987,0.00011614896641319406,0.00011614899719411512,-3.0780921062628976e-11,-30.780921062628977
3988,0.00011615677888363832,0.00011615680968442944,-3.0800791113871374e-11,-30.800791113871373
3989,0.00011616459145820291,0.00011616462217474375,-3.071654083947119e-11,-30.71654083947119
3990,0.00011617240411211402,0.00011617243466505808,-3.055294405578181e-11,-30.55294405578181
3991,0.00011618021681547275,0.0001161802471553724,-3.033989964348354e-11,-30.33989964348354
3992,0.00011618802953035142,0.00011618805964568671,-3.011533528494702e-11,-30.11533528494702
3993,0.00011619584237213425,0.00011619587213600103,-2.976386676973949e-11,-29.76386676973949
3994,0.00011620365523934142,0.00011620368462631534,-2.938697391687508e-11,-29.386973916875082
3995,0.00011621146810904173,0.00011621149711662966,-2.9007587927562516e-11,-29.007587927562515
3996,0.0001162192810430433,0.00011621930960694397,-2.8563900672115376e-11,-28.563900672115377
3997,0.00011622709403177892,0.00011622712209725829,-2.8065479367344106e-11,-28.065479367344107
3998,0.00011623490702664372,0.0001162349345875726,-2.7560928877956396e-11,-27.560928877956396
3999,0.00011624272000983855,0.00011624274707788693,-2.7068048374835086e-11,-27.068048374835087
4000,0.00011625053310250576,0.00011625055956820124,-2.646569547691441e-11,-26.46569547691441
4001,0.00011625834618250268,0.00011625837205851556,-2.5876012877289525e-11,-25.876012877289526
4002,0.00011626615922967212,0.00011626618454882989,-2.5319157764595682e-11,-25.319157764595683
4003,0.00011627397237027369,0.0001162739970391442,-2.4668870513248365e-11,-24.668870513248365
4004,0.00011628178550644948,0.00011628180952945852,-2.4023009029379242e-11,-24.023009029379242
4005,0.00011628959860416137,0.00011628962201977283,-2.3415611460722736e-11,-23.415611460722737
4006,0.0001162974117755899,0.00011629743451008715,-2.2734497238082937e-11,-22.734497238082938
4007,0.00011630522494946625,0.00011630524700040146,-2.2050935212198317e-11,-22.05093521219832
4008,0.0001163130380913514,0.00011631305949071578,-2.1399364373898994e-11,-21.399364373898994
4009,0.00011632085126459038,0.00011632087198103009,-2.0716439709813997e-11,-20.716439709813997
4010,0.0001163286644693236,0.0001163286844713444,-2.0002020802209463e-11,-20.00202080220946
4011,0.0001163364776422536,0.00011633649696165873,-1.9319405135743625e-11,-19.319405135743626
4012,0.00011634429081497149,0.00011634430945197305,-1.863700155277525e-11,-18.637001552775253
4013,0.00011635210403821004,0.00011635212194228736,-1.790407731986041e-11,-17.90407731986041
4014,0.00011635991723051302,0.00011635993443260168,-1.720208865463815e-11,-17.20208865463815
4015,0.00011636773038792289,0.000116367746922916,-1.653499311187848e-11,-16.534993111878478
4016,0.00011637554361855106,0.00011637555941323032,-1.5794679255111572e-11,-15.794679255111571
4017,0.00011638335681421053,0.00011638337190354464,-1.5089334103251204e-11,-15.089334103251204
4018,0.00011639116996367366,0.00011639118439385895,-1.4430185288077402e-11,-14.430185288077402
4019,0.00011639898320055367,0.00011639899688417327,-1.3683619596323292e-11,-13.683619596323293
4020,0.0001164067963971524,0.00011640680937448758,-1.2977335173015846e-11,-12.977335173015847
4021,0.00011641460954199559,0.0001164146218648019,-1.2322806305929331e-11,-12.322806305929332
4022,0.00011642242276366802,0.00011642243435511621,-1.1591448189500116e-11,-11.591448189500117
4023,0.00011643023595744895,0.00011643024684543052,-1.0887981566981379e-11,-10.887981566981379
4024,0.00011643804909329312,0.00011643805933574485,-1.0242451727004292e-11,-10.242451727004292
4025,0.00011644586229834254,0.00011644587182605917,-9.527716625388679e-12,-9.52771662538868
4026,0.00011645367548317348,0.00011645368431637348,-8.833199996936119e-12,-8.833199996936118
4027,0.00011646148860967322,0.00011646149680668781,-8.19701458377556e-12,-8.19701458377556
4028,0.00011646930179294769,0.00011646930929700213,-7.50405443596182e-12,-7.50405443596182
4029,0.00011647711496731185,0.00011647712178731644,-6.820004586862218e-12,-6.820004586862218
4030,0.00011648492810794341,0.00011648493427763076,-6.1696873437723044e-12,-6.1696873437723045
4031,0.00011649274124652721,0.00011649274676794507,-5.521417860430618e-12,-5.521417860430619
4032,0.000116500554406312,0.00011650055925825939,-4.851947386364646e-12,-4.851947386364646
4033,0.00011650836750766508,0.0001165083717485737,-4.240908619579537e-12,-4.240908619579537
4034,0.00011651618061805553,0.00011651618423888801,-3.6208324855856753e-12,-3.6208324855856753
4035,0.0001165239937723137,0.00011652399672920233,-2.9568886236737305e-12,-2.9568886236737306
4036,0.00011653180688938167,0.00011653180921951666,-2.3301349833672206e-12,-2.3301349833672207
4037,0.00011653961995789878,0.00011653962170983097,-1.7519321873951547e-12,-1.7519321873951548
4038,0.00011654743310651884,0.00011654743420014529,-1.0936264478306777e-12,-1.0936264478306776
4039,0.00011655524621449898,0.00011655524669045962,-4.759606307915227e-13,-0.47596063079152273
4040,0.00011656305926614252,0.00011656305918077393,8.536859124487974e-14,0.08536859124487975
4041,0.00011657087238527469,0.00011657087167108825,7.141864440675848e-13,0.7141864440675848
4042,0.00011657868548072181,0.00011657868416140256,1.3193192499110406e-12,1.3193192499110407
4043,0.00011658649853447215,0.00011658649665171688,1.8827552800564897e-12,1.8827552800564897
4044,0.00011659431160718004,0.00011659430914203119,2.465148856238391e-12,2.465148856238391
4045,0.00011660212468476927,0.0001166021216323455,3.052423768098838e-12,3.052423768098838
4046,0.00011660993772631249,0.00011660993412265982,3.6036526711165827e-12,3.6036526711165826
4047,0.00011661775076192046,0.00011661774661297413,4.14894632618149e-12,4.14894632618149
4048,0.00011662556384040628,0.00011662555910328845,4.737117832581001e-12,4.737117832581001
4049,0.0001166333768701851,0.00011663337159360278,5.276582328875649e-12,5.276582328875649
4050,0.00011664118986259934,0.00011664118408391709,5.778682250302999e-12,5.778682250302999
4051,0.00011664900293156406,0.00011664899657423141,6.357332659141975e-12,6.357332659141975
4052,0.0001166568159597154,0.00011665680906454574,6.895169673108032e-12,6.8951696731080325
4053,0.00011666462893530829,0.00011666462155486005,7.380448238486851e-12,7.380448238486851
4054,0.00011667244197195774,0.00011667243404517437,7.926783378158648e-12,7.926783378158648
4055,0.0001166802549919122,0.00011668024653548868,8.456423525545117e-12,8.456423525545118
4056,0.00011668806796429523,0.000116688059025803,8.938492242629657e-12,8.938492242629657
4057,0.00011669588095328864,0.00011669587151611731,9.437171330019962e-12,9.437171330019963
4058,0.00011670369396406491,0.00011670368400643162,9.957633285888e-12,9.957633285887999
4059,0.00011671150694211471,0.00011671149649674594,1.0445368775362415e-11,10.445368775362414
4060,0.00011671931987530092,0.00011671930898706025,1.0888240670118265e-11,10.888240670118265
4061,0.00011672713288580401,0.00011672712147737458,1.140842943414389e-11,11.40842943414389
4062,0.00011673494585727161,0.0001167349339676889,1.1889582718676619e-11,11.88958271867662
4063,0.00011674275879837732,0.00011674274645800321,1.2340374113991281e-11,12.340374113991281
4064,0.00011675057176008049,0.00011675055894831754,1.281176295178586e-11,12.81176295178586
4065,0.0001167583847296363,0.00011675837143863186,1.3291004449075319e-11,13.291004449075318
4066,0.00011676619765729693,0.00011676618392894617,1.3728350761669205e-11,13.728350761669205
4067,0.00011677401057942132,0.00011677399641926048,1.4160160839814783e-11,14.160160839814782
4068,0.00011678182354452853,0.0001167818089095748,1.463495373361779e-11,14.634953733617788
4069,0.00011678963647853456,0.00011678962139988911,1.5078645447846364e-11,15.078645447846364
4070,0.00011679744936184832,0.00011679743389020343,1.547164489647709e-11,15.471644896477091
4071,0.0001168052623139024,0.00011680524638051774,1.5933384660197202e-11,15.933384660197202
4072,0.0001168130752429463,0.00011681305887083206,1.6372114238580327e-11,16.372114238580327
4073,0.00011682088812683089,0.00011682087136114639,1.676568450610234e-11,16.765684506102343
4074,0.00011682870103125121,0.0001168286838514607,1.7179790511448132e-11,17.179790511448132
4075,0.00011683651395586764,0.00011683649634177502,1.7614092628287168e-11,17.614092628287167
4076,0.00011684432685312147,0.00011684430883208935,1.8021032125035465e-11,18.021032125035465
4077,0.0001168521397045663,0.00011685212132240366,1.838216264342837e-11,18.382162643428373
4078,0.00011685995263036923,0.00011685993381271797,1.8817651256914867e-11,18.817651256914868
4079,0.00011686776552865637,0.00011686774630303229,1.9225624079648706e-11,19.225624079648707
4080,0.00011687557837584216,0.0001168755587933466,1.958249555375249e-11,19.58249555375249
4081,0.00011688339126363642,0.00011688337128366092,1.9979975508518597e-11,19.979975508518596
4082,0.00011689120415561444,0.00011689118377397523,2.0381639209732944e-11,20.381639209732946
4083,0.00011689901702100832,0.00011689899626428955,2.075671877512145e-11,20.756718775121453
4084,0.00011690682984591571,0.00011690680875460386,2.109131184614457e-11,21.09131184614457
4085,0.00011691464274451901,0.00011691462124491818,2.1499600835784433e-11,21.499600835784435
4086,0.00011692245561276319,0.00011692243373523251,2.1877530687369242e-11,21.87753068736924
4087,0.00011693026844284782,0.00011693024622554682,2.2217300999948832e-11,22.217300999948833
4088,0.00011693808129524645,0.00011693805871586114,2.2579385318097928e-11,22.579385318097927
4089,0.00011694589416013119,0.00011694587120617546,2.295395572859371e-11,22.95395572859371
4090,0.00011695370700028906,0.00011695368369648978,2.33037992822427e-11,23.3037992822427
4091,0.00011696151979939655,0.0001169614961868041,2.361259246152892e-11,23.61259246152892
4092,0.00011696933267340201,0.00011696930867711841,2.399628360082799e-11,23.99628360082799
4093,0.00011697714551900703,0.00011697712116743272,2.435157430816429e-11,24.35157430816429
4094,0.00011698495831614194,0.00011698493365774704,2.4658394903570418e-11,24.658394903570418
4095,0.00011699277114973204,0.00011699274614806135,2.5001670685719143e-11,25.001670685719144
4096,0.00011700058397227415,0.00011700055863837567,2.5333898488387822e-11,25.33389848838782
4097,0.00011700838418467705,0.00011700837112868998,1.3055987067000901e-11,13.0559870670009
4098,0.00011701618774664331,0.00011701618361900431,4.127639002329137e-12,4.127639002329137
4099,0.00011702399363105797,0.00011702399610931863,-2.478260649288628e-12,-2.478260649288628
4100,0.00011703180144928964,0.00011703180859963294,-7.150343302770613e-12,-7.1503433027706125
4101,0.00011703961013699066,0.00011703962108994727,-1.0952956610556045e-11,-10.952956610556045
4102,0.00011704741953686988,0.00011704743358026158,-1.4043391704261764e-11,-14.043391704261765
4103,0.00011705522941340418,0.0001170552460705759,-1.66571717191706e-11,-16.6571717191706
4104,0.0001170630397046288,0.00011706305856089021,-1.8856261411525308e-11,-18.85626141152531
4105,0.00011707085035300665,0.00011707087105120453,-2.0698197872736657e-11,-20.698197872736657
4106,0.00011707866130857632,0.00011707868354151884,-2.2232942521270548e-11,-22.232942521270548
4107,0.00011708647250612161,0.00011708649603183316,-2.3525711540817335e-11,-23.525711540817333
4108,0.00011709428390485575,0.00011709430852214747,-2.461729172263913e-11,-24.61729172263913
4109,0.00011710209549202076,0.00011710212101246179,-2.552044102277737e-11,-25.52044102277737
4110,0.00011710990724236564,0.00011710993350277612,-2.626041046917166e-11,-26.26041046917166
4111,0.00011711771911236759,0.00011711774599309043,-2.688072283726638e-11,-26.88072283726638
4112,0.00011712553116481699,0.00011712555848340475,-2.731858775086442e-11,-27.31858775086442
4113,0.00011713334334237419,0.00011713337097371906,-2.7631344868160936e-11,-27.631344868160937
4114,0.00011714115560904783,0.00011714118346403339,-2.7854985554209138e-11,-27.854985554209136
4115,0.00011714896795603614,0.0001171489959543477,-2.799831156553317e-11,-27.998311565533168
4116,0.0001171567803791678,0.00011715680844466202,-2.806549422091387e-11,-28.06549422091387
4117,0.00011716459293681604,0.00011716462093497633,-2.7998160292225053e-11,-27.99816029222505
4118,0.00011717240553929085,0.00011717243342529065,-2.7885999794321862e-11,-27.88599979432186
4119,0.00011718021817400695,0.00011718024591560496,-2.7741598010497236e-11,-27.741598010497235
4120,0.0001171880308900758,0.00011718805840591928,-2.7515843469025867e-11,-27.515843469025867
4121,0.00011719584368516222,0.00011719587089623359,-2.7211071365204435e-11,-27.211071365204436
4122,0.00011720365650714178,0.00011720368338654791,-2.6879406127938004e-11,-26.879406127938005
4123,0.00011721146932859597,0.00011721149587686224,-2.6548266267939306e-11,-26.548266267939304
4124,0.00011721928226189572,0.00011721930836717655,-2.6105280830110942e-11,-26.105280830110942
4125,0.00011722709521197675,0.00011722712085749087,-2.5645514111056848e-11,-25.645514111056848
4126,0.0001172349081530451,0.0001172349333478052,-2.5194760093612082e-11,-25.194760093612082
4127,0.00011724272115354943,0.00011724274583811951,-2.468457007241408e-11,-24.68457007241408
4128,0.00011725053419692585,0.00011725055832843382,-2.4131507973258042e-11,-24.131507973258042
4129,0.0001172583472357944,0.00011725837081874814,-2.3582953729237183e-11,-23.582953729237182
4130,0.00011726616026870153,0.00011726618330906245,-2.3040360916651627e-11,-23.04036091665163
4131,0.000117273973389733,0.00011727399579937677,-2.240964377201569e-11,-22.409643772015688
4132,0.00011728178649471403,0.00011728180828969108,-2.179497704792101e-11,-21.79497704792101
4133,0.00011728959955795756,0.0001172896207800054,-2.1222047838420967e-11,-21.222047838420966
4134,0.00011729741273327548,0.00011729743327031971,-2.0537044230222757e-11,-20.537044230222758
4135,0.0001173052258752239,0.00011730524576063404,-1.9885410142279197e-11,-19.885410142279195
4136,0.00011731303898050747,0.00011731305825094836,-1.9270440885120812e-11,-19.270440885120813
4137,0.00011732085216470604,0.00011732087074126267,-1.857655663113788e-11,-18.57655663113788
4138,0.00011732866534006172,0.000117328683231577,-1.789151527915154e-11,-17.89151527915154
4139,0.00011733647847174508,0.00011733649572189131,-1.7250146227641693e-11,-17.250146227641693
4140,0.000117344291661966,0.00011734430821220563,-1.6550239623613893e-11,-16.550239623613894
4141,0.00011735210485306553,0.00011735212070251994,-1.5849454409250565e-11,-15.849454409250566
4142,0.00011735991800919054,0.00011735993319283426,-1.5183643713827926e-11,-15.183643713827927
4143,0.0001173677311898809,0.00011736774568314857,-1.4493267667024615e-11,-14.493267667024615
4144,0.00011737554439090507,0.00011737555817346289,-1.3782557815052154e-11,-13.782557815052154
4145,0.00011738335755423241,0.0001173833706637772,-1.3109544791702748e-11,-13.109544791702747
4146,0.00011739117072396937,0.00011739118315409152,-1.243012214129246e-11,-12.430122141292461
4147,0.00011739898393279887,0.00011739899564440583,-1.171160695524995e-11,-11.71160695524995
4148,0.00011740679710739915,0.00011740680813472016,-1.1027321007574762e-11,-11.027321007574763
4149,0.00011741461024829413,0.00011741462062503448,-1.0376740344014516e-11,-10.376740344014516
4150,0.00011742242346161103,0.00011742243311534879,-9.653737753600305e-12,-9.653737753600305
4151,0.00011743023663541518,0.00011743024560566312,-8.970247935580373e-12,-8.970247935580373
4152,0.00011743804975925871,0.00011743805809597743,-8.336718722874713e-12,-8.336718722874714
4153,0.00011744586296468684,0.00011744587058629175,-7.621604909440251e-12,-7.621604909440252
4154,0.00011745367613416836,0.00011745368307660606,-6.942437697061802e-12,-6.942437697061802
4155,0.00011746148924798339,0.00011746149556692038,-6.3189369885334e-12,-6.3189369885334
4156,0.00011746930243192513,0.00011746930805723469,-5.625309554940077e-12,-5.625309554940077
4157,0.00011747711559346376,0.00011747712054754901,-4.954085248334838e-12,-4.954085248334838
4158,0.00011748492869684655,0.00011748493303786332,-4.341016773767673e-12,-4.341016773767673
4159,0.00011749274185922182,0.00011749274552817764,-3.668955815450981e-12,-3.668955815450981
4160,0.0001175005550014007,0.00011750055801849197,-3.017091266783132e-12,-3.0170912667831318
4161,0.00011750836808468713,0.00011750837050880628,-2.4241191435568167e-12,-2.424119143556817
4162,0.0001175161812108387,0.0001175161829991206,-1.7882818948188973e-12,-1.7882818948188972
4163,0.0001175239943477908,0.00011752399548943492,-1.1416441221942748e-12,-1.1416441221942748
4164,0.00011753180744915453,0.00011753180797974924,-5.305947031228212e-13,-0.5305947031228212
4165,0.00011753962053225392,0.00011753962047006355,6.219036812368591e-14,0.06219036812368591
4166,0.00011754743366492184,0.00011754743296037787,7.045439700738406e-13,0.7045439700738406
4167,0.00011755524675982119,0.00011755524545069218,1.3091290098747023e-12,1.3091290098747024
4168,0.0001175630598046114,0.0001175630579410065,1.863604908663661e-12,1.863604908663661
4169,0.00011757087292742594,0.00011757087043132081,2.4961051321924687e-12,2.4961051321924685
4170,0.00011757868601361114,0.00011757868292163513,3.0919760190047226e-12,3.0919760190047225
4171,0.00011758649905576715,0.00011758649541194944,3.643817713090356e-12,3.643817713090356
4172,0.00011759431213730592,0.00011759430790226377,4.235042156624733e-12,4.235042156624734
4173,0.00011760212521002313,0.00011760212039257809,4.817445043392791e-12,4.817445043392791
4174,0.00011760993823389745,0.0001176099328828924,5.351005055971245e-12,5.351005055971245
4175,0.00011761775128856736,0.00011761774537320673,5.915360638636761e-12,5.915360638636761
4176,0.0001176255643486068,0.00011762555786352104,6.485085759666565e-12,6.485085759666565
4177,0.00011763337737565922,0.00011763337035383536,7.021823866968172e-12,7.021823866968172
4178,0.00011764119037772821,0.00011764118284414967,7.53357854097887e-12,7.53357854097887
4179,0.0001176490034359893,0.00011764899533446399,8.101525312947782e-12,8.101525312947782
4180,0.00011765681645773379,0.0001176568078247783,8.632955491673552e-12,8.632955491673552
4181,0.00011766462942721702,0.00011766462031509262,9.112124401627562e-12,9.112124401627561
4182,0.00011767244246748666,0.00011767243280540693,9.66207973301087e-12,9.66207973301087
4183,0.00011768025548212132,0.00011768024529572125,1.0186400079807712e-11,10.186400079807711
4184,0.00011768806844241442,0.00011768805778603556,1.0656378858466866e-11,10.656378858466866
4185,0.00011769588144703483,0.00011769587027634989,1.1170684944792492e-11,11.170684944792493
4186,0.00011770369444795004,0.0001177036827666642,1.1681285837956285e-11,11.681285837956285
4187,0.00011771150742488345,0.00011771149525697852,1.216790493800622e-11,12.16790493800622
4188,0.0001177193203502496,0.00011771930774729285,1.2602956753542475e-11,12.602956753542475
4189,0.00011772713336899261,0.00011772712023760716,1.313138545407899e-11,13.13138545407899
4190,0.00011773494633284239,0.00011773493272792148,1.3604920917307401e-11,13.604920917307401
4191,0.00011774275925253045,0.00011774274521823579,1.4034294657646133e-11,14.034294657646132
4192,0.00011775057222874542,0.00011775055770855011,1.452019531112647e-11,14.52019531112647
4193,0.00011775838518720152,0.00011775837019886442,1.4988337098939727e-11,14.988337098939727
4194,0.00011776619810278119,0.00011776618268917874,1.5413602458433732e-11,15.413602458433731
4195,0.00011777401104069974,0.00011777399517949305,1.5861206692384574e-11,15.861206692384574
4196,0.00011778182400107,0.00011778180766980737,1.6331262639133354e-11,16.331262639133353
4197,0.00011778963692555992,0.0001177896201601217,1.676543822957886e-11,16.765438229578862
4198,0.00011779744980493692,0.00011779743265043601,1.715450091301624e-11,17.15450091301624
4199,0.00011780526276122572,0.00011780524514075032,1.7620475394239226e-11,17.620475394239225
4200,0.00011781307568598579,0.00011781305763106465,1.8054921140761062e-11,18.054921140761063
4201,0.00011782088855662314,0.00011782087012137897,1.8435244178906252e-11,18.435244178906252
4202,0.00011782870148061615,0.00011782868261169328,1.8868922865943582e-11,18.86892286594358
4203,0.00011783651439760962,0.0001178364951020076,1.9295602025070508e-11,19.295602025070508
4204,0.00011784432728654554,0.00011784430759232191,1.9694223631171714e-11,19.694223631171713
4205,0.00011785214014491951,0.00011785212008263623,2.0062283285648975e-11,20.062283285648974
4206,0.00011785995306767594,0.00011785993257295054,2.0494725399451003e-11,20.494725399451003
4207,0.00011786776595507708,0.00011786774506326486,2.0891812222509366e-11,20.891812222509365
4208,0.00011787557879473154,0.00011787555755357917,2.1241152367537144e-11,21.241152367537143
4209,0.00011788339169381642,0.0001178833700438935,2.1649922919124443e-11,21.649922919124442
4210,0.00011789120458168802,0.00011789118253420781,2.20474802046105e-11,22.0474802046105
4211,0.00011789901743357568,0.00011789899502452213,2.2409053551828232e-11,22.409053551828233
4212,0.0001179068302689776,0.00011790680751483646,2.2754141144227397e-11,22.754141144227397
4213,0.00011791464316404093,0.00011791462000515077,2.3158890159563986e-11,23.158890159563985
4214,0.00011792245602795682,0.00011792243249546509,2.353249174055096e-11,23.532491740550963
4215,0.00011793026884078564,0.0001179302449857794,2.385500624371898e-11,23.85500624371898
4216,0.00011793808171402289,0.00011793805747609372,2.4237929171568735e-11,24.237929171568734
4217,0.00011794589457417828,0.00011794586996640803,2.4607770251530552e-11,24.607770251530553
4218,0.00011795370740490286,0.00011795368245672235,2.4948180514442452e-11,24.948180514442452
4219,0.0001179615202127859,0.00011796149494703666,2.5265749239665297e-11,25.265749239665297
4220,0.00011796933308501756,0.00011796930743735098,2.56476665835526e-11,25.6476665835526
4221,0.00011797714592549181,0.00011797711992766529,2.5997826520948048e-11,25.99782652094805
4222,0.0001179849587141733,0.00011798493241797962,2.6296193686882995e-11,26.296193686882994
4223,0.00011799277156174266,0.00011799274490829393,2.6653448724610352e-11,26.653448724610353
4224,0.00011800058437978178,0.00011800055739860825,2.69811735375011e-11,26.9811735375011
4225,0.00011800838451142009,0.00011800836988892258,1.4622497511040956e-11,14.622497511040956
4226,0.00011801618794266554,0.00011801618237923689,5.563428654105548e-12,5.5634286541055475
4227,0.00011802399371739359,0.00011802399486955121,-1.1521576171083396e-12,-1.1521576171083396
4228,0.00011803180141693639,0.00011803180735986552,-5.942929129244811e-12,-5.942929129244811
4229,0.0001180396099824369,0.00011803961985017984,-9.86774293165372e-12,-9.867742931653721
4230,0.00011804741927040757,0.00011804743234049415,-1.3070086581782799e-11,-13.0700865817828
4231,0.00011805522905831518,0.00011805524483080847,-1.577249328026611e-11,-15.77249328026611
4232,0.00011806303925324745,0.00011806305732112278,-1.8067875331473e-11,-18.067875331473
4233,0.00011807084978440277,0.0001180708698114371,-2.002703432211066e-11,-20.02703432211066
4234,0.00011807866063584874,0.00011807868230175142,-2.166590268441892e-11,-21.66590268441892
4235,0.00011808647174984669,0.00011808649479206574,-2.3042219049439887e-11,-23.042219049439886
4236,0.0001180942830713646,0.00011809430728238005,-2.421101544591227e-11,-24.21101544591227
4237,0.00011810209457580063,0.00011810211977269438,-2.5196893749277425e-11,-25.196893749277425
4238,0.00011810990624912594,0.0001181099322630087,-2.601388274960074e-11,-26.01388274960074
4239,0.00011811771806036348,0.00011811774475332301,-2.6692959525965477e-11,-26.692959525965477
4240,0.00011812552998332399,0.00011812555724363733,-2.726031333421373e-11,-27.26031333421373
4241,0.00011813334211562205,0.00011813336973395164,-2.7618329590286388e-11,-27.61832959028639
4242,0.00011814115431835456,0.00011814118222426596,-2.790591139761252e-11,-27.90591139761252
4243,0.00011814896661257956,0.00011814899471458027,-2.8102000703971753e-11,-28.102000703971754
4244,0.00011815677896993743,0.00011815680720489459,-2.8234957148220117e-11,-28.23495714822012
4245,0.00011816459144307404,0.0001181646196952089,-2.825213485441769e-11,-28.25213485441769
4246,0.00011817240400275744,0.00011817243218552323,-2.8182765783383428e-11,-28.182765783383427
4247,0.00011818021660451355,0.00011818024467583754,-2.807132398954785e-11,-28.07132398954785
4248,0.00011818802922689627,0.00011818805716615186,-2.7939255588193915e-11,-27.939255588193916
4249,0.00011819584198249596,0.00011819586965646617,-2.7673970208809568e-11,-27.673970208809568
4250,0.00011820365475352033,0.0001182036821467805,-2.739326016972034e-11,-27.39326016972034
4251,0.00011821146755379033,0.00011821149463709482,-2.7083304481759727e-11,-27.083304481759725
4252,0.00011821928038320563,0.00011821930712740913,-2.674420350139132e-11,-26.744203501391322
4253,0.00011822709330806426,0.00011822711961772345,-2.630965918733948e-11,-26.309659187339477
4254,0.00011823490623804066,0.00011823493210803776,-2.5869997100220326e-11,-25.869997100220324
4255,0.00011824271915170098,0.00011824274459835208,-2.5446651090279745e-11,-25.446651090279744
4256,0.00011825053216259282,0.00011825055708866639,-2.4926073572012648e-11,-24.926073572012648
4257,0.00011825834518179869,0.0001182583695789807,-2.439718201201617e-11,-24.39718201201617
4258,0.00011826615818165614,0.00011826618206929502,-2.3887638880044382e-11,-23.88763888004438
4259,0.00011827397123461819,0.00011827399455960935,-2.332499115974602e-11,-23.32499115974602
4260,0.00011828178431876917,0.00011828180704992366,-2.2731154493707365e-11,-22.731154493707365
4261,0.00011828959738660616,0.00011828961954023798,-2.21536318177581e-11,-22.1536318177581
4262,0.0001182974104576458,0.0001182974320305523,-2.1572906503459e-11,-21.572906503459002
4263,0.00011830522359767899,0.00011830524452086662,-2.0923187631548083e-11,-20.923187631548082
4264,0.00011831303671497145,0.00011831305701118094,-2.0296209480076705e-11,-20.296209480076705
4265,0.00011832084979673909,0.00011832086950149525,-1.9704756161463716e-11,-19.704756161463717
4266,0.00011832866297188874,0.00011832868199180957,-1.9019920821442676e-11,-19.019920821442675
4267,0.0001183364761131379,0.00011833649448212388,-1.8368985976137733e-11,-18.368985976137733
4268,0.00011834428923127164,0.0001183443069724382,-1.7741166551543142e-11,-17.74116655154314
4269,0.00011835210240772711,0.00011835211946275251,-1.705502539842556e-11,-17.05502539842556
4270,0.00011835991556249837,0.00011835993195306683,-1.6390568451388014e-11,-16.390568451388013
4271,0.00011836772869030714,0.00011836774444338115,-1.5753074013181977e-11,-15.753074013181978
4272,0.00011837554186436915,0.00011837555693369547,-1.506932631767532e-11,-15.06932631767532
4273,0.00011838335503757088,0.00011838336942400978,-1.4386438895934948e-11,-14.386438895934948
4274,0.00011839116817168353,0.00011839118191432411,-1.3742640581037429e-11,-13.74264058103743
4275,0.00011839898133787836,0.00011839899440463843,-1.3066760059782233e-11,-13.066760059782233
4276,0.0001184067945138936,0.00011840680689495274,-1.2381059133404262e-11,-12.381059133404262
4277,0.00011841460765769571,0.00011841461938526706,-1.1727571344348821e-11,-11.72757134434882
4278,0.00011842242079991316,0.00011842243187558137,-1.1075668211636159e-11,-11.07566821163616
4279,0.00011843023397977245,0.00011843024436589569,-1.0386123232903113e-11,-10.386123232903113
4280,0.00011843804712594722,0.00011843805685621,-9.730262775813405e-12,-9.730262775813404
4281,0.00011844586023592275,0.00011844586934652432,-9.110601565990953e-12,-9.110601565990953
4282,0.00011845367343220045,0.00011845368183683863,-8.40463817494678e-12,-8.404638174946781
4283,0.00011846148656497837,0.00011846149432715294,-7.7621745671337e-12,-7.7621745671337
4284,0.00011846929965314168,0.00011846930681746727,-7.1643255941153276e-12,-7.164325594115327
4285,0.00011847711283343548,0.00011847711930778159,-6.4743461078091306e-12,-6.47434610780913
4286,0.0001184849259723751,0.0001184849317980959,-5.825720802866962e-12,-5.825720802866962
4287,0.00011849273905480034,0.00011849274428841023,-5.233609888531306e-12,-5.233609888531307
4288,0.00011850055219694798,0.00011850055677872455,-4.581776564886025e-12,-4.581776564886025
4289,0.00011850836530801908,0.00011850836926903886,-3.9610197823208036e-12,-3.9610197823208035
4290,0.00011851617838420155,0.00011851618175935318,-3.3751516227791565e-12,-3.3751516227791565
4291,0.00011852399150274078,0.00011852399424966749,-2.7469267065720566e-12,-2.7469267065720566
4292,0.00011853180461794327,0.0001185318067399818,-2.122038530970998e-12,-2.122038530970998
4293,0.0001185396176985345,0.00011853961923029612,-1.5317616123727374e-12,-1.5317616123727373
4294,0.00011854743076409916,0.00011854743172061043,-9.565112750992026e-13,-0.9565112750992025
4295,0.00011855524389262615,0.00011855524421092475,-3.182985936114761e-13,-0.3182985936114761
4296,0.00011856305696450952,0.00011856305670123908,2.6327044681825e-13,0.26327044681824996
4297,0.00011857086999296445,0.00011857086919155339,8.014110644976571e-13,0.8014110644976571
4298,0.00011857868310278101,0.00011857868168186771,1.420913303176568e-12,1.420913303176568
4299,0.00011858649617083106,0.00011858649417218204,1.998649024852727e-12,1.998649024852727
4300,0.0001185943091837405,0.00011859430666249635,2.5212441484951297e-12,2.52124414849513
4301,0.00011860212226304012,0.00011860211915281067,3.1102294570453084e-12,3.110229457045308
4302,0.00011860993532071194,0.00011860993164312498,3.677586965133475e-12,3.6775869651334747
4303,0.00011861774832643304,0.0001186177441334393,4.192993747057135e-12,4.192993747057136
4304,0.00011862556137006383,0.00011862555662375361,4.746310227147892e-12,4.746310227147893
4305,0.00011863337441376212,0.00011863336911406792,5.2996941988238865e-12,5.299694198823887
4306,0.00011864118742556348,0.00011864118160438224,5.8211812407409546e-12,5.821181240740954
4307,0.00011864900041539772,0.00011864899409469655,6.320701167573604e-12,6.320701167573604
4308,0.0001186568134585433,0.00011865680658501088,6.873532426534592e-12,6.873532426534592
4309,0.00011866462646473019,0.0001186646190753252,7.38940499526408e-12,7.38940499526408
4310,0.00011867243942216351,0.00011867243156563951,7.856524000957923e-12,7.856524000957923
4311,0.00011868025245132388,0.00011868024405595384,8.39537004122833e-12,8.39537004122833
4312,0.0001186880654500621,0.00011868805654626816,8.903793951297463e-12,8.903793951297462
4313,0.00011869587839778595,0.00011869586903658247,9.361203479303302e-12,9.361203479303303
4314,0.00011870369138909618,0.00011870368152689679,9.862199398315991e-12,9.862199398315992
4315,0.00011871150437705357,0.0001187114940172111,1.0359842476320378e-11,10.359842476320377
4316,0.0001187193173360396,0.00011871930650752541,1.0828514181497965e-11,10.828514181497965
4317,0.00011872713026779349,0.00011872711899783973,1.1269953763868799e-11,11.269953763868799
4318,0.00011873494326007342,0.00011873493148815404,1.1771919379752032e-11,11.771919379752033
4319,0.00011874275621836525,0.00011874274397846836,1.223989689738363e-11,12.23989689738363
4320,0.0001187505691222302,0.00011875055646878267,1.2653447533719093e-11,12.653447533719094
4321,0.00011875838209229265,0.000118758368959097,1.3133195651578699e-11,13.1331956515787
4322,0.00011876619504187026,0.00011876618144941132,1.3592458948459054e-11,13.592458948459054
4323,0.0001187740079498933,0.00011877399393972563,1.4010167676308851e-11,14.010167676308852
4324,0.00011878182087048572,0.00011878180643003996,1.444044576323218e-11,14.44044576323218
4325,0.00011878963381805661,0.00011878961892035428,1.4897702337416536e-11,14.897702337416536
4326,0.00011879744673602905,0.00011879743141066859,1.532536046334258e-11,15.32536046334258
4327,0.00011880525960736432,0.0001188052439009829,1.5706381415978727e-11,15.706381415978727
4328,0.00011881307255052291,0.00011881305639129722,1.6159225693896882e-11,16.159225693896882
4329,0.00011882088546816834,0.00011882086888161153,1.6586556810895178e-11,16.58655681089518
4330,0.00011882869833519784,0.00011882868137192585,1.696327199012857e-11,16.96327199012857
4331,0.0001188365112401155,0.00011883649386224016,1.7377875332563406e-11,17.377875332563406
4332,0.00011884432415108786,0.00011884430635255448,1.779853338847796e-11,17.79853338847796
4333,0.00011885213703599419,0.00011885211884286881,1.8193125381022272e-11,18.19312538102227
4334,0.00011885994987469058,0.00011885993133318312,1.8541507457247806e-11,18.541507457247807
4335,0.0001188677627939365,0.00011886774382349744,1.8970439059940598e-11,18.9704390599406
4336,0.0001188755756792017,0.00011887555631381177,1.9365389936956528e-11,19.36538993695653
4337,0.00011888338851250839,0.00011888336880412608,1.9708382308657365e-11,19.708382308657367
4338,0.00011889120139530776,0.0001188911812944404,2.0100867371119884e-11,20.100867371119886
4339,0.00011889901427567079,0.00011889899378475471,2.049091608222303e-11,20.49091608222303
4340,0.00011890682712997812,0.00011890680627506902,2.0854909097639205e-11,20.854909097639204
4341,0.00011891463994284541,0.00011891461876538334,2.1177462076431818e-11,21.17746207643182
4342,0.00011892245283601402,0.00011892243125569765,2.1580316367156826e-11,21.580316367156826
4343,0.00011893026569484417,0.00011893024374601197,2.194883219969816e-11,21.94883219969816
4344,0.00011893807850050424,0.00011893805623632628,2.2264177958101703e-11,22.264177958101705
4345,0.00011894589135731957,0.00011894586872664061,2.26306789635358e-11,22.6306789635358
4346,0.00011895370421303666,0.00011895368121695493,2.2996081739931803e-11,22.996081739931803
4347,0.00011896151704367029,0.00011896149370726924,2.3336401051833958e-11,23.33640105183396
4348,0.00011896932983397958,0.00011896930619758357,2.363639601180562e-11,23.636396011805623
4349,0.00011897714270794771,0.00011897711868789788,2.4020049827444904e-11,24.020049827444904
4350,0.00011898495553772499,0.0001189849311782122,2.435951279581365e-11,24.35951279581365
4351,0.00011899276832691023,0.00011899274366852651,2.4658383722735514e-11,24.658383722735515
4352,0.00011900058113173688,0.00011900055615884083,2.4972896054929068e-11,24.972896054929066
4353,0.000119008381360397,0.00011900836864915514,1.2711241865647806e-11,12.711241865647807
4354,0.00011901618499343225,0.00011901618113946946,3.853962792596544e-12,3.8539627925965445
4355,0.00011902399087080009,0.00011902399362978377,-2.758983685251399e-12,-2.758983685251399
4356,0.0001190317987448322,0.00011903180612009809,-7.375265881704925e-12,-7.375265881704926
4357,0.00011903960750752281,0.0001190396186104124,-1.1102889587288877e-11,-11.102889587288876
4358,0.00011904741691506446,0.00011904743110072673,-1.4185662271875935e-11,-14.185662271875936
4359,0.00011905522683342598,0.00011905524359104105,-1.6757615068012886e-11,-16.757615068012885
4360,0.00011906303715245381,0.00011906305608135536,-1.8928901547619013e-11,-18.928901547619013
4361,0.00011907084780633011,0.00011907086857166969,-2.0765339572380292e-11,-20.76533957238029
4362,0.00011907865873877842,0.000119078681061984,-2.232320557763143e-11,-22.32320557763143
4363,0.00011908646992075018,0.00011908649355229832,-2.3631548131393907e-11,-23.631548131393906
4364,0.00011909428137434259,0.00011909430604261263,-2.466827004142766e-11,-24.66827004142766
4365,0.00011910209299781127,0.00011910211853292695,-2.5535115672076907e-11,-25.535115672076905
4366,0.0001191099047740779,0.00011910993102324126,-2.624916336241011e-11,-26.24916336241011
4367,0.00011911771669393297,0.00011911774351355558,-2.681962261028343e-11,-26.81962261028343
4368,0.00011912552872024952,0.0001191255560038699,-2.7283620374105542e-11,-27.283620374105542
4369,0.00011913334089302821,0.00011913336849418421,-2.7601155990504544e-11,-27.601155990504544
4370,0.00011914115319926225,0.00011914118098449854,-2.778523628057804e-11,-27.78523628057804
4371,0.00011914896557749585,0.00011914899347481285,-2.7897316994753863e-11,-27.89731699475386
4372,0.00011915677802470694,0.00011915680596512717,-2.7940420224615072e-11,-27.94042022461507
4373,0.00011916459053627915,0.0001191646184554415,-2.7919162340381785e-11,-27.919162340381785
4374,0.00011917240318421551,0.00011917243094575581,-2.7761540296709376e-11,-27.761540296709377
4375,0.00011918021586654975,0.00011918024343607012,-2.7569520367021714e-11,-27.569520367021713
4376,0.00011918802855904117,0.00011918805592638444,-2.7367343265463975e-11,-27.367343265463976
4377,0.00011919584135835164,0.00011919586841669875,-2.705834710997854e-11,-27.058347109978538
4378,0.00011920365420662258,0.00011920368090701307,-2.6700390485025367e-11,-26.700390485025366
4379,0.00011921146707499779,0.00011921149339732738,-2.6322329594055486e-11,-26.322329594055486
4380,0.00011921927994586466,0.0001192193058876417,-2.594177703031038e-11,-25.94177703031038
4381,0.00011922709293306711,0.00011922711837795601,-2.5444888895831223e-11,-25.444888895831223
4382,0.00011923490591990057,0.00011923493086827034,-2.494836976956147e-11,-24.94836976956147
4383,0.00011924271888350181,0.00011924274335858466,-2.4475082846128574e-11,-24.475082846128576
4384,0.00011925053193994505,0.00011925055584889897,-2.3908953915284687e-11,-23.908953915284687
4385,0.00011925834500756099,0.00011925836833921329,-2.3331652294605864e-11,-23.331652294605863
4386,0.00011926615805587461,0.00011926618082952761,-2.2773652996254343e-11,-22.773652996254345
4387,0.00011927397114781491,0.00011927399331984193,-2.2172027015232738e-11,-22.172027015232736
4388,0.00011928178427558993,0.00011928180581015624,-2.1534566309266793e-11,-21.534566309266793
4389,0.00011928959738694654,0.00011928961830047056,-2.0913524015611975e-11,-20.913524015611976
4390,0.00011929741049512732,0.00011929743079078487,-2.0295657553408274e-11,-20.295657553408276
4391,0.0001193052236707683,0.00011930524328109919,-1.9610330880067717e-11,-19.610330880067718
4392,0.00011931303682105363,0.0001193130557714135,-1.895035987372894e-11,-18.95035987372894
4393,0.00011932084993640763,0.00011932086826172782,-1.8325320180874275e-11,-18.325320180874275
4394,0.00011932866314518542,0.00011932868075204213,-1.7606856711275392e-11,-17.60685671127539
4395,0.0001193364763234111,0.00011933649324235646,-1.6918945354165738e-11,-16.91894535416574
4396,0.0001193442894553378,0.00011934430573267078,-1.6277332967030803e-11,-16.2773329670308
4397,0.00011935210266981658,0.00011935211822298509,-1.5553168504910975e-11,-15.553168504910975
4398,0.00011935991586256011,0.00011935993071329942,-1.485073930124098e-11,-14.85073930124098
4399,0.00011936772900345664,0.00011936774320361373,-1.4200157092692638e-11,-14.200157092692638
4400,0.00011937554221600253,0.00011937555569392805,-1.3477925519100863e-11,-13.477925519100863
4401,0.00011938335541355645,0.00011938336818424236,-1.2770685913679457e-11,-12.770685913679458
4402,0.0001193911685582329,0.00011939118067455668,-1.2116323769782016e-11,-12.116323769782015
4403,0.00011939898176219476,0.00011939899316487099,-1.1402676231365624e-11,-11.402676231365623
4404,0.00011940679495863865,0.00011940680565518531,-1.0696546659233463e-11,-10.696546659233462
4405,0.00011941460811234887,0.00011941461814549962,-1.0033150753099492e-11,-10.033150753099493
4406,0.00011942242129315039,0.00011942243063581394,-9.342663548468447e-12,-9.342663548468447
4407,0.00011943023448427423,0.00011943024312612827,-8.641854034423928e-12,-8.641854034423929
4408,0.0001194380476413098,0.00011943805561644258,-7.975132771806728e-12,-7.975132771806727
4409,0.00011944586079488427,0.0001194458681067569,-7.31187262133728e-12,-7.3118726213372796
4410,0.00011945367398362512,0.00011945368059707122,-6.613446102352721e-12,-6.613446102352721
4411,0.00011946148713648668,0.00011946149308738554,-5.950898855469263e-12,-5.950898855469263
4412,0.00011946930025613754,0.00011946930557769985,-5.321562306774714e-12,-5.321562306774713
4413,0.00011947711344253589,0.00011947711806801417,-4.625478274346446e-12,-4.625478274346445
4414,0.00011948492659020295,0.00011948493055832848,-3.968125534939056e-12,-3.9681255349390563
4415,0.00011949273968500181,0.0001194927430486428,-3.363640987127057e-12,-3.3636409871270567
4416,0.00011950055284463848,0.00011950055553895711,-2.694318628630373e-12,-2.694318628630373
4417,0.00011950836596906563,0.00011950836802927143,-2.0602057898952648e-12,-2.0602057898952646
4418,0.00011951617905054465,0.00011951618051958574,-1.4690410859005915e-12,-1.4690410859005916
4419,0.00011952399219794643,0.00011952399300990006,-8.11953623659755e-13,-0.811953623659755
4420,0.00011953180532297965,0.00011953180550021439,-1.7723472946275446e-13,-0.17723472946275445
4421,0.00011953961839482608,0.0001195396179905287,4.042973803304713e-13,0.4042973803304713
4422,0.00011954743150974905,0.00011954743048084302,1.028906035058936e-12,1.0289060350589359
4423,0.00011955524461930637,0.00011955524297115734,1.6481490274458784e-12,1.6481490274458783
4424,0.00011956305769334791,0.00011956305546147166,2.2318762536151e-12,2.2318762536151
4425,0.00011957087076249512,0.00011957086795178597,2.810709147232233e-12,2.8107091472322328
4426,0.00011957868386567702,0.00011957868044210029,3.423576732689363e-12,3.423576732689363
4427,0.00011958649693402852,0.0001195864929324146,4.001613916779582e-12,4.001613916779582
4428,0.0001195943099550403,0.00011959430542272892,4.532311391677186e-12,4.532311391677186
4429,0.00011960212305548518,0.00011960211791304323,5.142441949407458e-12,5.142441949407458
4430,0.00011960993611627266,0.00011960993040335755,5.712915115726169e-12,5.712915115726169
4431,0.00011961774911976095,0.00011961774289367186,6.226089091695813e-12,6.226089091695813
4432,0.00011962556218961754,0.00011962555538398619,6.805631351689349e-12,6.805631351689349
4433,0.0001196333752375794,0.0001196333678743005,7.363278894198534e-12,7.363278894198533
4434,0.00011964118823314477,0.00011964118036461482,7.868529954372523e-12,7.868529954372523
4435,0.00011964900126523673,0.00011964899285492915,8.410307582449641e-12,8.41030758244964
4436,0.00011965681430163923,0.00011965680534524346,8.9563957679716e-12,8.9563957679716
4437,0.00011966462730462355,0.00011966461783555778,9.469065779666418e-12,9.469065779666419
4438,0.00011967244027867363,0.00011967243032587209,9.952801538906318e-12,9.952801538906318
4439,0.00011968025331529767,0.00011968024281618641,1.0499111267589697e-11,10.499111267589697
4440,0.00011968806631530852,0.00011968805530650072,1.1008807800616365e-11,11.008807800616365
4441,0.00011969587926065709,0.00011969586779681504,1.1463842058502723e-11,11.463842058502724
4442,0.00011970369227272627,0.00011970368028712935,1.198559692546145e-11,11.985596925461449
4443,0.00011971150526379999,0.00011971149277744367,1.2486356325770211e-11,12.486356325770211
4444,0.00011971931820681076,0.000119719305267758,1.2939052772722148e-11,12.939052772722148
4445,0.00011972713117865817,0.00011972711775807231,1.3420585866828425e-11,13.420585866828425
4446,0.00011973494416047803,0.00011973493024838662,1.3912091411859643e-11,13.912091411859643
4447,0.00011974275711205762,0.00011974274273870095,1.4373356674498965e-11,14.373356674498966
4448,0.00011975057002192846,0.00011975055522901527,1.4792913194558802e-11,14.792913194558801
4449,0.00011975838300988978,0.00011975836771932958,1.5290560202796064e-11,15.290560202796064
4450,0.00011976619595913053,0.0001197661802096439,1.5749486638061428e-11,15.749486638061429
4451,0.00011977400885366164,0.00011977399269995821,1.615370343210407e-11,16.15370343210407
4452,0.00011978182181044122,0.00011978180519027253,1.662016869099296e-11,16.62016869099296
4453,0.00011978963475006139,0.00011978961768058684,1.7069474553148464e-11,17.069474553148464
4454,0.00011979744765641041,0.00011979743017090116,1.7485509259291416e-11,17.485509259291415
4455,0.00011980526055463093,0.00011980524266121547,1.7893415457801756e-11,17.893415457801755
4456,0.00011981307349743703,0.00011981305515152979,1.8345907248041108e-11,18.345907248041108
4457,0.0001198208864092549,0.00011982086764184411,1.876741079191482e-11,18.76741079191482
4458,0.00011982869927431736,0.00011982868013215843,1.9142158930251727e-11,19.14215893025173
4459,0.00011983651219835713,0.00011983649262247274,1.9575884387060272e-11,19.575884387060274
4460,0.00011984432510608504,0.00011984430511278707,1.9993297967973665e-11,19.993297967973664
4461,0.00011985213797293763,0.00011985211760310139,2.0369836246070088e-11,20.36983624607009
4462,0.00011985995085267881,0.0001198599300934157,2.0759263113017205e-11,20.759263113017205
4463,0.00011986776375948051,0.00011986774258373002,2.1175750500672224e-11,21.175750500672223
4464,0.00011987557663830706,0.00011987555507404433,2.1564262734666632e-11,21.56426273466663
4465,0.00011988338947074491,0.00011988336756435865,2.190638626740402e-11,21.90638626740402
4466,0.00011989120237252833,0.00011989118005467296,2.2317855371093582e-11,22.317855371093582
4467,0.00011989901525098666,0.00011989899254498728,2.270599938292516e-11,22.70599938292516
4468,0.00011990682808544355,0.00011990680503530159,2.3050141957605732e-11,23.05014195760573
4469,0.00011991464094203627,0.00011991461752561592,2.3416420349228762e-11,23.416420349228762
4470,0.00011992245381960815,0.00011992243001593023,2.3803677917364115e-11,23.803677917364116
4471,0.00011993026666786104,0.00011993024250624455,2.4161616490351116e-11,24.161616490351115
4472,0.0001199380794734245,0.00011993805499655888,2.4476865619236036e-11,24.476865619236037
4473,0.0001199458923503159,0.00011994586748687319,2.4863442714982883e-11,24.863442714982884
4474,0.00011995370520189899,0.00011995367997718751,2.5224711482705308e-11,25.22471148270531
4475,0.00011996151801445567,0.00011996149246750182,2.554695385112803e-11,25.54695385112803
4476,0.00011996933084251754,0.00011996930495781614,2.5884701408371997e-11,25.884701408371996
4477,0.00011997714369792122,0.00011997711744813045,2.624979076902499e-11,26.24979076902499
4478,0.00011998495652676624,0.00011998492993844477,2.6588321472603196e-11,26.588321472603194
4479,0.00011999276930586769,0.00011999274242875908,2.6877108614589534e-11,26.877108614589535
4480,0.00012000058213410434,0.0001200005549190734,2.7215030945223704e-11,27.215030945223702
4481,0.00012000838224125893,0.00012000836740938772,1.4831871207806475e-11,14.831871207806476
4482,0.00012001618565112372,0.00012001617989970204,5.751421680741745e-12,5.751421680741745
4483,0.00012002399133062697,0.00012002399239001635,-1.0593893761026589e-12,-1.059389376102659
4484,0.0001200317990059569,0.00012003180488033068,-5.874373779046054e-12,-5.874373779046054
4485,0.00012003960758832878,0.000120039617370645,-9.782316216581226e-12,-9.782316216581226
4486,0.0001200474168199937,0.00012004742986095931,-1.3040965602608723e-11,-13.040965602608724
4487,0.00012005522656691448,0.00012005524235127363,-1.5784359141207497e-11,-15.784359141207498
4488,0.00012006303672718551,0.00012006305484158794,-1.8114402431137338e-11,-18.11440243113734
4489,0.00012007084723222164,0.00012007086733190226,-2.0099680611051692e-11,-20.099680611051692
4490,0.00012007865802414908,0.00012007867982221657,-2.1798067484898517e-11,-21.798067484898517
4491,0.00012008646905856845,0.00012008649231253089,-2.32539624326837e-11,-23.2539624326837
4492,0.00012009428032217122,0.0001200943048028452,-2.4480673981864392e-11,-24.480673981864392
4493,0.00012010209182764489,0.00012010211729315952,-2.5465514622435315e-11,-25.465514622435315
4494,0.00012010990348139315,0.00012010992978347384,-2.6302080695468968e-11,-26.302080695468966
4495,0.00012011771528031282,0.00012011774227378816,-2.69934753366608e-11,-26.9934753366608
4496,0.0001201255272097919,0.00012012555476410247,-2.7554310569082365e-11,-27.554310569082364
4497,0.00012013333922920687,0.0001201333672544168,-2.802520993025365e-11,-28.02520993025365
4498,0.00012014115142129224,0.00012014117974473112,-2.8323438873964132e-11,-28.323438873964133
4499,0.0001201489637057799,0.00012014899223504543,-2.85292655220072e-11,-28.5292655220072
4500,0.00012015677606769698,0.00012015680472535975,-2.8657662760594992e-11,-28.65766276059499
4501,0.00012016458848482979,0.00012016461721567406,-2.8730844265938473e-11,-28.730844265938472
4502,0.00012017240098905643,0.00012017242970598838,-2.8716931946291465e-11,-28.716931946291464
4503,0.00012018021360250147,0.00012018024219630269,-2.8593801219756523e-11,-28.59380121975652
4504,0.0001201880262475197,0.000120188054686617,-2.8439097306231358e-11,-28.439097306231357
4505,0.00012019583892464432,0.00012019586717693132,-2.8252286995087544e-11,-28.252286995087545
4506,0.00012020365167837611,0.00012020367966724565,-2.7988869533416063e-11,-27.988869533416064
4507,0.00012021146448646642,0.00012021149215755996,-2.7671093535842894e-11,-27.671093535842893
4508,0.00012021927731339616,0.00012021930464787428,-2.7334478116059965e-11,-27.334478116059966
4509,0.00012022709014942632,0.00012022711713818861,-2.6988762282711953e-11,-26.988762282711953
4510,0.00012023490309551237,0.00012023492962850292,-2.653299055050787e-11,-26.53299055050787
4511,0.00012024271604027336,0.00012024274211881724,-2.607854387598889e-11,-26.078543875988892
4512,0.00012025052896431622,0.00012025055460913155,-2.5644815329204153e-11,-25.644815329204153
4513,0.00012025834198091213,0.00012025836709944587,-2.511853372843992e-11,-25.11853372843992
4514,0.0001202661550073554,0.00012026617958976018,-2.4582404780128924e-11,-24.582404780128925
4515,0.00012027396802545512,0.0001202739920800745,-2.4054619377398926e-11,-24.054619377398925
4516,0.00012028178106327966,0.00012028180457038881,-2.3507109152307535e-11,-23.507109152307535
4517,0.00012028959415104618,0.00012028961706070313,-2.2909656943074184e-11,-22.909656943074182
4518,0.00012029740722524633,0.00012029742955101745,-2.2325771125232182e-11,-22.325771125232183
4519,0.00012030522028516203,0.00012030524204133177,-2.1756169738775313e-11,-21.756169738775313
4520,0.00012031303342556453,0.00012031305453164608,-2.1106081546946864e-11,-21.106081546946864
4521,0.00012032084654141353,0.0001203208670219604,-2.0480546861590352e-11,-20.48054686159035
4522,0.00012032865961921377,0.00012032867951227473,-1.9893060950434612e-11,-19.893060950434613
4523,0.00012033647278428639,0.00012033649200258904,-1.9218302646190575e-11,-19.218302646190576
4524,0.00012034428592689827,0.00012034430449290336,-1.8566005080727562e-11,-18.566005080727564
4525,0.00012035209903496847,0.00012035211698321767,-1.7948249193592928e-11,-17.94824919359293
4526,0.00012035991219890405,0.00012035992947353199,-1.7274627932824758e-11,-17.274627932824757
4527,0.00012036772535273731,0.0001203677419638463,-1.6611108983296737e-11,-16.611108983296738
4528,0.00012037553846397938,0.00012037555445416062,-1.5990181235601442e-11,-15.990181235601442
4529,0.00012038335163038439,0.00012038336694447493,-1.531409054175511e-11,-15.31409054175511
4530,0.00012039116479563003,0.00012039117943478924,-1.4639159212396872e-11,-14.639159212396871
4531,0.0001203989779246043,0.00012039899192510357,-1.400049927040794e-11,-14.000499270407941
4532,0.0001204067910704644,0.00012040680441541789,-1.334495348944627e-11,-13.34495348944627
4533,0.00012041460423845162,0.0001204146169057322,-1.2667280578712049e-11,-12.667280578712049
4534,0.00012042241737647943,0.00012042242939604653,-1.2019567101349467e-11,-12.019567101349468
4535,0.00012043023049634269,0.00012043024188636085,-1.1390018157449328e-11,-11.390018157449328
4536,0.00012043804367117285,0.00012043805437667516,-1.0705502304703465e-11,-10.705502304703465
4537,0.00012044585681065438,0.00012044586686698948,-1.0056335088410433e-11,-10.056335088410433
4538,0.0001204536699023145,0.00012045367935730379,-9.454989292335252e-12,-9.454989292335252
4539,0.00012046148307661201,0.0001204614918476181,-8.771006094564204e-12,-8.771006094564203
4540,0.00012046929621436466,0.00012046930433793242,-8.123567760607945e-12,-8.123567760607944
4541,0.00012047710929605512,0.00012047711682824673,-7.532191610084583e-12,-7.532191610084583
4542,0.00012048492244849776,0.00012048492931856105,-6.870063285368046e-12,-6.870063285368047
4543,0.00012049273557893943,0.00012049274180887538,-6.229935943501292e-12,-6.2299359435012915
4544,0.00012050054865584702,0.00012050055429918969,-5.643342669546687e-12,-5.643342669546686
4545,0.00012050836175682365,0.00012050836678950401,-5.032680351308392e-12,-5.032680351308392
4546,0.00012051617487510436,0.00012051617927981834,-4.404713976661848e-12,-4.404713976661848
4547,0.0001205239879505349,0.00012052399177013265,-3.819597751984401e-12,-3.8195977519844013
4548,0.00012053180104045732,0.00012053180426044697,-3.2199896473886442e-12,-3.219989647388644
4549,0.00012053961415017737,0.00012053961675076128,-2.6005839027030845e-12,-2.6005839027030846
4550,0.00012054742722628374,0.0001205474292410756,-2.014791854153946e-12,-2.014791854153946
4551,0.00012055524027047871,0.00012055524173138991,-1.460911195910209e-12,-1.460911195910209
4552,0.00012056305337890158,0.00012056305422170422,-8.428026449139196e-13,-0.8428026449139195
4553,0.00012057086644919807,0.00012057086671201854,-2.628204698888976e-13,-0.2628204698888976
4554,0.00012057867946613785,0.00012057867920233285,2.638049991468668e-13,0.2638049991468668
4555,0.00012058649255495208,0.00012058649169264717,8.623049135970722e-13,0.8623049135970722
4556,0.00012059430561662515,0.0001205943041829615,1.433663656250269e-12,1.4336636562502691
4557,0.00012060211862020651,0.00012060211667327581,1.946930697423894e-12,1.9469306974238938
4558,0.00012060993167831777,0.00012060992916359013,2.5147276462050957e-12,2.514727646205096
4559,0.00012061774472604838,0.00012061774165390446,3.0721439283908893e-12,3.072143928390889
4560,0.00012062555773710642,0.00012062555414421877,3.5928876548510285e-12,3.5928876548510287
4561,0.00012063337074501534,0.00012063336663453309,4.110482261891075e-12,4.110482261891075
4562,0.00012064118378828923,0.0001206411791248474,4.663441836179177e-12,4.663441836179177
4563,0.00012064899679846999,0.00012064899161516171,5.183308280451449e-12,5.183308280451449
4564,0.00012065680976067062,0.00012065680410547603,5.655194590860347e-12,5.655194590860347
4565,0.00012066462279806568,0.00012066461659579034,6.202275336366162e-12,6.202275336366162
4566,0.000120672435803063,0.00012067242908610466,6.716958345577053e-12,6.716958345577053
4567,0.00012068024875263907,0.00012068024157641897,7.176220097469312e-12,7.176220097469312
4568,0.00012068806175608089,0.0001206880540667333,7.689347588270811e-12,7.689347588270811
4569,0.00012069587474788159,0.00012069586655704762,8.190833973241279e-12,8.19083397324128
4570,0.0001207036877046269,0.00012070367904736193,8.657264971341517e-12,8.657264971341517
4571,0.00012071150065635947,0.00012071149153767626,9.118683214907377e-12,9.118683214907376
4572,0.00012071931365292615,0.00012071930402799058,9.624935576445238e-12,9.624935576445237
4573,0.00012072712660746838,0.00012072711651830489,1.0089163489283513e-11,10.089163489283512
4574,0.00012073493951965854,0.0001207349290086192,1.051103933463073e-11,10.51103933463073
4575,0.00012074275250309407,0.00012074274149893352,1.1004160557739386e-11,11.004160557739386
4576,0.00012075056545095573,0.00012075055398924783,1.1461707901393876e-11,11.461707901393876
4577,0.000120758378355061,0.00012075836647956215,1.187549885114087e-11,11.87549885114087
4578,0.00012076619129686212,0.00012076617896987646,1.2326985653728963e-11,12.326985653728963
4579,0.00012077400424390508,0.00012077399146019078,1.2783714302770482e-11,12.783714302770482
4580,0.0001207818171598928,0.00012078180395050511,1.3209387701752102e-11,13.209387701752101
4581,0.00012078963003790755,0.00012078961644081942,1.3597088125817334e-11,13.597088125817335
4582,0.0001207974430037338,0.00012079742893113374,1.4072600062501132e-11,14.072600062501131
4583,0.00012080525591379836,0.00012080524142144807,1.4492350302384138e-11,14.492350302384137
4584,0.00012081306879393051,0.00012081305391176238,1.4882168132634652e-11,14.882168132634652
4585,0.00012082088169804387,0.0001208208664020767,1.5295967173240358e-11,15.295967173240358
4586,0.00012082869460704502,0.00012082867889239101,1.5714654014080063e-11,15.714654014080063
4587,0.00012083650748766819,0.00012083649138270532,1.610496286594197e-11,16.10496286594197
4588,0.00012084432034714877,0.00012084430387301964,1.6474129138471632e-11,16.474129138471632
4589,0.00012085213326538573,0.00012085211636333395,1.690205178262271e-11,16.90205178262271
4590,0.00012085994615072469,0.00012085992885364827,1.729707642604395e-11,17.29707642604395
4591,0.00012086775898750713,0.00012086774134396258,1.7643544546621868e-11,17.643544546621868
4592,0.00012087557187882946,0.0001208755538342769,1.8044552563019877e-11,18.044552563019877
4593,0.00012088338475591805,0.00012088336632459123,1.843132682093179e-11,18.43132682093179
4594,0.00012089119761267073,0.00012089117881490554,1.879776518658537e-11,18.79776518658537
4595,0.0001208990104391925,0.00012089899130521986,1.9133972648195848e-11,19.133972648195847
4596,0.00012090682333995677,0.00012090680379553419,1.9544422588290746e-11,19.544422588290747
4597,0.00012091463618980197,0.0001209146162858485,1.9903953474798367e-11,19.903953474798367
4598,0.00012092244899700026,0.00012092242877616281,2.0220837445034124e-11,20.220837445034125
4599,0.00012093026186791597,0.00012093024126647713,2.0601438838534573e-11,20.601438838534573
4600,0.00012093807472621077,0.00012093805375679144,2.0969419332700715e-11,20.969419332700713
4601,0.00012094588754355725,0.00012094586624710576,2.1296451489481045e-11,21.296451489481043
4602,0.0001209537003518702,0.00012095367873742007,2.1614450127970334e-11,21.614450127970333
4603,0.00012096151321610363,0.00012096149122773439,2.1988369244668576e-11,21.988369244668576
4604,0.0001209693260512029,0.0001209693037180487,2.233315419558382e-11,22.33315419558382
4605,0.00012097713883430293,0.00012097711620836303,2.2625939902287338e-11,22.62593990228734
4606,0.00012098495167511334,0.00012098492869867735,2.2976435996566366e-11,22.976435996566366
4607,0.00012099276450684385,0.00012099274118899166,2.3317852195806425e-11,23.317852195806424
4608,0.00012100057729741415,0.00012100055367930599,2.3618108163898586e-11,23.618108163898587
4609,0.00012100837738745918,0.0001210083661696203,1.1217838875942852e-11,11.217838875942851
4610,0.00012101618076239001,0.00012101617865993462,2.102455392651211e-12,2.102455392651211
4611,0.00012102398647916509,0.00012102399115024893,-4.6710838428217514e-12,-4.671083842821751
4612,0.00012103179414187272,0.00012103180364056325,-9.498690527457223e-12,-9.498690527457223
4613,0.00012103960268882026,0.00012103961613087756,-1.3442057305861921e-11,-13.44205730586192
4614,0.0001210474119014979,0.00012104742862119188,-1.671969397217045e-11,-16.71969397217045
4615,0.00012105522162509437,0.0001210552411115062,-1.9486411816580634e-11,-19.486411816580635
4616,0.000121063031779325,0.00012106305360182051,-2.1822495508521516e-11,-21.822495508521516
4617,0.00012107084228319067,0.00012107086609213484,-2.380894416599623e-11,-23.80894416599623
4618,0.00012107865307976942,0.00012107867858244915,-2.550267973120793e-11,-25.50267973120793
4619,0.00012108646412446377,0.00012108649107276347,-2.6948299695004468e-11,-26.94829969500447
4620,0.00012109427539203904,0.0001210943035630778,-2.8171038754530227e-11,-28.171038754530226
4621,0.00012110208685177304,0.00012110211605339211,-2.9201619065832666e-11,-29.201619065832666
4622,0.00012110989846541589,0.00012110992854370642,-3.007829053616808e-11,-30.078290536168076
4623,0.00012111771022682292,0.00012111774103402074,-3.080719781358639e-11,-30.807197813586388
4624,0.00012112552219294855,0.00012112555352433505,-3.133138649758191e-11,-31.33138649758191
4625,0.00012113333424823988,0.00012113336601464937,-3.1766409486892905e-11,-31.766409486892904
4626,0.00012114114640825517,0.00012114117850496368,-3.209670850744926e-11,-32.09670850744926
4627,0.00012114895864028113,0.000121148990995278,-3.235499686614073e-11,-32.35499686614073
4628,0.0001211567709918656,0.00012115680348559231,-3.249372671406263e-11,-32.49372671406263
4629,0.00012116458344863474,0.00012116461597590663,-3.252727188862175e-11,-32.52727188862175
4630,0.00012117239595577885,0.00012117242846622096,-3.251044210290133e-11,-32.51044210290133
4631,0.00012118020849876399,0.00012118024095653527,-3.245777127675891e-11,-32.45777127675891
4632,0.00012118802114535429,0.00012118805344684959,-3.23014952971887e-11,-32.3014952971887
4633,0.00012119583385637629,0.00012119586593716391,-3.208078762196256e-11,-32.08078762196256
4634,0.00012120364659658775,0.00012120367842747823,-3.18308904730901e-11,-31.830890473090097
4635,0.00012121145934248,0.00012121149091779254,-3.157531253851468e-11,-31.57531253851468
4636,0.00012121927220126921,0.00012121930340810686,-3.1206837648157885e-11,-31.206837648157883
4637,0.00012122708507953957,0.00012122711589842117,-3.0818881596325435e-11,-30.818881596325436
4638,0.00012123489795591744,0.00012123492838873549,-3.043281804649011e-11,-30.432818046490112
4639,0.00012124271088055116,0.0001212427408790498,-2.9998498636626426e-11,-29.998498636626426
4640,0.00012125052386307548,0.00012125055336936412,-2.9506288631233635e-11,-29.506288631233634
4641,0.0001212583368452275,0.00012125836585967843,-2.901445092731435e-11,-29.01445092731435
4642,0.00012126614980788901,0.00012126617834999276,-2.8542103749666983e-11,-28.542103749666982
4643,0.00012127396287333715,0.00012127399084030708,-2.796696992346941e-11,-27.96696992346941
4644,0.00012128177592091116,0.00012128180333062139,-2.7409710227182376e-11,-27.409710227182376
4645,0.00012128958894398953,0.00012128961582093572,-2.6876946181628852e-11,-26.876946181628853
4646,0.00012129740204516417,0.00012129742831125003,-2.6266085860968807e-11,-26.266085860968808
4647,0.00012130521514483594,0.00012130524080156435,-2.5656728407150153e-11,-25.65672840715015
4648,0.00012131302821296648,0.00012131305329187866,-2.5078912183462686e-11,-25.078912183462688
4649,0.00012132084132686333,0.00012132086578219298,-2.4455329644775316e-11,-24.455329644775315
4650,0.00012132865445965744,0.0001213286782725073,-2.381284985524481e-11,-23.81284985524481
4651,0.00012133646756928711,0.00012133649076282161,-2.3193534492362856e-11,-23.193534492362854
4652,0.00012134428067907579,0.00012134430325313592,-2.2574060131232305e-11,-22.574060131232304
4653,0.00012135209384119188,0.00012135211574345024,-2.1902258351444945e-11,-21.902258351444946
4654,0.00012135990697457651,0.00012135992823376457,-2.1259188051201196e-11,-21.259188051201196
4655,0.0001213677200723085,0.00012136774072407888,-2.0651770384146918e-11,-20.651770384146918
4656,0.00012137553325582388,0.0001213755532143932,-1.9958569313057924e-11,-19.958569313057925
4657,0.00012138334640418896,0.00012138336570470751,-1.930051855073936e-11,-19.300518550739362
4658,0.00012139115951092586,0.00012139117819502184,-1.868409597477887e-11,-18.68409597477887
4659,0.00012139897269558286,0.00012139899068533615,-1.7989753293012357e-11,-17.989753293012356
4660,0.00012140678583907702,0.00012140680317565047,-1.7336573444478957e-11,-17.336573444478958
4661,0.00012141459895319474,0.00012141461566596478,-1.6712770040256524e-11,-16.712770040256522
4662,0.00012142241210796518,0.0001214224281562791,-1.6048313919923134e-11,-16.048313919923135
4663,0.00012143022526130534,0.00012143024064659341,-1.538528806554316e-11,-15.38528806554316
4664,0.00012143803836471312,0.00012143805313690773,-1.477219460011592e-11,-14.77219460011592
4665,0.00012144585151242225,0.00012144586562722204,-1.4114799793664238e-11,-14.114799793664238
4666,0.00012145366465975595,0.00012145367811753636,-1.3457780405767306e-11,-13.457780405767306
4667,0.00012146147777104082,0.00012146149060785069,-1.2836809859191253e-11,-12.836809859191252
4668,0.00012146929087948533,0.000121469303098165,-1.2218679664809095e-11,-12.218679664809095
4669,0.00012147710403017708,0.00012147711558847932,-1.1558302231733433e-11,-11.558302231733432
4670,0.00012148491713831765,0.00012148492807879364,-1.0940475993430331e-11,-10.940475993430331
4671,0.00012149273021607182,0.00012149274056910796,-1.0353036133761868e-11,-10.353036133761867
4672,0.00012150054336225066,0.00012150055305942227,-9.697171610914013e-12,-9.697171610914014
4673,0.00012150835643899677,0.00012150836554973659,-9.110739815320473e-12,-9.110739815320473
4674,0.00012151616949997271,0.0001215161780400509,-8.54007818755913e-12,-8.54007818755913
4675,0.00012152398261947455,0.00012152399053036522,-7.910890662453188e-12,-7.9108906624531885
4676,0.00012153179571956173,0.00012153180302067953,-7.301117796572146e-12,-7.3011177965721465
4677,0.00012153960876040204,0.00012153961551099385,-6.750591808927878e-12,-6.7505918089278785
4678,0.00012154742186244665,0.00012154742800130816,-6.138861510892104e-12,-6.138861510892104
4679,0.00012155523494825043,0.00012155524049162249,-5.5433720599566575e-12,-5.543372059956657
4680,0.00012156304799171234,0.0001215630529819368,-4.990224457906792e-12,-4.990224457906792
4681,0.0001215708610507819,0.00012157086547225112,-4.421469223482912e-12,-4.421469223482912
4682,0.00012157867412925736,0.00012157867796256545,-3.8333080847666754e-12,-3.8333080847666756
4683,0.00012158648717497314,0.00012158649045287976,-3.277906616135593e-12,-3.277906616135593
4684,0.00012159430018362264,0.00012159430294319408,-2.7595714312491033e-12,-2.7595714312491033
4685,0.00012160211326754596,0.00012160211543350839,-2.165962434114143e-12,-2.165962434114143
4686,0.00012160992629733061,0.00012160992792382271,-1.626492096680291e-12,-1.626492096680291
4687,0.0001216177392927668,0.00012161774041413702,-1.1213702191951537e-12,-1.1213702191951536
4688,0.00012162555233787458,0.00012162555290445134,-5.66576757589874e-13,-0.566576757589874
4689,0.00012163336536674835,0.00012163336539476565,-2.8017299058708623e-14,-0.028017299058708624
4690,0.00012164117834478509,0.00012164117788507997,4.597051257795283e-13,0.4597051257795283
4691,0.00012164899136179302,0.00012164899037539428,9.863987369218335e-13,0.9863987369218334
4692,0.00012165680437939531,0.00012165680286570861,1.5136867076950951e-12,1.513686707695095
4693,0.000121664617365095,0.00012166461535602292,2.0090720837530795e-12,2.0090720837530793
4694,0.00012167243031922982,0.00012167242784633724,2.4728925805199885e-12,2.4728925805199884
4695,0.00012168024334540043,0.00012168024033665157,3.0087488655371316e-12,3.0087488655371315
4696,0.00012168805633145405,0.00012168805282696588,3.5044881658417966e-12,3.5044881658417966
4697,0.00012169586926069693,0.0001216958653172802,3.943416735981154e-12,3.9434167359811543
4698,0.00012170368225827559,0.00012170367780759451,4.450681078274286e-12,4.450681078274286
4699,0.00012171149523350838,0.00012171149029790883,4.935599553006568e-12,4.9355995530065675
4700,0.00012171930817746017,0.00012171930278822314,5.389237033234113e-12,5.389237033234113
4701,0.00012172712111978725,0.00012172711527853746,5.841249795848607e-12,5.841249795848607
4702,0.00012173493408838365,0.00012173492776885177,6.3195318826356324e-12,6.319531882635633
4703,0.00012174274702684942,0.00012174274025916609,6.767683340527982e-12,6.767683340527983
4704,0.0001217505599223555,0.00012175055274948041,7.172875089821706e-12,7.172875089821706
4705,0.00012175837289529014,0.00012175836523979473,7.655495408314025e-12,7.6554954083140245
4706,0.00012176618583232597,0.00012176617773010904,8.10221692551361e-12,8.102216925513611
4707,0.00012177399871506027,0.00012177399022042337,8.494636895188199e-12,8.494636895188199
4708,0.00012178181165523703,0.00012178180271073769,8.944499346081476e-12,8.944499346081475
4709,0.00012178962458163684,0.000121789615201052,9.380584839968979e-12,9.380584839968979
4710,0.0001217974374804537,0.00012179742769136632,9.789087390331767e-12,9.789087390331767
4711,0.00012180525035743513,0.00012180524018168063,1.0175754501963984e-11,10.175754501963985
4712,0.00012181306329223866,0.00012181305267199495,1.0620243714653058e-11,10.620243714653059
4713,0.00012182087619392987,0.00012182086516230926,1.103162060694785e-11,11.03162060694785
4714,0.00012182868904239382,0.00012182867765262358,1.1389770246992779e-11,11.389770246992779
4715,0.00012183650195654032,0.00012183649014293789,1.181360242674003e-11,11.81360242674003
4716,0.00012184431485156699,0.00012184430263325222,1.2218314768938134e-11,12.218314768938134
4717,0.0001218521277137747,0.00012185211512356653,1.2590208162297304e-11,12.590208162297303
4718,0.00012185994056961095,0.00012185992761388085,1.2955730106064591e-11,12.95573010606459
4719,0.00012186775346922784,0.00012186774010419518,1.3365032662105402e-11,13.365032662105403
4720,0.0001218755663385494,0.00012187555259450949,1.3744039912494064e-11,13.744039912494063
4721,0.00012188337916279843,0.00012188336508482381,1.4077974628852995e-11,14.077974628852996
4722,0.00012189119204181987,0.00012189117757513812,1.4466681748187907e-11,14.466681748187908
4723,0.00012189900491036585,0.00012189899006545244,1.4844913414552482e-11,14.844913414552481
4724,0.00012190681775188118,0.00012190680255576675,1.5196114429979005e-11,15.196114429979005
4725,0.0001219146305641915,0.00012191461504608107,1.5518110440563086e-11,15.518110440563085
4726,0.00012192244344912402,0.00012192242753639538,1.5912728643694916e-11,15.912728643694916
4727,0.00012193025629294401,0.0001219302400267097,1.6266234320574437e-11,16.266234320574437
4728,0.00012193806909894554,0.00012193805251702401,1.6581921534899678e-11,16.581921534899678
4729,0.00012194588194739849,0.00012194586500733834,1.694006015674003e-11,16.940060156740028
4730,0.0001219536947881941,0.00012195367749765265,1.7290541451659402e-11,17.2905414516594
4731,0.0001219615075999915,0.00012196148998796697,1.7612024539748206e-11,17.612024539748205
4732,0.00012196932039929708,0.0001219693024782813,1.7921015789218812e-11,17.92101578921881
4733,0.0001219771332533332,0.00012197711496859561,1.828473759146154e-11,18.28473759146154
4734,0.00012198494607802437,0.00012198492745890993,1.861911444546641e-11,18.619114445466412
4735,0.0001219927588466663,0.00012199273994922424,1.889744205870182e-11,18.89744205870182
4736,0.00012200057166550267,0.00012200055243953856,1.9225964112555052e-11,19.22596411255505
4737,0.00012200837201028762,0.00012200836492985287,7.080434752210566e-12,7.080434752210566
4738,0.00012201617583031096,0.00012201617742016719,-1.589856227645648e-12,-1.589856227645648
4739,0.00012202398192456787,0.0001220239899104815,-7.985913630976527e-12,-7.985913630976527
4740,0.00012203178993635636,0.00012203180240079582,-1.246443945753377e-11,-12.464439457533771
4741,0.00012203959888634488,0.00012203961489111014,-1.6004765259151887e-11,-16.00476525915189
4742,0.0001220474084796608,0.00012204742738142446,-1.8901763655533576e-11,-18.901763655533575
4743,0.00012205521855189934,0.00012205523987173877,-2.1319839432037262e-11,-21.319839432037263
4744,0.00012206302902694824,0.0001220630523620531,-2.333510485510898e-11,-23.33510485510898
4745,0.00012207083982235714,0.0001220708648523674,-2.503001027446479e-11,-25.030010274464793
4746,0.00012207865094687997,0.00012207867734268172,-2.6395801760448883e-11,-26.395801760448883
4747,0.00012208646231196883,0.00012208648983299603,-2.7521027215795373e-11,-27.521027215795375
4748,0.00012209427386728394,0.00012209430232331035,-2.8456026418423307e-11,-28.456026418423306
4749,0.0001221020856029907,0.00012210211481362466,-2.921063397650392e-11,-29.21063397650392
4750,0.00012210989749436457,0.00012210992730393898,-2.9809574415849335e-11,-29.809574415849333
4751,0.0001221177094927603,0.0001221177397942533,-3.0301493014803215e-11,-30.301493014803214
4752,0.00012212552169821043,0.0001221255522845676,-3.058635718806885e-11,-30.58635718806885
4753,0.00012213333399408198,0.00012213336477488192,-3.078079995724631e-11,-30.78079995724631
4754,0.00012214114637998047,0.00012214117726519626,-3.0885215809296056e-11,-30.885215809296056
4755,0.00012214895882416813,0.00012214898975551055,-3.093134243178293e-11,-30.93134243178293
4756,0.00012215677139799615,0.0001221568022458249,-3.084782875078621e-11,-30.847828750786206
4757,0.000122164584045207,0.0001221646147361392,-3.069093222810257e-11,-30.69093222810257
4758,0.00012217239674467664,0.00012217242722645352,-3.048177688965459e-11,-30.48177688965459
4759,0.00012218020946348158,0.00012218023971676784,-3.0253286269133264e-11,-30.253286269133262
4760,0.00012218802231016754,0.00012218805220708215,-2.989691462578352e-11,-29.89691462578352
4761,0.00012219583518462607,0.00012219586469739647,-2.9512770411949096e-11,-29.512770411949095
4762,0.00012220364806539563,0.00012220367718771078,-2.912231516568885e-11,-29.12231516568885
4763,0.00012221146100924605,0.0001222114896780251,-2.8668779058364432e-11,-28.668779058364432
4764,0.00012221927401382074,0.0001222193021683394,-2.8154518684712903e-11,-28.154518684712905
4765,0.00012222708702347592,0.00012222711465865373,-2.763517782099627e-11,-27.63517782099627
4766,0.00012223490002246604,0.00012223492714896804,-2.7126502010104888e-11,-27.12650201010489
4767,0.0001222427131321982,0.00012224273963928238,-2.6507084190117632e-11,-26.50708419011763
4768,0.0001222505262290101,0.00012225055212959667,-2.5900586590579452e-11,-25.90058659057945
4769,0.00012225833929724916,0.000122258364619911,-2.5322661865359574e-11,-25.322661865359574
4770,0.00012226615245734265,0.00012226617711022533,-2.465288269183004e-11,-24.65288269183004
4771,0.0001222739656057985,0.00012227398960053964,-2.3994741154684587e-11,-23.994741154684586
4772,0.00012228177872508728,0.00012228180209085396,-2.3365766688858066e-11,-23.365766688858066
4773,0.00012228959191832044,0.00012228961458116827,-2.266284784593445e-11,-22.66284784593445
4774,0.00012229740511089275,0.0001222974270714826,-2.1960589851340017e-11,-21.960589851340018
4775,0.000122305218269117,0.0001223052395617969,-2.1292679923671012e-11,-21.292679923671013
4776,0.00012231303146757,0.00012231305205211122,-2.0584541216493018e-11,-20.58454121649302
4777,0.00012232084468868205,0.00012232086454242553,-1.9853743497061706e-11,-19.853743497061707
4778,0.00012232865787472296,0.00012232867703273987,-1.9158016926089707e-11,-19.158016926089708
4779,0.00012233647107923117,0.00012233648952305416,-1.844382300398849e-11,-18.44382300398849
4780,0.0001223442843124625,0.0001223443020133685,-1.7700906018463027e-11,-17.700906018463026
4781,0.00012235209751472562,0.00012235211450368282,-1.6988957208010485e-11,-16.988957208010486
4782,0.00012235991071141985,0.00012235992699399713,-1.6282577293596697e-11,-16.2825772935967
4783,0.00012236772395370193,0.00012236773948431145,-1.5530609523860597e-11,-15.530609523860596
4784,0.00012237553716171884,0.00012237555197462576,-1.4812906933793837e-11,-14.812906933793837
4785,0.0001223833503426106,0.00012238336446494008,-1.412232948288446e-11,-14.12232948288446
4786,0.00012239116358965863,0.0001223911769552544,-1.3365595777238547e-11,-13.365595777238548
4787,0.00012239897679866714,0.0001223989894455687,-1.2646901575864832e-11,-12.646901575864833
4788,0.00012240678995983011,0.00012240680193588302,-1.1976052918207305e-11,-11.976052918207305
4789,0.00012241460321350925,0.00012241461442619734,-1.12126880965492e-11,-11.212688096549199
4790,0.00012242241641266315,0.00012242242691651165,-1.0503848506876803e-11,-10.503848506876803
4791,0.00012243022956668527,0.000122430239406826,-9.840140729987917e-12,-9.840140729987917
4792,0.00012243804280028705,0.00012243805189714028,-9.096853245475061e-12,-9.09685324547506
4793,0.00012244585598576293,0.00012244586438745462,-8.401691706465252e-12,-8.401691706465252
4794,0.00012245366912803042,0.00012245367687776894,-7.749738524269802e-12,-7.7497385242698025
4795,0.0001224614823344136,0.00012246148936808325,-7.033669664246652e-12,-7.033669664246652
4796,0.0001224692955190925,0.00012246930185839757,-6.339305068043729e-12,-6.339305068043729
4797,0.00012247710865977875,0.00012247711434871188,-5.6889331405067404e-12,-5.68893314050674
4798,0.00012248492182753744,0.0001224849268390262,-5.011488766037952e-12,-5.011488766037952
4799,0.0001224927349956972,0.0001224927393293405,-4.3336433180805065e-12,-4.333643318080506
4800,0.00012250054812286624,0.00012250055181965483,-3.696788599813818e-12,-3.6967885998138184
4801,0.00012250836124190983,0.00012250836430996914,-3.068059326308605e-12,-3.0680593263086053
4802,0.00012251617439708475,0.00012251617680028346,-2.4031987172497153e-12,-2.4031987172497153
4803,0.00012252398751554393,0.00012252398929059777,-1.7750538558205262e-12,-1.7750538558205262
4804,0.00012253180061909543,0.0001225318017809121,-1.16181669294785e-12,-1.16181669294785
4805,0.00012253961376585096,0.0001225396142712264,-5.053754558593963e-13,-0.5053754558593962
4806,0.00012254742687586398,0.00012254742676154074,1.1432322670064184e-13,0.11432322670064185
4807,0.00012255523993019818,0.00012255523925185506,6.783431132685016e-13,0.6783431132685016
4808,0.00012256305308388452,0.00012256305174216937,1.3417151398496232e-12,1.3417151398496232
4809,0.00012257086617410137,0.0001225708642324837,1.941617673097846e-12,1.9416176730978458
4810,0.00012257867922560906,0.000122578676722798,2.502811044602036e-12,2.5028110446020357
4811,0.00012258649233573167,0.00012258648921311232,3.1226193400017123e-12,3.1226193400017124
4812,0.00012259430541042388,0.00012259430170342663,3.706997236552224e-12,3.706997236552224
4813,0.00012260211844032553,0.00012260211419374095,4.246584572953014e-12,4.246584572953014
4814,0.000122609931514756,0.00012260992668405526,4.830700715994033e-12,4.830700715994033
4815,0.0001226177445838533,0.0001226177391743696,5.40948369565365e-12,5.40948369565365
4816,0.00012262555761691367,0.0001226255516646839,5.952229773768814e-12,5.952229773768814
4817,0.00012263337064031805,0.00012263336415499823,6.4853198118105506e-12,6.485319811810551
4818,0.00012264118370281305,0.00012264117664531255,7.057500488130709e-12,7.057500488130708
4819,0.00012264899673173553,0.00012264898913562686,7.596108654444473e-12,7.596108654444473
4820,0.00012265680971010987,0.00012265680162594118,8.084168686286695e-12,8.084168686286695
4821,0.00012266462276312108,0.0001226646141162555,8.646865575153579e-12,8.64686557515358
4822,0.00012267243578382075,0.0001226724266065698,9.177250935350779e-12,9.177250935350779
4823,0.00012268024874487153,0.00012268023909688412,9.647987395145647e-12,9.647987395145647
4824,0.0001226880617659953,0.00012268805158719844,1.0178796841022614e-11,10.178796841022615
4825,0.00012269587477146078,0.00012269586407751275,1.0693948022284112e-11,10.693948022284111
4826,0.00012270368773972473,0.00012270367656782707,1.1171897652027472e-11,11.171897652027472
4827,0.00012271150070601865,0.00012271148905814138,1.1647877259318371e-11,11.64787725931837
4828,0.00012271931370869729,0.00012271930154845572,1.2160241553105603e-11,12.160241553105603
4829,0.00012272712667969356,0.00012272711403877,1.2640923534953952e-11,12.640923534953952
4830,0.00012273493960018175,0.00012273492652908435,1.3071097389390924e-11,13.071097389390925
4831,0.00012274275259357604,0.00012274273901939867,1.3574177361819565e-11,13.574177361819565
4832,0.00012275056555896636,0.00012275055150971298,1.4049253367914861e-11,14.049253367914861
4833,0.00012275837847035704,0.0001227583640000273,1.4470329736132615e-11,14.470329736132616
4834,0.00012276619142846375,0.0001227661764903416,1.4938122126243262e-11,14.938122126243261
4835,0.0001227740043817038,0.00012277398898065593,1.5401047858062273e-11,15.401047858062274
4836,0.00012278181730640737,0.00012278180147097024,1.5835437117650923e-11,15.835437117650923
4837,0.0001227896302001516,0.00012278961396128456,1.6238867038414357e-11,16.23886703841436
4838,0.00012279744316963102,0.00012279742645159887,1.6718032140108236e-11,16.718032140108235
4839,0.00012280525608272488,0.00012280523894191319,1.7140811681518748e-11,17.14081168151875
4840,0.0001228130689563078,0.0001228130514322275,1.7524080293678674e-11,17.524080293678676
4841,0.000122820881888313,0.00012282086392254184,1.796577113990298e-11,17.96577113990298
4842,0.00012282869480457773,0.00012282867641285613,1.8391721593197253e-11,18.391721593197254
4843,0.0001228365076877978,0.00012283648890317047,1.8784627326102697e-11,18.784627326102697
4844,0.00012284432056490312,0.0001228443013934848,1.9171418321385648e-11,19.171418321385648
4845,0.0001228521334841515,0.0001228521138837991,1.9600352390638382e-11,19.60035239063838
4846,0.00012285994637390636,0.00012285992637411342,1.9999792935298048e-11,19.999792935298046
4847,0.00012286775921402284,0.00012286773886442773,2.0349595099529103e-11,20.349595099529104
4848,0.0001228755721207581,0.00012287555135474205,2.0766016039143476e-11,20.766016039143476
4849,0.00012288338500230262,0.00012288336384505636,2.115724624601156e-11,21.15724624601156
4850,0.00012289119785249467,0.00012289117633537068,2.1517123982346687e-11,21.517123982346686
4851,0.00012289901070515005,0.000122898988825685,2.1879465053122755e-11,21.879465053122754
4852,0.00012290682359381212,0.00012290680131599933,2.2277812776202664e-11,22.277812776202662
4853,0.00012291463645431865,0.00012291461380631362,2.2648005015695622e-11,22.648005015695624
4854,0.00012292244926613973,0.00012292242629662796,2.2969511752944314e-11,22.969511752944314
4855,0.00012293026214576459,0.00012293023878694228,2.335882229855085e-11,23.35882229855085
4856,0.0001229380750048869,0.0001229380512772566,2.3727630310025142e-11,23.72763031002514
4857,0.0001229458878210185,0.0001229458637675709,2.4053447591166147e-11,24.053447591166147
4858,0.00012295370064569302,0.00012295367625788522,2.4387807789115144e-11,24.387807789115143
4859,0.00012296151350953152,0.00012296148874819954,2.476133197161953e-11,24.76133197161953
4860,0.00012296932634638612,0.00012296930123851385,2.5107872259404555e-11,25.107872259404555
4861,0.00012297713913753174,0.00012297711372882817,2.5408703559379545e-11,25.408703559379546
4862,0.0001229849519865297,0.00012298492621914248,2.5767387209652005e-11,25.767387209652004
4863,0.00012299276482245124,0.0001229927387094568,2.6112994433047388e-11,26.112994433047387
4864,0.00012300057761334497,0.0001230005511997711,2.6413573845752656e-11,26.413573845752655
4865,0.0001230083778500219,0.00012300836369008545,1.415993645062266e-11,14.15993645062266
4866,0.00012301618148557366,0.00012301617618039974,5.305173905681427e-12,5.305173905681427
4867,0.00012302398743226385,0.00012302398867071408,-1.238450243798416e-12,-1.2384502437984162
4868,0.00012303179534842482,0.0001230318011610284,-5.812603582883146e-12,-5.812603582883146
4869,0.00012303960412257559,0.0001230396136513427,-9.528767135978654e-12,-9.528767135978654
4870,0.0001230474135650848,0.00012304742614165703,-1.25765722269664e-11,-12.5765722269664
4871,0.00012305522349985787,0.00012305523863197134,-1.5132113481923492e-11,-15.132113481923492
4872,0.00012306303385121908,0.00012306305112228566,-1.727106658618616e-11,-17.27106658618616
4873,0.0001230708445443339,0.00012307086361259997,-1.9068266073940162e-11,-19.068266073940162
4874,0.00012307865552176734,0.00012307867610291429,-2.0581146958961726e-11,-20.581146958961725
4875,0.00012308646674524275,0.0001230864885932286,-2.184798586053817e-11,-21.84798586053817
4876,0.00012309427816918915,0.00012309430108354291,-2.2914353774648027e-11,-22.914353774648028
4877,0.00012310208975938709,0.00012310211357385723,-2.381447015473401e-11,-23.81447015473401
4878,0.00012310990159203404,0.00012310992606417157,-2.447213754316438e-11,-24.472137543164383
4879,0.00012311771354691053,0.00012311773855448586,-2.5007575339695472e-11,-25.00757533969547
4880,0.00012312552562277257,0.0001231255510448002,-2.5422027639215155e-11,-25.422027639215155
4881,0.00012313333780267956,0.00012313336353511452,-2.5732434965143244e-11,-25.732434965143245
4882,0.00012314115006011934,0.00012314117602542883,-2.5965309502938907e-11,-25.965309502938908
4883,0.00012314896249946517,0.00012314898851574315,-2.6016277982592722e-11,-26.016277982592722
4884,0.00012315677498321028,0.00012315680100605746,-2.6022847190660866e-11,-26.022847190660865
4885,0.00012316458752379143,0.00012316461349637178,-2.5972580352442975e-11,-25.972580352442975
4886,0.00012317240011695604,0.0001231724259866861,-2.5869730061225243e-11,-25.869730061225244
4887,0.00012318021284837981,0.0001231802384770004,-2.5628620601353737e-11,-25.628620601353738
4888,0.00012318802559819206,0.00012318805096731472,-2.5369122666061063e-11,-25.369122666061063
4889,0.00012319583835792284,0.00012319586345762906,-2.5099706232454057e-11,-25.099706232454057
4890,0.0001232036512099491,0.00012320367594794335,-2.4737994269988574e-11,-24.737994269988576
4891,0.00012321146411397766,0.0001232114884382577,-2.432428004109781e-11,-24.32428004109781
4892,0.00012321927703295995,0.00012321930092857198,-2.3895612035058205e-11,-23.895612035058203
4893,0.00012322708994801277,0.00012322711341888632,-2.3470873557162446e-11,-23.470873557162445
4894,0.00012323490297706376,0.00012323492590920064,-2.2932136885786188e-11,-22.93213688578619
4895,0.0001232427160009214,0.00012324273839951495,-2.239859356992119e-11,-22.39859356992119
4896,0.0001232505289991055,0.00012325055088982927,-2.1890723782029888e-11,-21.890723782029887
4897,0.00012325834208902036,0.00012325836338014358,-2.1291123226191757e-11,-21.291123226191758
4898,0.00012326615518151772,0.0001232661758704579,-2.0688940182093928e-11,-20.68894018209393
4899,0.00012327396825316785,0.0001232739883607722,-2.010760436710403e-11,-20.10760436710403
4900,0.00012328178137102787,0.00012328180085108652,-1.9480058662900412e-11,-19.48005866290041
4901,0.00012328959452485763,0.00012328961334140084,-1.8816543223476925e-11,-18.816543223476923
4902,0.00012329740765006138,0.00012329742583171518,-1.8181653811383246e-11,-18.181653811383246
4903,0.00012330522078518398,0.00012330523832202947,-1.753684549439942e-11,-17.536845494399422
4904,0.0001233130339704978,0.0001233130508123438,-1.6841846016509345e-11,-16.841846016509344
4905,0.00012332084713282646,0.00012332086330265813,-1.616983167888607e-11,-16.16983167888607
4906,0.0001233286602698989,0.00012332867579297244,-1.55230735598203e-11,-15.523073559820302
4907,0.00012333647348477047,0.00012333648828328676,-1.4798516291253382e-11,-14.798516291253382
4908,0.00012334428666778584,0.00012334430077360107,-1.4105815240653812e-11,-14.105815240653811
4909,0.00012335209980716714,0.00012335211326391538,-1.3456748258851627e-11,-13.456748258851627
4910,0.0001233599130338619,0.0001233599257542297,-1.2720367819803862e-11,-12.720367819803862
4911,0.00012336772622947894,0.00012336773824454401,-1.2015065087353493e-11,-12.015065087353493
4912,0.00012337553937374324,0.00012337555073485833,-1.1361115102911922e-11,-11.361115102911922
4913,0.00012338335259510052,0.00012338336322517264,-1.0630072136949194e-11,-10.630072136949195
4914,0.00012339116579125048,0.00012339117571548696,-9.924236492025994e-12,-9.924236492025994
4915,0.0001233989789351912,0.0001233989882058013,-9.270610114827856e-12,-9.270610114827857
4916,0.0001234067921469765,0.0001234068006961156,-8.54913910906008e-12,-8.54913910906008
4917,0.00012341460534111924,0.00012341461318642993,-7.84531070182891e-12,-7.845310701828911
4918,0.0001234224184841334,0.00012342242567674425,-7.192610856702324e-12,-7.192610856702324
4919,0.0001234302316782933,0.00012343023816705856,-6.488765264866721e-12,-6.488765264866721
4920,0.00012343804486543856,0.00012343805065737287,-5.791934325561828e-12,-5.7919343255618285
4921,0.00012344585801113197,0.0001234458631476872,-5.13655522713165e-12,-5.13655522713165
4922,0.00012345367117630885,0.0001234536756380015,-4.461692663296201e-12,-4.461692663296201
4923,0.00012346148435728315,0.00012346148812831582,-3.7710326774964435e-12,-3.7710326774964433
4924,0.00012346929750216805,0.00012346930061863013,-3.116462095731342e-12,-3.116462095731342
4925,0.0001234771106334113,0.00012347711310894445,-2.4755331625408875e-12,-2.4755331625408874
4926,0.00012348492380790315,0.00012348492559925876,-1.7913556215304209e-12,-1.791355621530421
4927,0.00012349273694163047,0.00012349273808957308,-1.1479426185324763e-12,-1.1479426185324764
4928,0.00012350055004142606,0.00012350055057988742,-5.384613759307786e-13,-0.5384613759307786
4929,0.00012350836319213816,0.0001235083630702017,1.2193644014572643e-13,0.12193644014572644
4930,0.0001235161763180668,0.00012351617556051605,7.575507498119285e-13,0.7575507498119285
4931,0.00012352398940170914,0.00012352398805083036,1.350878762401362e-12,1.350878762401362
4932,0.00012353180253781132,0.00012353180054114468,1.996666628942973e-12,1.996666628942973
4933,0.00012353961566077817,0.000123539613031459,2.629319169324488e-12,2.629319169324488
4934,0.00012354742872091185,0.0001235474255217733,3.1991385346281355e-12,3.1991385346281356
4935,0.00012355524183903617,0.00012355523801208762,3.8269485402163524e-12,3.8269485402163523
4936,0.0001235630549430364,0.00012356305050240194,4.4406344543682204e-12,4.440634454368221
4937,0.0001235708680021088,0.00012357086299271625,5.009392548375331e-12,5.009392548375331
4938,0.00012357868107733597,0.00012357867548303057,5.594305390277746e-12,5.594305390277746
4939,0.0001235864941697801,0.0001235864879733449,6.196435172943852e-12,6.196435172943851
4940,0.00012359430722785758,0.0001235943004636592,6.764198375932435e-12,6.764198375932435
4941,0.00012360212024747696,0.00012360211295397354,7.293503409979916e-12,7.293503409979916
4942,0.00012360993335327412,0.00012360992544428785,7.908986253707407e-12,7.908986253707407
4943,0.00012361774639499737,0.00012361773793460217,8.460395188495893e-12,8.460395188495893
4944,0.00012362555939237447,0.00012362555042491648,8.96745797760516e-12,8.967457977605159
4945,0.00012363337246016801,0.0001236333629152308,9.544937204152363e-12,9.544937204152363
4946,0.000123641185499573,0.00012364117540554511,1.0094027870750586e-11,10.094027870750587
4947,0.00012364899848527422,0.00012364898789585943,1.0589414778244139e-11,10.589414778244139
4948,0.00012365681151808093,0.00012365680038617374,1.1131907180155996e-11,11.131907180155995
4949,0.00012366462454365513,0.00012366461287648806,1.1667167059110582e-11,11.667167059110582
4950,0.00012367243754584923,0.00012367242536680237,1.2179046850051984e-11,12.179046850051984
4951,0.00012368025051504486,0.0001236802378571167,1.2657928161827215e-11,12.657928161827215
4952,0.00012368806354085031,0.00012368805034743103,1.3193419274000138e-11,13.193419274000139
4953,0.0001236958765319773,0.00012369586283774532,1.3694231962845677e-11,13.694231962845677
4954,0.00012370368947204577,0.00012370367532805966,1.4143986101941922e-11,14.143986101941922
4955,0.00012371150248318045,0.00012371148781837397,1.466480646794313e-11,14.664806467943128
4956,0.00012371931546703262,0.0001237193003086883,1.5158344322841617e-11,15.158344322841616
4957,0.000123727128395969,0.0001237271127990026,1.5596966389026813e-11,15.596966389026813
4958,0.0001237349413658905,0.00012373492528931692,1.6076573574156523e-11,16.076573574156523
4959,0.00012374275435416082,0.00012374273777963123,1.6574529580012943e-11,16.574529580012943
4960,0.00012375056729012484,0.00012375055026994555,1.7020179282049864e-11,17.020179282049863
4961,0.00012375838019835754,0.00012375836276025986,1.7438097667494765e-11,17.438097667494766
4962,0.00012376619317585797,0.00012376617525057418,1.7925283778175855e-11,17.925283778175856
4963,0.00012377400611852094,0.0001237739877408885,1.8377632440175912e-11,18.377632440175912
4964,0.00012378181900667476,0.0001237818002312028,1.877547194348747e-11,18.775471943487467
4965,0.00012378963195952759,0.00012378961272151715,1.9238010425395522e-11,19.238010425395522
4966,0.00012379744489327688,0.00012379742521183144,1.9681445427654707e-11,19.681445427654708
4967,0.00012380525779093923,0.00012380523770214578,2.008879343822907e-11,20.088793438229068
4968,0.00012381307068721852,0.0001238130501924601,2.0494758413407156e-11,20.494758413407155
4969,0.00012382088362097982,0.0001238208626827744,2.0938205396100346e-11,20.938205396100347
4970,0.0001238286965261933,0.00012382867517308872,2.1353104576650473e-11,21.353104576650473
4971,0.00012383650938872328,0.00012383648766340304,2.1725320235552887e-11,21.725320235552886
4972,0.00012384432230837084,0.00012384430015371735,2.2154653480940476e-11,22.154653480940475
4973,0.0001238521352106831,0.00012385211264403167,2.2566651417792195e-11,22.566651417792194
4974,0.0001238599480711487,0.00012385992513434598,2.2936802701548088e-11,22.93680270154809
4975,0.0001238677609512573,0.0001238677376246603,2.3326596991058932e-11,23.32659699105893
4976,0.00012387557384830429,0.00012387555011497464,2.3733329635585247e-11,23.733329635585246
4977,0.0001238833867215704,0.00012388336260528893,2.4116281470975427e-11,24.116281470975427
4978,0.0001238911995483295,0.00012389117509560327,2.4452726210231352e-11,24.45272621023135
4979,0.00012389901244517584,0.00012389898758591758,2.4859258250250702e-11,24.8592582502507
4980,0.0001239068253178215,0.0001239068000762319,2.524158959673757e-11,25.24158959673757
4981,0.0001239146381473784,0.00012391461256654621,2.5580832173909702e-11,25.5808321739097
4982,0.00012392245099948648,0.00012392242505686053,2.59426259394291e-11,25.9426259394291
4983,0.00012393026387181336,0.00012393023754717484,2.63246385033722e-11,26.3246385033722
4984,0.0001239380767171257,0.00012393805003748916,2.6679636543884567e-11,26.679636543884566
4985,0.00012394588952029803,0.00012394586252780347,2.6992494546193233e-11,26.99249454619323
4986,0.0001239537023882304,0.0001239536750181178,2.7370112594785762e-11,27.370112594785763
4987,0.00012396151523603357,0.0001239614875084321,2.7727601454264143e-11,27.727601454264143
4988,0.00012396932804799857,0.00012396929999874642,2.8049252146456286e-11,28.049252146456286
4989,0.00012397714086469133,0.00012397711248906076,2.837563055643166e-11,28.375630556431663
4990,0.000123984953714682,0.00012398492497937505,2.8735306929318303e-11,28.735306929318302
4991,0.0001239927665368953,0.0001239927374696894,2.9067205907020594e-11,29.067205907020593
4992,0.00012400057929245096,0.0001240005499600037,2.9332447240691684e-11,29.332447240691685
4993,0.00012400837949444766,0.00012400836245031802,1.704412963330072e-11,17.04412963330072
4994,0.00012401618307515376,0.00012401617494063233,8.134521420421701e-12,8.1345214204217
4995,0.00012402398889139137,0.00012402398743094665,1.4604447102956865e-12,1.4604447102956866
4996,0.00012403179674038567,0.00012403179992126096,-3.1808753057402265e-12,-3.1808753057402264
4997,0.00012403960543678181,0.00012403961241157528,-6.974793474732651e-12,-6.974793474732651
4998,0.00012404741480059745,0.0001240474249018896,-1.0101292154908794e-11,-10.101292154908794
4999,0.0001240552246616952,0.0001240552373922039,-1.2730508715088825e-11,-12.730508715088826
5000,0.00012406303494260444,0.00012406304988251822,-1.4939913791515632e-11,-14.939913791515632
5001,0.00012407084556333294,0.00012407086237283254,-1.680949960363476e-11,-16.809499603634762
5002,0.00012407865647447449,0.00012407867486314688,-1.8388672404189692e-11,-18.38867240418969
5003,0.00012408646762707018,0.00012408648735346117,-1.9726390995687323e-11,-19.72639099568732
5004,0.0001240942789803327,0.0001240942998437755,-2.0863442819911068e-11,-20.863442819911068
5005,0.00012410209054303223,0.00012410211233408982,-2.1791057602857366e-11,-21.791057602857364
5006,0.00012410990231377804,0.00012410992482440414,-2.2510626104862973e-11,-22.510626104862972
5007,0.00012411771420701892,0.00012411773731471845,-2.3107699548067367e-11,-23.107699548067366
5008,0.0001241255262287419,0.00012412554980503277,-2.3576290886758918e-11,-23.57629088675892
5009,0.0001241333383469684,0.00012413336229534708,-2.3948378691120142e-11,-23.94837869112014
5010,0.0001241411505804157,0.0001241411747856614,-2.4205245701421062e-11,-24.205245701421063
5011,0.00012414896296325192,0.0001241489872759757,-2.431272380119183e-11,-24.312723801191833
5012,0.00012415677539400087,0.00012415679976629003,-2.4372289163816773e-11,-24.372289163816774
5013,0.00012416458789482512,0.00012416461225660437,-2.4361779260322405e-11,-24.361779260322404
5014,0.0001241724004445799,0.00012417242474691866,-2.430233877068268e-11,-24.302338770682677
5015,0.00012418021313658154,0.000124180237237233,-2.4100651471008887e-11,-24.100651471008888
5016,0.00012418802584815297,0.0001241880497275473,-2.3879394349226787e-11,-23.879394349226786
5017,0.00012419583858861395,0.00012419586221786163,-2.3629247684776854e-11,-23.629247684776853
5018,0.00012420365139471083,0.00012420367470817594,-2.331346512842307e-11,-23.313465128423072
5019,0.00012421146426238718,0.00012421148719849026,-2.293610308706852e-11,-22.93610308706852
5020,0.00012421927714701317,0.00012421929968880457,-2.2541791414995906e-11,-22.541791414995906
5021,0.00012422709003224276,0.0001242271121791189,-2.2146876140468815e-11,-22.146876140468816
5022,0.0001242349030305957,0.0001242349246694332,-2.1638837515194203e-11,-21.638837515194204
5023,0.00012424271602570972,0.00012424273715974752,-2.113403780838462e-11,-21.13403780838462
5024,0.00012425052900849482,0.00012425054965006183,-2.0641567025264292e-11,-20.641567025264294
5025,0.00012425834206759997,0.00012425836214037615,-2.0072776188351573e-11,-20.072776188351572
5026,0.00012426615513018617,0.0001242661746306905,-1.950050433062871e-11,-19.500504330628708
5027,0.00012427396817913305,0.00012427398712100478,-1.8941871736235712e-11,-18.94187173623571
5028,0.0001242817812750136,0.00012428179961131912,-1.8336305520573806e-11,-18.336305520573806
5029,0.0001242895943980785,0.00012428961210163343,-1.7703554941210844e-11,-17.703554941210843
5030,0.00012429740750342268,0.00012429742459194775,-1.7088525077151017e-11,-17.08852507715102
5031,0.0001243052206107453,0.00012430523708226206,-1.647151676096684e-11,-16.47151676096684
5032,0.00012431303377877343,0.00012431304957257638,-1.5793802962258188e-11,-15.793802962258187
5033,0.00012432084692324283,0.0001243208620628907,-1.5139647873870637e-11,-15.139647873870636
5034,0.00012432866003352235,0.000124328674553205,-1.4519682667311547e-11,-14.519682667311548
5035,0.00012433647323480953,0.00012433648704351932,-1.3808709801444568e-11,-13.808709801444568
5036,0.0001243442864037929,0.00012434429953383364,-1.3130040739306794e-11,-13.130040739306795
5037,0.0001243520995270369,0.00012435211202414795,-1.2497111049744938e-11,-12.497111049744937
5038,0.00012435991273295006,0.00012435992451446227,-1.1781512218468614e-11,-11.781512218468615
5039,0.00012436772591555448,0.0001243677370047766,-1.1089222134702525e-11,-11.089222134702524
5040,0.00012437553904573952,0.0001243755494950909,-1.0449351382832416e-11,-10.449351382832416
5041,0.00012438335224887985,0.00012438336198540524,-9.736525398612224e-12,-9.736525398612224
5042,0.00012439116543705453,0.00012439117447571955,-9.03866503644961e-12,-9.038665036449611
5043,0.00012439897856944562,0.00012439898696603387,-8.396588258419146e-12,-8.396588258419145
5044,0.00012440679176149057,0.00012440679945634818,-7.69485761976141e-12,-7.69485761976141
5045,0.00012441460494587878,0.0001244146119466625,-7.000783725265985e-12,-7.000783725265984
5046,0.0001244224181017444,0.0001244224244369768,-6.335232425213113e-12,-6.335232425213113
5047,0.0001244302312518175,0.00012443023692729113,-5.675473637897071e-12,-5.6754736378970705
5048,0.00012443804443597564,0.00012443804941760544,-4.981629811102647e-12,-4.981629811102647
5049,0.00012444585758206335,0.00012444586190791976,-4.32585641544739e-12,-4.32585641544739
5050,0.00012445367070942768,0.0001244536743982341,-3.688806432369437e-12,-3.6888064323694367
5051,0.00012446148389986752,0.00012446148688854839,-2.988680873712903e-12,-2.9886808737129034
5052,0.00012446929704231928,0.00012446929937886273,-2.3365434584632936e-12,-2.336543458463294
5053,0.00012447711014648282,0.00012447711186917704,-1.722694236359195e-12,-1.722694236359195
5054,0.00012448492332266703,0.00012448492435949136,-1.0368243370726414e-12,-1.0368243370726413
5055,0.00012449273645921485,0.00012449273684980567,-3.9059083633308437e-13,-0.3905908363330844
5056,0.00012450054954118227,0.00012450054934012,2.0106227363523929e-13,0.2010622736352393
5057,0.0001245083626722811,0.0001245083618304343,8.418467910963186e-13,0.8418467910963187
5058,0.0001245161758006335,0.00012451617432074862,1.4798848618241663e-12,1.4798848618241662
5059,0.00012452398888191204,0.00012452398681106293,2.070849096837147e-12,2.070849096837147
5060,0.00012453180199991965,0.00012453179930137725,2.6985423880614958e-12,2.6985423880614956
5061,0.00012453961511407026,0.00012453961179169156,3.322378684267336e-12,3.322378684267336
5062,0.00012454742818053158,0.00012454742428200588,3.898525697395098e-12,3.898525697395098
5063,0.00012455524127446828,0.00012455523677232022,4.5021480469819554e-12,4.502148046981955
5064,0.00012456305438177535,0.0001245630492626345,5.119140831970013e-12,5.119140831970013
5065,0.00012457086744463734,0.00012457086175294885,5.691688483620503e-12,5.691688483620503
5066,0.00012457868049189905,0.00012457867424326316,6.248635875471751e-12,6.248635875471751
5067,0.0001245864935886471,0.00012458648673357748,6.855069615501972e-12,6.855069615501972
5068,0.00012459430664893772,0.0001245942992238918,7.425045919070087e-12,7.425045919070087
5069,0.00012460211965937068,0.0001246021117142061,7.945164562320207e-12,7.9451645623202065
5070,0.0001246099327523589,0.00012460992420452042,8.547838478951628e-12,8.547838478951629
5071,0.00012461774579371304,0.00012461773669483474,9.098878297110492e-12,9.098878297110492
5072,0.00012462555880609754,0.00012462554918514905,9.620948477166031e-12,9.620948477166031
5073,0.0001246333718447295,0.00012463336167546337,1.0169266134720326e-11,10.169266134720326
5074,0.00012464118488257397,0.00012464117416577768,1.0716796282026637e-11,10.716796282026637
5075,0.0001246489978806521,0.000124648986656092,1.1224560089155578e-11,11.224560089155577
5076,0.0001246568108861742,0.00012465679914640634,1.1739767838665425e-11,11.739767838665426
5077,0.00012466462391728082,0.00012466461163672063,1.228056018446577e-11,12.28056018446577
5078,0.00012467243691689615,0.00012467242412703497,1.2789861173434861e-11,12.789861173434861
5079,0.00012468024986926415,0.00012468023661734928,1.3251914854341488e-11,13.251914854341488
5080,0.00012468806289870016,0.0001246880491076636,1.379103655301425e-11,13.79103655301425
5081,0.00012469587589257814,0.0001246958615979779,1.4294600215137091e-11,14.294600215137091
5082,0.00012470368883040682,0.00012470367408829223,1.474211458228036e-11,14.742114582280362
5083,0.0001247115018259088,0.00012471148657860654,1.5247302243732314e-11,15.247302243732314
5084,0.0001247193148068759,0.00012471929906892086,1.5737955036649818e-11,15.737955036649819
5085,0.0001247271277535547,0.00012472711155923517,1.6194319529286653e-11,16.194319529286652
5086,0.00012473494069804123,0.00012473492404954949,1.6648491738025668e-11,16.64849173802567
5087,0.00012474275367880817,0.00012474273653986383,1.7138944333012022e-11,17.13894433301202
5088,0.00012475056662776188,0.00012475054903017812,1.7597583752857274e-11,17.597583752857275
5089,0.00012475837952858747,0.00012475836152049246,1.8008095004585027e-11,18.008095004585027
5090,0.00012476619249940913,0.00012476617401080677,1.8488602348568443e-11,18.488602348568442
5091,0.00012477400544429526,0.0001247739865011211,1.894317416712318e-11,18.943174167123182
5092,0.0001247818183381625,0.0001247817989914354,1.9346727090623084e-11,19.346727090623084
5093,0.00012478963127096087,0.00012478961148174972,1.9789211139156782e-11,19.789211139156784
5094,0.00012479744420616242,0.00012479742397206403,2.0234098376015903e-11,20.234098376015904
5095,0.00012480525710865397,0.00012480523646237835,2.0646275612801896e-11,20.646275612801897
5096,0.0001248130699804688,0.00012481304895269266,2.1027776135163987e-11,21.027776135163986
5097,0.0001248208829271843,0.00012482086144300698,2.1484177300939306e-11,21.484177300939308
5098,0.00012482869583659893,0.0001248286739333213,2.1903277629382543e-11,21.903277629382544
5099,0.0001248365086911071,0.0001248364864236356,2.226747149325117e-11,22.267471493251172
5100,0.0001248443216052352,0.00012484429891394995,2.2691285255114017e-11,22.691285255114018
5101,0.00012485213450614806,0.00012485211140426423,2.3101883812221708e-11,23.101883812221708
5102,0.000124859947379939,0.00012485992389457858,2.348536040146337e-11,23.48536040146337
5103,0.0001248677602279821,0.0001248677363848929,2.3843089194882523e-11,23.843089194882523
5104,0.00012487557313801802,0.0001248755488752072,2.4262810798275648e-11,24.26281079827565
5105,0.000124883386017511,0.00012488336136552152,2.4651989477792955e-11,24.651989477792956
5106,0.00012489119884363675,0.00012489117385583584,2.4987800907454878e-11,24.98780090745488
5107,0.00012489901173077663,0.00012489898634615015,2.5384626464894725e-11,25.384626464894726
5108,0.00012490682460617651,0.00012490679883646447,2.576971203726541e-11,25.76971203726541
5109,0.00012491463744165144,0.00012491461132677878,2.6114872650680893e-11,26.114872650680894
5110,0.00012492245026317334,0.0001249224238170931,2.644608023265779e-11,26.446080232657792
5111,0.00012493026314786362,0.0001249302363074074,2.6840456197919233e-11,26.840456197919234
5112,0.00012493807599913887,0.00012493804879772172,2.7201417133539835e-11,27.201417133539834
5113,0.00012494588879888473,0.00012494586128803607,2.7510848650407633e-11,27.510848650407635
5114,0.0001249537016596833,0.00012495367377835035,2.7881332946860805e-11,27.881332946860805
5115,0.00012496151450747163,0.0001249614862686647,2.8238806925664368e-11,28.238806925664367
5116,0.00012496932732955523,0.000124969298758979,2.8570576205681775e-11,28.570576205681775
5117,0.00012497714012259524,0.00012497711124929333,2.8873301905007696e-11,28.873301905007697
5118,0.00012498495298439576,0.00012498492373960764,2.924478811268846e-11,29.24478811268846
5119,0.00012499276581375463,0.00012499273622992196,2.958383266033379e-11,29.58383266033379
5120,0.00012500057857934348,0.00012500054872023627,2.985910720090906e-11,29.85910720090906
5121,0.0001250083787187033,0.00012500836121055059,1.750815271324356e-11,17.508152713243557
5122,0.00012501618218533362,0.0001250161737008649,8.484468705113544e-12,8.484468705113544
5123,0.00012502398793134202,0.00012502398619117921,1.7401627992647808e-12,1.7401627992647808
5124,0.0001250317956725377,0.00012503179868149356,-3.0089558609141968e-12,-3.0089558609141966
5125,0.00012503960427744006,0.00012503961117180784,-6.894367791258545e-12,-6.894367791258546
5126,0.0001250474135483978,0.0001250474236621222,-1.0113724403065088e-11,-10.113724403065088
5127,0.0001250552233345327,0.0001250552361524365,-1.2817903812757993e-11,-12.817903812757994
5128,0.0001250630335346131,0.00012506304864275082,-1.5108137733236745e-11,-15.108137733236745
5129,0.00012507084408087038,0.00012507086113306513,-1.7052194763393635e-11,-17.052194763393636
5130,0.00012507865492097648,0.00012507867362337945,-1.8702402972406775e-11,-18.702402972406777
5131,0.00012508646600999462,0.00012508648611369376,-2.01036991521939e-11,-20.1036991521939
5132,0.00012509427731568153,0.00012509429860400808,-2.1288326553792885e-11,-21.288326553792885
5133,0.00012510208879465133,0.0001251021110943224,-2.229967107212383e-11,-22.29967107212383
5134,0.00012510990045753285,0.0001251099235846367,-2.3127103866714046e-11,-23.127103866714044
5135,0.00012511771232016032,0.00012511773607495102,-2.3754790706935468e-11,-23.75479070693547
5136,0.00012512552428968786,0.00012512554856526533,-2.4275577489774382e-11,-24.27557748977438
5137,0.00012513333637494093,0.00012513336105557968,-2.4680638755336647e-11,-24.68063875533665
5138,0.0001251411485453941,0.00012514117354589396,-2.5000499863422886e-11,-25.000499863422885
5139,0.0001251489608331193,0.0001251489860362083,-2.5203089029568806e-11,-25.203089029568805
5140,0.00012515677324493175,0.00012515679852652262,-2.5281590877603e-11,-25.281590877602998
5141,0.00012516458571297542,0.00012516461101683694,-2.5303861528638132e-11,-25.303861528638134
5142,0.00012517239823612604,0.00012517242350715125,-2.527102521901191e-11,-25.27102521901191
5143,0.0001251802108142033,0.00012518023599746557,-2.5183262278650672e-11,-25.183262278650673
5144,0.00012518802351134536,0.00012518804848777988,-2.4976434532531638e-11,-24.976434532531638
5145,0.00012519583623707637,0.0001251958609780942,-2.4741017838797093e-11,-24.741017838797095
5146,0.00012520364896044715,0.0001252036734684085,-2.4507961371876887e-11,-24.50796137187689
5147,0.00012521146179622777,0.00012521148595872282,-2.4162495067658873e-11,-24.162495067658874
5148,0.00012521927466232908,0.00012521929844903714,-2.3786708073905346e-11,-23.786708073905345
5149,0.00012522708754973585,0.00012522711093935145,-2.3389615612995687e-11,-23.389615612995687
5150,0.0001252349004384341,0.0001252349234296658,-2.299123170466827e-11,-22.99123170466827
5151,0.00012524271342377746,0.00012524273591998008,-2.2496202638101747e-11,-22.496202638101746
5152,0.00012525052640521058,0.00012525054841029443,-2.200508385509051e-11,-22.005083855090508
5153,0.0001252583393812131,0.00012525836090060874,-2.151939565102587e-11,-21.51939565102587
5154,0.0001252661524252847,0.00012526617339092306,-2.0965638361436836e-11,-20.965638361436834
5155,0.00012527396548454089,0.00012527398588123737,-2.039669649516149e-11,-20.39669649516149
5156,0.00012528177850717228,0.00012528179837155169,-1.9864379411953572e-11,-19.86437941195357
5157,0.0001252895916013932,0.000125289610861866,-1.9260472811662143e-11,-19.260472811662144
5158,0.00012529740471011578,0.00012529742335218031,-1.8642064546527797e-11,-18.6420645465278
5159,0.00012530521779263317,0.00012530523584249463,-1.804986147500748e-11,-18.04986147500748
5160,0.00012531303089719132,0.00012531304833280894,-1.743561763041765e-11,-17.435617630417653
5161,0.00012532084404505485,0.00012532086082312329,-1.6778068447129135e-11,-16.778068447129133
5162,0.0001253286571702688,0.00012532867331343757,-1.6143168789324926e-11,-16.143168789324925
5163,0.00012533647027337944,0.00012533648580375192,-1.5530372490160637e-11,-15.530372490160637
5164,0.00012534428345300423,0.0001253442982940662,-1.4841061983699918e-11,-14.841061983699918
5165,0.00012535209659914336,0.00012535211078438055,-1.4185237196861685e-11,-14.185237196861685
5166,0.00012535990971723757,0.00012535992327469486,-1.3557457304988809e-11,-13.557457304988809
5167,0.00012536772289845646,0.00012536773576500918,-1.2866552723178939e-11,-12.86655272317894
5168,0.00012537553605705137,0.0001253755482553235,-1.2198272133892215e-11,-12.198272133892216
5169,0.00012538334918666796,0.0001253833607456378,-1.1558969856326195e-11,-11.558969856326195
5170,0.0001253911623668975,0.00012539117323595212,-1.0869054636103772e-11,-10.869054636103773
5171,0.0001253989755292616,0.00012539898572626643,-1.0197004845069457e-11,-10.197004845069456
5172,0.0001254067886462764,0.00012540679821658075,-9.570304357774453e-12,-9.570304357774452
5173,0.00012541460182340634,0.00012541461070689506,-8.883488736037894e-12,-8.883488736037894
5174,0.00012542241498971184,0.0001254224231972094,-8.207497571950997e-12,-8.207497571950997
5175,0.00012543022811407618,0.0001254302356875237,-7.573447522074202e-12,-7.573447522074202
5176,0.00012543804126526886,0.00012543804817783804,-6.912569187594852e-12,-6.912569187594852
5177,0.00012544585442802824,0.00012544586066815235,-6.2401241235535025e-12,-6.240124123553502
5178,0.00012545366755684656,0.00012545367315846667,-5.601620116942029e-12,-5.601620116942029
5179,0.00012546148067660274,0.00012546148564878098,-4.97217825155895e-12,-4.97217825155895
5180,0.00012546929383891128,0.0001254692981390953,-4.3001840258859745e-12,-4.300184025885975
5181,0.0001254771069660337,0.0001254771106294096,-3.663375928312703e-12,-3.663375928312703
5182,0.00012548492004867397,0.00012548492311972392,-3.071049962476135e-12,-3.0710499624761347
5183,0.00012549273321143514,0.00012549273561003824,-2.398603109501201e-12,-2.398603109501201
5184,0.00012550054632531072,0.00012550054810035255,-1.775041848281466e-12,-1.775041848281466
5185,0.00012550835938230165,0.00012550836059066687,-1.2083652327101478e-12,-1.2083652327101477
5186,0.0001255161725148357,0.00012551617308098118,-5.661455026232407e-13,-0.5661455026232407
5187,0.00012552398562802627,0.00012552398557129553,5.6730732558863594e-14,0.05673073255886359
5188,0.0001255317986809274,0.0001255317980616098,6.193175749052406e-13,0.6193175749052406
5189,0.00012553961178586007,0.00012553961055192416,1.2339359029254462e-12,1.2339359029254462
5190,0.0001255474248927899,0.00012554742304223847,1.850551412662533e-12,1.8505514126625329
5191,0.0001255552379455902,0.00012555523553255278,2.4130373971018145e-12,2.4130373971018146
5192,0.0001255630510157167,0.0001255630480228671,2.992849582778718e-12,2.992849582778718
5193,0.0001255708641069831,0.00012557086051318141,3.5938016779400152e-12,3.5938016779400153
5194,0.00012557867716348986,0.00012557867300349573,4.159994115926156e-12,4.159994115926156
5195,0.00012558649018372227,0.00012558648549381004,4.6899122120920685e-12,4.689912212092069
5196,0.00012559430327399327,0.00012559429798412436,5.289868901238807e-12,5.2898689012388065
5197,0.00012560211632490153,0.00012560211047443867,5.850462844466884e-12,5.850462844466884
5198,0.00012560992932068144,0.000125609922964753,6.3559284411457536e-12,6.355928441145753
5199,0.00012561774238685334,0.0001256177354550673,6.9317860265035704e-12,6.931786026503571
5200,0.000125625555424672,0.00012562554794538165,7.479290342693121e-12,7.479290342693122
5201,0.00012563336843179822,0.00012563336043569593,7.996102277737378e-12,7.996102277737378
5202,0.00012564118144943424,0.00012564117292601027,8.523423953645676e-12,8.523423953645677
5203,0.0001256489944744886,0.0001256489854163246,9.058164011868664e-12,9.058164011868664
5204,0.00012565680747082868,0.0001256567979066389,9.564189761599948e-12,9.564189761599948
5205,0.00012566462044390556,0.00012566461039695322,1.0046952327417297e-11,10.046952327417298
5206,0.0001256724334721008,0.00012567242288726753,1.0584833265123867e-11,10.584833265123867
5207,0.0001256802464651967,0.00012568023537758185,1.1087614838009586e-11,11.087614838009586
5208,0.00012568805940617222,0.00012568804786789616,1.1538276047748387e-11,11.538276047748386
5209,0.00012569587241842176,0.00012569586035821048,1.2060211271738506e-11,12.060211271738506
5210,0.00012570368540413347,0.0001257036728485248,1.2555608668888078e-11,12.555608668888077
5211,0.0001257114983394438,0.00012571148533883914,1.3000604651225099e-11,13.000604651225098
5212,0.00012571931131224835,0.00012571929782915342,1.3483094919666828e-11,13.483094919666827
5213,0.00012572712428795518,0.00012572711031946776,1.396848740758892e-11,13.96848740758892
5214,0.00012573493723356657,0.00012573492280978208,1.4423784476081889e-11,14.42378447608189
5215,0.00012574275014534084,0.0001257427353000964,1.484524443502827e-11,14.845244435028269
5216,0.00012575056312625992,0.0001257505477904107,1.533584919778953e-11,15.335849197789532
5217,0.00012575837607100627,0.00012575836028072502,1.5790281235579182e-11,15.790281235579183
5218,0.00012576618896288725,0.00012576617277103934,1.6191847900699092e-11,16.19184790069909
5219,0.0001257740019159792,0.00012577398526135365,1.665462553050134e-11,16.65462553050134
5220,0.0001257818148526807,0.00012578179775166797,1.710101273396104e-11,17.101012733961042
5221,0.0001257896277526138,0.00012578961024198228,1.7510631497565458e-11,17.51063149756546
5222,0.00012579744065174085,0.0001257974227322966,1.7919444238169794e-11,17.919444238169795
5223,0.00012580525358915436,0.0001258052352226109,1.8366543437196165e-11,18.366543437196164
5224,0.0001258130664961349,0.00012581304771292525,1.8783209623341955e-11,18.783209623341953
5225,0.00012582087935475984,0.00012582086020323954,1.9151520284174673e-11,19.151520284174673
5226,0.00012582869227979827,0.00012582867269355388,1.958624437249924e-11,19.58624437249924
5227,0.00012583650518286095,0.0001258364851838682,1.9998992739884645e-11,19.998992739884645
5228,0.00012584431804374223,0.00012584429767418251,2.036955970675347e-11,20.369559706753467
5229,0.00012585213092165416,0.00012585211016449683,2.0757157321347695e-11,20.757157321347695
5230,0.00012585994382443107,0.00012585992265481114,2.1169619920145486e-11,21.169619920145486
5231,0.00012586775669895842,0.00012586773514512546,2.155383295371281e-11,21.55383295371281
5232,0.00012587556952776011,0.00012587554763543977,2.1892320329861698e-11,21.892320329861697
5233,0.0001258833824283765,0.0001258833601257541,2.2302622411885324e-11,22.302622411885324
5234,0.00012589119530308392,0.0001258911726160684,2.2687015504328443e-11,22.687015504328443
5235,0.0001258990081339263,0.00012589898510638272,2.3027543565806383e-11,23.027543565806383
5236,0.00012590682098918507,0.00012590679759669703,2.3392488022839023e-11,23.39248802283902
5237,0.00012591463386147096,0.00012591461008701137,2.377445957683495e-11,23.77445957683495
5238,0.00012592244670710603,0.00012592242257732566,2.4129780357229012e-11,24.129780357229013
5239,0.0001259302595103722,0.00012593023506764,2.4442732197235707e-11,24.442732197235706
5240,0.0001259380723851594,0.00012593804755795432,2.4827205059853667e-11,24.827205059853668
5241,0.0001259458852346077,0.00012594586004826863,2.5186339060603522e-11,25.186339060603522
5242,0.00012595369804282167,0.00012595367253858295,2.5504238711434463e-11,25.504238711434464
5243,0.0001259615108675698,0.00012596148502889726,2.583867252671097e-11,25.838672526710972
5244,0.00012596932371874883,0.00012596929751921158,2.6199537239388766e-11,26.199537239388764
5245,0.00012597713654488485,0.0001259771100095259,2.6535358941866272e-11,26.53535894186627
5246,0.00012598494932729797,0.0001259849224998402,2.6827457752283413e-11,26.82745775228341
5247,0.00012599276216987643,0.00012599273499015452,2.7179721895702694e-11,27.179721895702695
5248,0.00012600057498557594,0.00012600054748046886,2.7505107068067856e-11,27.505107068067854
5249,0.00012600837533532748,0.00012600835997078315,1.5364544315902782e-11,15.364544315902782
5250,0.0001260161790981736,0.0001260161724610975,6.6370761048893786e-12,6.6370761048893785
5251,0.00012602398524164726,0.0001260239849514118,2.902354357622296e-13,0.2902354357622296
5252,0.00012603179329811066,0.00012603179744172612,-4.143615474359515e-12,-4.143615474359516
5253,0.00012603960221204745,0.00012603960993204044,-7.719993003986793e-12,-7.719993003986794
5254,0.00012604741178452088,0.00012604742242235475,-1.063783388609191e-11,-10.63783388609191
5255,0.00012605522186876462,0.00012605523491266907,-1.304390445456999e-11,-13.04390445456999
5256,0.00012606303236091117,0.00012606304740298338,-1.5042072226222047e-11,-15.042072226222047
5257,0.00012607084318399828,0.0001260708598932977,-1.6709299427787235e-11,-16.709299427787236
5258,0.00012607865428455666,0.000126078672383612,-1.8099055359650425e-11,-18.099055359650425
5259,0.00012608646562726,0.00012608648487392633,-1.9246666337252224e-11,-19.246666337252226
5260,0.00012609427717602068,0.00012609429736424064,-2.0188219975693702e-11,-20.188219975693702
5261,0.00012610208888484524,0.00012610210985455498,-2.0969709757434953e-11,-20.969709757434952
5262,0.00012610990078371195,0.00012610992234486927,-2.1561157329776428e-11,-21.561157329776428
5263,0.0001261177128555754,0.00012611773483518361,-2.1979608221118346e-11,-21.979608221118344
5264,0.00012612552502918648,0.00012612554732549793,-2.229631145485195e-11,-22.29631145485195
5265,0.00012613333730742495,0.00012613335981581224,-2.2508387308691954e-11,-22.508387308691955
5266,0.0001261411496487507,0.00012614117230612656,-2.2657375877569915e-11,-22.657375877569915
5267,0.00012614896216413523,0.00012614898479644087,-2.2632305653895098e-11,-22.6323056538951
5268,0.00012615677473794634,0.0001261567972867552,-2.254880885934721e-11,-22.54880885934721
5269,0.00012616458735117907,0.0001261646097770695,-2.2425890446702695e-11,-22.425890446702695
5270,0.0001261724000197851,0.00012617242226738382,-2.2247598739133153e-11,-22.247598739133153
5271,0.00012618021282048412,0.00012618023475769813,-2.193721401882036e-11,-21.93721401882036
5272,0.0001261880256473451,0.00012618804724801245,-2.160066736456022e-11,-21.60066736456022
5273,0.00012619583847539297,0.00012619585973832676,-2.1262933807076808e-11,-21.26293380707681
5274,0.00012620365139882095,0.0001262036722286411,-2.0829820165554196e-11,-20.829820165554196
5275,0.0001262114643635771,0.0001262114847189554,-2.0355378309309587e-11,-20.355378309309586
5276,0.00012621927733753044,0.00012621929720926973,-1.9871739301561055e-11,-19.871739301561057
5277,0.00012622709032294291,0.00012622710969958405,-1.937664114421109e-11,-19.37664114421109
5278,0.00012623490340300247,0.00012623492218989836,-1.878689590480569e-11,-18.78689590480569
5279,0.00012624271647650287,0.00012624273468021268,-1.8203709817493282e-11,-18.203709817493284
5280,0.00012625052952491852,0.000126250547170527,-1.7645608482164803e-11,-17.645608482164803
5281,0.0001262583426724507,0.0001262583596608413,-1.6988390631060198e-11,-16.9883906310602
5282,0.00012626615581389227,0.00012626617215115562,-1.6337263366974693e-11,-16.337263366974693
5283,0.00012627396893025416,0.00012627398464146994,-1.571121578622796e-11,-15.71121578622796
5284,0.00012628178210191882,0.00012628179713178425,-1.502986543790752e-11,-15.029865437907521
5285,0.00012628959528727704,0.0001262896096220986,-1.4334821561938481e-11,-14.334821561938481
5286,0.0001262974084498347,0.00012629742211241288,-1.3662578186606269e-11,-13.662578186606268
5287,0.0001263052216366872,0.00012630523460272722,-1.2966040036098055e-11,-12.966040036098056
5288,0.00012631303485326805,0.00012631304709304154,-1.2239773495701158e-11,-12.239773495701158
5289,0.00012632084803439092,0.00012632085958335585,-1.1548964947098716e-11,-11.548964947098716
5290,0.0001263286612434946,0.00012632867207367017,-1.083017557987931e-11,-10.830175579879311
5291,0.00012633647447404553,0.00012633648456398448,-1.0089938958964666e-11,-10.089938958964666
5292,0.0001263442876743399,0.0001263442970542988,-9.379958897027032e-12,-9.379958897027032
5293,0.00012635210087866877,0.0001263521095446131,-8.665944356175253e-12,-8.665944356175252
5294,0.0001263599141213882,0.00012635992203492743,-7.913539246387826e-12,-7.913539246387826
5295,0.00012636772733002214,0.00012636773452524174,-7.19521960975965e-12,-7.195219609759651
5296,0.0001263755405215384,0.00012637554701555606,-6.494017655186273e-12,-6.494017655186273
5297,0.00012638335377012752,0.00012638335950587037,-5.73574286457239e-12,-5.73574286457239
5298,0.00012639116698112004,0.0001263911719961847,-5.0150646816432435e-12,-5.015064681643244
5299,0.00012639898015383324,0.000126398984486499,-4.332665774296739e-12,-4.332665774296739
5300,0.0001264067934026481,0.00012640679697681334,-3.5741652527905447e-12,-3.5741652527905448
5301,0.00012641460661108475,0.00012641460946712766,-2.856042913852707e-12,-2.856042913852707
5302,0.00012642241976858892,0.00012642242195744197,-2.188853059056558e-12,-2.188853059056558
5303,0.0001264302330064157,0.0001264302344477563,-1.441340601307852e-12,-1.441340601307852
5304,0.00012643804620944468,0.0001264380469380706,-7.286259375457203e-13,-0.7286259375457202
5305,0.00012644585934875683,0.00012644585942838492,-7.962810073708563e-14,-0.07962810073708562
5306,0.00012645367257648163,0.00012645367191869923,6.577823845846494e-13,0.6577823845846494
5307,0.00012646148576748802,0.00012646148440901355,1.358474465981361e-12,1.358474465981361
5308,0.0001264692988989644,0.00012646929689932786,1.999636529743954e-12,1.999636529743954
5309,0.00012647711209492715,0.00012647710938964218,2.7052849600570202e-12,2.7052849600570203
5310,0.0001264849252726192,0.0001264849218799565,3.3926626864099037e-12,3.3926626864099036
5311,0.0001264927384095243,0.00012649273437027083,4.039253458870349e-12,4.039253458870349
5312,0.00012650055154162114,0.00012650054686058512,4.6810360115362556e-12,4.681036011536255
5313,0.00012650836469591076,0.00012650835935089946,5.345011288206148e-12,5.345011288206148
5314,0.00012651617781572711,0.00012651617184121378,5.9745133268098e-12,5.9745133268098005
5315,0.00012652399094087013,0.0001265239843315281,6.609342023581819e-12,6.609342023581819
5316,0.00012653180409214203,0.0001265317968218424,7.2702996132399785e-12,7.270299613239978
5317,0.0001265396172054383,0.00012653960931215672,7.8932815581339e-12,7.8932815581339
5318,0.00012654743028712756,0.00012654742180247104,8.484656516034873e-12,8.484656516034873
5319,0.00012655524343153343,0.00012655523429278535,9.138748070175116e-12,9.138748070175115
5320,0.0001265630565328801,0.00012656304678309967,9.74978042661488e-12,9.74978042661488
5321,0.00012657086958410918,0.00012657085927341398,1.0310695185265795e-11,10.310695185265795
5322,0.00012657868270803626,0.00012657867176372832,1.0944307922196318e-11,10.944307922196318
5323,0.0001265864958013412,0.0001265864842540426,1.1547298588492431e-11,11.547298588492431
5324,0.00012659430884611006,0.00012659429674435695,1.2101753101393537e-11,12.101753101393538
5325,0.00012660212192899052,0.00012660210923467127,1.2694319245116365e-11,12.694319245116365
5326,0.00012660993500628132,0.00012660992172498558,1.3281295730328836e-11,13.281295730328836
5327,0.00012661774803788842,0.0001266177342152999,1.3822588516746946e-11,13.822588516746945
5328,0.00012662556108711446,0.0001266255467056142,1.4381500238989248e-11,14.381500238989249
5329,0.00012663337415237476,0.00012663335919592853,1.495644622716044e-11,14.95644622716044
5330,0.0001266411871838868,0.00012664117168624284,1.5497643956153077e-11,15.497643956153077
5331,0.00012664900017882974,0.00012664898417655716,1.6002272575859842e-11,16.00227257585984
5332,0.00012665681324276656,0.00012665679666687147,1.657589507843908e-11,16.57589507843908
5333,0.00012666462626685182,0.00012666460915718579,1.710966602255019e-11,17.10966602255019
5334,0.00012667243924804008,0.0001266724216475001,1.7600539965605828e-11,17.60053996560583
5335,0.00012668025227737274,0.00012668023413781444,1.8139558285601443e-11,18.139558285601442
5336,0.00012668806529110324,0.00012668804662812873,1.8662974502654123e-11,18.662974502654123
5337,0.00012669587825368952,0.00012669585911844307,1.913524643667072e-11,19.13524643667072
5338,0.0001267036912503543,0.0001267036716087574,1.9641596904952664e-11,19.641596904952664
5339,0.00012671150425282377,0.0001267114840990717,2.0153752056140823e-11,20.153752056140824
5340,0.00012671931722281243,0.00012671929658938602,2.063342640759512e-11,20.63342640759512
5341,0.0001267271301713366,0.00012672710907970033,2.1091636266539632e-11,21.091636266539634
5342,0.00012673494317305245,0.00012673492157001465,2.1603037788797697e-11,21.603037788797696
5343,0.00012674275613634158,0.00012674273406032896,2.2076012611082716e-11,22.076012611082717
5344,0.00012675056905092554,0.00012675054655064328,2.2500282252854038e-11,22.50028225285404
5345,0.00012675838203048535,0.0001267583590409576,2.2989527751351655e-11,22.989527751351655
5346,0.00012676619498742453,0.0001267661715312719,2.345615261835286e-11,23.45615261835286
5347,0.00012677400790640504,0.00012677398402158622,2.388481880835383e-11,23.884818808353828
5348,0.00012678182083408028,0.00012678179651190056,2.4322179703466935e-11,24.322179703466936
5349,0.00012678963379113433,0.00012678960900221485,2.478891946879337e-11,24.78891946879337
5350,0.00012679744671701893,0.0001267974214925292,2.5224489722703453e-11,25.224489722703453
5351,0.00012680525959570687,0.0001268052339828435,2.5612863355002636e-11,25.612863355002634
5352,0.00012681307254647708,0.00012681304647315782,2.607331924716767e-11,26.07331924716767
5353,0.00012682088546946753,0.00012682085896347214,2.650599538600863e-11,26.50599538600863
5354,0.00012682869834427417,0.00012682867145378645,2.6890487710055586e-11,26.890487710055588
5355,0.0001268365112546246,0.00012683648394410077,2.7310523813393895e-11,27.310523813393896
5356,0.00012684432417072104,0.00012684429643441508,2.7736305944300888e-11,27.736305944300888
5357,0.0001268521370597858,0.0001268521089247294,2.8135056394277767e-11,28.13505639427777
5358,0.00012685994990803022,0.0001268599214150437,2.8492986496935294e-11,28.492986496935295
5359,0.00012686776283220055,0.00012686773390535805,2.8926842491685407e-11,28.926842491685406
5360,0.00012687557572383802,0.00012687554639567234,2.932816567210243e-11,29.32816567210243
5361,0.00012688338856079264,0.00012688335888598668,2.967480595043281e-11,29.674805950432813
5362,0.00012689120144984662,0.000126891171376301,3.0073545612598075e-11,30.073545612598075
5363,0.00012689901433444683,0.0001268989838666153,3.046783150776404e-11,30.46783150776404
5364,0.00012690682719280214,0.00012690679635692963,3.0835872500411405e-11,30.835872500411405
5365,0.00012691464001312363,0.00012691460884724394,3.116587968084798e-11,31.16587968084798
5366,0.0001269224529105572,0.00012692242133755826,3.157299892476395e-11,31.572998924763947
5367,0.0001269302657740911,0.00012693023382787257,3.194621852777303e-11,31.94621852777303
5368,0.000126938078584086,0.00012693804631818689,3.226589911619755e-11,32.26589911619755
5369,0.00012694589144795321,0.0001269458588085012,3.2639452002954453e-11,32.63945200295446
5370,0.00012695370430564903,0.00012695367129881552,3.300683350252535e-11,33.00683350252535
5371,0.00012696151713808822,0.00012696148378912983,3.334895837696293e-11,33.348958376962926
5372,0.0001269693299374351,0.00012696929627944417,3.365799090743125e-11,33.657990907431255
5373,0.000126977142806224,0.00012697710876975846,3.403646552995015e-11,34.036465529950156
5374,0.00012698495564497672,0.0001269849212600728,3.4384903903373493e-11,34.38490390337349
5375,0.00012699276843546072,0.00012699273375038712,3.468507359607778e-11,34.68507359607778
5376,0.00012700058126316436,0.00012700054624070143,3.502246291937143e-11,35.02246291937143
5377,0.00012700838148335542,0.00012700835873101575,2.275233966100265e-11,22.75233966100265
5378,0.00012701618511995393,0.00012701617122133006,1.3898623859048843e-11,13.898623859048843
5379,0.00012702399101082977,0.00012702398371164438,7.29918538830526e-12,7.29918538830526
5380,0.00012703179889498136,0.0001270317962019587,2.6930226605912635e-12,2.6930226605912635
5381,0.00012703960767001068,0.000127039608692273,-1.0222623363788256e-12,-1.0222623363788257
5382,0.0001270474170886946,0.00012704742118258732,-4.093892743001886e-12,-4.093892743001886
5383,0.00012705522701635853,0.00012705523367290163,-6.656543111603965e-12,-6.656543111603965
5384,0.00012706303734803795,0.00012706304616321595,-8.815178008954305e-12,-8.815178008954305
5385,0.00012707084801521864,0.0001270708586535303,-1.063831166688427e-11,-10.63831166688427
5386,0.00012707865895840459,0.00012707867114384458,-1.2185440004869654e-11,-12.185440004869655
5387,0.00012708647014756617,0.00012708648363415892,-1.3486592766792984e-11,-13.486592766792985
5388,0.00012709428160910763,0.00012709429612447324,-1.4515365618206199e-11,-14.515365618206198
5389,0.00012710209323658813,0.00012710210861478755,-1.5378199429766706e-11,-15.378199429766706
5390,0.00012710990501981092,0.00012710992110510187,-1.6085290960276404e-11,-16.085290960276403
5391,0.0001271177169459765,0.00012711773359541618,-1.6649439704272464e-11,-16.649439704272464
5392,0.00012712552897452544,0.0001271255460857305,-1.7111205068716372e-11,-17.111205068716373
5393,0.00012713334116676338,0.0001271333585760448,-1.7409281438076132e-11,-17.409281438076132
5394,0.00012714115347299413,0.00012714117106635912,-1.75933650078612e-11,-17.5933650078612
5395,0.00012714896585938967,0.00012714898355667344,-1.7697283780319916e-11,-17.697283780319918
5396,0.0001271567783063676,0.00012715679604698778,-1.7740620181410845e-11,-17.740620181410847
5397,0.00012716459084490583,0.00012716460853730207,-1.769239625113646e-11,-17.69239625113646
5398,0.0001271724034854662,0.0001271724210276164,-1.754215022457885e-11,-17.54215022457885
5399,0.0001271802161705384,0.00012718023351793073,-1.7347392332039956e-11,-17.347392332039956
5400,0.00012718802886734927,0.00012718804600824504,-1.7140895782579562e-11,-17.140895782579562
5401,0.0001271958416787694,0.00012719585849855936,-1.68197899561892e-11,-16.8197899561892
5402,0.0001272036545291412,0.00012720367098887367,-1.645973248623893e-11,-16.45973248623893
5403,0.00012721146738998483,0.00012721148347918799,-1.6089203168290547e-11,-16.089203168290545
5404,0.0001272192802787543,0.0001272192959695023,-1.5690748000775345e-11,-15.690748000775345
5405,0.00012722709326511034,0.00012722710845981661,-1.519470628937972e-11,-15.194706289379718
5406,0.00012723490625325142,0.00012723492095013093,-1.469687952042226e-11,-14.696879520422259
5407,0.00012724271922091214,0.00012724273344044524,-1.4219533113662616e-11,-14.219533113662616
5408,0.00012725053228605386,0.00012725054593075956,-1.364470571010404e-11,-13.64470571010404
5409,0.00012725834535407695,0.0001272583584210739,-1.3066996957956922e-11,-13.066996957956922
5410,0.00012726615841570193,0.0001272661709113882,-1.249568627256502e-11,-12.49568627256502
5411,0.00012727397150682007,0.00012727398340170253,-1.1894882469155864e-11,-11.894882469155865
5412,0.0001272817846335885,0.00012728179589201685,-1.125842836359191e-11,-11.258428363591909
5413,0.00012728959774256215,0.00012728960838233116,-1.063976902433947e-11,-10.63976902433947
5414,0.0001272974108679358,0.00012729742087264548,-1.000470969066031e-11,-10.00470969066031
5415,0.00012730522404041104,0.0001273052333629598,-9.322548765690666e-12,-9.322548765690666
5416,0.0001273130371906882,0.0001273130458532741,-8.662585904420707e-12,-8.662585904420707
5417,0.00012732085032160758,0.00012732085834358842,-8.021980849524229e-12,-8.021980849524228
5418,0.0001273286635279903,0.00012732867083390273,-7.305912450287002e-12,-7.305912450287002
5419,0.00012733647670427482,0.00012733648332421705,-6.619942235194439e-12,-6.619942235194439
5420,0.00012734428983896876,0.00012734429581453136,-5.975562611749615e-12,-5.9755626117496154
5421,0.0001273521030622638,0.00012735210830484568,-5.242581878349058e-12,-5.242581878349059
5422,0.00012735991624292074,0.00012735992079516002,-4.552239292735296e-12,-4.552239292735296
5423,0.00012736772940046985,0.0001273677332854743,-3.885004470654043e-12,-3.885004470654043
5424,0.00012737554261821858,0.00012737554577578865,-3.157570081887053e-12,-3.1575700818870533
5425,0.0001273833558026125,0.00012738335826610297,-2.4634904682251677e-12,-2.4634904682251677
5426,0.00012739116895526455,0.00012739117075641728,-1.801152743411543e-12,-1.801152743411543
5427,0.0001273989821682267,0.0001273989832467316,-1.0785049175006965e-12,-1.0785049175006964
5428,0.0001274067953657307,0.0001274067957370459,-3.7131521248427927e-13,-0.3713152124842793
5429,0.00012741460851019653,0.00012741460822736022,2.828362980361023e-13,0.2828362980361023
5430,0.00012742242170837658,0.00012742242071767454,9.907020302121185e-13,0.9907020302121186
5431,0.00012743023490076411,0.00012743023320798885,1.692775249651305e-12,1.692775249651305
5432,0.0001274380480620667,0.00012743804569830317,2.3637635254435942e-12,2.363763525443594
5433,0.00012744586122188505,0.0001274458581886175,3.0332675284617507e-12,3.0332675284617507
5434,0.00012745367440526167,0.0001274536706789318,3.726329862330247e-12,3.7263298623302474
5435,0.00012746148755468935,0.00012746148316924614,4.3854431969879545e-12,4.385443196987954
5436,0.0001274693006923887,0.00012746929565956043,5.032828255959963e-12,5.032828255959963
5437,0.00012747711387291617,0.00012747710814987477,5.72304138783433e-12,5.72304138783433
5438,0.00012748492701604054,0.00012748492064018908,6.37585144211175e-12,6.37585144211175
5439,0.00012749274011226397,0.0001274927331305034,6.9817605638157595e-12,6.98176056381576
5440,0.00012750055329114232,0.00012750054562081771,7.670324597080722e-12,7.670324597080723
5441,0.00012750836640232168,0.00012750835811113203,8.291189637232866e-12,8.291189637232867
5442,0.00012751617948192757,0.00012751617060144634,8.880481219344245e-12,8.880481219344246
5443,0.0001275239926359577,0.00012752398309176066,9.544197019329207e-12,9.544197019329207
5444,0.0001275318057598288,0.00012753179558207497,1.0177753811427629e-11,10.177753811427628
5445,0.00012753961882621415,0.0001275396080723893,1.0753824849088154e-11,10.753824849088154
5446,0.00012754743195393466,0.00012754742056270363,1.1391231019684823e-11,11.391231019684822
5447,0.00012755524506457232,0.00012755523305301792,1.2011554392431593e-11,12.011554392431593
5448,0.0001275630581279905,0.00012756304554333226,1.2584658239796568e-11,12.584658239796568
5449,0.00012757087120878784,0.00012757085803364657,1.3175141251675291e-11,13.17514125167529
5450,0.00012757868431938717,0.0001275786705239609,1.379542627077021e-11,13.795426270770209
5451,0.00012758649737418481,0.0001275864830142752,1.4359909599556698e-11,14.359909599556698
5452,0.00012759431042252568,0.00012759429550458952,1.491793615204033e-11,14.91793615204033
5453,0.00012760212350985782,0.00012760210799490383,1.5514953975673274e-11,15.514953975673274
5454,0.00012760993656671604,0.00012760992048521815,1.608149788489868e-11,16.08149788489868
5455,0.00012761774957613454,0.00012761773297553246,1.660060206728106e-11,16.60060206728106
5456,0.00012762556264930665,0.00012762554546584678,1.7183459858175638e-11,17.183459858175638
5457,0.00012763337569793906,0.0001276333579561611,1.774177795262345e-11,17.74177795262345
5458,0.00012764118868762938,0.0001276411704464754,1.824115396517023e-11,18.24115396517023
5459,0.00012764900173530886,0.00012764898293678975,1.8798519100118536e-11,18.798519100118536
5460,0.00012765681477249467,0.00012765679542710404,1.9345390621710116e-11,19.345390621710116
5461,0.00012766462777191517,0.00012766460791741838,1.985449677954881e-11,19.85449677954881
5462,0.00012767244075785709,0.0001276724204077327,2.0350124379924656e-11,20.350124379924658
5463,0.0001276802537862618,0.000127680232898047,2.088821478549095e-11,20.888214785490952
5464,0.00012768806678153455,0.00012768804538836132,2.1393173219498585e-11,21.393173219498586
5465,0.0001276958797290425,0.00012769585787867564,2.185036685574683e-11,21.850366855746827
5466,0.00012770369275095746,0.00012770367036898995,2.2381967498159167e-11,22.381967498159167
5467,0.0001277115057415404,0.00012771148285930427,2.28822361072495e-11,22.8822361072495
5468,0.0001277193186750986,0.00012771929534961858,2.3325480018875783e-11,23.325480018875783
5469,0.00012772713166545301,0.0001277271078399329,2.382552010525321e-11,23.825520105253208
5470,0.00012773494464131925,0.0001277349203302472,2.4311072025104766e-11,24.311072025104767
5471,0.0001277427575866974,0.00012774273282056153,2.476613585460538e-11,24.76613585460538
5472,0.0001277505705186096,0.00012775054531087587,2.5207733730493396e-11,25.207733730493395
5473,0.0001277583834976025,0.00012775835780119016,2.5696412326780075e-11,25.696412326780074
5474,0.00012776619644343622,0.0001277661702915045,2.6151931710928512e-11,26.151931710928512
5475,0.00012777400933893692,0.00012777398278181881,2.655711809342148e-11,26.557118093421483
5476,0.00012778182230318083,0.00012778179527213313,2.7031047691244645e-11,27.031047691244645
5477,0.00012778963524091844,0.00012778960776244744,2.7478470985405427e-11,27.478470985405426
5478,0.00012779744813672401,0.00012779742025276176,2.78839622455493e-11,27.8839622455493
5479,0.00012780526105654895,0.00012780523274307607,2.8313472866412307e-11,28.313472866412308
5480,0.00012781307399244477,0.0001278130452333904,2.875905437213258e-11,28.759054372132578
5481,0.0001278208868987359,0.0001278208577237047,2.917503119543205e-11,29.175031195432048
5482,0.0001278286997620258,0.00012782867021401902,2.9548006771637157e-11,29.548006771637155
5483,0.00012783651269943349,0.00012783648270433336,2.9995100115971796e-11,29.995100115971795
5484,0.00012784432560626846,0.00012784429519464765,3.041162080218604e-11,30.41162080218604
5485,0.0001278521384623578,0.000127852107684962,3.077739581229291e-11,30.77739581229291
5486,0.0001278599513620406,0.0001278599201752763,3.118676428782581e-11,31.18676428782581
5487,0.00012786776426192945,0.00012786773266559062,3.159633881598159e-11,31.596338815981586
5488,0.00012787557713605724,0.00012787554515590493,3.1980152293943296e-11,31.980152293943295
5489,0.00012788338996935934,0.00012788335764621925,3.2323140084889954e-11,32.32314008488996
5490,0.00012789120288167312,0.00012789117013653356,3.274513954283736e-11,32.745139542837364
5491,0.00012789901575847187,0.00012789898262684788,3.3131623979956044e-11,33.131623979956046
5492,0.00012790682858232374,0.0001279067951171622,3.3465161539506667e-11,33.46516153950667
5493,0.000127914641461962,0.0001279146076074765,3.385448547501003e-11,33.85448547501003
5494,0.00012792245433293668,0.00012792242009779082,3.4235145849108665e-11,34.23514584910866
5495,0.00012793026717909968,0.00012793023258810514,3.459099452754051e-11,34.59099452754051
5496,0.0001279380799873687,0.00012793804507841948,3.4908949201631704e-11,34.90894920163171
5497,0.0001279458928726657,0.00012794585756873377,3.5303931913533924e-11,35.30393191353392
5498,0.00012795370572394937,0.0001279536700590481,3.566490125172136e-11,35.66490125172136
5499,0.00012796151853995607,0.00012796148254936242,3.59905936327721e-11,35.9905936327721
5500,0.00012796933137354335,0.00012796929503967674,3.6333866595995174e-11,36.333866595995175
5501,0.00012797714422283304,0.00012797710752999105,3.6692841977967195e-11,36.6928419779672
5502,0.00012798495704724325,0.00012798492002030537,3.7026937874531594e-11,37.02693787453159
5503,0.00012799276983080783,0.00012799273251061968,3.732018813476097e-11,37.32018813476097
5504,0.00012800058267262003,0.000128000545000934,3.7671686018294846e-11,37.67168601829484
5505,0.00012800838287660923,0.0001280083574912483,2.5385360903446367e-11,25.385360903446365
5506,0.00012801618644878098,0.00012801616998156263,1.646721833895652e-11,16.46721833895652
5507,0.00012802399233121395,0.00012802398247187694,9.859336996160412e-12,9.859336996160412
5508,0.0001280318001249034,0.00012803179496219126,5.162712125461611e-12,5.162712125461611
5509,0.0001280396088677613,0.0001280396074525056,1.4152556787425226e-12,1.4152556787425226
5510,0.00012804741826382223,0.0001280474199428199,-1.678997663306566e-12,-1.678997663306566
5511,0.00012805522815201276,0.00012805523243313423,-4.281121474869117e-12,-4.281121474869117
5512,0.0001280630384468844,0.00012806304492344854,-6.476564141508547e-12,-6.476564141508547
5513,0.00012807084907732558,0.00012807085741376286,-8.33643729109579e-12,-8.336437291095791
5514,0.00012807865998497818,0.00012807866990407717,-9.919099000031672e-12,-9.919099000031672
5515,0.00012808647119943434,0.0001280864823943915,-1.1194957162640589e-11,-11.19495716264059
5516,0.0001280942826161211,0.0001280942948847058,-1.2268584704762028e-11,-12.268584704762027
5517,0.000128102094205684,0.00012810210737502012,-1.316933612916549e-11,-13.16933612916549
5518,0.00012810990596094453,0.00012810991986533443,-1.3904389911329947e-11,-13.904389911329947
5519,0.00012811771785209915,0.00012811773235564875,-1.4503549603459691e-11,-14.50354960345969
5520,0.0001281255298481462,0.0001281255448459631,-1.4997816909579827e-11,-14.997816909579827
5521,0.00012813334205094576,0.00012813335733627738,-1.5285331631896536e-11,-15.285331631896536
5522,0.00012814115432388388,0.00012814116982659172,-1.5502707852002225e-11,-15.502707852002226
5523,0.00012814896668432457,0.00012814898231690603,-1.5632581475793344e-11,-15.632581475793344
5524,0.00012815677910178055,0.00012815679480722035,-1.570543980757426e-11,-15.705439807574262
5525,0.00012816459164507544,0.00012816460729753466,-1.5652459238423693e-11,-15.652459238423694
5526,0.0001281724042541576,0.00012817241978784898,-1.553369139564094e-11,-15.533691395640941
5527,0.00012818021691352226,0.0001281802322781633,-1.5364641047918905e-11,-15.364641047918905
5528,0.00012818802959124685,0.0001281880447684776,-1.517723076639789e-11,-15.17723076639789
5529,0.00012819584239593082,0.00012819585725879192,-1.4862861115210237e-11,-14.862861115210237
5530,0.00012820365522875834,0.00012820366974910624,-1.452034790665953e-11,-14.52034790665953
5531,0.00012821146806499297,0.00012821148223942055,-1.4174427592781787e-11,-14.174427592781788
5532,0.00012821928096492998,0.00012821929472973487,-1.3764804898944496e-11,-13.764804898944496
5533,0.00012822709392497697,0.0001282271072200492,-1.3295072247731023e-11,-13.295072247731023
5534,0.00012823490689107254,0.0001282349197103635,-1.2819290968122526e-11,-12.819290968122525
5535,0.00012824271984263774,0.00012824273220067784,-1.235804011181957e-11,-12.35804011181957
5536,0.00012825053291453019,0.00012825054469099215,-1.1776461977644122e-11,-11.776461977644123
5537,0.0001282583459617338,0.00012825835718130647,-1.1219572671924265e-11,-11.219572671924265
5538,0.0001282661589860637,0.00012826616967162078,-1.0685557104697987e-11,-10.685557104697986
5539,0.00012827397209659374,0.0001282739821619351,-1.006534136612189e-11,-10.06534136612189
5540,0.0001282817852103486,0.0001282817946522494,-9.441900830814062e-12,-9.441900830814062
5541,0.0001282895982923655,0.00012828960714256373,-8.850198227016564e-12,-8.850198227016564
5542,0.0001282974114295745,0.00012829741963287804,-8.203303552687171e-12,-8.20330355268717
5543,0.00012830522458266502,0.00012830523212319236,-7.540527349409939e-12,-7.540527349409939
5544,0.00012831303771444186,0.00012831304461350667,-6.899064826120296e-12,-6.899064826120296
5545,0.0001283208508572692,0.000128320857103821,-6.2465517890280285e-12,-6.246551789028029
5546,0.00012832866404371713,0.00012832866959413533,-5.550418208560478e-12,-5.550418208560478
5547,0.0001283364772048752,0.00012833648208444962,-4.879574429812727e-12,-4.879574429812727
5548,0.00012834429034407362,0.00012834429457476396,-4.23069035291704e-12,-4.2306903529170405
5549,0.0001283521035550833,0.00012835210706507827,-3.50999498538346e-12,-3.50999498538346
5550,0.00012835991673221364,0.0001283599195553926,-2.8231789570710867e-12,-2.823178957071087
5551,0.00012836772986668372,0.0001283677320457069,-2.1790231942698266e-12,-2.179023194269827
5552,0.00012837554308819596,0.00012837554453602122,-1.4478252687115965e-12,-1.4478252687115964
5553,0.00012838335627561915,0.00012838335702633553,-7.507163941797866e-13,-0.7507163941797865
5554,0.0001283911694126187,0.00012839116951664985,-1.0403116060506349e-13,-0.10403116060506348
5555,0.0001283989826247465,0.00012839898200696416,6.177823175239468e-13,0.6177823175239469
5556,0.00012840679581503512,0.00012840679449727848,1.3177566299774187e-12,1.3177566299774186
5557,0.00012841460894798382,0.00012841460698759282,1.9603909860801385e-12,1.9603909860801385
5558,0.0001284224221489776,0.0001284224194779071,2.6710704939442977e-12,2.6710704939442977
5559,0.00012843023533376746,0.00012843023196822145,3.3655460040294662e-12,3.3655460040294662
5560,0.00012843804846506115,0.00012843804445853576,4.0065253797259955e-12,4.006525379725995
5561,0.00012844586164670888,0.00012844585694885008,4.697858790600138e-12,4.697858790600138
5562,0.00012845367482314045,0.0001284536694391644,5.383976050612344e-12,5.383976050612344
5563,0.00012846148795547918,0.0001284614819294787,6.026000461677878e-12,6.026000461677878
5564,0.00012846930110490556,0.00012846929441979302,6.6851125223980325e-12,6.6851125223980326
5565,0.00012847711428849094,0.00012847710691010734,7.378383592289787e-12,7.3783835922897865
5566,0.00012848492740790004,0.00012848491940042165,8.007478377452399e-12,8.007478377452399
5567,0.00012849274052180334,0.00012849273189073597,8.631067367142695e-12,8.631067367142695
5568,0.00012850055367542078,0.00012850054438105028,9.294370492675756e-12,9.294370492675755
5569,0.00012850836678433478,0.0001285083568713646,9.912970173703654e-12,9.912970173703654
5570,0.00012851617986489375,0.00012851616936167894,1.0503214796629701e-11,10.5032147966297
5571,0.0001285239930258828,0.00012852398185199323,1.1173889575363816e-11,11.173889575363816
5572,0.0001285318061356156,0.00012853179434230757,1.1793308018767321e-11,11.793308018767322
5573,0.0001285396191970142,0.00012853960683262188,1.2364392295640553e-11,12.364392295640554
5574,0.00012854743232694946,0.0001285474193229362,1.3004013247330121e-11,13.004013247330121
5575,0.00012855524543332758,0.0001285552318132505,1.3620077060791739e-11,13.620077060791738
5576,0.00012856305848468584,0.00012856304430356483,1.4181121002131506e-11,14.181121002131507
5577,0.00012857087158341156,0.00012857085679387914,1.4789532408239504e-11,14.789532408239504
5578,0.00012857868467379524,0.00012857866928419346,1.5389601773097018e-11,15.389601773097018
5579,0.00012858649772755734,0.00012858648177450777,1.595304955328351e-11,15.953049553283511
5580,0.00012859431077900864,0.00012859429426482209,1.6514186546274732e-11,16.514186546274733
5581,0.0001286021238634176,0.0001286021067551364,1.710828119822033e-11,17.10828119822033
5582,0.0001286099369135854,0.00012860991924545072,1.7668134685574708e-11,17.668134685574707
5583,0.00012861774991644075,0.00012861773173576506,1.8180675677211e-11,18.180675677211
5584,0.00012862556299790627,0.00012862554422607935,1.877182690999368e-11,18.77182690999368
5585,0.00012863337604112748,0.0001286333567163937,1.9324733778503673e-11,19.324733778503674
5586,0.00012864118902787674,0.000128641169206708,1.982116873002726e-11,19.82116873002726
5587,0.00012864900207776008,0.00012864898169702232,2.038073774983663e-11,20.38073774983663
5588,0.00012865681510788497,0.00012865679418733663,2.0920548323464736e-11,20.920548323464736
5589,0.00012866462809407213,0.00012866460667765095,2.1416421170371997e-11,21.416421170371997
5590,0.0001286724410991809,0.00012867241916796526,2.1931215622013692e-11,21.931215622013692
5591,0.0001286802541215536,0.00012868023165827958,2.2463274014583255e-11,22.463274014583256
5592,0.0001286880671100655,0.0001286880441485939,2.296147160778876e-11,22.96147160778876
5593,0.00012869588005854496,0.0001286958566389082,2.3419636743393658e-11,23.419636743393657
5594,0.000128703693082837,0.00012870366912922255,2.3953614444859062e-11,23.953614444859063
5595,0.00012871150606416951,0.00012871148161953684,2.4444632668118802e-11,24.444632668118803
5596,0.00012871931901205265,0.00012871929410985118,2.490220146542378e-11,24.90220146542378
5597,0.00012872713199673077,0.0001287271066001655,2.5396565265537267e-11,25.396565265537266
5598,0.00012873494497184733,0.0001287349190904798,2.5881367513796658e-11,25.881367513796658
5599,0.00012874275790439622,0.00012874273158079412,2.6323602087410467e-11,26.323602087410467
5600,0.00012875057084598855,0.00012875054407110844,2.6774880099765195e-11,26.774880099765195
5601,0.0001287583838177474,0.00012875835656142275,2.7256324628106508e-11,27.25632462810651
5602,0.00012876619675735468,0.00012876616905173707,2.7705617601808686e-11,27.705617601808687
5603,0.00012877400965075476,0.00012877398154205138,2.810870336969752e-11,28.10870336969752
5604,0.0001287818226190227,0.0001287817940323657,2.8586656983883863e-11,28.586656983883863
5605,0.0001287896355576391,0.00012878960652268,2.9034959078115553e-11,29.034959078115552
5606,0.00012879744844474403,0.00012879741901299433,2.943174969714039e-11,29.431749697140393
5607,0.0001288052613752546,0.00012880523150330867,2.987194591645982e-11,29.87194591645982
5608,0.0001288130743037928,0.00012881304399362296,3.0310169836502224e-11,30.310169836502226
5609,0.0001288208872052421,0.0001288208564839373,3.072130480263475e-11,30.72130480263475
5610,0.000128828700071262,0.0001288286689742516,3.1097010372805126e-11,31.097010372805126
5611,0.00012883651301129733,0.00012883648146456593,3.1546731389525e-11,31.546731389525004
5612,0.0001288443259147481,0.00012884429395488024,3.195986784707805e-11,31.959867847078048
5613,0.00012885213876456968,0.00012885210644519456,3.2319375111530835e-11,32.31937511153084
5614,0.00012885995167454998,0.00012885991893550887,3.273904109535251e-11,32.73904109535251
5615,0.00012886776456959092,0.00012886773142582319,3.314376772191424e-11,33.14376772191424
5616,0.00012887557743893939,0.0001288755439161375,3.3522801874069306e-11,33.52280187406931
5617,0.00012888339028383964,0.00012888335640645182,3.387738780933591e-11,33.87738780933591
5618,0.00012889120318962697,0.00012889116889676613,3.429286083099088e-11,34.29286083099088
5619,0.0001288990160632919,0.00012889898138708045,3.46762114359401e-11,34.6762114359401
5620,0.00012890682888529314,0.0001289067938773948,3.500789834369745e-11,35.007898343697455
5621,0.0001289146417694935,0.00012891460636770907,3.540178441220726e-11,35.401784412207256
5622,0.0001289224546374167,0.00012892241885802342,3.5779393272186375e-11,35.779393272186375
5623,0.00012893026747475486,0.00012893023134833773,3.612641711414033e-11,36.12641711414033
5624,0.00012893808029383678,0.00012893804383865205,3.64551847262331e-11,36.4551847262331
5625,0.00012894589317249033,0.00012894585632896636,3.684352396221836e-11,36.84352396221836
5626,0.000128953706016049,0.00012895366881928068,3.719676830571673e-11,37.19676830571673
5627,0.0001289615188186602,0.000128961481309595,3.7509065206296084e-11,37.509065206296086
5628,0.0001289693316706438,0.0001289692937999093,3.7870734478301025e-11,37.870734478301024
5629,0.0001289771445141021,0.00012897710629022362,3.822387847888833e-11,38.22387847888833
5630,0.0001289849573335027,0.00012898491878053794,3.8552964765104653e-11,38.552964765104655
5631,0.00012899277012326266,0.00012899273127085228,3.8852410373388045e-11,38.85241037338805
5632,0.00012900058297293386,0.00012900054376116656,3.921176728610456e-11,39.21176728610456
5633,0.00012900838316524507,0.0001290083562514809,2.691376414834108e-11,26.91376414834108
5634,0.0001290161867323277,0.00012901616874179522,1.7990532474378857e-11,17.990532474378856
5635,0.00012902399260259262,0.00012902398123210954,1.1370483076390837e-11,11.370483076390837
5636,0.00012903180039083352,0.00012903179372242385,6.668409656094427e-12,6.668409656094427
5637,0.00012903960910968696,0.00012903960621273817,2.896948783541129e-12,2.896948783541129
5638,0.00012904741850007647,0.00012904741870305248,-2.0297602007223118e-13,-0.20297602007223117
5639,0.0001290552283776261,0.0001290552311933668,-2.815740706751587e-12,-2.815740706751587
5640,0.00012906303866357802,0.0001290630436836811,-5.020103104664055e-12,-5.020103104664055
5641,0.00012907084928550757,0.00012907085617399543,-6.888487864721559e-12,-6.888487864721559
5642,0.0001290786601965669,0.00012907866866430974,-8.467742847801165e-12,-8.467742847801166
5643,0.00012908647140093984,0.00012908648115462405,-9.753684226139469e-12,-9.75368422613947
5644,0.00012909428280722,0.0001290942936449384,-1.0837718401498347e-11,-10.837718401498346
5645,0.00012910209439028844,0.00012910210613525268,-1.1744964251125105e-11,-11.744964251125106
5646,0.00012910990613850098,0.00012910991862556703,-1.2487066052142131e-11,-12.487066052142131
5647,0.00012911771802098825,0.00012911773111588134,-1.3094893100384213e-11,-13.094893100384214
5648,0.0001291255300132169,0.00012912554360619566,-1.3592978776820463e-11,-13.592978776820463
5649,0.00012913334221037448,0.00012913335609650997,-1.3886135497507406e-11,-13.886135497507405
5650,0.000129141154474186,0.00012914116858682429,-1.411263828755559e-11,-14.112638287555589
5651,0.0001291489668289378,0.0001291489810771386,-1.4248200801460902e-11,-14.248200801460902
5652,0.00012915677923153025,0.00012915679356745292,-1.4335922677664858e-11,-14.335922677664858
5653,0.0001291645917802379,0.00012916460605776723,-1.4277529337588373e-11,-14.277529337588373
5654,0.00012917240438475926,0.00012917241854808154,-1.4163322299664399e-11,-14.163322299664399
5655,0.00012918021704232734,0.00012918023103839586,-1.399606852915228e-11,-13.99606852915228
5656,0.0001291880297140668,0.00012918804352871017,-1.3814643395989092e-11,-13.814643395989092
5657,0.00012919584251625896,0.00012919585601902452,-1.3502765566654461e-11,-13.502765566654462
5658,0.0001292036553428289,0.0001292036685093388,-1.3166509912257417e-11,-13.166509912257418
5659,0.00012921146817329628,0.00012921148099965315,-1.282635687631094e-11,-12.826356876310939
5660,0.00012921928107335797,0.00012921929348996746,-1.2416609499223812e-11,-12.416609499223812
5661,0.0001292270940267236,0.00012922710598028178,-1.1953558189688173e-11,-11.953558189688174
5662,0.00012923490698850656,0.0001292349184705961,-1.1482089541061171e-11,-11.482089541061171
5663,0.00012924271993865758,0.0001292427309609104,-1.1022252836756843e-11,-11.022252836756843
5664,0.00012925053300557354,0.00012925054345122472,-1.0445651190553103e-11,-10.445651190553104
5665,0.00012925834604885454,0.00012925835594153903,-9.892684501188245e-12,-9.892684501188244
5666,0.00012926615907815465,0.00012926616843185335,-9.353698707257804e-12,-9.353698707257804
5667,0.00012927397217605465,0.00012927398092216766,-8.746113029524371e-12,-8.746113029524372
5668,0.00012928178528617558,0.000129281793412482,-8.126306441743116e-12,-8.126306441743116
5669,0.0001292895983634073,0.0001292896059027963,-7.539388991338938e-12,-7.539388991338938
5670,0.00012929741150116401,0.00012929741839311064,-6.891946632282114e-12,-6.891946632282114
5671,0.00012930522465041816,0.00012930523088342492,-6.233006769972004e-12,-6.233006769972004
5672,0.00012931303777784632,0.00012931304337373927,-5.595892954491146e-12,-5.595892954491146
5673,0.00012932085092100945,0.00012932085586405358,-4.94304413998606e-12,-4.9430441399860605
5674,0.0001293286641044952,0.0001293286683543679,-4.249872708273957e-12,-4.249872708273958
5675,0.00012933647726235642,0.0001293364808446822,-3.5823257985973543e-12,-3.5823257985973544
5676,0.0001293442904014962,0.00012934429333499652,-2.9335003228290905e-12,-2.9335003228290906
5677,0.0001293521036094164,0.00012935210582531084,-2.2158944435961162e-12,-2.2158944435961163
5678,0.00012935991678444684,0.00012935991831562515,-1.5311783251564674e-12,-1.5311783251564675
5679,0.00012936772991605197,0.00012936773080593947,-8.898875123858916e-13,-0.8898875123858916
5680,0.0001293755431360311,0.00012937554329625378,-1.602227029096646e-13,-0.1602227029096646
5681,0.00012938335632074814,0.00012938335578656813,5.341800029996215e-13,0.5341800029996215
5682,0.00012939116945453457,0.00012939116827688241,1.1776521492260752e-12,1.1776521492260752
5683,0.00012939898266612178,0.00012939898076719676,1.89892501704683e-12,1.89892501704683
5684,0.00012940679585441632,0.00012940679325751107,2.596905237759612e-12,2.596905237759612
5685,0.00012941460898667555,0.00012941460574782539,3.2388501497008484e-12,3.2388501497008484
5686,0.00012942242218617414,0.0001294224182381397,3.948034434348933e-12,3.9480344343489326
5687,0.00012943023536833603,0.00012943023072845401,4.639882000998322e-12,4.639882000998322
5688,0.00012943804849743873,0.00012943804321876833,5.278670393839639e-12,5.278670393839638
5689,0.00012944586167912685,0.00012944585570908264,5.970044191244706e-12,5.970044191244706
5690,0.00012945367485308148,0.00012945366819939696,6.653684510078706e-12,6.6536845100787065
5691,0.00012946148798508958,0.00012946148068971127,7.29537829369174e-12,7.295378293691741
5692,0.00012946930113501485,0.0001294692931800256,7.954989250041564e-12,7.954989250041565
5693,0.0001294771143062648,0.0001294771056703399,8.635924891031028e-12,8.635924891031028
5694,0.00012948492743401418,0.00012948491816065425,9.273359928510539e-12,9.273359928510539
5695,0.00012949274054661571,0.00012949273065096853,9.89564717086244e-12,9.895647170862441
5696,0.00012950055369833195,0.00012950054314128288,1.0557049066570885e-11,10.557049066570885
5697,0.00012950836680784622,0.0001295083556315972,1.117624901613158e-11,11.17624901613158
5698,0.00012951617988384446,0.0001295161681219115,1.1761932942619067e-11,11.761932942619067
5699,0.00012952399304293953,0.00012952398061222582,1.2430713701473013e-11,12.430713701473012
5700,0.00012953180615938255,0.00012953179310254013,1.3056842407647302e-11,13.056842407647302
5701,0.00012953961922080792,0.00012953960559285445,1.3627953464314194e-11,13.627953464314194
5702,0.00012954743234904254,0.00012954741808316876,1.4265873763581056e-11,14.265873763581055
5703,0.00012955524545437062,0.00012955523057348308,1.488088752723862e-11,14.88088752723862
5704,0.00012956305851099644,0.0001295630430637974,1.5447199037728355e-11,15.447199037728355
5705,0.0001295708715974195,0.0001295708555541117,1.6043307784944725e-11,16.043307784944727
5706,0.00012957868468629213,0.00012957866804442602,1.6641866097234446e-11,16.641866097234445
5707,0.00012958649774037718,0.00012958648053474037,1.7205636807038014e-11,17.205636807038015
5708,0.00012959431079087534,0.00012959429302505465,1.7765820677899403e-11,17.765820677899402
5709,0.00012960212387404954,0.000129602105515369,1.8358680531990757e-11,18.358680531990757
5710,0.0001296099369230741,0.0001296099180056833,1.8917390782364358e-11,18.917390782364357
5711,0.00012961774992487128,0.00012961773049599762,1.9428873646890413e-11,19.428873646890413
5712,0.00012962556300523265,0.00012962554298631194,2.001892070107558e-11,20.01892070107558
5713,0.0001296333760472015,0.00012963335547662625,2.0570575234761188e-11,20.57057523476119
5714,0.00012964118903342902,0.00012964116796694057,2.106648844109432e-11,21.06648844109432
5715,0.0001296490020836727,0.00012964898045725488,2.1626417795495718e-11,21.62641779549572
5716,0.00012965681511226408,0.0001296567929475692,2.216469487357106e-11,22.164694873571058
5717,0.00012966462809601848,0.0001296646054378835,2.2658134960538643e-11,22.658134960538643
5718,0.0001296724411027078,0.00012967241792819786,2.3174509935002333e-11,23.174509935002334
5719,0.0001296802541256894,0.00012968023041851214,2.3707177242617018e-11,23.707177242617018
5720,0.0001296880671119062,0.00012968804290882648,2.4203079715348642e-11,24.203079715348643
5721,0.00012969588006342102,0.0001296958553991408,2.4664280210460685e-11,24.664280210460685
5722,0.00012970369308495613,0.00012970366788945511,2.5195501002641894e-11,25.195501002641894
5723,0.00012971150607027886,0.00012971148037976943,2.5690509415157032e-11,25.69050941515703
5724,0.0001297193189982037,0.00012971929287008374,2.6128119947820353e-11,26.128119947820352
5725,0.00012972713199143238,0.00012972710536039806,2.6631034308367147e-11,26.63103430836715
5726,0.00012973494496351117,0.00012973491785071237,2.711279878476956e-11,27.11279878476956
5727,0.00012974275789944393,0.0001297427303410267,2.755841723467886e-11,27.55841723467886
5728,0.0001297505708427711,0.000129750542831341,2.801143007892978e-11,28.01143007892978
5729,0.00012975838381452235,0.00012975835532165532,2.8492867017855886e-11,28.492867017855886
5730,0.00012976619675544724,0.00012976616781196963,2.8943477595353232e-11,28.943477595353233
5731,0.0001297740096477858,0.00012977398030228397,2.9345501820894985e-11,29.345501820894984
5732,0.0001297818226150967,0.00012978179279259826,2.982249843692873e-11,29.82249843692873
5733,0.00012978963555399423,0.0001297896052829126,3.0271081610573637e-11,30.271081610573635
5734,0.0001297974484390045,0.00012979741777322692,3.066577757810629e-11,30.665777578106287
5735,0.00012980526136938833,0.00012980523026354123,3.1105847081296806e-11,31.105847081296808
5736,0.0001298130743019976,0.00012981304275385555,3.154814204497162e-11,31.548142044971623
5737,0.0001298208871981099,0.00012982085524416986,3.195394002591009e-11,31.953940025910093
5738,0.00012982870006211775,0.00012982866773448418,3.232763356079382e-11,32.32763356079382
5739,0.00012983651300083892,0.0001298364802247985,3.2776040416060426e-11,32.776040416060425
5740,0.00012984432590313719,0.0001298442927151128,3.318802436670412e-11,33.18802436670412
5741,0.0001298521387525033,0.00012985210520542712,3.3547076157824247e-11,33.54707615782425
5742,0.00012985995166120374,0.00012985991769574144,3.396546229519141e-11,33.965462295191415
5743,0.0001298677645626677,0.00012986773018605575,3.4376611925158324e-11,34.37661192515832
5744,0.00012987557743223283,0.0001298755426763701,3.475586272801251e-11,34.75586272801251
5745,0.00012988339027411849,0.00012988335516668438,3.5107434093348625e-11,35.10743409334862
5746,0.00012989120317573013,0.00012989116765699872,3.551873139165143e-11,35.51873139165143
5747,0.00012989901604840476,0.00012989898014731304,3.5901091713441356e-11,35.90109171344135
5748,0.00012990682887002977,0.00012990679263762735,3.6232402403044856e-11,36.23240240304486
5749,0.0001299146417471332,0.00012991460512794167,3.661919152807906e-11,36.61919152807906
5750,0.00012992245461658112,0.00012992241761825598,3.69983251286784e-11,36.998325128678395
5751,0.0001299302674562823,0.0001299302301085703,3.734771198926728e-11,37.34771198926728
5752,0.00012993808027888,0.0001299380425988846,3.767999537084983e-11,37.67999537084983
5753,0.00012994589316106954,0.00012994585508919893,3.807187059669538e-11,38.071870596695376
5754,0.00012995370600382973,0.00012995366757951324,3.8424316479503824e-11,38.42431647950382
5755,0.00012996151881485918,0.00012996148006982758,3.8745031586536275e-11,38.74503158653628
5756,0.00012996933165453976,0.00012996929256014187,3.909439787438894e-11,39.09439787438894
5757,0.0001299771444981284,0.00012997710505045621,3.9447672168972323e-11,39.447672168972325
5758,0.00012998495731678065,0.00012998491754077053,3.977601011174414e-11,39.77601011174414
5759,0.00012999277010451786,0.00012999273003108484,4.007343300534949e-11,40.073433005349486
5760,0.0001300005829492633,0.00013000054252139916,4.0427864143650916e-11,40.427864143650915
5761,0.0001300083831558319,0.00013000835501171347,2.8144118427085944e-11,28.144118427085942
5762,0.0001300161867299104,0.0001300161675020278,1.9227882594746738e-11,19.227882594746738
5763,0.00013002399260697258,0.0001300239799923421,1.2614630466753844e-11,12.614630466753843
5764,0.00013003180040522302,0.00013003179248265642,7.9225665906492e-12,7.9225665906492
5765,0.00013003960913069904,0.00013003960497297073,4.157728296015987e-12,4.1577282960159865
5766,0.00013004741852878422,0.00013004741746328505,1.0654991594229287e-12,1.0654991594229286
5767,0.00013005522841308482,0.00013005522995359936,-1.540514552694066e-12,-1.540514552694066
5768,0.00013006303870632577,0.0001300630424439137,-3.737587940716077e-12,-3.737587940716077
5769,0.00013007084933424324,0.000130070854934228,-5.599984760595161e-12,-5.59998476059516
5770,0.00013007866025476367,0.00013007866742454233,-7.169778670257006e-12,-7.169778670257006
5771,0.0001300864714648068,0.00013008647991485665,-8.450049860968591e-12,-8.45004986096859
5772,0.00013009428287643558,0.00013009429240517096,-9.528735395960055e-12,-9.528735395960055
5773,0.00013010209446423794,0.00013010210489548528,-1.0431247347851199e-11,-10.4312473478512
5774,0.0001301099062170414,0.0001301099173857996,-1.1168758203189052e-11,-11.168758203189052
5775,0.00013011771810362928,0.0001301177298761139,-1.1772484636184468e-11,-11.772484636184467
5776,0.00013012553010451509,0.00013012554236642822,-1.2261913148008801e-11,-12.261913148008801
5777,0.00013013334230537184,0.00013013335485674254,-1.2551370706408495e-11,-12.551370706408495
5778,0.00013014115457516784,0.00013014116734705685,-1.277188902572521e-11,-12.77188902572521
5779,0.00013014896693202662,0.00013014897983737117,-1.2905344555338623e-11,-12.905344555338624
5780,0.00013015677933527292,0.00013015679232768548,-1.2992412576317407e-11,-12.992412576317408
5781,0.0001301645918935761,0.00013016460481799982,-1.2924423721753774e-11,-12.924423721753774
5782,0.00013017240449994408,0.0001301724173083141,-1.2808370043584568e-11,-12.808370043584569
5783,0.00013018021714849426,0.00013018022979862845,-1.265013420595726e-11,-12.650134205957261
5784,0.00013018802983148135,0.00013018804228894277,-1.2457461423931437e-11,-12.457461423931436
5785,0.0001301958426403814,0.00013019585477925708,-1.2138875689965747e-11,-12.138875689965747
5786,0.00013020365547391802,0.0001302036672695714,-1.179565338608918e-11,-11.79565338608918
5787,0.0001302114682994429,0.0001302114797598857,-1.1460442821271249e-11,-11.460442821271249
5788,0.00013021928120736343,0.00013021929225020003,-1.104283660473686e-11,-11.042836604736861
5789,0.00013022709416262487,0.00013022710474051434,-1.0577889486387467e-11,-10.577889486387468
5790,0.00013023490712454064,0.00013023491723082866,-1.0106288022994336e-11,-10.106288022994336
5791,0.00013024272008082643,0.00013024272972114297,-9.640316550432378e-12,-9.64031655043238
5792,0.00013025053314339447,0.00013025054221145731,-9.068062853095903e-12,-9.068062853095903
5793,0.00013025834619424912,0.0001302583547017716,-8.507522496560201e-12,-8.5075224965602
5794,0.00013026615922656678,0.00013026616719208594,-7.965519178248353e-12,-7.9655191782483525
5795,0.00013027397233514695,0.00013027397968240026,-7.347253323069363e-12,-7.347253323069363
5796,0.0001302817854426257,0.00013028179217271457,-6.730088881772347e-12,-6.730088881772347
5797,0.00013028959851938145,0.0001302896046630289,-6.143647450331998e-12,-6.143647450331998
5798,0.0001302974116639773,0.0001302974171533432,-5.489365916866081e-12,-5.489365916866081
5799,0.0001303052248155785,0.00013030522964365752,-4.828079027903084e-12,-4.828079027903084
5800,0.00013031303793986177,0.00013031304213397183,-4.194110076348791e-12,-4.1941100763487915
5801,0.00013032085109091323,0.00013032085462428615,-3.5333729320973526e-12,-3.5333729320973526
5802,0.00013032866427835623,0.00013032866711460046,-2.8362442437708405e-12,-2.8362442437708406
5803,0.00013033647742926856,0.00013033647960491478,-2.175646229763186e-12,-2.1756462297631862
5804,0.00013034429057745837,0.0001303442920952291,-1.5177707287258056e-12,-1.5177707287258055
5805,0.00013035210378214675,0.00013035210458554343,-8.033966935386847e-13,-0.8033966935386847
5806,0.000130359916956117,0.00013035991707585772,-1.1974073508834652e-13,-0.11974073508834651
5807,0.0001303677300938634,0.00013036772956617206,5.276913240478389e-13,0.5276913240478389
5808,0.0001303755433144966,0.00013037554205648638,1.2580102055896721e-12,1.258010205589672
5809,0.0001303833564982103,0.0001303833545468007,1.95140959080854e-12,1.95140959080854
5810,0.0001303911696332891,0.000130391167037115,2.596174078919542e-12,2.596174078919542
5811,0.0001303989828489179,0.00013039897952742932,3.3214885542837254e-12,3.3214885542837256
5812,0.00013040679603548692,0.00013040679201774364,4.017743267238997e-12,4.0177432672389966
5813,0.0001304146091825483,0.00013041460450805795,4.6744903306552545e-12,4.674490330655255
5814,0.0001304224223787441,0.00013042241699837227,5.380371810225296e-12,5.380371810225296
5815,0.0001304302355525491,0.00013043022948868658,6.0638625091594935e-12,6.0638625091594935
5816,0.00013043804868012016,0.0001304380419790009,6.7011192495917395e-12,6.7011192495917395
5817,0.0001304458618673289,0.0001304458544693152,7.398013668933832e-12,7.398013668933832
5818,0.0001304536750417943,0.00013045366695962955,8.082164728306236e-12,8.082164728306235
5819,0.0001304614881694743,0.00013046147944994384,8.71953045816187e-12,8.71953045816187
5820,0.00013046930132771351,0.00013046929194025818,9.387455320715802e-12,9.387455320715802
5821,0.00013047711449095347,0.0001304771044305725,1.0060380957370105e-11,10.060380957370105
5822,0.00013048492761975536,0.0001304849169208868,1.0698868538318666e-11,10.698868538318665
5823,0.0001304927407415282,0.00013049272941120113,1.1330327073952676e-11,11.330327073952676
5824,0.00013050055389005318,0.00013050054190151544,1.1988537728986626e-11,11.988537728986627
5825,0.0001305083670003499,0.00013050835439182976,1.260852012015015e-11,12.60852012015015
5826,0.00013051618007994242,0.00013051616688214407,1.3197798339469753e-11,13.197798339469752
5827,0.0001305239932372047,0.00013052397937245839,1.386474630876122e-11,13.86474630876122
5828,0.0001305318063497553,0.0001305317918627727,1.4486982593611015e-11,14.486982593611016
5829,0.0001305396194182642,0.00013053960435308704,1.506517714964657e-11,15.06517714964657
5830,0.00013054743254306694,0.00013054741684340133,1.569966559667181e-11,15.699665596671808
5831,0.0001305552456489453,0.00013055522933371567,1.6315229620036965e-11,16.315229620036966
5832,0.00013056305869218034,0.00013056304182403,1.686815033922971e-11,16.86815033922971
5833,0.00013057087179651315,0.0001305708543143443,1.7482168832397988e-11,17.48216883239799
5834,0.00013057868488484077,0.00013057866680465862,1.8080182143360655e-11,18.080182143360656
5835,0.00013058649793317955,0.00013058647929497293,1.8638206608755104e-11,18.638206608755105
5836,0.000130594310991739,0.00013059429178528725,1.9206451739609357e-11,19.206451739609356
5837,0.00013060212408330782,0.00013060210427560156,1.9807706245861615e-11,19.807706245861613
5838,0.00013060993711806604,0.00013060991676591588,2.0352150157473837e-11,20.352150157473837
5839,0.00013061775012557705,0.0001306177292562302,2.0869346848764054e-11,20.869346848764053
5840,0.00013062556320469706,0.0001306255417465445,2.1458152545671833e-11,21.458152545671833
5841,0.0001306333762439849,0.00013063335423685882,2.200712606422532e-11,22.007126064225318
5842,0.00013064118922727277,0.00013064116672717316,2.2500099591893028e-11,22.50009959189303
5843,0.0001306490022792785,0.00013064897921748745,2.3061791045875258e-11,23.061791045875257
5844,0.00013065681530852741,0.0001306567917078018,2.360072561125305e-11,23.60072561125305
5845,0.0001306646282877433,0.0001306646041981161,2.40896271737165e-11,24.0896271737165
5846,0.00013067244130164006,0.00013067241668843042,2.4613209626067276e-11,24.613209626067277
5847,0.00013068025431880713,0.00013068022917874474,2.5140062384535975e-11,25.140062384535977
5848,0.00013068806730457842,0.00013068804166905905,2.5635519358594925e-11,25.635519358594927
5849,0.00013069588026088234,0.00013069585415937337,2.6101508964438217e-11,26.101508964438217
5850,0.00013070369328117184,0.00013070366664968768,2.663148414384851e-11,26.63148414384851
5851,0.00013071150626404714,0.000130711479140002,2.712404513258959e-11,27.12404513258959
5852,0.00013071931919316984,0.0001307192916303163,2.7562853518918127e-11,27.56285351891813
5853,0.00013072713218939663,0.00013072710412063063,2.806876599662744e-11,28.06876599662744
5854,0.0001307349451639767,0.00013073491661094494,2.8553031754546832e-11,28.553031754546833
5855,0.0001307427580937493,0.00013074272910125928,2.8992490011657558e-11,28.99249001165756
5856,0.00013075057104512035,0.00013075054159157357,2.9453546768666584e-11,29.453546768666584
5857,0.0001307583840122983,0.0001307583540818879,2.993041038019882e-11,29.93041038019882
5858,0.00013076619695131058,0.00013076616657220223,3.037910834374874e-11,30.379108343748737
5859,0.00013077400984449477,0.00013077397906251654,3.0781978219879975e-11,30.781978219879974
5860,0.0001307818228135803,0.00013078179155283086,3.126074943092459e-11,31.26074943092459
5861,0.0001307896357504039,0.00013078960404314517,3.170725871554891e-11,31.70725871554891
5862,0.000130797448631438,0.00013079741653345949,3.2097978507139244e-11,32.097978507139246
5863,0.0001308052615700105,0.0001308052290237738,3.254623669118295e-11,32.54623669118295
5864,0.00013081307449618558,0.00013081304151408812,3.298209745706515e-11,32.98209745706515
5865,0.0001308208873950282,0.00013082085400440243,3.3390625757229534e-11,33.390625757229536
5866,0.00013082870026790542,0.00013082866649471677,3.3773188635090335e-11,33.773188635090335
5867,0.00013083651320285985,0.00013083647898503106,3.4217828782274346e-11,34.217828782274346
5868,0.0001308443261005591,0.0001308442914753454,3.462521368282763e-11,34.62521368282763
5869,0.000130852138959714,0.00013085210396565972,3.49940542745772e-11,34.9940542745772
5870,0.0001308599518646507,0.00013085991645597403,3.5408676658312694e-11,35.40867665831269
5871,0.00013086776475634647,0.00013086772894628835,3.581005811459649e-11,35.81005811459649
5872,0.00013087557762427165,0.00013087554143660266,3.6187668980349625e-11,36.18766898034963
5873,0.0001308833904671598,0.00013088335392691698,3.654024282611948e-11,36.540242826119474
5874,0.000130891203372376,0.0001308911664172313,3.695514469006998e-11,36.95514469006998
5875,0.0001308990162344309,0.0001308989789075456,3.7326885278685466e-11,37.32688527868547
5876,0.00013090682905671968,0.00013090679139785992,3.7658859743964016e-11,37.658859743964015
5877,0.00013091464194251386,0.00013091460388817424,3.805433961677243e-11,38.05433961677243
5878,0.00013092245480949741,0.00013092241637848855,3.843100885293876e-11,38.43100885293876
5879,0.000130930267645032,0.0001309302288688029,3.877622909747373e-11,38.77622909747373
5880,0.00013093808047164753,0.00013093804135911718,3.911253034257213e-11,39.11253034257213
5881,0.00013094589334740645,0.00013094585384943152,3.949797492138718e-11,39.497974921387176
5882,0.00013095370619326582,0.00013095366633974584,3.985351996900062e-11,39.853519969000615
5883,0.0001309615189884743,0.00013096147883006015,4.015841412688162e-11,40.15841412688162
5884,0.0001309693318492536,0.00013096929132037447,4.052887912453612e-11,40.52887912453612
5885,0.00013097714469257214,0.00013097710381068878,4.088188334435834e-11,40.881883344358336
5886,0.0001309849575074769,0.0001309849163010031,4.120647379653107e-11,41.20647379653107
5887,0.00013099277030396563,0.0001309927287913174,4.1512648207442394e-11,41.512648207442396
5888,0.00013100058314989454,0.00013100054128163173,4.18682628066252e-11,41.8682628066252
5889,0.000131008383386841,0.00013100835377194604,2.961489494415528e-11,29.61489494415528
5890,0.0001310161870234438,0.00013101616626226036,2.0761183424800057e-11,20.761183424800056
5891,0.0001310239929685957,0.00013102397875257467,1.4216021009277891e-11,14.216021009277892
5892,0.00013103180083729734,0.000131031791242889,9.594408319290813e-12,9.594408319290812
5893,0.00013103960959530612,0.0001310396037332033,5.862102811885634e-12,5.862102811885634
5894,0.00013104741905504362,0.00013104741622351764,2.831525964469226e-12,2.831525964469226
5895,0.00013105522898750602,0.00013105522871383196,2.7367405784213336e-13,0.27367405784213333
5896,0.00013106303932872667,0.00013106304120414627,-1.875419616444845e-12,-1.875419616444845
5897,0.00013107085000355471,0.00013107085369446059,-3.690905881456238e-12,-3.6909058814562377
5898,0.00013107866101094113,0.0001310786661847749,-5.173833784109088e-12,-5.173833784109088
5899,0.00013108647225748497,0.00013108647867508922,-6.41760425158683e-12,-6.41760425158683
5900,0.0001310942837007045,0.00013109429116540353,-7.464699035512878e-12,-7.4646990355128775
5901,0.00013110209533138105,0.00013110210365571785,-8.324336808804277e-12,-8.324336808804278
5902,0.00013110990712117494,0.00013110991614603216,-9.02485723389203e-12,-9.02485723389203
5903,0.00013111771903049385,0.0001311177286363465,-9.605852663609875e-12,-9.605852663609875
5904,0.0001311255311160974,0.0001311255411266608,-1.0010563406609776e-11,-10.010563406609776
5905,0.0001311333433301424,0.00013113335361697513,-1.0286832729783357e-11,-10.286832729783356
5906,0.00013114115562840522,0.00013114116610728945,-1.0478884236859292e-11,-10.478884236859292
5907,0.00013114896800926084,0.00013114897859760376,-1.0588342930053703e-11,-10.588342930053704
5908,0.0001311567804547994,0.00013115679108791808,-1.063311869084377e-11,-10.63311869084377
5909,0.0001311645930588168,0.0001311646035782324,-1.0519415590089567e-11,-10.519415590089567
5910,0.0001311724056916768,0.0001311724160685467,-1.0376869919726655e-11,-10.376869919726655
5911,0.00013118021834326892,0.00013118022855886102,-1.021559210895895e-11,-10.215592108958951
5912,0.00013118803109650538,0.00013118804104917534,-9.95266996504997e-12,-9.952669965049969
5913,0.0001311958439145574,0.00013119585353948965,-9.624932263705895e-12,-9.624932263705896
5914,0.0001312036567571722,0.00013120366602980396,-9.272631772408781e-12,-9.272631772408781
5915,0.00013121146960168125,0.00013121147852011828,-8.918437044391064e-12,-8.918437044391064
5916,0.00013121928256085668,0.00013121929101043262,-8.449575956198998e-12,-8.449575956198998
5917,0.00013122709553216067,0.0001312271035007469,-7.968586250669043e-12,-7.968586250669043
5918,0.00013123490848531157,0.00013123491599106125,-7.505749694478719e-12,-7.505749694478719
5919,0.00013124272151821264,0.00013124272848137557,-6.9631629398728016e-12,-6.963162939872801
5920,0.00013125053457742594,0.00013125054097168988,-6.394263953793377e-12,-6.394263953793377
5921,0.00013125834763766918,0.0001312583534620042,-5.8243350298602e-12,-5.824335029860199
5922,0.0001312661606931079,0.0001312661659523185,-5.25921061232912e-12,-5.25921061232912
5923,0.00013127397382367304,0.00013127397844263283,-4.618959793387447e-12,-4.618959793387447
5924,0.00013128178693785648,0.00013128179093294714,-3.995090672960835e-12,-3.995090672960835
5925,0.00013128960002439078,0.00013128960342326145,-3.3988706866015676e-12,-3.3988706866015677
5926,0.00013129741321022694,0.00013129741591357577,-2.7033488401047876e-12,-2.7033488401047876
5927,0.0001313052263671083,0.00013130522840389008,-2.036781805246623e-12,-2.0367818052466227
5928,0.00013131303948407094,0.0001313130408942044,-1.4101334680761155e-12,-1.4101334680761155
5929,0.00013132085268906149,0.00013132085338451874,-6.95457265743523e-13,-0.695457265743523
5930,0.0001313286658732373,0.00013132866587483303,-1.5957393486330298e-15,-0.0015957393486330297
5931,0.0001313364790104,0.00013133647836514737,6.452526124429405e-13,0.6452526124429405
5932,0.0001313442922228777,0.00013134429085546169,1.3674160168231205e-12,1.3674160168231204
5933,0.00013135210542303196,0.000131352103345776,2.0772559456299613e-12,2.077255945629961
5934,0.00013135991857280853,0.00013135991583609032,2.7367182036518286e-12,2.7367182036518285
5935,0.0001313677317853825,0.00013136772832640463,3.458977858079871e-12,3.458977858079871
5936,0.00013137554499153834,0.00013137554081671894,4.174819388012505e-12,4.174819388012505
5937,0.00013138335815547812,0.00013138335330703326,4.848444850064094e-12,4.8484448500640935
5938,0.00013139117135246216,0.00013139116579734757,5.555114571718587e-12,5.555114571718587
5939,0.00013139898455806015,0.0001313989782876619,6.270398252528423e-12,6.270398252528423
5940,0.00013140679773073592,0.00013140679077797623,6.952759673584814e-12,6.952759673584814
5941,0.00013141461090588754,0.00013141460326829052,7.637597005827346e-12,7.637597005827346
5942,0.00013142242411299702,0.00013142241575860486,8.35439214578079e-12,8.35439214578079
5943,0.00013143023728433227,0.00013143022824891915,9.035413113481228e-12,9.035413113481228
5944,0.00013143805043256096,0.0001314380407392335,9.693327456061438e-12,9.693327456061438
5945,0.0001314458636384918,0.0001314458532295478,1.0408943986938227e-11,10.408943986938228
5946,0.0001314536768056183,0.00013145366571986212,1.108575616312024e-11,11.085756163120239
5947,0.00013146148992396455,0.00013146147821017643,1.1713788104893164e-11,11.713788104893164
5948,0.0001314693031262204,0.00013146929070049075,1.2425729651191151e-11,12.425729651191151
5949,0.0001314771162860348,0.00013147710319080506,1.3095229723976432e-11,13.095229723976432
5950,0.00013148492939065172,0.00013148491568111938,1.370953233232401e-11,13.70953233232401
5951,0.00013149274256776277,0.0001314927281714337,1.4396329061837713e-11,14.396329061837713
5952,0.0001315005557037143,0.000131500540661748,1.5041966278487457e-11,15.041966278487457
5953,0.000131508368786179,0.00013150835315206235,1.5634116630677137e-11,15.634116630677138
5954,0.00013151618193889245,0.00013151616564237664,1.6296515802648887e-11,16.296515802648887
5955,0.0001315239950750029,0.00013152397813269098,1.694231190912701e-11,16.94231190912701
5956,0.00013153180816401482,0.0001315317906230053,1.754100951429084e-11,17.54100951429084
5957,0.00013153962127880275,0.0001315396031133196,1.8165483131638722e-11,18.165483131638723
5958,0.00013154743440232483,0.00013154741560363392,1.8798690891952766e-11,18.798690891952766
5959,0.00013155524748750312,0.00013155522809394824,1.9393554866654906e-11,19.393554866654906
5960,0.00013156306055870138,0.00013156304058426255,1.9974438813284366e-11,19.974438813284365
5961,0.00013157087367953526,0.00013157085307457687,2.0604958375626895e-11,20.604958375626897
5962,0.00013157868675937228,0.00013157866556489118,2.1194481082536393e-11,21.194481082536395
5963,0.00013158649979010353,0.0001315864780552055,2.1734898023334515e-11,21.734898023334516
5964,0.0001315943128969269,0.00013159429054551981,2.2351407064418264e-11,22.351407064418265
5965,0.00013160212596876955,0.00013160210303583413,2.293293540660894e-11,22.93293540660894
5966,0.00013160993898260291,0.00013160991552614847,2.3456454433132627e-11,23.456454433132627
5967,0.00013161775206054613,0.00013161772801646276,2.4044083364107444e-11,24.044083364107443
5968,0.00013162556511728425,0.0001316255405067771,2.461050714373214e-11,24.61050714373214
5969,0.00013163337813704168,0.00013163335299709141,2.5139950250926286e-11,25.139950250926287
5970,0.00013164119115721337,0.00013164116548740573,2.566980763177054e-11,25.66980763177054
5971,0.00013164900421621428,0.00013164897797772004,2.6238494222644374e-11,26.238494222644373
5972,0.0001316568172315047,0.00013165679046803436,2.6763470335572718e-11,26.763470335572716
5973,0.00013166463020760486,0.00013166460295834867,2.724925617204299e-11,27.249256172042987
5974,0.00013167244325441917,0.000131672415448663,2.780575616786776e-11,27.80575616786776
5975,0.00013168025626320715,0.0001316802279389773,2.832422983247673e-11,28.324229832476732
5976,0.0001316880692139572,0.00013168804042929162,2.8784665558481357e-11,28.784665558481358
5977,0.00013169588224135937,0.00013169585291960593,2.932175342940381e-11,29.32175342940381
5978,0.00013170369524192463,0.00013170366540992025,2.983200436921138e-11,29.832004369211376
5979,0.00013171150819041527,0.0001317114779002346,3.029018067209865e-11,30.290180672098654
5980,0.00013171932116994907,0.00013171929039054888,3.0779400176849184e-11,30.779400176849183
5981,0.00013172713416678518,0.00013172710288086322,3.128592194907438e-11,31.285921949074382
5982,0.00013173494711690592,0.00013173491537117753,3.174572837703304e-11,31.745728377033043
5983,0.00013174276003514172,0.00013174272786149185,3.2173649855666784e-11,32.17364985566678
5984,0.0001317505730308372,0.00013175054035180616,3.267903102010147e-11,32.67903102010147
5985,0.00013175838598792307,0.00013175835284212048,3.3145802579656614e-11,33.14580257965662
5986,0.00013176619889058929,0.0001317661653324348,3.3558154481412595e-11,33.55815448141259
5987,0.00013177401185439917,0.0001317739778227491,3.403165004600106e-11,34.03165004600106
5988,0.00013178182480108323,0.00013178179031306342,3.448801979701843e-11,34.48801979701843
5989,0.0001317896377134449,0.00013178960280337774,3.491006714959681e-11,34.910067149596806
5990,0.00013179745062153733,0.00013179741529369208,3.532784523928059e-11,35.32784523928059
5991,0.00013180526356998344,0.00013180522778400637,3.578597706277374e-11,35.78597706277374
5992,0.00013181307648751402,0.0001318130402743207,3.621319329499933e-11,36.213193294999336
5993,0.00013182088935577568,0.00013182085276463502,3.65911406428967e-11,36.5911406428967
5994,0.00013182870229341045,0.00013182866525494934,3.703846110048142e-11,37.03846110048142
5995,0.0001318365152075365,0.00013183647774526365,3.7462272829465194e-11,37.46227282946519
5996,0.00013184432807821612,0.00013184429023557797,3.7842638137942584e-11,37.842638137942586
5997,0.0001318521409690008,0.00013185210272589228,3.8243108512035785e-11,38.24310851203578
5998,0.0001318599538790289,0.0001318599152162066,3.8662822282068213e-11,38.66282228206821
5999,0.00013186776676220652,0.0001318677277065209,3.905568559556366e-11,39.05568559556366
6000,0.00013187557960093473,0.00013187554019683523,3.9404099493122955e-11,39.404099493122956
6001,0.00013188339251120205,0.00013188335268714954,3.982405249236474e-11,39.82405249236474
6002,0.00013189120539624168,0.00013189116517746386,4.0218777814671215e-11,40.21877781467121
6003,0.0001318990182335574,0.0001318989776677782,4.056577918653514e-11,40.565779186535146
6004,0.00013190683110096243,0.0001319067901580925,4.0942869933401083e-11,40.942869933401084
6005,0.00013191464398153578,0.00013191460264840683,4.133312893906811e-11,41.33312893906811
6006,0.00013192245683510975,0.00013192241513872114,4.1696388600134816e-11,41.69638860013482
6007,0.00013193026964756246,0.00013193022762903546,4.20185269935692e-11,42.018526993569196
6008,0.00013193808253200484,0.00013193804011934977,4.24126550560039e-11,42.4126550560039
6009,0.00013194589539003882,0.0001319458526096641,4.27803747182324e-11,42.780374718232395
6010,0.0001319537082031471,0.0001319536650999784,4.3103168674510373e-11,43.10316867451037
6011,0.0001319615210434412,0.00013196147759029272,4.3453148458162336e-11,43.45314845816234
6012,0.00013196933390127063,0.00013196929008060703,4.3820663585650994e-11,43.82066358565099
6013,0.0001319771467310271,0.00013197710257092135,4.416010573733803e-11,44.16010573733803
6014,0.0001319849595197724,0.00013198491506123566,4.445853672212335e-11,44.458536722123355
6015,0.00013199277237397247,0.00013199272755154998,4.4822422482839614e-11,44.82242248283961
6016,0.00013200058518718567,0.00013200054004186432,4.514532133567778e-11,45.14532133567778
6017,0.00013200838529793164,0.0001320083525321786,3.2765753017956906e-11,32.765753017956904
6018,0.00013201618869671173,0.00013201616502249295,2.367421877051101e-11,23.67421877051101
6019,0.0001320239944491759,0.00013202397751280726,1.6936368638078096e-11,16.936368638078097
6020,0.00013203180213119115,0.00013203179000312158,1.2128069561255517e-11,12.128069561255517
6021,0.00013203961067866007,0.0001320396024934359,8.18522416212304e-12,8.18522416212304
6022,0.00013204741991129296,0.0001320474149837502,4.927542738242611e-12,4.927542738242611
6023,0.00013205522966730767,0.00013205522747406452,2.1932431351009398e-12,2.1932431351009396
6024,0.0001320630398374904,0.00013206303996437884,-1.2688844633067445e-13,-0.12688844633067445
6025,0.00013207085036771282,0.00013207085245469315,-2.0869803387276474e-12,-2.0869803387276473
6026,0.00013207866120500225,0.00013207866494500747,-3.740005223669742e-12,-3.7400052236697423
6027,0.00013208647229099457,0.0001320864774353218,-5.144327249089949e-12,-5.144327249089949
6028,0.00013209428358413442,0.0001320942899256361,-6.341501688750239e-12,-6.341501688750239
6029,0.00013210209506886412,0.00013210210241595044,-7.347086328829746e-12,-7.347086328829746
6030,0.0001321099067225422,0.00013210991490626475,-8.183722563296485e-12,-8.183722563296485
6031,0.00013211771850798015,0.00013211772739657907,-8.888598933242525e-12,-8.888598933242525
6032,0.0001321255304356033,0.00013212553988689338,-9.451290102942949e-12,-9.451290102942949
6033,0.0001321333425418718,0.0001321333523772077,-9.835335898325167e-12,-9.835335898325168
6034,0.00013214115472482833,0.000132141164867522,-1.0142693688802706e-11,-10.142693688802705
6035,0.0001321489670001263,0.00013214897735783633,-1.0357710034459763e-11,-10.357710034459762
6036,0.00013215677933783133,0.00013215678984815064,-1.0510319323597794e-11,-10.510319323597793
6037,0.00013216459181074458,0.00013216460233846496,-1.0527720388995426e-11,-10.527720388995425
6038,0.00013217240435106666,0.00013217241482877927,-1.047771262088665e-11,-10.47771262088665
6039,0.00013218021693140434,0.0001321802273190936,-1.038768925452105e-11,-10.387689254521051
6040,0.00013218802954398346,0.00013218803980940793,-1.0265424480261272e-11,-10.265424480261272
6041,0.00013219584228170496,0.00013219585229972222,-1.001801726944056e-11,-10.01801726944056
6042,0.00013220365505390582,0.00013220366479003656,-9.73613074902144e-12,-9.73613074902144
6043,0.0001322114678301978,0.00013221147728035087,-9.450153073019609e-12,-9.450153073019608
6044,0.0001322192806593511,0.0001322192897706652,-9.111314090106184e-12,-9.111314090106184
6045,0.0001322270935689328,0.0001322271022609795,-8.692046713213222e-12,-8.692046713213221
6046,0.00013223490648636794,0.00013223491475129382,-8.264925890778806e-12,-8.264925890778807
6047,0.00013224271938795017,0.00013224272724160813,-7.853657974354877e-12,-7.853657974354877
6048,0.00013225053239190103,0.00013225053973192245,-7.340021423528342e-12,-7.340021423528341
6049,0.00013225834540139534,0.00013225835222223676,-6.820841428309051e-12,-6.820841428309051
6050,0.00013226615838585987,0.00013226616471255108,-6.326691216023544e-12,-6.326691216023543
6051,0.00013227397143834938,0.0001322739772028654,-5.764516018137005e-12,-5.764516018137005
6052,0.00013228178451075631,0.0001322817896931797,-5.182423402925659e-12,-5.182423402925659
6053,0.000132289597570588,0.00013228960218349405,-4.612906069242211e-12,-4.612906069242211
6054,0.000132297410638523,0.00013229741467380834,-4.0352853543114984e-12,-4.035285354311498
6055,0.00013230522376632187,0.00013230522716412268,-3.397800823002813e-12,-3.397800823002813
6056,0.000132313036874166,0.000132313039654437,-2.7802710055736694e-12,-2.7802710055736695
6057,0.00013232084994803926,0.0001323208521447513,-2.196712061134145e-12,-2.196712061134145
6058,0.00013232866312439,0.00013232866463506562,-1.5106756283938975e-12,-1.5106756283938976
6059,0.00013233647625810372,0.00013233647712537994,-8.672762321332176e-13,-0.8672762321332176
6060,0.00013234428936160554,0.00013234428961569425,-2.540887257200412e-13,-0.2540887257200412
6061,0.00013235210254178243,0.00013235210210600857,4.3577385648690755e-13,0.43577385648690753
6062,0.000132359915687954,0.00013235991459632288,1.0916311151802062e-12,1.0916311151802063
6063,0.0001323677287999825,0.0001323677270866372,1.7133453024738406e-12,1.7133453024738405
6064,0.00013237554197777189,0.00013237553957695154,2.4008203359717047e-12,2.4008203359717046
6065,0.00013238335514553288,0.00013238335206726583,3.078267041475164e-12,3.078267041475164
6066,0.00013239116826937924,0.00013239116455758017,3.711799059553945e-12,3.711799059553945
6067,0.00013239898143330007,0.00013239897704789448,4.385405575172569e-12,4.38540557517257
6068,0.00013240679460267278,0.0001324067895382088,5.064463974310483e-12,5.064463974310483
6069,0.0001324146077399955,0.0001324146020285231,5.711472381447769e-12,5.711472381447769
6070,0.0001324224208799423,0.00013242241451883743,6.361104855998068e-12,6.361104855998068
6071,0.00013243023405365255,0.00013243022700915174,7.04450079566239e-12,7.04450079566239
6072,0.00013243804719409224,0.00013243803949946606,7.694626175625356e-12,7.694626175625356
6073,0.00013244586030526317,0.00013244585198978037,8.315482786105608e-12,8.315482786105608
6074,0.00013245367348212788,0.0001324536644800947,9.002033184885722e-12,9.002033184885722
6075,0.0001324614866154119,0.000132461476970409,9.645002884720392e-12,9.645002884720391
6076,0.00013246929970524063,0.00013246928946072332,1.0244517300695919e-11,10.24451730069592
6077,0.00013247711287305317,0.00013247710195103766,1.0922015505802572e-11,10.922015505802571
6078,0.00013248492600688094,0.00013248491444135195,1.1565528987236851e-11,11.565528987236851
6079,0.0001324927390849306,0.0001324927269316663,1.2153264305549844e-11,12.153264305549845
6080,0.0001325005522245425,0.0001325005394219806,1.2802561897154117e-11,12.802561897154117
6081,0.0001325083653309844,0.00013250835191229492,1.3418689461703477e-11,13.418689461703476
6082,0.00013251617840301193,0.00013251616440260923,1.4000402687469616e-11,14.000402687469617
6083,0.00013252399151891868,0.00013252397689292355,1.462599512014434e-11,14.62599512014434
6084,0.0001325318046345577,0.00013253178938323786,1.5251319836197622e-11,15.251319836197622
6085,0.00013253961770849296,0.00013253960187355218,1.583494076989636e-11,15.834940769896358
6086,0.0001325474307800741,0.0001325474143638665,1.641620760252303e-11,16.41620760252303
6087,0.00013255524388590758,0.0001325552268541808,1.70317267670233e-11,17.0317267670233
6088,0.0001325630569592445,0.00013256303934449512,1.7614749356648097e-11,17.614749356648097
6089,0.00013257086998420202,0.00013257085183480944,1.8149392568512027e-11,18.149392568512027
6090,0.00013257868308963892,0.00013257866432512378,1.8764515131857602e-11,18.764515131857603
6091,0.00013258649615545352,0.00013258647681543807,1.934001544549453e-11,19.34001544549453
6092,0.00013259430916498518,0.0001325942893057524,1.985923276437361e-11,19.85923276437361
6093,0.00013260212224195387,0.00013260210179606672,2.0445887133120633e-11,20.44588713312063
6094,0.00013260993529714974,0.00013260991428638104,2.1010768689365076e-11,21.010768689365076
6095,0.00013261774830064998,0.00013261772677669535,2.1523954618663672e-11,21.523954618663673
6096,0.0001326255613397787,0.00013262553926700967,2.2072769030548346e-11,22.072769030548347
6097,0.00013263337438204997,0.00013263335175732398,2.2624725975324914e-11,22.624725975324914
6098,0.00013264118739238649,0.0001326411642476383,2.314474817879179e-11,23.14474817879179
6099,0.0001326490003780402,0.0001326489767379526,2.3640087571125135e-11,23.640087571125136
6100,0.00013265681342015994,0.00013265678922826693,2.41918929986481e-11,24.1918929986481
6101,0.0001326646264269761,0.00013266460171858127,2.470839482476597e-11,24.70839482476597
6102,0.00013267243938094907,0.00013267241420889556,2.5172053504358636e-11,25.172053504358637
6103,0.00013268025240455178,0.0001326802266992099,2.5705341870082774e-11,25.705341870082773
6104,0.00013268806540368705,0.0001326880391895242,2.6214162828539998e-11,26.214162828539997
6105,0.0001326958783508045,0.00013269585167983853,2.6670965962270766e-11,26.670965962270767
6106,0.00013270369133712014,0.00013270366417015284,2.7166967287135466e-11,27.166967287135467
6107,0.00013271150432628346,0.00013271147666046716,2.7665816296111254e-11,27.665816296111256
6108,0.0001327193172810978,0.00013271928915078147,2.813031631658977e-11,28.13031631658977
6109,0.00013272713020377354,0.00013272710164109579,2.856267773864511e-11,28.56267773864511
6110,0.00013273494320060355,0.0001327349141314101,2.906919343933814e-11,29.06919343933814
6111,0.00013274275615186086,0.00013274272662172442,2.953013643643422e-11,29.53013643643422
6112,0.00013275056905615165,0.00013275053911203873,2.994411290672545e-11,29.94411290672545
6113,0.00013275838202129577,0.00013275835160235305,3.041894271761243e-11,30.41894271761243
6114,0.00013276619496842341,0.0001327661640926674,3.0875756015738565e-11,30.875756015738567
6115,0.0001327740078767294,0.00013277397658298168,3.129374772035538e-11,31.29374772035538
6116,0.00013278182079363803,0.00013278178907329602,3.172034200000473e-11,31.720342000004727
6117,0.00013278963373958475,0.00013278960156361033,3.217597441222965e-11,32.17597441222965
6118,0.00013279744665668124,0.00013279741405392465,3.2602756584115487e-11,32.60275658411549
6119,0.00013280525952553295,0.00013280522654423896,3.2981293981940175e-11,32.981293981940176
6120,0.00013281307246703722,0.00013281303903455328,3.343248392997344e-11,33.43248392997344
6121,0.00013282088538268803,0.0001328208515248676,3.385782042668249e-11,33.85782042668249
6122,0.0001328286982494407,0.0001328286640151819,3.423425878199619e-11,34.23425878199619
6123,0.00013283651114916886,0.00013283647650549622,3.464367263139001e-11,34.64367263139001
6124,0.00013284432406510883,0.00013284428899581054,3.506929828481846e-11,35.06929828481846
6125,0.0001328521369423733,0.00013285210148612485,3.545624844098033e-11,35.45624844098033
6126,0.0001328599497816445,0.00013285991397643917,3.580520533409266e-11,35.80520533409266
6127,0.00013286776269688476,0.0001328677264667535,3.623013124343899e-11,36.23013124343899
6128,0.00013287557558119744,0.0001328755389570678,3.662412963529386e-11,36.62412963529386
6129,0.0001328833884156676,0.00013288335144738214,3.6968285464345994e-11,36.968285464345996
6130,0.00013289120129294566,0.00013289116393769645,3.7355249200140076e-11,37.35524920014008
6131,0.00013289901417244232,0.00013289897642801077,3.7744431538839716e-11,37.74443153883971
6132,0.0001329068270271196,0.00013290678891832508,3.81087945111422e-11,38.1087945111422
6133,0.00013291463983986236,0.0001329146014086394,3.8431222955762773e-11,38.43122295576277
6134,0.00013292245272888083,0.0001329224138989537,3.882992711030689e-11,38.82992711030688
6135,0.00013293026558703366,0.00013293022638926803,3.919776562819854e-11,39.19776562819854
6136,0.0001329380783957656,0.00013293803887958234,3.951618325661739e-11,39.51618325661739
6137,0.0001329458912470089,0.00013294585136989666,3.9877112235378957e-11,39.87711223537896
6138,0.00013295370410888637,0.000132953663860211,4.024867536720386e-11,40.24867536720386
6139,0.0001329615169320502,0.00013296147635052528,4.0581524892055824e-11,40.581524892055825
6140,0.00013296932972146815,0.00013296928884083963,4.088062851586896e-11,40.880628515868956
6141,0.00013297714258078675,0.00013297710133115394,4.1249632795041525e-11,41.24963279504153
6142,0.0001329849554150932,0.00013298491382146826,4.1593624936670665e-11,41.593624936670665
6143,0.00013299276822204996,0.00013299272631178257,4.1910267373767447e-11,41.91026737376745
6144,0.00013300058101134985,0.00013300053880209689,4.220925295506905e-11,42.209252955069054
6145,0.00013300838124914382,0.0001330083512924112,2.995673261343737e-11,29.956732613437367
6146,0.00013301618490742684,0.00013301616378272552,2.1124701315719194e-11,21.124701315719193
6147,0.00013302399081059345,0.00013302397627303983,1.4537553604748397e-11,14.537553604748396
6148,0.0001330317987086674,0.00013303178876335415,9.945313252656558e-12,9.945313252656558
6149,0.00013303960749547322,0.00013303960125366846,6.241804751263789e-12,6.241804751263789
6150,0.0001330474169260312,0.00013304741374398277,3.1820484184135724e-12,3.182048418413572
6151,0.00013305522686624005,0.00013305522623429712,6.319429194684541e-13,0.6319429194684542
6152,0.00013306303721012314,0.0001330630387246114,-1.5144882795435514e-12,-1.5144882795435515
6153,0.00013307084788653686,0.00013307085121492575,-3.3283888988776842e-12,-3.328388898877684
6154,0.0001330786588446174,0.00013307866370524006,-4.860622684257897e-12,-4.860622684257898
6155,0.00013308647003721022,0.00013308647619555438,-6.158344163145745e-12,-6.158344163145745
6156,0.000133094281510377,0.0001330942886858687,-7.175491710974593e-12,-7.175491710974593
6157,0.00013310209314903865,0.000133102101176183,-8.027144362370691e-12,-8.027144362370692
6158,0.00013310990494103556,0.00013310991366649732,-8.725461769959116e-12,-8.725461769959116
6159,0.00013311771687654793,0.00013311772615681164,-9.280263715446396e-12,-9.280263715446395
6160,0.00013312552891398238,0.00013312553864712595,-9.733143582300862e-12,-9.733143582300862
6161,0.00013313334111122264,0.00013313335113744026,-1.0026217632572153e-11,-10.026217632572154
6162,0.00013314115342623543,0.00013314116362775458,-1.0201519164760089e-11,-10.20151916476009
6163,0.00013314896582032943,0.0001331489761180689,-1.0297739478377909e-11,-10.29773947837791
6164,0.0001331567782623649,0.00013315678860838324,-1.0346018350597385e-11,-10.346018350597385
6165,0.0001331645908135009,0.00013316460109869752,-1.0285196641600022e-11,-10.285196641600022
6166,0.00013317240345843783,0.00013317241358901187,-1.0130574043237794e-11,-10.130574043237793
6167,0.00013318021614802515,0.00013318022607932618,-9.931301044961693e-12,-9.931301044961693
6168,0.00013318802884979366,0.0001331880385696405,-9.719846845542337e-12,-9.719846845542337
6169,0.00013319584166720144,0.0001331958510599548,-9.392753377129153e-12,-9.392753377129154
6170,0.00013320365452111057,0.00013320366355026913,-9.029158562065877e-12,-9.029158562065877
6171,0.00013321146739490107,0.00013321147604058344,-8.645682379400029e-12,-8.645682379400029
6172,0.000133219280285964,0.00013321928853089775,-8.244933771924314e-12,-8.244933771924314
6173,0.00013322709327688072,0.00013322710102121207,-7.744331364090128e-12,-7.744331364090129
6174,0.00013323490626591667,0.00013323491351152638,-7.245609721764553e-12,-7.245609721764553
6175,0.00013324271924864396,0.00013324272600184073,-6.753196780830128e-12,-6.753196780830128
6176,0.00013325053231443094,0.00013325053849215501,-6.177724087243543e-12,-6.1777240872435435
6177,0.00013325834538643818,0.00013325835098246936,-5.596031190268138e-12,-5.596031190268138
6178,0.00013326615844671597,0.00013326616347278364,-5.026067680285658e-12,-5.026067680285658
6179,0.0001332739715458884,0.00013327397596309799,-4.417209582882597e-12,-4.417209582882597
6180,0.0001332817846711689,0.0001332817884534123,-3.7822434092751065e-12,-3.7822434092751065
6181,0.0001332895977903088,0.00013328960094372662,-3.1534178315119225e-12,-3.1534178315119226
6182,0.0001332974108962059,0.00013329741343404093,-2.5378350514491825e-12,-2.5378350514491825
6183,0.0001333052240927561,0.00013330522592435524,-1.831599146188955e-12,-1.8315991461889551
6184,0.00013331303723359934,0.00013331303841466956,-1.1810702261773907e-12,-1.1810702261773907
6185,0.0001333208503686166,0.00013332085090498387,-5.363672936447315e-13,-0.5363672936447315
6186,0.00013332866357570282,0.0001333286633952982,1.804046172771669e-13,0.18040461727716692
6187,0.00013333647675282384,0.0001333364758856125,8.672113214508566e-13,0.8672113214508567
6188,0.00013334428988824278,0.00013334428837592685,1.5123159237833674e-12,1.5123159237833674
6189,0.00013335210311363102,0.00013335210086624113,2.2473898721082332e-12,2.2473898721082333
6190,0.00013335991630618172,0.00013335991335655548,2.9496262368693245e-12,2.9496262368693245
6191,0.00013336772944983502,0.0001333677258468698,3.602965219176591e-12,3.6029652191765913
6192,0.00013337554267155283,0.0001333755383371841,4.3343687094667246e-12,4.334368709466725
6193,0.0001333833558710655,0.00013338335082749842,5.043567061637997e-12,5.043567061637997
6194,0.00013339116901560559,0.00013339116331781273,5.697792840007194e-12,5.697792840007194
6195,0.00013339898223442385,0.00013339897580812705,6.426296794217341e-12,6.426296794217341
6196,0.00013340679543180864,0.00013340678829844136,7.133367264099839e-12,7.133367264099839
6197,0.00013341460857546156,0.00013341460078875568,7.786705866936345e-12,7.786705866936345
6198,0.0001334224217731343,0.00013342241327907,8.494064300915855e-12,8.494064300915856
6199,0.0001334302349643472,0.0001334302257693843,9.194962868616317e-12,9.194962868616317
6200,0.0001334380481115851,0.00013343803825969862,9.85188646725131e-12,9.85188646725131
6201,0.00013344586128426675,0.00013344585075001297,1.0534253770104485e-11,10.534253770104485
6202,0.0001334536744690242,0.00013345366324032725,1.122869694385986e-11,11.228696943859859
6203,0.00013346148761844836,0.0001334614757306416,1.1887806754860506e-11,11.887806754860506
6204,0.0001334693007434504,0.0001334692882209559,1.2522494478245048e-11,12.522494478245047
6205,0.00013347711394030205,0.00013347710071127023,1.322903181881428e-11,13.229031818814281
6206,0.00013348492707626283,0.00013348491320158454,1.3874678278287545e-11,13.874678278287545
6207,0.00013349274017163836,0.00013349272569189885,1.4479739499682563e-11,14.479739499682562
6208,0.00013350055335029993,0.00013350053818221317,1.5168086746723137e-11,15.168086746723137
6209,0.00013350836646517847,0.00013350835067252748,1.5792650976267584e-11,15.792650976267584
6210,0.000133516179547853,0.0001335161631628418,1.6385011202892803e-11,16.3850112028928
6211,0.00013352399270368908,0.00013352397565315611,1.7050532958436474e-11,17.050532958436474
6212,0.00013353180582313876,0.00013353178814347043,1.7679668319865392e-11,17.679668319865392
6213,0.0001335396188903982,0.00013353960063378474,1.8256613441317374e-11,18.256613441317374
6214,0.00013354743201410328,0.00013354741312409909,1.889000418785308e-11,18.89000418785308
6215,0.00013355524512513047,0.00013355522561441337,1.951071708733537e-11,19.51071708733537
6216,0.0001335630581813744,0.00013356303810472772,2.0076646687609846e-11,20.076646687609845
6217,0.0001335708712727582,0.00013357085059504203,2.0677716147656314e-11,20.677716147656316
6218,0.00013357868436884108,0.00013357866308535634,2.1283484729653716e-11,21.283484729653715
6219,0.00013358649743125037,0.00013358647557567066,2.185557969979214e-11,21.855579699792138
6220,0.00013359431047103938,0.00013359428806598497,2.2405054390799856e-11,22.405054390799858
6221,0.00013360212356218005,0.0001336021005562993,2.30058807456142e-11,23.0058807456142
6222,0.00013360993661920196,0.0001336099130466136,2.3572588342262597e-11,23.5725883422626
6223,0.00013361774961998196,0.00013361772553692792,2.408305403541548e-11,24.08305403541548
6224,0.0001336255626973968,0.00013362553802724223,2.4670154553356483e-11,24.670154553356483
6225,0.000133633375744388,0.00013363335051755658,2.5226831409660642e-11,25.22683140966064
6226,0.00013364118873193851,0.00013364116300787086,2.5724067640799803e-11,25.724067640799802
6227,0.00013364900177893072,0.0001336489754981852,2.628074549999097e-11,26.28074549999097
6228,0.000133656814810336,0.00013365678798849952,2.6821836462174673e-11,26.821836462174673
6229,0.00013366462780204928,0.00013366460047881383,2.7323235433344984e-11,27.323235433344983
6230,0.00013367244079776913,0.00013367241296912815,2.7828640965223498e-11,27.8286409652235
6231,0.0001336802538235569,0.00013368022545944246,2.8364114432006064e-11,28.364114432006062
6232,0.00013368806681788445,0.00013368803794975678,2.8868127658559726e-11,28.868127658559725
6233,0.00013369587976300927,0.0001336958504400711,2.932293816422274e-11,29.322938164222737
6234,0.00013370369278421215,0.0001337036629303854,2.985382672975324e-11,29.85382672975324
6235,0.00013371150577316189,0.00013371147542069972,3.035246215090105e-11,30.35246215090105
6236,0.00013371931870476521,0.00013371928791101404,3.079375116469518e-11,30.79375116469518
6237,0.00013372713169369828,0.00013372710040132835,3.1292369916234587e-11,31.292369916234588
6238,0.00013373494466901667,0.0001337349128916427,3.177737396162333e-11,31.777373961623333
6239,0.00013374275761119658,0.00013374272538195698,3.222923958445049e-11,32.22923958445049
6240,0.00013375057054264844,0.00013375053787227132,3.267037710809607e-11,32.67037710809607
6241,0.00013375838351971386,0.00013375835036258564,3.3157128209760507e-11,33.15712820976051
6242,0.00013376619646448968,0.00013376616285289995,3.3611589710744195e-11,33.6115897107442
6243,0.0001337740093582906,0.00013377397534321427,3.4015076308176196e-11,34.0150763081762
6244,0.0001337818223208247,0.00013378178783352858,3.4487296092068296e-11,34.4872960920683
6245,0.00013378963525659127,0.0001337896003238429,3.493274836088961e-11,34.932748360889605
6246,0.00013379744815123173,0.0001337974128141572,3.533707451027387e-11,35.33707451027387
6247,0.0001338052610693578,0.00013380522530447153,3.576488626764776e-11,35.76488626764776
6248,0.00013381307400270624,0.00013381303779478584,3.620792038615367e-11,36.20792038615367
6249,0.0001338208869085946,0.00013382085028510016,3.662349442834606e-11,36.623494428346056
6250,0.0001338286997691236,0.00013382866277541447,3.6993709110823986e-11,36.993709110823985
6251,0.000133836512705078,0.00013383647526572881,3.743934916346157e-11,37.43934916346157
6252,0.00013384432560990838,0.0001338442877560431,3.7853865268279106e-11,37.85386526827911
6253,0.00013385213846333426,0.00013385210024635744,3.8216976800223996e-11,38.216976800223996
6254,0.00013385995136305047,0.00013385991273667176,3.862637869628886e-11,38.62637869628886
6255,0.00013386776426195905,0.00013386772522698607,3.903497297015544e-11,39.034972970155444
6256,0.00013387557713390814,0.0001338755377173004,3.941660774385154e-11,39.41660774385154
6257,0.00013388338996634928,0.0001338833502076147,3.975873456985303e-11,39.758734569853026
6258,0.0001338912028818159,0.00013389116269792902,4.018388686061297e-11,40.18388686061297
6259,0.0001338990157486796,0.00013389897518824333,4.056043626533419e-11,40.56043626533419
6260,0.00013390682858781884,0.00013390678767855765,4.0909261183937074e-11,40.909261183937076
6261,0.0001339146414463631,0.00013391460016887196,4.127749112591805e-11,41.277491125918054
6262,0.00013392245431819412,0.0001339224126591863,4.165900780289251e-11,41.65900780289251
6263,0.00013393026716226701,0.0001339302251495006,4.201276641058635e-11,42.012766410586345
6264,0.00013393807996817418,0.00013393803763981493,4.2328359231559946e-11,42.32835923155994
6265,0.00013394589285134877,0.00013394585013012925,4.272121950928931e-11,42.721219509289305
6266,0.00013395370570212399,0.00013395366262044356,4.308168041086796e-11,43.08168041086796
6267,0.0001339615185007688,0.00013396147511075788,4.33900109204296e-11,43.390010920429596
6268,0.00013396933134905473,0.0001339692876010722,4.374798252092528e-11,43.74798252092528
6269,0.0001339771441993979,0.0001339771000913865,4.4108011367938194e-11,44.1080113679382
6270,0.00013398495701762167,0.00013398491258170082,4.4435920834011445e-11,44.43592083401145
6271,0.00013399276979970834,0.00013399272507201514,4.472769319115445e-11,44.72769319115445
6272,0.00013400058263982455,0.00013400053756232945,4.507749508433496e-11,45.07749508433496
6273,0.0001340083827411621,0.00013400835005264377,3.2688518331211806e-11,32.6885183312118
6274,0.0001340161861366449,0.00013401616254295808,2.3593686808118947e-11,23.593686808118946
6275,0.00013402399182185266,0.00013402397503327242,1.6788580226794967e-11,16.788580226794966
6276,0.00013403179946087394,0.0001340317875235867,1.1937287221242694e-11,11.937287221242693
6277,0.00013403960804068046,0.00013403960001390105,8.026779398737095e-12,8.026779398737094
6278,0.00013404741726683083,0.00013404741250421537,4.762615448752212e-12,4.762615448752212
6279,0.00013405522699771574,0.00013405522499452968,2.0031860450263458e-12,2.0031860450263457
6280,0.00013406303716117566,0.000134063037484844,-3.2366834881619936e-13,-0.3236683488161994
6281,0.00013407084765710382,0.0001340708499751583,-2.3180545046057897e-12,-2.3180545046057897
6282,0.00013407865843903362,0.00013407866246547263,-4.0264390235255374e-12,-4.026439023525538
6283,0.00013408646946330474,0.00013408647495578694,-5.492482212065402e-12,-5.4924822120654015
6284,0.00013409428074366472,0.00013409428744610126,-6.702436549308593e-12,-6.702436549308593
6285,0.00013410209223623852,0.00013410209993641557,-7.70017706798533e-12,-7.70017706798533
6286,0.00013410990387809923,0.0001341099124267299,-8.548630672451293e-12,-8.548630672451292
6287,0.00013411771567059717,0.0001341177249170442,-9.246447043110758e-12,-9.246447043110757
6288,0.00013412552759058626,0.00013412553740735854,-9.816772297148087e-12,-9.816772297148088
6289,0.0001341333395997942,0.00013413334989767283,-1.0297878635726747e-11,-10.297878635726747
6290,0.00013414115180282435,0.00013414116238798717,-1.0585162829556532e-11,-10.585162829556532
6291,0.0001341489640781062,0.0001341489748783015,-1.0800195302720904e-11,-10.800195302720905
6292,0.00013415677643250707,0.0001341567873686158,-1.0936108745764397e-11,-10.936108745764397
6293,0.00013416458884449447,0.00013416459985893012,-1.101443565777806e-11,-11.014435657778058
6294,0.00013417240135174419,0.00013417241234924443,-1.099750025721351e-11,-10.99750025721351
6295,0.00013418021394885784,0.00013418022483955875,-1.0890700922212825e-11,-10.890700922212826
6296,0.00013418802658872862,0.00013418803732987306,-1.0741144448236916e-11,-10.741144448236916
6297,0.00013419583925643758,0.00013419584982018738,-1.0563749809544889e-11,-10.56374980954489
6298,0.0001342036520189895,0.0001342036623105017,-1.0291512200569913e-11,-10.291512200569912
6299,0.00013421146481958657,0.00013421147480081603,-9.981229476576497e-12,-9.981229476576496
6300,0.00013421927764336897,0.00013421928729113032,-9.647761360175022e-12,-9.647761360175021
6301,0.00013422709048601568,0.00013422709978144466,-9.295428993334037e-12,-9.295428993334037
6302,0.0001342349034209507,0.00013423491227175898,-8.850808280473967e-12,-8.850808280473967
6303,0.00013424271635932404,0.0001342427247620733,-8.402749264369349e-12,-8.40274926436935
6304,0.00013425052927892406,0.0001342505372523876,-7.973463561247023e-12,-7.973463561247023
6305,0.00013425834229606484,0.00013425834974270192,-7.446637094681007e-12,-7.446637094681007
6306,0.00013426615531852366,0.00013426616223301624,-6.914492589353895e-12,-6.9144925893538955
6307,0.00013427396831552826,0.00013427397472333055,-6.4078023050060405e-12,-6.40780230500604
6308,0.00013428178137273869,0.00013428178721364487,-5.8409061927049026e-12,-5.840906192704902
6309,0.00013428959445284188,0.00013428959970395918,-5.251117314162059e-12,-5.251117314162059
6310,0.00013429740751837467,0.0001342974121942735,-4.675898838879868e-12,-4.675898838879868
6311,0.00013430522058804784,0.0001343052246845878,-4.096539985236335e-12,-4.096539985236335
6312,0.00013431303371829183,0.00013431303717490215,-3.4566103340832064e-12,-3.4566103340832064
6313,0.0001343208468264569,0.00013432084966521644,-2.8387595386008983e-12,-2.838759538600898
6314,0.00013432865990059244,0.00013432866215553078,-2.254938352760904e-12,-2.2549383527609037
6315,0.00013433647306809908,0.0001343364746458451,-1.5777460281921638e-12,-1.5777460281921638
6316,0.00013434428620279717,0.0001343442871361594,-9.3336225767403e-13,-0.93336225767403
6317,0.00013435209929465127,0.00013435209962647373,-3.3182247072513696e-13,-0.331822470725137
6318,0.0001343599124662564,0.00013435991211678804,3.4946835489603275e-13,0.34946835489603273
6319,0.00013436772562212568,0.00013436772460710236,1.0150233141312367e-12,1.0150233141312366
6320,0.00013437553872649337,0.00013437553709741667,1.6290766915044143e-12,1.6290766915044144
6321,0.00013438335189766866,0.000134383349587731,2.309937658069248e-12,2.3099376580692477
6322,0.0001343911650594631,0.0001343911620780453,2.981417782177085e-12,2.981417782177085
6323,0.0001343989781786015,0.00013439897456835962,3.610241869162282e-12,3.610241869162282
6324,0.00013440679133205907,0.00013440678705867393,4.273385129085009e-12,4.273385129085009
6325,0.00013441460449544946,0.00013441459954898827,4.946461171685691e-12,4.946461171685691
6326,0.0001344224176280758,0.00013442241203930256,5.588773221587585e-12,5.5887732215875845
6327,0.0001344302307551388,0.0001344302245296169,6.22552187777675e-12,6.22552187777675
6328,0.00013443804392261502,0.00013443803701993122,6.9026837904745516e-12,6.902683790474551
6329,0.0001344458570560603,0.00013444584951024553,7.545814765382378e-12,7.545814765382378
6330,0.00013445367015212803,0.00013445366200055985,8.151568168549365e-12,8.151568168549364
6331,0.0001344614833233533,0.00013446147449087416,8.83247911683435e-12,8.83247911683435
6332,0.00013446929645548043,0.00013446928698118848,9.474291945845923e-12,9.474291945845923
6333,0.00013447710953545916,0.0001344770994715028,1.0063956357979365e-11,10.063956357979364
6334,0.00013448492268950757,0.0001344849119618171,1.0727690453875988e-11,10.727690453875988
6335,0.00013449273581618527,0.00013449272445213142,1.136405383882316e-11,11.36405383882316
6336,0.0001345005488902025,0.00013450053694244576,1.1947756738206137e-11,11.947756738206136
6337,0.00013450836199330676,0.00013450834943276005,1.2560546694787717e-11,12.560546694787718
6338,0.0001345161751049728,0.0001345161619230744,1.3181898406190035e-11,13.181898406190035
6339,0.0001345239881800351,0.0001345239744133887,1.3766646395152125e-11,13.766646395152124
6340,0.0001345318012716663,0.00013453178690370302,1.4367963270134355e-11,14.367963270134355
6341,0.0001345396143798736,0.00013453959939401734,1.4985856241081173e-11,14.985856241081173
6342,0.0001345474274525602,0.00013454741188433165,1.5568228526242912e-11,15.568228526242912
6343,0.0001345552404981268,0.00013455522437464597,1.6123480822207587e-11,16.123480822207586
6344,0.00013456305361057117,0.00013456303686496028,1.6745610882349533e-11,16.74561088234953
6345,0.00013457086666771603,0.0001345708493552746,1.731244142752429e-11,17.31244142752429
6346,0.000134578679683384,0.0001345786618455889,1.7837795086754147e-11,17.83779508675415
6347,0.0001345864927742205,0.00013458647433590323,1.8438317268649e-11,18.438317268648998
6348,0.00013459430583328267,0.00013459428682621754,1.900706511694558e-11,19.00706511694558
6349,0.00013460211884549797,0.00013460209931653188,1.952896608014705e-11,19.528966080147047
6350,0.0001346099318985971,0.00013460991180684617,2.0091750924915176e-11,20.091750924915175
6351,0.0001346177449424411,0.0001346177242971605,2.0645280586258098e-11,20.645280586258096
6352,0.00013462555794579978,0.00013462553678747483,2.115832494585802e-11,21.15832494585802
6353,0.00013463337096161675,0.00013463334927778914,2.1683827601571432e-11,21.683827601571434
6354,0.00013464118400006013,0.00013464116176810346,2.2231956662157824e-11,22.231956662157824
6355,0.00013464899700592022,0.00013464897425841777,2.2747502438799997e-11,22.747502438799998
6356,0.00013465680996745393,0.0001346567867487321,2.3218721829347545e-11,23.218721829347544
6357,0.00013466462300546576,0.0001346645992390464,2.3766419350364233e-11,23.76641935036423
6358,0.00013467243600718062,0.00013467241172936072,2.4277819896840342e-11,24.27781989684034
6359,0.00013468024895177603,0.00013468022421967503,2.473210098658253e-11,24.73210098658253
6360,0.0001346880619611422,0.00013468803670998935,2.5251152856210086e-11,25.251152856210087
6361,0.00013469587495084192,0.00013469584920030366,2.5750538247105657e-11,25.750538247105656
6362,0.00013470368790072636,0.000134703661690618,2.621010834609577e-11,26.210108346095772
6363,0.00013471150085990157,0.0001347114741809323,2.667896927165751e-11,26.67896927165751
6364,0.00013471931384980408,0.00013471928667124663,2.717855743546439e-11,27.17855743546439
6365,0.0001347271268043139,0.00013472709916156095,2.7642752930657708e-11,27.642752930657707
6366,0.00013473493971821523,0.00013473491165187526,2.8066339958741233e-11,28.06633995874123
6367,0.0001347427526935468,0.00013474272414218958,2.855135720429143e-11,28.551357204291428
6368,0.00013475056564693667,0.0001347505366325039,2.9014432772850677e-11,29.014432772850675
6369,0.00013475837854372456,0.0001347583491228182,2.9420906347267876e-11,29.420906347267877
6370,0.0001347661914927449,0.00013476616161313252,2.9879612364231573e-11,29.879612364231573
6371,0.00013477400443474526,0.00013477397410344684,3.0331298416073916e-11,30.331298416073917
6372,0.00013478181734853095,0.00013478178659376115,3.075476978689069e-11,30.75476978689069
6373,0.00013478963023332607,0.0001347895990840755,3.114925056739716e-11,31.149250567397157
6374,0.0001347974431829885,0.00013479741157438978,3.160859870309751e-11,31.60859870309751
6375,0.0001348052560978916,0.00013480522406470412,3.20331874797783e-11,32.033187479778306
6376,0.00013481306897244832,0.00013481303655501844,3.241742986811945e-11,32.41742986811945
6377,0.00013482088187997057,0.00013482084904533275,3.283463780298577e-11,32.834637802985775
6378,0.00013482869479220126,0.00013482866153564707,3.3256554183941715e-11,33.25655418394172
6379,0.0001348365076647688,0.00013483647402596138,3.3638807413662054e-11,33.63880741366205
6380,0.00013484432053353424,0.0001348442865162757,3.4017258536098866e-11,34.017258536098865
6381,0.00013485213345244677,0.00013485209900659,3.444585674662362e-11,34.44585674662362
6382,0.00013485994632532025,0.00013485991149690433,3.482841591109198e-11,34.82841591109198
6383,0.0001348677591678661,0.00013486772398721864,3.518064744713092e-11,35.18064744713092
6384,0.00013487557205501744,0.00013487553647753296,3.5577484470008745e-11,35.57748447000874
6385,0.00013488338493262487,0.00013488334896784727,3.596477758642283e-11,35.96477758642283
6386,0.00013489119777671308,0.0001348911614581616,3.631855145426224e-11,36.31855145426224
6387,0.0001348990106195719,0.0001348989739484759,3.667109599946838e-11,36.671095999468385
6388,0.0001349068235037637,0.00013490678643879024,3.7064973448570916e-11,37.06497344857092
6389,0.00013491463635872724,0.00013491459892910456,3.742962267735199e-11,37.429622677351986
6390,0.00013492244916502393,0.00013492241141941887,3.774560505216616e-11,37.74560505216616
6391,0.00013493026203568133,0.00013493022390973319,3.8125948134499014e-11,38.12594813449901
6392,0.0001349380748880954,0.0001349380364000475,3.848804788897654e-11,38.48804788897654
6393,0.00013494588771677683,0.00013494584889036182,3.8826414999999446e-11,38.82641499999944
6394,0.0001349537005234299,0.00013495366138067613,3.9142753752067714e-11,39.14275375206771
6395,0.0001349615133833648,0.00013496147387099045,3.951237434596523e-11,39.51237434596523
6396,0.00013496932621543368,0.00013496928636130476,3.9854128911150794e-11,39.854128911150795
6397,0.00013497713899730576,0.00013497709885161908,4.014568667757881e-11,40.14568667757881
6398,0.00013498495184278265,0.0001349849113419334,4.050084924577085e-11,40.50084924577085
6399,0.0001349927646706217,0.00013499272383224773,4.083837395881079e-11,40.83837395881079
6400,0.0001350005774643149,0.00013500053632256202,4.114175286284058e-11,41.141752862840576
6401,0.00013500837770960813,0.00013500834881287636,2.8896731757900596e-11,28.896731757900596
6402,0.00013501618137527863,0.00013501616130319068,2.0072087942735196e-11,20.072087942735195
6403,0.00013502398736256436,0.000135023973793505,1.3569059358359293e-11,13.569059358359294
6404,0.00013503179529650078,0.0001350317862838193,9.012681459682354e-12,9.012681459682355
6405,0.00013503960409479377,0.00013503959877413362,5.320660134517178e-12,5.320660134517178
6406,0.00013504741356049651,0.00013504741126444794,2.2960485674537852e-12,2.296048567453785
6407,0.00013505522351729617,0.00013505522375476225,-2.374660903771995e-13,-0.23746609037719948
6408,0.00013506303389115767,0.00013506303624507657,-2.3539189095846006e-12,-2.3539189095846007
6409,0.00013507084460324858,0.00013507084873539088,-4.132142311445002e-12,-4.132142311445002
6410,0.00013507865560076834,0.00013507866122570522,-5.6249368875483395e-12,-5.62493688754834
6411,0.00013508646684231277,0.0001350864737160195,-6.873706746768684e-12,-6.873706746768684
6412,0.00013509427828250584,0.00013509428620633385,-7.923828026849116e-12,-7.923828026849116
6413,0.00013510208989120638,0.00013510209869664817,-8.805441792130222e-12,-8.805441792130221
6414,0.00013510990174396158,0.00013510991118696248,-9.443000916548374e-12,-9.443000916548375
6415,0.00013511771371249451,0.0001351177236772768,-9.964782292250218e-12,-9.964782292250218
6416,0.00013512552580306265,0.0001351255361675911,-1.0364528473502307e-11,-10.364528473502308
6417,0.0001351333379937784,0.00013513334865790543,-1.0664127035607181e-11,-10.664127035607182
6418,0.0001351411502647433,0.00013514116114821974,-1.0883476449456685e-11,-10.883476449456685
6419,0.00013514896272206112,0.00013514897363853406,-1.0916472949953892e-11,-10.916472949953892
6420,0.00013515677521679038,0.00013515678612884837,-1.0912057997392368e-11,-10.912057997392369
6421,0.00013516458777354504,0.00013516459861916268,-1.0845617654581587e-11,-10.845617654581588
6422,0.00013517240038810375,0.000135172411109477,-1.0721373262680122e-11,-10.721373262680123
6423,0.00013518021311145133,0.00013518022359979134,-1.0488340024791461e-11,-10.488340024791462
6424,0.00013518802587307357,0.00013518803609010563,-1.0217032064969283e-11,-10.217032064969283
6425,0.00013519583864197006,0.00013519584858041997,-9.938449921721356e-12,-9.938449921721356
6426,0.00013520365151205573,0.00013520366107073429,-9.558678566299108e-12,-9.558678566299108
6427,0.00013521146442121618,0.0001352114735610486,-9.13983242905521e-12,-9.139832429055211
6428,0.0001352192773445386,0.00013521928605136292,-8.70682433461409e-12,-8.70682433461409
6429,0.00013522709027988835,0.00013522709854167723,-8.261788887317991e-12,-8.26178888731799
6430,0.00013523490331122993,0.00013523491103199155,-7.720761622011923e-12,-7.720761622011922
6431,0.00013524271633933246,0.00013524272352230586,-7.182973410696155e-12,-7.182973410696155
6432,0.00013525052934342438,0.00013525053601262017,-6.6691958051669796e-12,-6.6691958051669795
6433,0.00013525834244430398,0.0001352583485029345,-6.058630523023122e-12,-6.0586305230231225
6434,0.00013526615554556012,0.0001352661609932488,-5.447688697464761e-12,-5.447688697464761
6435,0.00013527396861124697,0.00013527397348356312,-4.87231615705386e-12,-4.872316157053859
6436,0.00013528178175423723,0.00013528178597387746,-4.219640245690231e-12,-4.219640245690231
6437,0.00013528959490231401,0.00013528959846419175,-3.5618777456242776e-12,-3.561877745624278
6438,0.00013529740801851713,0.0001352974109545061,-2.9359889733907594e-12,-2.9359889733907596
6439,0.00013530522117849867,0.0001353052234448204,-2.2663217437355352e-12,-2.2663217437355354
6440,0.00013531303436096226,0.00013531303593513472,-1.5741724707265973e-12,-1.5741724707265974
6441,0.00013532084752054092,0.00013532084842544904,-9.049081305986687e-13,-0.9049081305986687
6442,0.0001353286606786894,0.00013532866091576335,-2.370739615564658e-13,-0.2370739615564658
6443,0.00013533647388873907,0.00013533647340607766,4.826613991634872e-13,0.4826613991634872
6444,0.00013534428707005268,0.00013534428589639198,1.173660686033124e-12,1.173660686033124
6445,0.0001353521002221939,0.0001353520983867063,1.8354875889931823e-12,1.8354875889931823
6446,0.00013535991345047215,0.0001353599108770206,2.573451532418917e-12,2.573451532418917
6447,0.00013536772664388784,0.00013536772336733495,3.276552873673217e-12,3.276552873673217
6448,0.00013537553979065117,0.00013537553585764924,3.933001917017313e-12,3.9330019170173127
6449,0.00013538335302210215,0.00013538334834796358,4.6741385612603916e-12,4.674138561260391
6450,0.00013539116622004533,0.00013539116083827787,5.381767449471828e-12,5.381767449471829
6451,0.00013539897936468623,0.0001353989733285922,6.036094004432958e-12,6.036094004432957
6452,0.00013540679258460965,0.00013540678581890653,6.765703113022573e-12,6.765703113022573
6453,0.00013541460578165578,0.00013541459830922084,7.472434932356496e-12,7.472434932356496
6454,0.0001354224189209113,0.00013542241079953515,8.121376146706672e-12,8.121376146706671
6455,0.00013543023212681608,0.00013543022328984947,8.836966602521213e-12,8.836966602521214
6456,0.00013543804531540097,0.00013543803578016378,9.535237172575787e-12,9.535237172575787
6457,0.0001354458584668493,0.0001354458482704781,1.0196371189032464e-11,10.196371189032464
6458,0.00013545367163168606,0.00013545366076079241,1.0870893638646404e-11,10.870893638646404
6459,0.0001354614848118013,0.00013546147325110673,1.1560694556854793e-11,11.560694556854793
6460,0.0001354692979483155,0.00013546928574142107,1.2206894420221948e-11,12.206894420221948
6461,0.00013547711109825907,0.00013547709823173536,1.2866523699588487e-11,12.866523699588488
6462,0.00013548492426672723,0.0001354849107220497,1.3544677521748842e-11,13.544677521748842
6463,0.00013549273739923154,0.00013549272321236402,1.4186867517591168e-11,14.186867517591168
6464,0.00013550055048952963,0.00013550053570267833,1.4786851284687164e-11,14.786851284687165
6465,0.00013550836365657472,0.00013550834819299264,1.5463582064391077e-11,15.463582064391078
6466,0.00013551617677745384,0.00013551616068330696,1.6094146865069254e-11,16.094146865069256
6467,0.00013552398985093898,0.00013552397317362127,1.6677317692236083e-11,16.677317692236084
6468,0.00013553180300460057,0.0001355317856639356,1.7340664971902618e-11,17.34066497190262
6469,0.00013553961611988228,0.0001355395981542499,1.7965632362024903e-11,17.965632362024902
6470,0.0001355474291801236,0.00013554741064456422,1.8535559361499224e-11,18.535559361499224
6471,0.00013555524230467157,0.00013555522313487853,1.916979302101393e-11,19.16979302101393
6472,0.00013556305540830623,0.00013556303562519285,1.978311336929829e-11,19.783113369298288
6473,0.00013557086845561233,0.0001355708481155072,2.0340105132123446e-11,20.340105132123448
6474,0.00013557868154913635,0.00013557866060582148,2.094331486146851e-11,20.94331486146851
6475,0.0001355864946350723,0.00013558647309613582,2.1538936476648782e-11,21.538936476648782
6476,0.00013559430768548834,0.00013559428558645013,2.209903819209055e-11,22.09903819209055
6477,0.0001356021207299244,0.00013560209807676445,2.2653159936239867e-11,22.653159936239867
6478,0.0001356099338128345,0.00013560991056707876,2.3245755732892113e-11,23.245755732892114
6479,0.00013561774685454036,0.00013561772305739308,2.379714726623573e-11,23.79714726623573
6480,0.00013562555985183596,0.0001356255355477074,2.430412855044668e-11,24.30412855044668
6481,0.00013563337292590836,0.0001356333480380217,2.4887886635720236e-11,24.887886635720236
6482,0.00013564118596358078,0.00013564116052833602,2.5435244747246828e-11,25.435244747246827
6483,0.00013564899894615874,0.00013564897301865034,2.59275083935421e-11,25.9275083935421
6484,0.00013565681198637457,0.00013565678550896465,2.6477409907840072e-11,26.477409907840073
6485,0.00013566462500823432,0.00013566459799927897,2.7008955337256777e-11,27.008955337256776
6486,0.00013567243799353,0.0001356724104895933,2.7503936671822658e-11,27.503936671822657
6487,0.0001356802509884299,0.0001356802229799076,2.8008522302913284e-11,28.008522302913285
6488,0.00013568806400435574,0.00013568803547022194,2.8534133785419758e-11,28.53413378541976
6489,0.00013569587698908936,0.00013569584796053625,2.9028553096684476e-11,29.028553096684476
6490,0.00013570368992645972,0.00013570366045085057,2.947560914446438e-11,29.475609144464382
6491,0.00013571150294287675,0.00013571147294116488,3.0001711851870156e-11,30.001711851870155
6492,0.00013571931591913595,0.0001357192854314792,3.048765674079913e-11,30.48765674079913
6493,0.00013572712884712165,0.00013572709792179351,3.092532812430938e-11,30.92532812430938
6494,0.00013573494183198587,0.00013573491041210783,3.1419878027725776e-11,31.419878027725776
6495,0.00013574275480000622,0.00013574272290242214,3.189758406434603e-11,31.897584064346034
6496,0.00013575056773309932,0.00013575053539273646,3.234036285324032e-11,32.34036285324032
6497,0.00013575838066286872,0.0001357583478830508,3.277981791195464e-11,32.77981791195464
6498,0.0001357661936307883,0.0001357661603733651,3.3257423199088016e-11,33.25742319908802
6499,0.00013577400656816045,0.00013577397286367943,3.370448100869645e-11,33.704481008696455
6500,0.00013578181945208236,0.00013578178535399374,3.4098088599878255e-11,34.09808859987825
6501,0.0001357896324105627,0.00013578959784430806,3.4566254633162594e-11,34.56625463316259
6502,0.00013579744534313572,0.00013579741033462237,3.500851333027474e-11,35.00851333027474
6503,0.000135805258227739,0.0001358052228249367,3.540280228831184e-11,35.40280228831184
6504,0.0001358130711430583,0.000135813035315251,3.582780729020665e-11,35.82780729020665
6505,0.0001358208840677098,0.00013582084780556532,3.626214448098597e-11,36.26214448098597
6506,0.0001358286969658937,0.00013582866029587963,3.6670014047015404e-11,36.67001404701541
6507,0.0001358365098196716,0.00013583647278619395,3.7033477646510755e-11,37.033477646510754
6508,0.00013584432275040738,0.00013584428527650826,3.7473899108831516e-11,37.47389910883152
6509,0.00013585213564966584,0.00013585209776682258,3.788284325473916e-11,37.88284325473916
6510,0.0001358599484964841,0.00013585991025713692,3.8239347170753944e-11,38.239347170753945
6511,0.00013586776139191202,0.0001358677227474512,3.864446080328114e-11,38.64446080328114
6512,0.00013587557428388508,0.00013587553523776555,3.904611951716549e-11,39.046119517165494
6513,0.00013588338714797646,0.00013588334772807986,3.941989658982661e-11,39.419896589826614
6514,0.00013589119997420044,0.00013589116021839418,3.975580624820536e-11,39.75580624820536
6515,0.00013589901287852828,0.0001358989727087085,4.016981977110584e-11,40.16981977110584
6516,0.00013590682574836057,0.0001359067851990228,4.054933774848038e-11,40.549337748480376
6517,0.0001359146385657491,0.00013591459768933712,4.0876411972305e-11,40.876411972305
6518,0.00013592245143491066,0.00013592241017965144,4.125525920800553e-11,41.25525920800553
6519,0.00013593026429961278,0.00013593022266996575,4.162964701175041e-11,41.62964701175041
6520,0.00013593807713915728,0.00013593803516028007,4.197887720512537e-11,41.97887720512537
6521,0.00013594588993950786,0.00013594584765059438,4.2288913462859926e-11,42.288913462859924
6522,0.00013595370281708132,0.0001359536601409087,4.267617261664096e-11,42.676172616640955
6523,0.0001359615156602179,0.00013596147263122304,4.3028994853128525e-11,43.02899485312852
6524,0.00013596932845461824,0.00013596928512153733,4.333308090092026e-11,43.333080900920265
6525,0.00013597714129496213,0.00013597709761185167,4.368311044945194e-11,43.683110449451945
6526,0.0001359849541359005,0.00013598491010216598,4.403373449313985e-11,44.03373449313985
6527,0.00013599276695381508,0.0001359927225924803,4.4361334771858563e-11,44.361334771858566
6528,0.00013600057971400382,0.0001360005350827946,4.463120919956828e-11,44.63120919956828
6529,0.00013600837987097389,0.00013600834757310893,3.229786494700454e-11,32.29786494700454
6530,0.0001360161834090079,0.00013601616006342324,2.3345584650810725e-11,23.345584650810725
6531,0.00013602398916860015,0.00013602397255373756,1.661486257845576e-11,16.61486257845576
6532,0.00013603179696899609,0.00013603178504405187,1.1924944202925195e-11,11.924944202925195
6533,0.00013603960561596522,0.0001360395975343662,8.081599018717687e-12,8.081599018717688
6534,0.00013604741493180545,0.00013604741002468053,4.907124907405092e-12,4.907124907405092
6535,0.00013605522474790738,0.00013605522251499482,2.2329125476040886e-12,2.2329125476040885
6536,0.00013606303498398157,0.00013606303500530916,-2.132759547162003e-14,-0.021327595471620032
6537,0.0001360708455624318,0.00013607084749562347,-1.933191681571441e-12,-1.933191681571441
6538,0.00013607865643243492,0.0001360786599859378,-3.553502880153022e-12,-3.553502880153022
6539,0.0001360864675468798,0.0001360864724762521,-4.9293723234859636e-12,-4.929372323485963
6540,0.00013609427886341523,0.00013609428496656642,-6.1031511981470575e-12,-6.103151198147057
6541,0.00013610209038214746,0.00013610209745688073,-7.074733279428454e-12,-7.074733279428455
6542,0.00013610990212082404,0.00013610990994719505,-7.82637101802325e-12,-7.82637101802325
6543,0.0001361177139799587,0.00013611772243750936,-8.457550669753443e-12,-8.457550669753443
6544,0.0001361255259694367,0.00013612553492782368,-8.958386994206343e-12,-8.958386994206343
6545,0.00013613333806216982,0.000136133347418138,-9.355968186350305e-12,-9.355968186350305
6546,0.00013614115025049916,0.0001361411599084523,-9.657953158751983e-12,-9.657953158751983
6547,0.0001361489626083707,0.00013614897239876665,-9.790395962221132e-12,-9.790395962221131
6548,0.00013615677501938424,0.00013615678488908094,-9.86969670462612e-12,-9.86969670462612
6549,0.00013616458749119906,0.00013616459737939528,-9.888196229454806e-12,-9.888196229454806
6550,0.00013617240001277905,0.0001361724098697096,-9.856930549305756e-12,-9.856930549305755
6551,0.00013618021267413513,0.0001361802223600239,-9.685888793243407e-12,-9.685888793243407
6552,0.00013618802536702828,0.00013618803485033822,-9.48330995412318e-12,-9.48330995412318
6553,0.00013619583807608645,0.00013619584734065254,-9.264566094292064e-12,-9.264566094292064
6554,0.000136203650856429,0.00013620365983096685,-8.974537866078882e-12,-8.974537866078881
6555,0.00013621146371051472,0.00013621147232128117,-8.610766461586763e-12,-8.610766461586763
6556,0.00013621927657834094,0.00013621928481159548,-8.23325455638692e-12,-8.23325455638692
6557,0.0001362270894421562,0.0001362270973019098,-7.859753602914079e-12,-7.859753602914079
6558,0.00013623490241222125,0.0001362349097922241,-7.380002869416732e-12,-7.380002869416732
6559,0.00013624271539175448,0.00013624272228253843,-6.8907839609773945e-12,-6.890783960977394
6560,0.00013625052835186603,0.00013625053477285277,-6.4209867455245504e-12,-6.420986745524551
6561,0.0001362583413801367,0.00013625834726316706,-5.88303037445183e-12,-5.88303037445183
6562,0.00013626615443469893,0.0001362661597534814,-5.318782480167097e-12,-5.318782480167097
6563,0.00013627396748185292,0.0001362739722437957,-4.761942803801685e-12,-4.761942803801685
6564,0.0001362817805230165,0.00013628178473411003,-4.211093534174636e-12,-4.211093534174636
6565,0.00013628959366261066,0.00013628959722442434,-3.561813696380938e-12,-3.561813696380938
6566,0.00013629740675621436,0.00013629740971473866,-2.958524305281251e-12,-2.9585243052812507
6567,0.00013630521982597687,0.00013630522220505297,-2.379076113378705e-12,-2.379076113378705
6568,0.00013631303298946085,0.0001363130346953673,-1.7059064499204294e-12,-1.7059064499204295
6569,0.00013632084613952885,0.0001363208471856816,-1.046152758354598e-12,-1.046152758354598
6570,0.0001363286592274013,0.00013632865967599592,-4.48594622568995e-13,-0.448594622568995
6571,0.00013633647240419663,0.00013633647216631026,2.3788636016702577e-13,0.23788636016702577
6572,0.0001363442855683206,0.00013634428465662455,9.11696055272774e-13,0.911696055272774
6573,0.00013635209868231157,0.0001363520971469389,1.5353726756036614e-12,1.5353726756036614
6574,0.0001363599118651546,0.0001363599096372532,2.227901392267915e-12,2.2279013922679147
6575,0.00013636772503958426,0.00013636772212756752,2.9120167271787352e-12,2.9120167271787354
6576,0.00013637553817412223,0.00013637553461788183,3.5562403881410472e-12,3.556240388141047
6577,0.00013638335134348142,0.00013638334710819615,4.235285261856859e-12,4.235285261856859
6578,0.00013639116452439105,0.00013639115959851046,4.925880574997028e-12,4.925880574997028
6579,0.00013639897767243357,0.00013639897208882478,5.583608787169276e-12,5.583608787169276
6580,0.00013640679081982607,0.0001364067845791391,6.2406869659290106e-12,6.240686965929011
6581,0.0001364146040105099,0.0001364145970694534,6.9410564700743534e-12,6.941056470074353
6582,0.00013642241715573975,0.00013642240955976772,7.595972017865686e-12,7.5959720178656855
6583,0.00013643023027780482,0.00013643022205008204,8.227722773090235e-12,8.227722773090235
6584,0.00013643804346734727,0.00013643803454039638,8.926950883398494e-12,8.926950883398494
6585,0.00013644585661916627,0.00013644584703071067,9.588455588577944e-12,9.588455588577943
6586,0.00013645366972053505,0.000136453659521025,1.0199510035636972e-11,10.199510035636973
6587,0.0001364614829015536,0.00013646147201133932,1.0890214256885367e-11,10.890214256885367
6588,0.00013646929604912956,0.00013646928450165364,1.1547475909757741e-11,11.547475909757742
6589,0.00013647710914084217,0.00013647709699196795,1.2148874208323125e-11,12.148874208323125
6590,0.00013648492229958548,0.00013648490948228227,1.2817303197782207e-11,12.817303197782207
6591,0.00013649273543741213,0.00013649272197259658,1.3464815542089265e-11,13.464815542089266
6592,0.00013650054852028349,0.0001365005344629109,1.4057372578513844e-11,14.057372578513844
6593,0.00013650836163342858,0.0001365083469532252,1.4680203358519867e-11,14.680203358519867
6594,0.00013651617475236353,0.00013651615944353953,1.5308823994967397e-11,15.308823994967398
6595,0.0001365239878360513,0.00013652397193385384,1.5902197435627858e-11,15.902197435627858
6596,0.00013653180092722107,0.00013653178442416816,1.6503052901270533e-11,16.503052901270532
6597,0.00013653961404436654,0.0001365395969144825,1.712988403492732e-11,17.129884034927322
6598,0.00013654742712842472,0.00013654740940479679,1.7723627920365066e-11,17.723627920365065
6599,0.0001365552401738358,0.00013655522189511113,1.8278724660423044e-11,18.278724660423045
6600,0.00013656305328954574,0.00013656303438542544,1.8904120283298407e-11,18.904120283298408
6601,0.00013657086636593264,0.00013657084687573976,1.9490192869159676e-11,19.490192869159674
6602,0.00013657867938761864,0.00013657865936605407,2.002156455517824e-11,20.02156455517824
6603,0.00013658649248026624,0.0001365864718563684,2.062389784259212e-11,20.62389784259212
6604,0.00013659430554635842,0.0001365942843466827,2.1199675711985206e-11,21.199675711985208
6605,0.00013660211855555534,0.00013660209683699702,2.1718558310548584e-11,21.718558310548584
6606,0.0001366099316174735,0.00013660990932731133,2.2290162164207925e-11,22.290162164207924
6607,0.00013661774466800256,0.00013661772181762565,2.2850376907726176e-11,22.850376907726176
6608,0.00013662555768413664,0.00013662553430794,2.337619663836493e-11,23.37619663836493
6609,0.0001366333706940904,0.00013663334679825428,2.389583611846492e-11,23.89583611846492
6610,0.0001366411837413124,0.00013664115928856862,2.4452743774306546e-11,24.452743774306548
6611,0.00013664899675502044,0.00013664897177888293,2.4976137494164147e-11,24.97613749416415
6612,0.00013665680972005959,0.00013665678426919725,2.5450862327175775e-11,25.450862327175773
6613,0.00013666462275954553,0.00013666459675951156,2.600003395657123e-11,26.00003395657123
6614,0.00013667243576645106,0.00013667240924982588,2.651662517515822e-11,26.51662517515822
6615,0.00013668024871758483,0.0001366802217401402,2.6977444627416745e-11,26.977444627416745
6616,0.00013668806172591002,0.0001366880342304545,2.749545550032839e-11,27.49545550032839
6617,0.00013669587471902572,0.00013669584672076882,2.799825688700881e-11,27.99825688700881
6618,0.0001367036876799603,0.00013670365921108314,2.8468877147435843e-11,28.468877147435844
6619,0.00013671150063281732,0.00013671147170139745,2.893141985773237e-11,28.93141985773237
6620,0.00013671931362674262,0.00013671928419171177,2.943503084528004e-11,29.43503084528004
6621,0.00013672712658762505,0.0001367270966820261,2.990559892847752e-11,29.90559892847752
6622,0.00013673493949864482,0.0001367349091723404,3.032630441823712e-11,30.32630441823712
6623,0.00013674275248185734,0.00013674272166265474,3.081920259385384e-11,30.81920259385384
6624,0.00013675056543900388,0.00013675053415296905,3.1286034814520537e-11,31.286034814520537
6625,0.00013675837835332055,0.00013675834664328337,3.1710037173351286e-11,31.710037173351285
6626,0.0001367661912852428,0.00013676615913359768,3.215164510521445e-11,32.151645105214456
6627,0.00013677400423169506,0.000136773971623912,3.2607783053807347e-11,32.607783053807346
6628,0.00013678181715029826,0.0001367817841142263,3.303607194145229e-11,33.03607194145229
6629,0.00013678963002943328,0.00013678959660454063,3.3424892644517296e-11,33.4248926445173
6630,0.00013679744298497818,0.00013679740909485494,3.3890123227524686e-11,33.89012322752468
6631,0.0001368052559041558,0.00013680522158516926,3.431898652548061e-11,34.31898652548061
6632,0.00013681306876812342,0.00013681303407548357,3.469263983646374e-11,34.69263983646374
6633,0.00013682088169323438,0.00013682084656579789,3.51274364850187e-11,35.1274364850187
6634,0.00013682869460205255,0.00013682865905611223,3.554594031253169e-11,35.54594031253169
6635,0.00013683650748342612,0.00013683647154642652,3.593699959492728e-11,35.936999594927286
6636,0.0001368443203448903,0.00013684428403674086,3.6308149428884035e-11,36.308149428884036
6637,0.00013685213326359425,0.00013685209652705517,3.6736539066015856e-11,36.73653906601586
6638,0.00013685994614949276,0.0001368599090173695,3.7132123266178316e-11,37.13212326617832
6639,0.00013686775899341948,0.0001368677215076838,3.748573566920919e-11,37.48573566920919
6640,0.0001368755718777023,0.00013687553399799812,3.787970416418916e-11,37.879704164189164
6641,0.00013688338475823132,0.00013688334648831243,3.826991888019744e-11,38.26991888019744
6642,0.0001368911976071903,0.00013689115897862675,3.86285635534018e-11,38.6285635534018
6643,0.00013689901044472983,0.00013689897146894106,3.897578875880424e-11,38.975788758804235
6644,0.00013690682333290238,0.00013690678395925538,3.937364699170832e-11,39.37364699170832
6645,0.00013691463619082165,0.00013691459644956972,3.9741251918241916e-11,39.741251918241915
6646,0.00013692244899792582,0.000136922408939884,4.0058041806834156e-11,40.058041806834154
6647,0.0001369302618688802,0.00013693022143019835,4.0438681852142053e-11,40.438681852142054
6648,0.00013693807472279633,0.00013693803392051266,4.080228366030934e-11,40.80228366030934
6649,0.00013694588754748022,0.00013694584641082698,4.113665323660713e-11,41.13665323660713
6650,0.00013695370035645703,0.0001369536589011413,4.145531573208663e-11,41.45531573208663
6651,0.0001369615132215067,0.0001369614713914556,4.18300510768379e-11,41.830051076837904
6652,0.00013696932605551066,0.00013696928388176992,4.217374072606092e-11,42.17374072606092
6653,0.0001369771388365406,0.00013697709637208424,4.246445636555651e-11,42.46445636555651
6654,0.0001369849516813513,0.00013698490886239855,4.281895274572367e-11,42.81895274572367
6655,0.00013699276451267586,0.00013699272135271287,4.315996297901277e-11,43.15996297901277
6656,0.00013700057730425252,0.00013700053384302718,4.3461225330666484e-11,43.46122533066649
6657,0.0001370083775438108,0.0001370083463333415,3.121046928412503e-11,31.210469284125033
6658,0.0001370161811977111,0.00013701615882365584,2.237405526175491e-11,22.37405526175491
6659,0.0001370239871801917,0.00013702397131397012,1.5866221574665716e-11,15.866221574665715
6660,0.0001370317951038696,0.00013703178380428447,1.1299585117663045e-11,11.299585117663044
6661,0.00013703960389229336,0.00013703959629459878,7.597694571172276e-12,7.597694571172276
6662,0.0001370474133406812,0.0001370474087849131,4.55576810567891e-12,4.55576810567891
6663,0.00013705522330041816,0.0001370552212752274,2.0251907412685684e-12,2.0251907412685686
6664,0.0001370630336646878,0.00013706303376554173,-1.0085393324364903e-13,-0.10085393324364902
6665,0.00013707084437136706,0.00013707084625585604,-1.8844889947227404e-12,-1.8844889947227403
6666,0.00013707865536194928,0.00013707865874617036,-3.384221082372215e-12,-3.384221082372215
6667,0.00013708646659758373,0.00013708647123648467,-4.638900954739832e-12,-4.6389009547398325
6668,0.00013709427803439858,0.00013709428372679899,-5.692400419054349e-12,-5.692400419054349
6669,0.00013710208963537912,0.0001371020962171133,-6.581734191694529e-12,-6.58173419169453
6670,0.00013710990147455817,0.00013710990870742761,-7.232869451771056e-12,-7.232869451771056
6671,0.0001371177134406464,0.00013711772119774196,-7.757095567846583e-12,-7.757095567846583
6672,0.00013712552552574956,0.00013712553368805624,-8.16230669725414e-12,-8.16230669725414
6673,0.00013713333771575096,0.00013713334617837059,-8.462619640170465e-12,-8.462619640170464
6674,0.0001371411499783722,0.0001371411586686849,-8.690312721573711e-12,-8.690312721573711
6675,0.00013714896242678193,0.00013714897115899922,-8.732217298170602e-12,-8.732217298170601
6676,0.00013715677491876177,0.00013715678364931353,-8.730551773898284e-12,-8.730551773898284
6677,0.00013716458747440352,0.00013716459613962785,-8.665224337512505e-12,-8.665224337512505
6678,0.00013717240006558794,0.00013717240862994216,-8.5643542331426e-12,-8.5643542331426
6679,0.00013718021279736112,0.00013718022112025648,-8.322895362015958e-12,-8.322895362015958
6680,0.00013718802555846632,0.0001371880336105708,-8.052104485314892e-12,-8.052104485314892
6681,0.0001371958383397301,0.0001371958461008851,-7.761155010515749e-12,-7.761155010515749
6682,0.00013720365118418933,0.00013720365859119945,-7.407010128692911e-12,-7.407010128692911
6683,0.00013721146409393487,0.00013721147108151373,-6.987578874641578e-12,-6.987578874641578
6684,0.00013721927701776553,0.00013721928357182808,-6.554062560432105e-12,-6.554062560432105
6685,0.00013722708993783213,0.0001372270960621424,-6.12431027090485e-12,-6.12431027090485
6686,0.00013723490297834186,0.0001372349085524567,-5.574114856502973e-12,-5.574114856502973
6687,0.0001372427159980622,0.00013724272104277102,-5.044708829023125e-12,-5.044708829023125
6688,0.0001372505290186001,0.00013725053353308534,-4.514485258895114e-12,-4.514485258895115
6689,0.00013725834210375574,0.00013725834602339965,-3.9196439169133255e-12,-3.9196439169133255
6690,0.00013726615520051047,0.00013726615851371397,-3.3132035090397436e-12,-3.313203509039744
6691,0.0001372739682820471,0.00013727397100402828,-2.7219811796996028e-12,-2.7219811796996027
6692,0.00013728178140197001,0.0001372817834943426,-2.0923725911274497e-12,-2.0923725911274498
6693,0.00013728959455081835,0.0001372895959846569,-1.4338385727955559e-12,-1.4338385727955558
6694,0.00013729740767674881,0.00013729740847497122,-7.982224199856606e-13,-0.7982224199856606
6695,0.00013730522081648866,0.00013730522096528557,-1.4879691963008904e-13,-0.14879691963008904
6696,0.0001373130340039627,0.00013731303345559985,5.483628310886648e-13,0.5483628310886648
6697,0.00013732084717436486,0.0001373208459459142,1.2284506530842989e-12,1.228450653084299
6698,0.0001373286603009307,0.0001373286584362285,1.864702175472325e-12,1.864702175472325
6699,0.0001373364735231915,0.00013733647092654283,2.5966486613154934e-12,2.5966486613154935
6700,0.0001373442867082437,0.00013734428341685714,3.2913865483264034e-12,3.2913865483264035
6701,0.0001373520998488756,0.00013735209590717146,3.941704130229496e-12,3.941704130229496
6702,0.00013735991307782863,0.00013735990839748577,4.680342853982331e-12,4.6803428539823315
6703,0.00013736772627451424,0.00013736772088780008,5.386714148988848e-12,5.3867141489888475
6704,0.00013737553941990929,0.0001373755333781144,6.041794874981158e-12,6.041794874981158
6705,0.00013738335264342134,0.00013738334586842871,6.774992611446538e-12,6.774992611446538
6706,0.00013739116584427218,0.00013739115835874303,7.4855291401492e-12,7.4855291401492
6707,0.00013739897898976106,0.00013739897084905734,8.14070370383954e-12,8.14070370383954
6708,0.00013740679220350296,0.00013740678333937169,8.864131260847783e-12,8.864131260847783
6709,0.00013741460540020884,0.00013741459582968597,9.57052285753998e-12,9.570522857539979
6710,0.0001374224185422038,0.00013742240832000032,1.0222203471309267e-11,10.222203471309266
6711,0.00013743023174001565,0.00013743022081031463,1.0929701008427507e-11,10.929701008427507
6712,0.00013743804492847024,0.00013743803330062895,1.1627841284486002e-11,11.627841284486003
6713,0.00013744585807366573,0.00013744584579094326,1.2282722463068466e-11,12.282722463068467
6714,0.00013745367124235895,0.00013745365828125757,1.2961101365599829e-11,12.961101365599829
6715,0.00013746148442683525,0.0001374614707715719,1.3655263351521769e-11,13.65526335152177
6716,0.00013746929756881243,0.0001374692832618862,1.4306926211480481e-11,14.306926211480482
6717,0.00013747711069954886,0.00013747709575220052,1.4947348334365408e-11,14.947348334365408
6718,0.00013748492387487762,0.00013748490824251483,1.5632362771032816e-11,15.632362771032815
6719,0.00013749273701309033,0.00013749272073282918,1.6280261145523387e-11,16.280261145523387
6720,0.00013750055009087664,0.00013750053322314346,1.6867733165338792e-11,16.86773316533879
6721,0.00013750836325728005,0.0001375083457134578,1.7543822232881865e-11,17.543822232881865
6722,0.00013751617638623365,0.0001375161582037721,1.8182461547924465e-11,18.182461547924465
6723,0.00013752398946253062,0.00013752397069408644,1.8768444172110472e-11,18.76844417211047
6724,0.00013753180261302182,0.00013753178318440075,1.942862105488928e-11,19.42862105488928
6725,0.00013753961572567205,0.00013753959567471506,2.0050956977918725e-11,20.050956977918723
6726,0.00013754742878525336,0.00013754740816502938,2.0620223969320545e-11,20.620223969320545
6727,0.00013755524190523356,0.0001375552206553437,2.1249889857977514e-11,21.249889857977514
6728,0.00013756305500777896,0.000137563033145658,2.1862120935444233e-11,21.86212093544423
6729,0.0001375708680597798,0.00013757084563597232,2.2423807456306578e-11,22.423807456306577
6730,0.000137578681141246,0.00013757865812628664,2.301495933961056e-11,23.014959339610563
6731,0.00013758649423229163,0.00013758647061660095,2.3615690664104486e-11,23.615690664104488
6732,0.00013759430728979197,0.0001375942831069153,2.4182876664961493e-11,24.182876664961494
6733,0.0001376021203167979,0.00013760209559722958,2.471956831420001e-11,24.719568314200007
6734,0.000137609933404412,0.00013760990808754393,2.5316868057502854e-11,25.316868057502855
6735,0.00013761774645481545,0.00013761772057785824,2.5876957196199422e-11,25.87695719619942
6736,0.000137625559451515,0.00013762553306817255,2.6383342440266048e-11,26.38334244026605
6737,0.0001376333725185555,0.00013763334555848687,2.6960068607089297e-11,26.960068607089298
6738,0.00013764118555603677,0.00013764115804880118,2.750723557377288e-11,27.507235573772878
6739,0.00013764899854093763,0.0001376489705391155,2.8001822123222703e-11,28.001822123222702
6740,0.00013765681157620576,0.00013765678302942981,2.8546775935116645e-11,28.546775935116646
6741,0.00013766462460089462,0.00013766459551974413,2.9081150481682234e-11,29.081150481682233
6742,0.00013767243759214184,0.00013767240801005844,2.958208338144365e-11,29.58208338144365
6743,0.00013768025057167517,0.00013768022050037276,3.00713023983032e-11,30.071302398303203
6744,0.00013768806360136282,0.00013768803299068707,3.06106757403002e-11,30.6106757403002
6745,0.00013769587658002982,0.00013769584548100142,3.1099028398308774e-11,31.099028398308775
6746,0.00013770368952268432,0.0001377036579713157,3.1551368603531885e-11,31.551368603531884
6747,0.00013771150253141576,0.00013771147046163004,3.2069785699892506e-11,32.069785699892506
6748,0.00013771931551517056,0.00013771928295194436,3.2563226193435905e-11,32.5632261934359
6749,0.00013772712844470168,0.00013772709544225867,3.300244299872282e-11,33.00244299872282
6750,0.00013773494141987086,0.000137734907932573,3.348729785789263e-11,33.48729785789263
6751,0.0001377427543901426,0.0001377427204228873,3.396725529453416e-11,33.96725529453416
6752,0.00013775056733145573,0.00013775053291320162,3.441825409772442e-11,34.41825409772442
6753,0.00013775838024421597,0.00013775834540351593,3.484070003012646e-11,34.840700030126456
6754,0.00013776619321976012,0.00013776615789383025,3.532592986061762e-11,35.32592986061762
6755,0.00013777400615775528,0.00013777397038414456,3.577361070700448e-11,35.77361070700448
6756,0.00013778181904467108,0.00013778178287445888,3.617021218696033e-11,36.17021218696033
6757,0.0001377896319992923,0.0001377895953647732,3.663451908392687e-11,36.63451908392687
6758,0.00013779744493111915,0.00013779740785508753,3.7076031605998856e-11,37.07603160599886
6759,0.00013780525782623263,0.00013780522034540182,3.7480830792790976e-11,37.480830792790975
6760,0.0001378130707240968,0.00013781303283571616,3.788838062759975e-11,37.888380627599744
6761,0.00013782088365603014,0.00013782084532603048,3.832999964543013e-11,38.32999964543013
6762,0.00013782869655905693,0.0001378286578163448,3.874271212572362e-11,38.74271212572362
6763,0.00013783650941382738,0.0001378364703066591,3.9107168258097775e-11,39.10716825809777
6764,0.0001378443223366465,0.00013784428279697342,3.953967306589043e-11,39.539673065890426
6765,0.00013785213523494273,0.00013785209528728774,3.994765498236999e-11,39.94765498236999
6766,0.00013785994809366507,0.00013785990777760205,4.0316063004557796e-11,40.3160630045578
6767,0.00013786776097215526,0.00013786772026791637,4.070423887838072e-11,40.704238878380714
6768,0.0001378755738759104,0.00013787553275823068,4.1117679698588634e-11,41.11767969858863
6769,0.00013788338673569254,0.00013788334524854502,4.148714750129499e-11,41.48714750129499
6770,0.00013789119956152368,0.0001378911577388593,4.182266435322665e-11,41.82266435322665
6771,0.0001378990124589744,0.00013789897022917365,4.222980072753694e-11,42.22980072753694
6772,0.0001379068253314397,0.00013790678271948797,4.261195171699242e-11,42.611951716992415
6773,0.00013791463815674473,0.00013791459520980228,4.294694243271482e-11,42.94694243271482
6774,0.0001379224510076418,0.0001379224077001166,4.330752519861766e-11,43.30752519861766
6775,0.00013793026388090847,0.00013793022019043091,4.3690477549003873e-11,43.69047754900387
6776,0.00013793807672396233,0.00013793803268074523,4.4043217087970735e-11,44.04321708797074
6777,0.0001379458895238244,0.00013794584517105954,4.435276485841648e-11,44.35276485841648
6778,0.00013795370239544675,0.00013795365766137386,4.4734072880682844e-11,44.734072880682845
6779,0.00013796151524139732,0.00013796147015168817,4.5089709136804044e-11,45.089709136804046
6780,0.00013796932804472067,0.0001379692826420025,4.540271816847534e-11,45.40271816847534
6781,0.00013797714086709355,0.0001379770951323168,4.573477674073742e-11,45.734776740737416
6782,0.0001379849537158517,0.00013798490762263114,4.609322053838427e-11,46.09322053838427
6783,0.00013799276653824434,0.00013799272011294543,4.6425298897336e-11,46.425298897336
6784,0.00013800057930257297,0.00013800053260325977,4.669931318841103e-11,46.699313188411026
6785,0.0001380083793833744,0.0001380083450935741,3.428980029088828e-11,34.28980029088828
6786,0.00013801618279598573,0.0001380161575838884,2.5212097318976998e-11,25.212097318976998
6787,0.00013802398845517988,0.00013802397007420272,1.838097714966792e-11,18.38097714966792
6788,0.00013803179613443186,0.00013803178256451703,1.3569914820978438e-11,13.569914820978438
6789,0.00013803960467331954,0.00013803959505483135,9.618488178491173e-12,9.618488178491173
6790,0.00013804741388064756,0.00013804740754514566,6.3355018824807465e-12,6.335501882480746
6791,0.000138055223600205,0.00013805522003545998,3.564745005507295e-12,3.564745005507295
6792,0.00013806303373853688,0.0001380630325257743,1.2127625729090854e-12,1.2127625729090854
6793,0.00013807084422647352,0.0001380708450160886,-7.896151015686241e-13,-0.789615101568624
6794,0.00013807865500986587,0.00013807865750640292,-2.496537058862743e-12,-2.496537058862743
6795,0.0001380864660442479,0.00013808646999671726,-3.9524693845178225e-12,-3.9524693845178227
6796,0.00013809427729806004,0.00013809428248703155,-5.188971523261548e-12,-5.188971523261547
6797,0.00013810208872804948,0.0001381020949773459,-6.249296419722621e-12,-6.249296419722621
6798,0.00013810990033653395,0.0001381099074676602,-7.131126266496703e-12,-7.131126266496703
6799,0.00013811771215444123,0.00013811771995797452,-7.803533302146853e-12,-7.803533302146852
6800,0.00013812552407942768,0.00013812553244828884,-8.368861170215599e-12,-8.368861170215599
6801,0.00013813333612269324,0.00013813334493860315,-8.815909926735895e-12,-8.815909926735895
6802,0.0001381411482545668,0.00013814115742891747,-9.174350688616664e-12,-9.174350688616663
6803,0.00013814896048917847,0.00013814896991923178,-9.430053319994443e-12,-9.430053319994444
6804,0.00013815677286975472,0.0001381567824095461,-9.53979138498365e-12,-9.53979138498365
6805,0.00013816458529998564,0.0001381645948998604,-9.599874779406605e-12,-9.599874779406605
6806,0.00013817239779409803,0.00013817240739017475,-9.596076737881225e-12,-9.596076737881225
6807,0.0001381802103164678,0.00013818021988048904,-9.564021243554573e-12,-9.564021243554574
6808,0.00013818802300132773,0.00013818803237080338,-9.369475664906107e-12,-9.369475664906107
6809,0.0001381958356888196,0.0001381958448611177,-9.172298104168768e-12,-9.172298104168767
6810,0.00013820364838942737,0.000138203657351432,-8.962004651595275e-12,-8.962004651595276
6811,0.00013821146118139652,0.00013821146984174633,-8.660349818755119e-12,-8.660349818755119
6812,0.00013821927402469822,0.00013821928233206064,-8.307362431171627e-12,-8.307362431171628
6813,0.00013822708688503692,0.00013822709482237496,-7.937338053280023e-12,-7.9373380532800235
6814,0.00013823489973877794,0.00013823490731268927,-7.573911343763592e-12,-7.573911343763592
6815,0.0001382427127028281,0.0001382427198030036,-7.100175492868651e-12,-7.100175492868651
6816,0.0001382505256689378,0.0001382505322933179,-6.624380118631911e-12,-6.624380118631911
6817,0.00013825833860887126,0.00013825834478363222,-6.1747609627061404e-12,-6.174760962706141
6818,0.00013826615163132342,0.00013826615727394653,-5.6426231252223894e-12,-5.642623125222389
6819,0.00013827396466675073,0.00013827396976426087,-5.097510152449527e-12,-5.0975101524495265
6820,0.00013828177769218704,0.00013828178225457516,-4.562388129801172e-12,-4.562388129801173
6821,0.00013828959073499138,0.0001382895947448895,-4.009898137026501e-12,-4.009898137026501
6822,0.00013829740383393613,0.00013829740723520382,-3.401267694974607e-12,-3.401267694974607
6823,0.00013830521691588637,0.00013830521972551813,-2.8096317696107174e-12,-2.8096317696107174
6824,0.00013831302996724056,0.00013831303221583245,-2.248591894029097e-12,-2.248591894029097
6825,0.00013832084311428386,0.00013832084470614676,-1.5918629096840657e-12,-1.5918629096840657
6826,0.00013832865623440707,0.00013832865719646108,-9.620540147605459e-13,-0.9620540147605459
6827,0.00013833646931095403,0.0001383364696867754,-3.758213735535635e-13,-0.37582137355356354
6828,0.0001383442824686268,0.0001383442821770897,2.915370746804071e-13,0.29153707468040707
6829,0.00013835209561179534,0.00013835209466740402,9.443913101963554e-13,0.9443913101963555
6830,0.0001383599087056275,0.00013835990715771834,1.5479091426937854e-12,1.5479091426937854
6831,0.0001383677218669533,0.00013836771964803265,2.21892064751762e-12,2.21892064751762
6832,0.00013837553502224408,0.000138375532138347,2.8838970764735857e-12,2.883897076473586
6833,0.00013838334813713474,0.00013838334462866128,3.5084734490823645e-12,3.5084734490823646
6834,0.00013839116128510314,0.00013839115711897562,4.166127501826015e-12,4.166127501826015
6835,0.000138398974446463,0.00013839896960928994,4.8371730505980655e-12,4.837173050598065
6836,0.00013840678757612765,0.00013840678209960425,5.476523385425381e-12,5.476523385425381
6837,0.0001384146007002368,0.00013841459458991857,6.110318214110772e-12,6.110318214110772
6838,0.00013842241386884463,0.00013842240708023288,6.7886117357210514e-12,6.788611735721052
6839,0.00013843022700258582,0.0001384302195705472,7.432038616506804e-12,7.432038616506804
6840,0.00013843804009823415,0.0001384380320608615,8.037372623168419e-12,8.037372623168418
6841,0.00013844585327254353,0.00013844584455117583,8.721367692953256e-12,8.721367692953256
6842,0.00013845366640841646,0.00013845365704149014,9.366926304945495e-12,9.366926304945496
6843,0.00013846147949182498,0.00013846146953180448,9.960020482231378e-12,9.960020482231378
6844,0.00013846929264973792,0.00013846928202211877,1.0627619135456663e-11,10.627619135456662
6845,0.00013847710578145542,0.0001384770945124331,1.1269022298677362e-11,11.269022298677362
6846,0.00013848491885453656,0.00013848490700274743,1.1851789125009669e-11,11.851789125009669
6847,0.00013849273199267414,0.00013849271949306174,1.2499612391394741e-11,12.499612391394741
6848,0.0001385005451055912,0.00013850053198337606,1.3122215136578836e-11,13.122215136578836
6849,0.00013850835816388548,0.00013850834447369037,1.3690195098686753e-11,13.690195098686754
6850,0.0001385161712668908,0.0001385161569640047,1.430288609471504e-11,14.30288609471504
6851,0.00013852398437818074,0.000138523969454319,1.4923861723488777e-11,14.923861723488777
6852,0.00013853179745562514,0.00013853178194463332,1.5510991813044035e-11,15.510991813044035
6853,0.00013853961051527372,0.00013853959443494763,1.6080326079190658e-11,16.08032607919066
6854,0.00013854742362927322,0.00013854740692526195,1.6704011264718708e-11,16.70401126471871
6855,0.00013855523669623456,0.00013855521941557626,1.7280658284783366e-11,17.280658284783367
6856,0.00013856304972018654,0.0001385630319058906,1.781429592623737e-11,17.81429592623737
6857,0.00013857086281719722,0.0001385708443962049,1.8420992314243876e-11,18.420992314243875
6858,0.00013857867588334684,0.00013857865688651923,1.8996827592141994e-11,18.996827592141994
6859,0.00013858648889211817,0.00013858646937683355,1.9515284614247617e-11,19.515284614247616
6860,0.00013859430196307214,0.00013859428186714786,2.009592426302256e-11,20.09592426302256
6861,0.0001386021150156281,0.00013860209435746218,2.0658165922502273e-11,20.658165922502274
6862,0.0001386099280248858,0.0001386099068477765,2.117710929059742e-11,21.177109290597418
6863,0.00013861774105178808,0.0001386177193380908,2.171369726300319e-11,21.71369726300319
6864,0.0001386255540965381,0.00013862553182840512,2.2268132964996604e-11,22.268132964996603
6865,0.000138633367109097,0.00013863334431871944,2.2790377566076642e-11,22.790377566076643
6866,0.00013864118008084745,0.00013864115680903375,2.3271813691851118e-11,23.27181369185112
6867,0.0001386489931270057,0.00013864896929934807,2.3827657609836265e-11,23.827657609836265
6868,0.00013865680613449184,0.00013865678178966238,2.4344829445791678e-11,24.344829445791678
6869,0.000138664619086536,0.00013866459427997672,2.4806559275509383e-11,24.806559275509382
6870,0.00013867243210453372,0.000138672406770291,2.533424269547253e-11,25.334242695472533
6871,0.00013868024510226037,0.00013868021926060535,2.5841655004257153e-11,25.841655004257152
6872,0.0001386880580556002,0.00013868803175091967,2.6304680509781087e-11,26.304680509781086
6873,0.00013869587102927777,0.00013869584424123398,2.6788043777812102e-11,26.788043777812103
6874,0.00013870368401644063,0.0001387036567315483,2.7284892325359437e-11,27.284892325359436
6875,0.00013871149697771725,0.0001387114692218626,2.7755854624466834e-11,27.755854624466835
6876,0.00013871930989232996,0.00013871928171217693,2.818015302470078e-11,28.18015302470078
6877,0.00013872712288594556,0.00013872709420249124,2.868345430989788e-11,28.68345430989788
6878,0.00013873493584163469,0.00013873490669280556,2.9148829118899265e-11,29.148829118899265
6879,0.00013874274874386259,0.00013874271918311987,2.9560742704821964e-11,29.560742704821962
6880,0.00013875056170294992,0.0001387505316734342,3.0029515701587515e-11,30.029515701587513
6881,0.00013875837465005637,0.0001387583441637485,3.0486307857771287e-11,30.486307857771287
6882,0.00013876618757160337,0.00013876615665406284,3.0917540516944853e-11,30.917540516944854
6883,0.00013877400045969168,0.00013877396914437716,3.131531450734014e-11,31.315314507340137
6884,0.00013878181342557262,0.00013878178163469147,3.1790881142023537e-11,31.790881142023537
6885,0.00013878962633465333,0.0001387895941250058,3.220964753619765e-11,32.20964753619765
6886,0.00013879743920097747,0.0001387974066153201,3.2585657360602675e-11,32.585657360602674
6887,0.00013880525213673452,0.00013880521910563442,3.303110008844487e-11,33.031100088444866
6888,0.00013881306504960833,0.00013881303159594873,3.3453659591024474e-11,33.453659591024476
6889,0.00013882087792349763,0.00013882084408626305,3.383723457161329e-11,33.83723457161329
6890,0.0001388286908073845,0.00013882865657657736,3.4230807115959867e-11,34.23080711595987
6891,0.00013883650372078292,0.00013883646906689168,3.4653891236865684e-11,34.65389123686568
6892,0.0001388443166054975,0.000138844281557206,3.504829148825579e-11,35.04829148825579
6893,0.00013885212944256058,0.00013885209404752033,3.539504024101353e-11,35.39504024101353
6894,0.00013885994234993213,0.00013885990653783462,3.5812097498882934e-11,35.812097498882935
6895,0.0001388677552348102,0.00013886771902814896,3.6206661220855597e-11,36.206661220855594
6896,0.00013887556807481289,0.00013887553151846328,3.655634959806865e-11,36.55634959806865
6897,0.00013888338093544214,0.0001388833440087776,3.692666454214248e-11,36.92666454214248
6898,0.00013889119381778036,0.0001388911564990919,3.731868843921093e-11,37.31868843921093
6899,0.00013889900667434684,0.00013889896898940622,3.7684940606693915e-11,37.684940606693914
6900,0.0001389068194840492,0.00013890678147972054,3.8004328650267245e-11,38.00432865026725
6901,0.00013891463236548768,0.00013891459397003485,3.839545282216286e-11,38.39545282216286
6902,0.00013892244522191192,0.00013892240646034917,3.8761562742320813e-11,38.76156274232081
6903,0.00013893025803716935,0.00013893021895066348,3.90865058583552e-11,39.086505858355196
6904,0.00013893807087035187,0.0001389380314409778,3.942937406180223e-11,39.42937406180223
6905,0.00013894588372858854,0.0001389458439312921,3.9797296415626874e-11,39.797296415626874
6906,0.00013895369656126148,0.00013895365642160645,4.0139655016947785e-11,40.139655016947785
6907,0.00013896150934635757,0.00013896146891192074,4.043443682116601e-11,40.43443682116601
6908,0.0001389693221988997,0.00013896928140223508,4.079666461992011e-11,40.79666461992011
6909,0.00013897713503263878,0.0001389770938925494,4.1140089371447334e-11,41.14008937144733
6910,0.0001389849478288755,0.0001389849063828637,4.144601178666872e-11,41.44601178666872
6911,0.00013899276062837168,0.00013899271887317803,4.175519363888125e-11,41.755193638881245
6912,0.00013900057345576453,0.00013900053136349234,4.2092272175622154e-11,42.092272175622156
6913,0.0001390083737826403,0.00013900834385380666,2.9928833624979374e-11,29.928833624979372
6914,0.0001390161775430919,0.00013901615634412097,2.1198970926362982e-11,21.198970926362982
6915,0.00013902398363980042,0.00013902396883443529,1.4805365120984527e-11,14.805365120984527
6916,0.00013903179165111556,0.0001390317813247496,1.0326365945311303e-11,10.326365945311304
6917,0.00013903960052487712,0.00013903959381506394,6.709813168657303e-12,6.709813168657304
6918,0.00013904741005782287,0.00013904740630537823,3.752444633483091e-12,3.752444633483091
6919,0.00013905522011967343,0.00013905521879569257,1.3239808449142778e-12,1.3239808449142778
6920,0.00013906303059423448,0.0001390630312860069,-6.917724149249508e-13,-0.6917724149249508
6921,0.00013907084140939673,0.0001390708437763212,-2.366924483849705e-12,-2.3669244838497048
6922,0.00013907865250342474,0.00013907865626663552,-3.76321078223821e-12,-3.7632107822382097
6923,0.00013908646382602462,0.00013908646875694983,-4.9309252262576146e-12,-4.930925226257615
6924,0.00013909427536011829,0.00013909428124726415,-5.8871458703733135e-12,-5.887145870373313
6925,0.00013910208707292894,0.00013910209373757846,-6.664649528617313e-12,-6.664649528617313
6926,0.00013910989892230877,0.00013910990622789278,-7.305584018343902e-12,-7.305584018343902
6927,0.0001391177109506707,0.0001391177187182071,-7.767536407662564e-12,-7.767536407662564
6928,0.00013912552312812844,0.0001391255312085214,-8.080392973403352e-12,-8.080392973403352
6929,0.00013913333539641154,0.00013913334369883572,-8.302424188431553e-12,-8.302424188431553
6930,0.00013914114775551606,0.00013914115618915006,-8.433634010085097e-12,-8.433634010085097
6931,0.00013914896018336429,0.00013914896867946435,-8.49610007430736e-12,-8.49610007430736
6932,0.00013915677276202782,0.0001391567811697787,-8.407750878726405e-12,-8.407750878726405
6933,0.0001391645853920983,0.000139164593660093,-8.267994725028026e-12,-8.267994725028027
6934,0.00013917239805043638,0.00013917240615040732,-8.099970954133009e-12,-8.099970954133008
6935,0.0001391802107913332,0.00013918021864072164,-7.849388440409737e-12,-7.849388440409737
6936,0.00013918802361789952,0.00013918803113103595,-7.513136445195025e-12,-7.513136445195025
6937,0.00013919583647215765,0.00013919584362135027,-7.149192625452427e-12,-7.149192625452427
6938,0.0001392036493256454,0.00013920365611166458,-6.7860191855634875e-12,-6.786019185563488
6939,0.0001392114622927705,0.0001392114686019789,-6.309208401782106e-12,-6.309208401782106
6940,0.00013921927527850168,0.0001392192810922932,-5.8137915432035384e-12,-5.813791543203538
6941,0.00013922708825920017,0.00013922709358260752,-5.323407361374268e-12,-5.323407361374268
6942,0.0001392349012898606,0.00013923490607292184,-4.783061246083064e-12,-4.783061246083064
6943,0.00013924271436585947,0.00013924271856323618,-4.1973767232843815e-12,-4.197376723284382
6944,0.0001392505274373626,0.00013925053105355047,-3.6161878718989647e-12,-3.6161878718989646
6945,0.00013925834051475722,0.0001392583435438648,-3.029107601433533e-12,-3.029107601433533
6946,0.00013926615366603877,0.00013926615603417913,-2.3681403623760387e-12,-2.368140362376039
6947,0.00013927396680119325,0.00013927396852449344,-1.7233001969533971e-12,-1.7233001969533972
6948,0.00013928177990317828,0.00013928178101480776,-1.111629489379528e-12,-1.111629489379528
6949,0.00013928959311862644,0.00013928959350512207,-3.8649564209728075e-13,-0.38649564209728077
6950,0.00013929740628852044,0.00013929740599543639,2.930840414451637e-13,0.2930840414451637
6951,0.00013930521942464517,0.0001393052184857507,9.388944593919626e-13,0.9388944593919626
6952,0.0001393130326458454,0.00013931303097606501,1.6697803786700057e-12,1.6697803786700056
6953,0.00013932084585228835,0.00013932084346637933,2.385909005337914e-12,2.385909005337914
6954,0.00013932865900882486,0.00013932865595669367,3.0521311825900656e-12,3.0521311825900654
6955,0.0001393364722407743,0.00013933646844700796,3.793766342992053e-12,3.793766342992053
6956,0.00013934428546046566,0.0001393442809373223,4.523143351001594e-12,4.523143351001594
6957,0.00013935209862853836,0.0001393520934276366,5.200901764629643e-12,5.200901764629643
6958,0.00013935991186222622,0.00013935990591795093,5.9442752805848855e-12,5.944275280584885
6959,0.00013936772508621185,0.00013936771840826525,6.677946596559207e-12,6.677946596559207
6960,0.00013937553826540972,0.00013937553089857956,7.366830144204401e-12,7.3668301442044015
6961,0.00013938335148501034,0.00013938334338889388,8.096116458702213e-12,8.096116458702214
6962,0.00013939116470815336,0.0001393911558792082,8.828945159853133e-12,8.828945159853133
6963,0.0001393989778934318,0.0001393989683695225,9.523909292752387e-12,9.523909292752387
6964,0.0001394067910922368,0.00013940678085983682,1.0232399959060624e-11,10.232399959060624
6965,0.00013941460431235288,0.00013941459335015113,1.096220173037629e-11,10.96220173037629
6966,0.00013942241749710185,0.00013942240584046545,1.165663639314461e-11,11.65663639314461
6967,0.0001394302306707873,0.0001394302183307798,1.2340007504579182e-11,12.340007504579182
6968,0.000139438043887108,0.00013943803082109408,1.3066013917769846e-11,13.066013917769846
6969,0.00013944585706608916,0.00013944584331140842,1.375468073340076e-11,13.75468073340076
6970,0.00013945367020815763,0.00013945365580172274,1.4406434883182396e-11,14.406434883182396
6971,0.0001394614834200784,0.00013946146829203705,1.512804133290657e-11,15.12804133290657
6972,0.00013946929659141644,0.00013946928078235137,1.5809065065322548e-11,15.809065065322548
6973,0.00013947710970901555,0.00013947709327266568,1.643634985627336e-11,16.43634985627336
6974,0.00013948492290549947,0.00013948490576298,1.714251946257074e-11,17.14251946257074
6975,0.00013949273606610017,0.0001394927182532943,1.7812805852981615e-11,17.812805852981615
6976,0.0001395005491729483,0.00013950053074360862,1.8429339668085005e-11,18.429339668085007
6977,0.0001395083623122923,0.00013950834323392294,1.9078369353332456e-11,19.078369353332455
6978,0.00013951617545821185,0.00013951615572423725,1.973397458923076e-11,19.733974589230762
6979,0.0001395239885688763,0.00013952396821455157,2.0354324714666137e-11,20.354324714666138
6980,0.00013953180169287376,0.0001395317807048659,2.0988007843422708e-11,20.988007843422707
6981,0.00013953961482173535,0.0001395395931951802,2.1626555136805917e-11,21.626555136805916
6982,0.00013954742791014475,0.00013954740568549454,2.222465019661239e-11,22.22465019661239
6983,0.00013955524100822095,0.00013955521817580886,2.2832412084303905e-11,22.832412084303904
6984,0.00013956305412732588,0.00013956303066612317,2.3461202696547027e-11,23.461202696547026
6985,0.00013957086721101675,0.00013957084315643748,2.4054579254288733e-11,24.054579254288733
6986,0.0001395786802615568,0.0001395786556467518,2.4614805002459034e-11,24.614805002459036
6987,0.00013958649337513456,0.00013958646813706611,2.5238068433341988e-11,25.238068433341986
6988,0.0001395943064501423,0.00013959428062738043,2.5822761859829747e-11,25.822761859829747
6989,0.00013960211947072523,0.00013960209311769474,2.6353030478558024e-11,26.353030478558026
6990,0.00013960993256270464,0.00013960990560800906,2.6954695572173002e-11,26.954695572173
6991,0.00013961774562680997,0.00013961771809832337,2.75284865868749e-11,27.528486586874898
6992,0.00013962555863294054,0.0001396255305886377,2.8044302844854053e-11,28.04430284485405
6993,0.0001396333716937345,0.00013963334307895203,2.861478246217569e-11,28.61478246217569
6994,0.00013964118474021483,0.00013964115556926632,2.917094849662628e-11,29.17094849662628
6995,0.00013964899774863106,0.00013964896805958066,2.968905038831031e-11,29.689050388310307
6996,0.0001396568107578428,0.00013965678054989497,3.0207947813338393e-11,30.207947813338393
6997,0.00013966462379920273,0.0001396645930402093,3.075899343197888e-11,30.75899343197888
6998,0.00013967243680753727,0.0001396724055305236,3.127701365613426e-11,31.27701365613426
6999,0.00013968024976983924,0.00013968021802083792,3.174900131234123e-11,31.749001312341232
7000,0.00013968806280089687,0.00013968803051115223,3.228974462509833e-11,32.28974462509833
7001,0.00013969587580271752,0.00013969584300146655,3.280125096260142e-11,32.801250962601415
7002,0.00013970368874727956,0.00013970365549178086,3.3255498686021746e-11,33.255498686021745
7003,0.00013971150175026627,0.00013971146798209518,3.3768171082961344e-11,33.768171082961345
7004,0.00013971931473862466,0.00013971928047240952,3.426621512603417e-11,34.26621512603417
7005,0.00013972712769152275,0.0001397270929627238,3.4728798927593033e-11,34.72879892759303
7006,0.00013973494063914194,0.00013973490545303815,3.518610377587912e-11,35.18610377587912
7007,0.00013974275362609105,0.00013974271794335246,3.568273857296815e-11,35.68273857296815
7008,0.00013975056657961985,0.00013975053043366678,3.614595305493075e-11,36.14595305493075
7009,0.00013975837948416732,0.0001397583429239811,3.6560186210086316e-11,36.560186210086314
7010,0.00013976619245931928,0.0001397661554142954,3.704502385754664e-11,37.04502385754664
7011,0.00013977400540894337,0.00013977396790460972,3.750433363959514e-11,37.50433363959514
7012,0.00013978181830942284,0.00013978178039492404,3.791449878688438e-11,37.91449878688438
7013,0.00013978963124456711,0.00013978959288523835,3.835932875076374e-11,38.35932875076374
7014,0.00013979744418531637,0.00013979740537555267,3.880976368750914e-11,38.80976368750914
7015,0.0001398052570963785,0.00013980521786586698,3.923051151536358e-11,39.23051151536358
7016,0.00013981306996845255,0.0001398130303561813,3.9612271243360057e-11,39.612271243360055
7017,0.0001398208829180526,0.00013982084284649564,4.007155695612033e-11,40.071556956120325
7018,0.0001398286958311239,0.00013982865533680993,4.0494313973230706e-11,40.4943139732307
7019,0.0001398365086879456,0.00013983646782712427,4.0860821307694984e-11,40.860821307694984
7020,0.00013984432160334245,0.00013984428031743858,4.128590385715018e-11,41.28590385715018
7021,0.00013985213450604458,0.0001398520928077529,4.1698291673103125e-11,41.69829167310313
7022,0.00013985994738184416,0.00013985990529806721,4.20837769366047e-11,42.0837769366047
7023,0.00013986776022573478,0.00013986771778838153,4.243735323570323e-11,42.43735323570323
7024,0.00013987557314283446,0.00013987553027869584,4.286413860598548e-11,42.86413860598548
7025,0.00013988338602323087,0.00013988334276901016,4.325422069696301e-11,43.25422069696301
7026,0.00013989119885111947,0.00013989115525932447,4.3591794985147284e-11,43.59179498514728
7027,0.00013989901173858913,0.0001398989677496388,4.398895032978295e-11,43.988950329782945
7028,0.00013990682461244327,0.0001399067802399531,4.437249015511632e-11,44.372490155116324
7029,0.00013991463745858105,0.00013991459273026742,4.4728313625847655e-11,44.728313625847655
7030,0.0001399224502833535,0.00013992240522058176,4.506277172725283e-11,45.06277172725283
7031,0.00013993026316674328,0.00013993021771089605,4.545584721911343e-11,45.45584721911343
7032,0.00013993807601794372,0.0001399380302012104,4.5816733317679074e-11,45.81673331767907
7033,0.00013994588881934732,0.0001399458426915247,4.6127822606773656e-11,46.127822606773655
7034,0.00013995370167963953,0.00013995365518183902,4.6497800499497114e-11,46.49780049949712
7035,0.00013996151453080406,0.00013996146767215333,4.685865071097085e-11,46.85865071097085
7036,0.00013996932734846882,0.00013996928016246765,4.718600116240397e-11,47.18600116240397
7037,0.0001399771401422417,0.00013997709265278196,4.748945972818838e-11,47.48945972818838
7038,0.00013998495300500706,0.00013998490514309628,4.786191076738244e-11,47.86191076738244
7039,0.0001399927658367818,0.0001399927176334106,4.820337118851861e-11,48.20337118851861
7040,0.00014000057860335087,0.0001400005301237249,4.8479625956278025e-11,48.47962595627803
7041,0.000140008378743263,0.00014000834261403925,3.612922373409413e-11,36.12922373409413
7042,0.0001400161822337686,0.00014001615510435354,2.712941505042464e-11,27.12941505042464
7043,0.00014002398799164336,0.00014002396759466788,2.0396975466303186e-11,20.396975466303186
7044,0.0001400317957580235,0.0001400317800849822,1.5673041304708005e-11,15.673041304708006
7045,0.00014003960438032997,0.0001400395925752965,1.1805033448422318e-11,11.805033448422318
7046,0.00014004741366630536,0.00014004740506561082,8.600694527482686e-12,8.600694527482686
7047,0.00014005522346814691,0.00014005521755592514,5.912221764927198e-12,5.912221764927198
7048,0.00014006303368220045,0.00014006303004623945,3.6359609878373313e-12,3.6359609878373313
7049,0.00014007084424405038,0.00014007084253655377,1.7074966009594219e-12,1.707496600959422
7050,0.00014007865509713832,0.00014007865502686808,7.027022218380826e-14,0.07027022218380827
7051,0.0001400864661987962,0.0001400864675171824,-1.3183862202562644e-12,-1.3183862202562644
7052,0.000140094277514325,0.0001400942800074967,-2.4931717224244025e-12,-2.4931717224244023
7053,0.0001401020890028962,0.00014010209249781103,-3.4949148444714132e-12,-3.4949148444714133
7054,0.00014010990068792642,0.00014010990498812537,-4.3001989607709005e-12,-4.3001989607709
7055,0.00014011771254742123,0.00014011771747843966,-4.931018440539394e-12,-4.931018440539394
7056,0.000140125524534838,0.000140125529968754,-5.4339159959525144e-12,-5.433915995952514
7057,0.00014013333662934107,0.00014013334245906831,-5.829727255154948e-12,-5.829727255154948
7058,0.00014014114880315414,0.00014014115494938263,-6.146228502023817e-12,-6.146228502023817
7059,0.0001401489611139431,0.00014014896743969694,-6.325753841930267e-12,-6.3257538419302675
7060,0.00014015677352734833,0.00014015677993001126,-6.40266294276297e-12,-6.40266294276297
7061,0.00014016458600486456,0.00014016459242032557,-6.415461027837315e-12,-6.415461027837315
7062,0.00014017239852712497,0.0001401724049106399,-6.383514929509867e-12,-6.383514929509867
7063,0.00014018021113616135,0.0001401802174009542,-6.264792867163848e-12,-6.264792867163848
7064,0.00014018802382588158,0.00014018802989126852,-6.0653869457014e-12,-6.0653869457014
7065,0.0001401958365537065,0.00014019584238158283,-5.827876332311135e-12,-5.827876332311135
7066,0.00014020364928632803,0.00014020365487189715,-5.5855691271946304e-12,-5.58556912719463
7067,0.00014021146213504275,0.0001402114673622115,-5.227168751844787e-12,-5.227168751844787
7068,0.00014021927500718458,0.00014021927985252578,-4.84534120700242e-12,-4.84534120700242
7069,0.00014022708788214718,0.00014022709234284012,-4.4606929475780064e-12,-4.460692947578006
7070,0.0001402349008016901,0.00014023490483315443,-4.031464354805116e-12,-4.031464354805117
7071,0.00014024271378483796,0.00014024271732346875,-3.5386307976378754e-12,-3.5386307976378752
7072,0.00014025052676819498,0.00014025052981378306,-3.045588097871562e-12,-3.045588097871562
7073,0.00014025833973359934,0.00014025834230409738,-2.5704980513581325e-12,-2.5704980513581326
7074,0.00014026615280159137,0.0001402661547944117,-1.9928203344982013e-12,-1.9928203344982014
7075,0.00014027396586248093,0.000140273967284726,-1.4222450905449511e-12,-1.422245090544951
7076,0.0001402817788926783,0.00014028177977504032,-8.823620380016154e-13,-0.8823620380016154
7077,0.0001402895919944918,0.00014028959226535464,-2.708628512114334e-13,-0.27086285121143344
7078,0.00014029740510388756,0.00014029740475566898,3.482185679467544e-13,0.3482185679467544
7079,0.00014030521818464837,0.00014030521724598327,9.386650964223732e-13,0.9386650964223733
7080,0.0001403130313085531,0.0001403130297362976,1.572255471683088e-12,1.5722554716830879
7081,0.00014032084445543284,0.00014032084222661192,2.2288209041304e-12,2.2288209041303997
7082,0.00014032865758301967,0.00014032865471692624,2.8660934197042555e-12,2.8660934197042556
7083,0.00014033647069979505,0.00014033646720724055,3.4925544880545203e-12,3.49255448805452
7084,0.00014034428387674965,0.00014034427969755487,4.1791947671947335e-12,4.179194767194733
7085,0.00014035209701559714,0.00014035209218786918,4.827727942057295e-12,4.827727942057295
7086,0.00014035991012552307,0.0001403599046781835,5.447339563182883e-12,5.447339563182883
7087,0.00014036772332709992,0.0001403677171684978,6.158602100765296e-12,6.158602100765296
7088,0.00014037553648712383,0.00014037552965881213,6.82831169562041e-12,6.82831169562041
7089,0.00014038334959126718,0.00014038334214912644,7.442140724459046e-12,7.442140724459046
7090,0.00014039116279157554,0.00014039115463944076,8.152134772604706e-12,8.152134772604706
7091,0.00014039897595647654,0.0001403989671297551,8.826721434092311e-12,8.826721434092311
7092,0.00014040678907762026,0.00014040677962006939,9.457550861415737e-12,9.457550861415738
7093,0.00014041460226278327,0.00014041459211038373,1.0152399526783621e-11,10.15239952678362
7094,0.00014042241543013066,0.00014042240460069804,1.0829432609158277e-11,10.829432609158276
7095,0.00014043022854463825,0.00014043021709101236,1.1453625878929408e-11,11.453625878929408
7096,0.0001404380417136592,0.00014043802958132667,1.2132332508672459e-11,12.132332508672459
7097,0.0001404458548751714,0.000140445842071641,1.2803530414954798e-11,12.803530414954798
7098,0.00014045366799474412,0.0001404536545619553,1.3432788806225238e-11,13.432788806225238
7099,0.00014046148113370423,0.00014046146705226962,1.4081434602588467e-11,14.081434602588468
7100,0.000140469294289477,0.00014046927954258393,1.474689306783032e-11,14.74689306783032
7101,0.00014047710741124753,0.00014047709203289825,1.537834927242966e-11,15.37834927242966
7102,0.000140484920514027,0.00014048490452321256,1.5990814429145418e-11,15.990814429145418
7103,0.00014049273366773738,0.00014049271701352688,1.6654210497909714e-11,16.654210497909713
7104,0.00014050054677703248,0.00014050052950384122,1.7273191248896187e-11,17.273191248896186
7105,0.0001405083598285029,0.0001405083419941555,1.7834347378055752e-11,17.834347378055753
7106,0.00014051617297563082,0.00014051615448446985,1.849116095727529e-11,18.49116095727529
7107,0.00014052398608539615,0.00014052396697478416,1.911061198095408e-11,19.11061198095408
7108,0.00014053179914043636,0.00014053177946509848,1.9675337872871607e-11,19.67533787287161
7109,0.00014053961225942506,0.0001405395919554128,2.0304012258641838e-11,20.304012258641837
7110,0.00014054742535420738,0.0001405474044457271,2.090848025881818e-11,20.90848025881818
7111,0.0001405552383994554,0.00014055521693604142,2.146341396197447e-11,21.46341396197447
7112,0.0001405630514889881,0.00014056302942635574,2.2062632363651855e-11,22.062632363651854
7113,0.00014057086457221985,0.00014057084191667005,2.265554978887857e-11,22.65554978887857
7114,0.0001405786776230666,0.00014057865440698437,2.321608223073841e-11,23.21608223073841
7115,0.0001405864906633674,0.0001405864668972987,2.3766068692276596e-11,23.766068692276598
7116,0.00014059430375171924,0.000140594279387613,2.4364106235157818e-11,24.36410623515782
7117,0.00014060211678977962,0.00014060209187792734,2.4911852274221725e-11,24.911852274221726
7118,0.0001406099297876208,0.00014060990436824165,2.541937912896587e-11,25.41937912896587
7119,0.0001406177428589962,0.00014061771685855597,2.6000440234230313e-11,26.000440234230314
7120,0.00014062555589630296,0.00014062552934887028,2.654743267146918e-11,26.54743267146918
7121,0.00014063336889215584,0.0001406333418391846,2.7052971234954257e-11,27.052971234954256
7122,0.0001406411819263944,0.0001406411543294989,2.7596895488465207e-11,27.596895488465208
7123,0.00014064899495267683,0.00014064896681981323,2.8132863595383915e-11,28.132863595383913
7124,0.00014065680792561786,0.00014065677931012754,2.861549031066905e-11,28.615490310669053
7125,0.00014066462091671825,0.00014066459180044186,2.9116276382351256e-11,29.116276382351256
7126,0.0001406724339518723,0.00014067240429075617,2.96611161090716e-11,29.6611161090716
7127,0.00014068024693178794,0.00014068021678107049,3.0150717442722225e-11,30.150717442722225
7128,0.00014068805987453356,0.00014068802927138483,3.0603148720927826e-11,30.603148720927827
7129,0.00014069587289400332,0.00014069584176169912,3.113230418928561e-11,31.132304189285612
7130,0.00014070368587752985,0.00014070365425201346,3.162551637695654e-11,31.62551637695654
7131,0.0001407114988043299,0.00014071146674232777,3.2062002104076016e-11,32.062002104076015
7132,0.00014071931179147714,0.0001407192792326421,3.255883503911207e-11,32.55883503911207
7133,0.00014072712476319768,0.0001407270917229564,3.3040241268011637e-11,33.040241268011634
7134,0.0001407349377052512,0.00014073490421327072,3.3491980472865485e-11,33.491980472865485
7135,0.00014074275063001668,0.00014074271670358503,3.3926431640398184e-11,33.926431640398185
7136,0.000140750563615442,0.00014075052919389935,3.4421542645543894e-11,34.421542645543894
7137,0.000140758376546859,0.00014075834168421366,3.486264533919468e-11,34.862645339194685
7138,0.00014076618944559535,0.00014076615417452798,3.527106736044111e-11,35.27106736044111
7139,0.0001407740023976847,0.0001407739666648423,3.5732842401389407e-11,35.732842401389405
7140,0.00014078181533165414,0.0001407817791551566,3.617649752379466e-11,36.17649752379466
7141,0.0001407896282206011,0.00014078959164547095,3.6575130148100444e-11,36.57513014810044
7142,0.00014079744114095196,0.00014079740413578524,3.7005166715437324e-11,37.005166715437326
7143,0.00014080525407060869,0.00014080521662609958,3.7444509098440865e-11,37.44450909844087
7144,0.00014081306697255705,0.0001408130291164139,3.7856143149938443e-11,37.85614314993845
7145,0.00014082087982998935,0.0001408208416067282,3.822326113417132e-11,38.22326113417132
7146,0.00014082869276315065,0.00014082865409704252,3.8666108119382257e-11,38.66610811938226
7147,0.00014083650566588515,0.00014083646658735684,3.907852829877005e-11,39.07852829877005
7148,0.00014084431851506143,0.00014084427907767115,3.943739027319483e-11,39.43739027319483
7149,0.00014085213141366702,0.00014085209156798547,3.9845681539659254e-11,39.84568153965925
7150,0.0001408599443091179,0.00014085990405829978,4.02508181030624e-11,40.2508181030624
7151,0.00014086775717738655,0.0001408677165486141,4.062877244406378e-11,40.62877244406378
7152,0.00014087557000771716,0.00014087552903892844,4.0968788707906196e-11,40.9687887079062
7153,0.00014088338291517067,0.00014088334152924273,4.138592793145984e-11,41.38592793145984
7154,0.00014089119578708994,0.00014089115401955707,4.176753286249114e-11,41.767532862491144
7155,0.00014089900860398116,0.00014089896650987138,4.2094109762779245e-11,42.09410976277925
7156,0.00014090682147837645,0.0001409067790001857,4.247819074052196e-11,42.47819074052196
7157,0.00014091463434507824,0.0001409145914905,4.285457821964872e-11,42.854578219648715
7158,0.0001409224471867076,0.00014092240398081433,4.3205893252486206e-11,43.205893252486206
7159,0.00014093025998978818,0.00014093021647112864,4.351865953129108e-11,43.51865953129108
7160,0.00014093807287102086,0.00014093802896144296,4.39095778945093e-11,43.909577894509304
7161,0.00014094588571661367,0.00014094584145175727,4.426485639101864e-11,44.26485639101864
7162,0.00014095369851268316,0.00014095365394207159,4.4570611568054917e-11,44.570611568054915
7163,0.00014096151135828492,0.0001409614664323859,4.4925899009232174e-11,44.925899009232175
7164,0.00014096932420187673,0.00014096927892270022,4.527917650221197e-11,45.27917650221197
7165,0.0001409771370220805,0.00014097709141301456,4.560906593829261e-11,45.60906593829261
7166,0.00014098494980147388,0.00014098490390332884,4.5898145028818947e-11,45.898145028818945
7167,0.00014099276266581832,0.0001409927163936432,4.627217512716207e-11,46.27217512716207
7168,0.00014100057546381607,0.0001410005288839575,4.6579858557762114e-11,46.579858557762115
7169,0.00014100837569345064,0.00014100834137427182,3.43191788087359e-11,34.3191788087359
7170,0.00014101617927005002,0.00014101615386458613,2.5405463881972996e-11,25.405463881972995
7171,0.00014102398523355673,0.00014102396635490045,1.8878656277394543e-11,18.878656277394544
7172,0.00014103179311718045,0.00014103177884521476,1.4271965678747817e-11,14.271965678747817
7173,0.0001410396018630073,0.00014103959133552908,1.0527478211257863e-11,10.527478211257863
7174,0.00014104741126500138,0.0001410474038258434,7.439157975862321e-12,7.439157975862321
7175,0.00014105522119215133,0.0001410552163161577,4.875993614115321e-12,4.8759936141153215
7176,0.00014106303153467892,0.00014106302880647202,2.7282068913371656e-12,2.7282068913371655
7177,0.0001410708422197019,0.00014107084129678633,9.229155419839798e-13,0.9229155419839798
7178,0.00014107865318863008,0.00014107865378710068,-5.984706109251357e-13,-0.5984706109251356
7179,0.00014108646439861986,0.00014108646627741496,-1.8787951172785526e-12,-1.8787951172785526
7180,0.00014109427582306936,0.0001410942787677293,-2.944659961580375e-12,-2.944659961580375
7181,0.00014110208743053055,0.00014110209125804362,-3.827513078364849e-12,-3.827513078364849
7182,0.00014110989917752133,0.00014110990374835794,-4.57083661259994e-12,-4.57083661259994
7183,0.00014111771112118636,0.00014111771623867225,-5.1174858998512144e-12,-5.117485899851214
7184,0.00014112552320420655,0.00014112552872898657,-5.5247800255776045e-12,-5.524780025577605
7185,0.00014113333538494618,0.00014113334121930088,-5.834354711342279e-12,-5.834354711342279
7186,0.0001411411476600839,0.0001411411537096152,-6.049531302080429e-12,-6.049531302080429
7187,0.0001411489599968994,0.0001411489661999295,-6.203030124890876e-12,-6.2030301248908755
7188,0.00014115677251325245,0.00014115677869024382,-6.176991383415378e-12,-6.176991383415378
7189,0.00014116458506383526,0.00014116459118055817,-6.116722915681579e-12,-6.11672291568158
7190,0.00014117239766883938,0.00014117240367087245,-6.002033082530197e-12,-6.002033082530197
7191,0.00014118021030751581,0.0001411802161611868,-5.853670992772552e-12,-5.853670992772552
7192,0.00014118802308551507,0.0001411880286515011,-5.565986050714763e-12,-5.565986050714763
7193,0.0001411958358809099,0.00014119584114181543,-5.260905545585367e-12,-5.260905545585367
7194,0.00014120364867392123,0.00014120365363212974,-4.958208523406909e-12,-4.958208523406909
7195,0.00014121146157074736,0.00014121146612244406,-4.5516967037580756e-12,-4.551696703758076
7196,0.00014121927449783258,0.00014121927861275837,-4.1149258043621815e-12,-4.114925804362182
7197,0.00014122708744307511,0.00014122709110307269,-3.6599975814482925e-12,-3.6599975814482923
7198,0.00014123490038807018,0.000141234903593387,-3.2053168276802733e-12,-3.2053168276802735
7199,0.00014124271342869392,0.00014124271608370131,-2.655007409419959e-12,-2.655007409419959
7200,0.00014125052646359065,0.00014125052857401563,-2.1104249909802023e-12,-2.1104249909802024
7201,0.00014125833947613306,0.00014125834106432994,-1.5881968968782404e-12,-1.5881968968782405
7202,0.00014126615258918632,0.00014126615355464429,-9.654579759012814e-13,-0.9654579759012814
7203,0.00014127396568443338,0.00014127396604495857,-3.605252053586492e-13,-0.36052520535864924
7204,0.00014128177877090154,0.00014128177853527292,2.3562861756304195e-13,0.23562861756304196
7205,0.00014128959190018992,0.00014128959102558723,8.746026800263964e-13,0.8746026800263964
7206,0.00014129740504503638,0.00014129740351590155,1.5291348268244833e-12,1.5291348268244833
7207,0.00014130521816098037,0.00014130521600621586,2.154764501843832e-12,2.154764501843832
7208,0.00014131303131504987,0.00014131302849653018,2.8185196854727098e-12,2.81851968547271
7209,0.0001413208444976567,0.0001413208409868445,3.5108122086936873e-12,3.5108122086936873
7210,0.0001413286576436261,0.0001413286534771588,4.166467290786872e-12,4.166467290786872
7211,0.00014133647079483822,0.00014133646596747312,4.8273650866952185e-12,4.8273650866952185
7212,0.00014134428401238447,0.00014134427845778743,5.554597027811551e-12,5.554597027811551
7213,0.00014135209717512125,0.00014135209094810175,6.227019486237604e-12,6.227019486237604
7214,0.00014135991032810375,0.00014135990343841606,6.889687675873402e-12,6.889687675873402
7215,0.00014136772354695704,0.0001413677159287304,7.618226622708666e-12,7.618226622708666
7216,0.00014137553673647152,0.0001413755284190447,8.317426814810983e-12,8.317426814810982
7217,0.000141383349869467,0.00014138334090935904,8.960107954237446e-12,8.960107954237445
7218,0.00014139116310040193,0.00014139115339967335,9.70072857245653e-12,9.70072857245653
7219,0.00014139897627593744,0.00014139896588998767,1.0385949766478232e-11,10.385949766478232
7220,0.00014140678942686912,0.00014140677838030198,1.1046567133494665e-11,11.046567133494666
7221,0.00014141460263235978,0.0001414145908706163,1.1761743478289425e-11,11.761743478289425
7222,0.00014142241581788028,0.0001414224033609306,1.2456949659323686e-11,12.456949659323685
7223,0.0001414302289471213,0.00014143021585124492,1.3095876369257157e-11,13.095876369257157
7224,0.00014143804214233018,0.00014143802834155924,1.380077092669464e-11,13.80077092669464
7225,0.00014144585532013286,0.00014144584083187355,1.4488259295879225e-11,14.488259295879224
7226,0.0001414536684445407,0.0001414536533221879,1.5122352795158082e-11,15.122352795158081
7227,0.00014146148161761296,0.00014146146581250218,1.580511076315906e-11,15.805110763159059
7228,0.00014146929478334443,0.00014146927830281653,1.6480527896405734e-11,16.480527896405736
7229,0.00014147710790975002,0.0001414770907931308,1.711661920081772e-11,17.11661920081772
7230,0.000141484921047042,0.00014148490328344516,1.7763596843718364e-11,17.763596843718364
7231,0.00014149273420263877,0.00014149271577375947,1.8428879288737513e-11,18.428879288737512
7232,0.00014150054732741996,0.00014150052826407378,1.906334616013952e-11,19.06334616013952
7233,0.00014150836039191834,0.0001415083407543881,1.9637530225233996e-11,19.637530225233995
7234,0.000141516173559291,0.00014151615324470241,2.031458856951927e-11,20.314588569519273
7235,0.00014152398666841953,0.00014152396573501673,2.093340278705205e-11,20.93340278705205
7236,0.00014153179973879743,0.00014153177822533104,2.15134663721077e-11,21.5134663721077
7237,0.00014153961287641158,0.00014153959071564536,2.216076621278895e-11,22.16076621278895
7238,0.00014154742598258556,0.00014154740320595967,2.2776625870981488e-11,22.776625870981487
7239,0.00014155523904339616,0.00014155521569627402,2.3347122130806473e-11,23.347122130806472
7240,0.00014156305214798505,0.0001415630281865883,2.3961396739632946e-11,23.961396739632946
7241,0.00014157086523712334,0.00014157084067690265,2.4560220681454926e-11,24.560220681454926
7242,0.00014157867827917385,0.00014157865316721696,2.5111956882669177e-11,25.111956882669176
7243,0.0001415864913556557,0.00014158646565753127,2.56981244175357e-11,25.698124417535702
7244,0.00014159430443425692,0.0001415942781478456,2.6286411323703946e-11,26.286411323703945
7245,0.00014160211747791184,0.0001416020906381599,2.683975192729304e-11,26.83975192729304
7246,0.00014160993050354117,0.00014160990312847422,2.7375066937928098e-11,27.375066937928096
7247,0.000141617743578643,0.00014161771561878853,2.7959854446059374e-11,27.959854446059374
7248,0.00014162555661748175,0.00014162552810910285,2.8508378888073017e-11,28.50837888807302
7249,0.00014163336960510938,0.00014163334059941716,2.9005692205986642e-11,29.00569220598664
7250,0.0001416411826661271,0.00014164115308973148,2.957639560263668e-11,29.57639560263668
7251,0.00014164899569721313,0.0001416489655800458,3.0117167321490693e-11,30.117167321490694
7252,0.00014165680866859662,0.00014165677807036014,3.059823647193484e-11,30.598236471934836
7253,0.0001416646216984879,0.00014166459056067442,3.113781345420488e-11,31.13781345420488
7254,0.0001416724347130471,0.00014167240305098876,3.166205832697799e-11,31.66205832697799
7255,0.00014168024769304052,0.00014168021554130308,3.215173742502944e-11,32.15173742502944
7256,0.0001416880606680802,0.0001416880280316174,3.26364628033548e-11,32.6364628033548
7257,0.00014169587368113032,0.0001416958405219317,3.3159198602229085e-11,33.15919860222908
7258,0.00014170368665876118,0.00014170365301224602,3.3646515142431525e-11,33.646515142431525
7259,0.00014171149958792402,0.00014171146550256034,3.40853636713455e-11,34.0853636713455
7260,0.00014171931259693082,0.00014171927799287465,3.460405615505793e-11,34.60405615505793
7261,0.0001417271255704438,0.00014172709048318897,3.508725481409411e-11,35.08725481409411
7262,0.00014173493848905881,0.00014173490297350328,3.551555551954273e-11,35.51555551954273
7263,0.00014174275145748528,0.0001417427154638176,3.5993667671191746e-11,35.993667671191744
7264,0.00014175056442106151,0.0001417505279541319,3.646692959021204e-11,36.46692959021204
7265,0.0001417583773548443,0.00014175834044444626,3.6910398040108245e-11,36.91039804010825
7266,0.0001417661902611283,0.00014176615293476054,3.732636773477843e-11,37.32636773477843
7267,0.00014177400322923147,0.00014177396542507488,3.780415657733961e-11,37.80415657733961
7268,0.00014178181615268434,0.0001417817779153892,3.8237295128407135e-11,38.23729512840713
7269,0.0001417896290557612,0.00014178959040570351,3.8650057671735944e-11,38.650057671735944
7270,0.0001417974419939152,0.00014179740289601783,3.909789735374107e-11,39.09789735374107
7271,0.00014180525491701884,0.00014180521538633214,3.9530686683288836e-11,39.530686683288835
7272,0.00014181306780586538,0.00014181302787664646,3.992921891047345e-11,39.929218910473445
7273,0.00014182088069694045,0.00014182084036696077,4.0329979661013494e-11,40.329979661013496
7274,0.0001418286936236958,0.0001418286528572751,4.076642069189841e-11,40.76642069189841
7275,0.00014183650652113875,0.0001418364653475894,4.1173549341268224e-11,41.17354934126822
7276,0.0001418443193700945,0.00014184427783790375,4.153219073476101e-11,41.53219073476101
7277,0.00014185213228725118,0.00014185209032821803,4.195903313407753e-11,41.95903313407753
7278,0.00014185994518056065,0.00014185990281853237,4.2362028262664745e-11,42.362028262664744
7279,0.0001418677580340669,0.0001418677153088467,4.2725220188200725e-11,42.72522018820072
7280,0.0001418755709022287,0.000141875527799161,4.3103067681078006e-11,43.10306768107801
7281,0.0001418833837953814,0.00014188334028947532,4.350590606113613e-11,43.50590606113613
7282,0.0001418911966615495,0.00014189115277978963,4.388175986884854e-11,43.88175986884854
7283,0.00014189900948191774,0.00014189896527010395,4.421181377839875e-11,44.21181377839875
7284,0.00014190682237015512,0.00014190677776041826,4.460973684659275e-11,44.609736846592746
7285,0.0001419146352370388,0.00014191459025073258,4.498630620063394e-11,44.98630620063394
7286,0.00014192244807425007,0.0001419224027410469,4.533320316382866e-11,45.33320316382866
7287,0.00014193026090411623,0.0001419302152313612,4.5672755009670494e-11,45.672755009670496
7288,0.00014193807377139428,0.00014193802772167552,4.604971874225193e-11,46.049718742251926
7289,0.00014194588661191822,0.00014194584021198986,4.6399928349659404e-11,46.399928349659405
7290,0.00014195369940647317,0.00014195365270230415,4.670416900468094e-11,46.704169004680935
7291,0.00014196151226857832,0.0001419614651926185,4.7075959818962063e-11,47.07595981896206
7292,0.0001419693251102143,0.0001419692776829328,4.742728149253786e-11,47.42728149253786
7293,0.00014197713791374618,0.00014197709017324712,4.7740499043391974e-11,47.74049904339197
7294,0.00014198495072661576,0.00014198490266356144,4.806305431256168e-11,48.063054312561675
7295,0.00014199276357159882,0.00014199271515387575,4.8417723053769205e-11,48.41772305376921
7296,0.00014200057637215298,0.00014200052764419007,4.87279628975667e-11,48.7279628975667
7297,0.0001420083764657592,0.00014200834013450438,3.6331254807171765e-11,36.33125480717177
7298,0.00014201617981219242,0.0001420161526248187,2.718737370674512e-11,27.18737370674512
7299,0.0001420239855416612,0.000142023965115133,2.0426528188334873e-11,20.426528188334874
7300,0.0001420317932018456,0.00014203177760544733,1.559639826708843e-11,15.59639826708843
7301,0.0001420396017330653,0.00014203959009576164,1.163730365894637e-11,11.637303658946369
7302,0.00014204741093646212,0.00014204740258607598,8.350386127173674e-12,8.350386127173673
7303,0.00014205522065264994,0.00014205521507639027,5.5762596582683545e-12,5.576259658268355
7304,0.00014206303080674745,0.00014206302756670461,3.240042826300691e-12,3.240042826300691
7305,0.00014207084131236014,0.00014207084005701893,1.2553411979966102e-12,1.2553411979966103
7306,0.0001420786521155194,0.00014207865254733324,-4.318138563392963e-13,-0.4318138563392963
7307,0.00014208646316571916,0.00014208646503764756,-1.8719284041342786e-12,-1.8719284041342785
7308,0.0001420942744305389,0.00014209427752796187,-3.0974229905864646e-12,-3.0974229905864648
7309,0.0001421020858894835,0.0001421020900182762,-4.1287926959381625e-12,-4.128792695938163
7310,0.0001421098975141955,0.0001421099025085905,-4.994395017746111e-12,-4.994395017746111
7311,0.0001421177092653857,0.00014211771499890482,-5.733519138811568e-12,-5.733519138811568
7312,0.00014212552120861883,0.00014212552748921913,-6.280600317998252e-12,-6.280600317998252
7313,0.00014213333327564101,0.00014213333997953347,-6.703892470195915e-12,-6.703892470195915
7314,0.00014214114543408394,0.00014214115246984776,-7.035763827847862e-12,-7.0357638278478625
7315,0.0001421489576844,0.0001421489649601621,-7.275762116017841e-12,-7.275762116017841
7316,0.00014215676999080457,0.00014215677745047642,-7.459671861089605e-12,-7.459671861089605
7317,0.00014216458246221322,0.00014216458994079073,-7.478577528052104e-12,-7.478577528052104
7318,0.00014217239497883702,0.00014217240243110505,-7.452268034189082e-12,-7.452268034189082
7319,0.000142180207536965,0.00014218021492141936,-7.384454386696523e-12,-7.384454386696523
7320,0.0001421880201394123,0.00014218802741173368,-7.2723214004234586e-12,-7.272321400423459
7321,0.00014219583286454552,0.000142195839902048,-7.037502481556714e-12,-7.037502481556714
7322,0.00014220364561397483,0.0001422036523923623,-6.778387486471362e-12,-6.778387486471362
7323,0.00014221145836953972,0.00014221146488267662,-6.5131369099767515e-12,-6.513136909976751
7324,0.00014221927120076997,0.00014221927737299094,-6.172220975171604e-12,-6.172220975171604
7325,0.00014222708408381373,0.00014222708986330525,-5.779491533539407e-12,-5.779491533539407
7326,0.00014223489697868556,0.0001422349023536196,-5.374934042516587e-12,-5.374934042516587
7327,0.00014224270986554753,0.00014224271484393388,-4.978386366093548e-12,-4.978386366093548
7328,0.0001422505228627489,0.00014225052733424822,-4.471499326156441e-12,-4.471499326156441
7329,0.0001422583358550248,0.00014225833982456254,-3.969537762478827e-12,-3.9695377624788275
7330,0.00014226614881852052,0.00014226615231487685,-3.4963563454698413e-12,-3.496356345469841
7331,0.00014227396186847484,0.00014227396480519117,-2.9367163375232256e-12,-2.9367163375232255
7332,0.00014228177492453366,0.00014228177729550548,-2.3709718376646475e-12,-2.3709718376646474
7333,0.0001422895879606715,0.0001422895897858198,-1.825148305892992e-12,-1.8251483058929923
7334,0.00014229740103034792,0.0001422974022761341,-1.2457861996429418e-12,-1.2457861996429418
7335,0.00014230521413784183,0.00014230521476644843,-6.286066066205651e-13,-0.6286066066205651
7336,0.00014231302722763882,0.00014231302725676274,-2.912393066363742e-14,-0.029123930663637422
7337,0.0001423208403014331,0.00014232083974707706,5.543560296476215e-13,0.5543560296476215
7338,0.00014232865345237372,0.00014232865223739137,1.2149823413319779e-12,1.2149823413319778
7339,0.00014233646657604428,0.00014233646472770571,1.84833855602849e-12,1.84833855602849
7340,0.00014234427965907902,0.00014234427721802,2.441059008825517e-12,2.441059008825517
7341,0.00014235209282795116,0.00014235208970833434,3.1196168047153396e-12,3.1196168047153394
7342,0.00014235990596713513,0.00014235990219864866,3.768486461722132e-12,3.7684864617221323
7343,0.0001423677190700339,0.00014236771468896297,4.381070907781918e-12,4.381070907781917
7344,0.00014237553224099903,0.0001423755271792773,5.061721728860669e-12,5.061721728860669
7345,0.00014238334539613782,0.0001423833396695916,5.726546206882161e-12,5.726546206882161
7346,0.00014239115850205836,0.00014239115215990592,6.342152432816881e-12,6.3421524328168815
7347,0.0001423989716640873,0.00014239896465022023,7.013867069854627e-12,7.013867069854627
7348,0.00014240678482205446,0.00014240677714053455,7.681519906083482e-12,7.681519906083482
7349,0.00014241459794130454,0.00014241458963084886,8.310455665892445e-12,8.310455665892444
7350,0.00014242241107940322,0.0001424224021211632,8.958240009419525e-12,8.958240009419525
7351,0.00014243022423914435,0.0001424302146114775,9.627666844348055e-12,9.627666844348054
7352,0.00014243803736661492,0.00014243802710179183,1.0264823079238911e-11,10.264823079238912
7353,0.00014244585047355892,0.00014244583959210615,1.0881452764919403e-11,10.881452764919404
7354,0.00014245366363613992,0.00014245365208242046,1.1553719450598324e-11,11.553719450598324
7355,0.00014246147676400922,0.00014246146457273478,1.2191274427943167e-11,12.191274427943167
7356,0.00014246928984376362,0.0001424692770630491,1.2780714518647122e-11,12.780714518647121
7357,0.0001424771030020298,0.0001424770895533634,1.3448666377835148e-11,13.448666377835147
7358,0.00014248491612341586,0.00014248490204367772,1.4079738124344125e-11,14.079738124344125
7359,0.0001424927292057599,0.00014249271453399204,1.4671767859042115e-11,14.671767859042115
7360,0.00014250054232405214,0.00014250052702430635,1.5299745780441796e-11,15.299745780441796
7361,0.0001425083554224711,0.00014250833951462067,1.590785041154509e-11,15.90785041154509
7362,0.0001425161684826424,0.00014251615200493498,1.6477707398664122e-11,16.477707398664123
7363,0.000142523981592333,0.00014252396449524932,1.7097083666603117e-11,17.097083666603115
7364,0.00014253179469458002,0.0001425317769855636,1.770901639873702e-11,17.70901639873702
7365,0.00014253960775992595,0.00014253958947587795,1.828404798466973e-11,18.28404798466973
7366,0.00014254742082553547,0.00014254740196619227,1.885934319436068e-11,18.85934319436068
7367,0.000142555233924961,0.00014255521445650658,1.9468454398760907e-11,19.468454398760908
7368,0.00014256304698860535,0.0001425630269468209,2.0041784437804117e-11,20.041784437804118
7369,0.00014257085999961854,0.0001425708394371352,2.0562483318951897e-11,20.562483318951898
7370,0.00014257867309760893,0.00014257865192744953,2.117015939204146e-11,21.170159392041462
7371,0.00014258648615290078,0.00014258646441776384,2.1735136927283223e-11,21.73513692728322
7372,0.0001425942991550656,0.00014259427690807816,2.2246987444765968e-11,22.246987444765967
7373,0.000142602112222874,0.00014260208939839247,2.2824481524882934e-11,22.824481524882934
7374,0.00014260992526703397,0.00014260990188870679,2.3378327176949027e-11,23.37832717694903
7375,0.00014261773826341957,0.0001426177143790211,2.3884398463171556e-11,23.884398463171557
7376,0.0001426255512931073,0.00014262552686933544,2.442377185937866e-11,24.42377185937866
7377,0.00014263336432809032,0.00014263333935964973,2.4968440580311347e-11,24.96844058031135
7378,0.00014264117733048378,0.00014264115184996407,2.548051970182216e-11,25.48051970182216
7379,0.00014264899030527883,0.0001426489643402784,2.5965000429927302e-11,25.9650004299273
7380,0.00014265680333840536,0.0001426567768305927,2.6507812644374987e-11,26.507812644374987
7381,0.00014266461633774652,0.00014266458932090702,2.7016839492824766e-11,27.016839492824765
7382,0.0001426724292830992,0.00014267240181122133,2.747187787067938e-11,27.47187787067938
7383,0.00014268024229767266,0.00014268021430153565,2.799613700071106e-11,27.99613700071106
7384,0.0001426880552896124,0.00014268802679184996,2.8497762434610147e-11,28.49776243461015
7385,0.00014269586823180405,0.00014269583928216428,2.894963976682077e-11,28.94963976682077
7386,0.00014270368120522273,0.0001427036517724786,2.9432744127372996e-11,29.432744127372995
7387,0.0001427114941866825,0.00014271146426279293,2.992388955465262e-11,29.92388955465262
7388,0.00014271930713968524,0.00014271927675310722,3.0386578008826185e-11,30.386578008826184
7389,0.00014272712005082035,0.00014272708924342156,3.0807398776381776e-11,30.807398776381778
7390,0.0001427349330395054,0.00014273490173373588,3.1305769516674226e-11,31.305769516674225
7391,0.0001427427459909251,0.0001427427142240502,3.176687490015069e-11,31.76687490015069
7392,0.000142750558882993,0.0001427505267143645,3.2168628481725135e-11,32.168628481725136
7393,0.00014275837183825766,0.00014275833920467882,3.263357882557599e-11,32.63357882557599
7394,0.00014276618477830313,0.00014276615169499314,3.308330997958618e-11,33.08330997958618
7395,0.0001427739976850535,0.00014277396418530745,3.349974604382086e-11,33.499746043820856
7396,0.00014278181058565272,0.00014278177667562177,3.391003094124005e-11,33.91003094124005
7397,0.0001427896235287762,0.00014278958916593608,3.436284011811287e-11,34.36284011811287
7398,0.00014279743644022598,0.0001427974016562504,3.4783975575349025e-11,34.783975575349025
7399,0.00014280524930207692,0.0001428052141465647,3.515551219843081e-11,35.15551219843081
7400,0.00014281306223323144,0.00014281302663687905,3.5596352379630587e-11,35.59635237963059
7401,0.00014282087513779382,0.00014282083912719334,3.601060046967108e-11,36.01060046967108
7402,0.0001428286880186312,0.00014282865161750768,3.640112350567216e-11,36.40112350567216
7403,0.0001428365008882324,0.000142836464107822,3.6780410385353635e-11,36.78041038535363
7404,0.0001428443137953054,0.0001428442765981363,3.719716908104979e-11,37.19716908104979
7405,0.00014285212667097924,0.00014285208908845063,3.758252860420441e-11,37.58252860420441
7406,0.00014285993951062615,0.00014285990157876494,3.793186120047456e-11,37.931861200474565
7407,0.00014286775241463534,0.00014286771406907926,3.834555607635655e-11,38.345556076356544
7408,0.00014287556528352083,0.00014287552655939357,3.872412724707891e-11,38.72412724707891
7409,0.00014288337813170141,0.00014288333904970789,3.908199351733353e-11,39.08199351733353
7410,0.00014289119097743604,0.0001428911515400222,3.9437413827487026e-11,39.43741382748703
7411,0.0001428990038636842,0.00014289896403033652,3.983334768285011e-11,39.83334768285011
7412,0.0001429068167068837,0.00014290677652065083,4.0186232857273794e-11,40.186232857273794
7413,0.00014291462951420162,0.00014291458901096517,4.050323644211423e-11,40.50323644211423
7414,0.0001429224423936925,0.00014292240150127946,4.0892413034542356e-11,40.89241303454236
7415,0.00014293025525096797,0.0001429302139915938,4.125937416182593e-11,41.259374161825924
7416,0.00014293806806926613,0.00014293802648190812,4.158735800416821e-11,41.58735800416821
7417,0.0001429458808866985,0.00014294583897222243,4.1914476056865655e-11,41.91447605686565
7418,0.00014295369374003737,0.00014295365146253675,4.227750060869126e-11,42.277500608691255
7419,0.00014296150656867694,0.00014296146395285106,4.2615825869510305e-11,42.6158258695103
7420,0.00014296931934929764,0.00014296927644316538,4.290613224979084e-11,42.906132249790836
7421,0.00014297713219788884,0.0001429770889334797,4.3264409134513236e-11,43.26440913451324
7422,0.0001429849450225879,0.000142984901423794,4.359879388964144e-11,43.59879388964144
7423,0.00014299275781449992,0.00014299271391410832,4.3900391585027105e-11,43.90039158502711
7424,0.000143000570598066,0.00014300052640442266,4.419364333603447e-11,44.19364333603447
7425,0.00014300837091486018,0.00014300833889473695,3.202012322307061e-11,32.02012322307061
7426,0.00014301617470793889,0.0001430161513850513,2.3322887583061153e-11,23.322887583061153
7427,0.00014302398072079056,0.0001430239638753656,1.6845424946698382e-11,16.845424946698383
7428,0.00014303178874912703,0.00014303177636567992,1.2383447094611878e-11,12.383447094611878
7429,0.0001430395976482872,0.00014303958885599424,8.79229294647074e-12,8.79229294647074
7430,0.00014304740718658617,0.00014304740134630855,5.840277605313066e-12,5.840277605313067
7431,0.0001430552172299449,0.00014305521383662287,3.3933220168560465e-12,3.3933220168560463
7432,0.00014306302767253592,0.00014306302632693718,1.345598724926412e-12,1.3455987249264119
7433,0.00014307083844174103,0.0001430708388172515,-3.755104785806033e-13,-0.3755104785806033
7434,0.00014307864948150768,0.0001430786513075658,-1.8260581412510877e-12,-1.8260581412510877
7435,0.0001430864608013459,0.00014308646379788013,-2.9965342379391933e-12,-2.9965342379391933
7436,0.00014309427234819437,0.00014309427628819444,-3.940000083752284e-12,-3.940000083752284
7437,0.00014310208405678477,0.00014310208877850878,-4.721724026057738e-12,-4.721724026057738
7438,0.00014310989592511073,0.00014310990126882307,-5.343712353870685e-12,-5.343712353870686
7439,0.00014311770792398514,0.0001431177137591374,-5.835152277565413e-12,-5.835152277565413
7440,0.00014312552002465064,0.00014312552624945173,-6.224801094249765e-12,-6.224801094249765
7441,0.00014313333232371318,0.00014313333873976604,-6.416052866698221e-12,-6.41605286669822
7442,0.00014314114469207614,0.00014314115123008036,-6.538004225214988e-12,-6.538004225214988
7443,0.00014314895713726092,0.00014314896372039467,-6.583133761173936e-12,-6.5831337611739364
7444,0.000143156769634111,0.00014315677621070899,-6.5765980007428136e-12,-6.5765980007428135
7445,0.00014316458227569653,0.0001431645887010233,-6.4253267797159556e-12,-6.425326779715956
7446,0.00014317239496493777,0.00014317240119133762,-6.226399858773312e-12,-6.226399858773312
7447,0.00014318020768573267,0.00014318021368165193,-5.995919266479551e-12,-5.995919266479551
7448,0.00014318802045867247,0.00014318802617196624,-5.71329378096472e-12,-5.71329378096472
7449,0.00014319583333297884,0.00014319583866228056,-5.329301734905203e-12,-5.3293017349052025
7450,0.00014320364622766652,0.0001432036511525949,-4.92492839562138e-12,-4.92492839562138
7451,0.00014321145911300613,0.0001432114636429092,-4.5299030745737815e-12,-4.529903074573782
7452,0.00014321927210603425,0.00014321927613322353,-4.027189291428897e-12,-4.027189291428898
7453,0.00014322708511330914,0.00014322708862353785,-3.5102287122667934e-12,-3.5102287122667932
7454,0.00014323489811364403,0.00014323490111385216,-3.0002081383158234e-12,-3.0002081383158234
7455,0.0001432427111603916,0.00014324271360416648,-2.443774875134768e-12,-2.443774875134768
7456,0.00014325052426789213,0.0001432505260944808,-1.826588668479139e-12,-1.8265886684791393
7457,0.00014325833735602495,0.0001432583385847951,-1.2287701615418138e-12,-1.2287701615418138
7458,0.00014326615043598208,0.00014326615107510942,-6.391273521366584e-13,-0.6391273521366584
7459,0.00014327396359895933,0.00014327396356542373,3.3535582331251834e-14,0.03353558233125183
7460,0.00014328177674349766,0.00014328177605573805,6.877595988719184e-13,0.6877595988719184
7461,0.0001432895898538706,0.0001432895885460524,1.3078182094481674e-12,1.3078182094481674
7462,0.00014329740306136778,0.00014329740103636668,2.0250010872035464e-12,2.025001087203546
7463,0.0001433052162443298,0.00014330521352668102,2.717648767951176e-12,2.717648767951176
7464,0.00014331302938340402,0.00014331302601699534,3.3664086765930586e-12,3.3664086765930588
7465,0.00014332084261180263,0.00014332083850730965,4.104492966459939e-12,4.104492966459939
7466,0.00014332865580674457,0.00014332865099762397,4.809120593322556e-12,4.809120593322556
7467,0.00014333646898193275,0.00014333646348793828,5.493994463178301e-12,5.493994463178301
7468,0.00014334428220517237,0.0001433442759782526,6.22691976674279e-12,6.22691976674279
7469,0.00014335209541480303,0.0001433520884685669,6.946236110428131e-12,6.946236110428131
7470,0.0001433599086004285,0.00014335990095888122,7.641547269337743e-12,7.641547269337743
7471,0.00014336772181126986,0.00014336771344919554,8.362074314484045e-12,8.362074314484046
7472,0.00014337553503565787,0.00014337552593950985,9.09614800498963e-12,9.09614800498963
7473,0.00014338334821609606,0.00014338333842982417,9.786271879920148e-12,9.786271879920148
7474,0.00014339116141395814,0.0001433911509201385,1.0493819615598974e-11,10.493819615598975
7475,0.0001433989746347709,0.0001433989634104528,1.122431809523068e-11,11.224318095230679
7476,0.00014340678782005022,0.00014340677590076714,1.1919283068386617e-11,11.919283068386617
7477,0.00014341460099881955,0.00014341458839108146,1.2607738085123136e-11,12.607738085123136
7478,0.000143422414211201,0.00014342240088139577,1.33298052123504e-11,13.329805212350399
7479,0.00014343022738972223,0.00014343021337171009,1.40180121365248e-11,14.0180121365248
7480,0.00014343804055014036,0.0001434380258620244,1.468811594728983e-11,14.688115947289829
7481,0.00014344585376193674,0.00014344583835233871,1.5409598011919765e-11,15.409598011919766
7482,0.00014345366693471246,0.00014345365084265303,1.6092059423521513e-11,16.092059423521512
7483,0.0001434614800627917,0.00014346146333296734,1.6729824356617058e-11,16.72982435661706
7484,0.00014346929327048002,0.00014346927582328166,1.744719835211039e-11,17.44719835211039
7485,0.00014347710643416843,0.00014347708831359597,1.812057244188829e-11,18.12057244188829
7486,0.00014348491954371505,0.0001434849008039103,1.8739804754883833e-11,18.73980475488383
7487,0.000143492732728592,0.00014349271329422463,1.9434367353508506e-11,19.434367353508506
7488,0.00014350054587457695,0.00014350052578453892,2.009003802100792e-11,20.09003802100792
7489,0.000143508358964331,0.00014350833827485326,2.0689477735453763e-11,20.689477735453764
7490,0.00014351617210727158,0.00014351615076516758,2.1342103990357892e-11,21.34210399035789
7491,0.0001435239852459553,0.0001435239632554819,2.19904733964823e-11,21.9904733964823
7492,0.00014353179833266025,0.0001435317757457962,2.2586864036263516e-11,22.586864036263517
7493,0.00014353961145621976,0.00014353958823611052,2.3220109228657566e-11,23.220109228657567
7494,0.00014354742458232636,0.00014354740072642483,2.385590151011038e-11,23.85590151011038
7495,0.00014355523766667412,0.00014355521321673915,2.4449934958843343e-11,24.449934958843343
7496,0.00014356305074573442,0.00014356302570705346,2.5038680943316472e-11,25.03868094331647
7497,0.0001435708638658592,0.00014357083819736778,2.5668491410333142e-11,25.668491410333143
7498,0.00014357867693643513,0.00014357865068768212,2.624875299781054e-11,26.24875299781054
7499,0.00014358648996701744,0.0001435864631779964,2.6789021023440272e-11,26.78902102344027
7500,0.0001435943030778551,0.00014359427566831075,2.7409544350172702e-11,27.409544350172702
7501,0.00014360211614737378,0.00014360208815862504,2.798874873211171e-11,27.98874873211171
7502,0.00014360992915936485,0.00014360990064893938,2.8510425455198855e-11,28.510425455198856
7503,0.00014361774223931538,0.0001436177131392537,2.9100061678075812e-11,29.10006167807581
7504,0.00014362555529559188,0.000143625525629568,2.966602385862557e-11,29.66602385862557
7505,0.00014363336829891467,0.00014363333811988232,3.0179032331133585e-11,30.179032331133584
7506,0.0001436411813399166,0.00014364115061019664,3.0729719946216717e-11,30.729719946216715
7507,0.000143648994382495,0.00014364896310051095,3.128198404546875e-11,31.28198404546875
7508,0.00014365680739095488,0.00014365677559082527,3.180012960339527e-11,31.800129603395273
7509,0.00014366462037626547,0.00014366458808113958,3.229512587284608e-11,32.29512587284608
7510,0.00014367243341546944,0.0001436724005714539,3.2844015528361523e-11,32.844015528361524
7511,0.00014368024642035765,0.00014368021306176824,3.3358589399071226e-11,33.35858939907123
7512,0.00014368805937151283,0.00014368802555208253,3.381943029142771e-11,33.81943029142771
7513,0.00014369587239318818,0.00014369583804239687,3.4350791298054876e-11,34.35079129805487
7514,0.00014370368539001806,0.00014370365053271118,3.4857306863222635e-11,34.85730686322263
7515,0.00014371149833496805,0.0001437114630230255,3.531194254128533e-11,35.31194254128533
7516,0.00014371931131676596,0.00014371927551333981,3.580342613122256e-11,35.80342613122256
7517,0.00014372712430193372,0.00014372708800365413,3.6298279584142194e-11,36.29827958414219
7518,0.00014373493725327777,0.00014373490049396844,3.675930931741207e-11,36.75930931741207
7519,0.00014374275017651675,0.00014374271298428276,3.719223398249602e-11,37.19223398249602
7520,0.0001437505631648141,0.00014375052547459707,3.769021701209159e-11,37.69021701209159
7521,0.0001437583761173704,0.0001437583379649114,3.815245899181052e-11,38.15245899181052
7522,0.0001437661890157248,0.0001437661504552257,3.8560499075736635e-11,38.56049907573664
7523,0.00014377400197752475,0.00014377396294554002,3.903198471923269e-11,39.03198471923269
7524,0.0001437818149210195,0.00014378177543585436,3.948516512692937e-11,39.48516512692937
7525,0.00014378962782646339,0.00014378958792616865,3.9900294727546205e-11,39.9002947275462
7526,0.00014379744073513264,0.000143797400416483,4.03186496398908e-11,40.3186496398908
7527,0.0001438052536772846,0.0001438052129067973,4.0770487290301914e-11,40.770487290301915
7528,0.00014381306658996815,0.00014381302539711162,4.119285651540025e-11,41.19285651540025
7529,0.000143820879442554,0.00014382083788742593,4.1555128061712005e-11,41.555128061712004
7530,0.00014382869238709217,0.00014382865037774025,4.2009351905579485e-11,42.009351905579486
7531,0.00014383650529705146,0.00014383646286805456,4.242899688298407e-11,42.428996882984066
7532,0.0001438443181606396,0.00014384427535836888,4.280227072320683e-11,42.80227072320683
7533,0.0001438521310508454,0.0001438520878486832,4.320216218755003e-11,43.20216218755003
7534,0.00014385994395381407,0.0001438599003389975,4.361481655460708e-11,43.61481655460708
7535,0.00014386775683825778,0.00014386771282931182,4.4008945945189446e-11,44.008945945189446
7536,0.00014387556967440432,0.00014387552531962614,4.4354778167640675e-11,44.354778167640674
7537,0.0001438833825817946,0.00014388333780994048,4.47718541008925e-11,44.7718541008925
7538,0.0001438911954543908,0.00014389115030025477,4.5154136034865356e-11,45.15413603486535
7539,0.00014389900828626223,0.0001438989627905691,4.54956931126252e-11,45.495693112625204
7540,0.00014390682114324586,0.00014390677528088342,4.586236242689405e-11,45.86236242689405
7541,0.0001439146340249422,0.00014391458777119774,4.6253744449171336e-11,46.253744449171336
7542,0.00014392244687472233,0.00014392240026151205,4.661321026999608e-11,46.61321026999608
7543,0.00014393025968236409,0.00014393021275182637,4.693053770602544e-11,46.93053770602544
7544,0.0001439380725605207,0.00014393802524214068,4.731837999794494e-11,47.31837999794494
7545,0.00014394588541168695,0.000143945837732455,4.7679231944142154e-11,47.67923194414215
7546,0.00014395369823127027,0.0001439536502227693,4.800850094552959e-11,48.00850094552959
7547,0.0001439615110542441,0.00014396146271308363,4.834116046395083e-11,48.34116046395083
7548,0.00014396932390566057,0.00014396927520339797,4.870226258979934e-11,48.70226258979934
7549,0.00014397713672925438,0.00014397708769371226,4.9035542109232914e-11,49.035542109232914
7550,0.0001439849495131389,0.0001439849001840266,4.9329112290418335e-11,49.32911229041834
7551,0.00014399276236539424,0.00014399271267434091,4.969105331769781e-11,49.69105331769781
7552,0.00014400057518158514,0.00014400052516465523,5.001692990469765e-11,50.01692990469765
7553,0.0001440083753427381,0.00014400833765496954,3.7687768558325464e-11,37.687768558325466
7554,0.00014401617883606023,0.00014401615014528386,2.8690776360849544e-11,28.690776360849544
7555,0.00014402398468649292,0.00014402396263559817,2.205089473672242e-11,22.05089473672242
7556,0.00014403179246956854,0.0001440317751259125,1.7343656041751016e-11,17.343656041751018
7557,0.00014403960111193786,0.0001440395876162268,1.3495711048511575e-11,13.495711048511575
7558,0.00014404741043017152,0.00014404740010654112,1.0323630394809905e-11,10.323630394809905
7559,0.0001440552202556204,0.00014405521259685543,7.658764969042953e-12,7.658764969042953
7560,0.00014406303051757772,0.00014406302508716975,5.430407957325937e-12,5.4304079573259365
7561,0.00014407084112778854,0.0001440708375774841,3.5503044354567977e-12,3.550304435456798
7562,0.0001440786520276682,0.00014407865006779838,1.9598698100958247e-12,1.9598698100958247
7563,0.00014408646317210993,0.00014408646255811272,6.139972051094741e-13,0.6139972051094741
7564,0.00014409427452857052,0.00014409427504842703,-5.19856520861036e-13,-0.519856520861036
7565,0.00014410208607401322,0.00014410208753874135,-1.4647281432109714e-12,-1.4647281432109713
7566,0.00014410989777802075,0.00014410990002905566,-2.2510349267843586e-12,-2.251034926784359
7567,0.00014411770960214403,0.00014411771251936998,-2.9172259603291054e-12,-2.9172259603291053
7568,0.00014412552164067344,0.0001441255250096843,-3.3690108643045245e-12,-3.3690108643045247
7569,0.00014413333377384877,0.0001441333374999986,-3.726149851741844e-12,-3.7261498517418437
7570,0.00014414114600584218,0.00014414114999031292,-3.984470750051013e-12,-3.9844707500510133
7571,0.00014414895830493573,0.00014414896248062724,-4.175691514317336e-12,-4.175691514317336
7572,0.00014415677071421494,0.00014415677497094155,-4.256726627832596e-12,-4.256726627832596
7573,0.00014416458323144096,0.00014416458746125587,-4.229814913872867e-12,-4.2298149138728665
7574,0.0001441723958041755,0.0001441723999515702,-4.147394732082257e-12,-4.147394732082256
7575,0.00014418020840114735,0.0001441802124418845,-4.0407371565156245e-12,-4.0407371565156245
7576,0.00014418802109995006,0.00014418802493219884,-3.832248792139103e-12,-3.8322487921391026
7577,0.0001441958338640785,0.00014419583742251315,-3.5584346718901697e-12,-3.55843467189017
7578,0.00014420364665523178,0.00014420364991282747,-3.2575957011848087e-12,-3.2575957011848087
7579,0.0001442114594514638,0.00014421146240314178,-2.951678002242874e-12,-2.9516780022428737
7580,0.00014421927236042667,0.0001442192748934561,-2.5330294337398577e-12,-2.533029433739858
7581,0.00014422708528531264,0.0001442270873837704,-2.098457784240742e-12,-2.098457784240742
7582,0.0001442348982003395,0.00014423489987408473,-1.67374524588196e-12,-1.67374524588196
7583,0.00014424271117690656,0.00014424271236439904,-1.1874924977461086e-12,-1.1874924977461085
7584,0.00014425052419495134,0.00014425052485471336,-6.597620234086741e-13,-0.6597620234086741
7585,0.00014425833721113862,0.0001442583373450277,-1.3388908554830473e-13,-0.13388908554830473
7586,0.00014426615022053357,0.000144266149835342,3.8519156964693176e-13,0.38519156964693174
7587,0.00014427396332129328,0.00014427396232565633,9.956369390305122e-13,0.9956369390305122
7588,0.00014428177640518362,0.00014428177481597064,1.5892129628669018e-12,1.5892129628669018
7589,0.00014428958945505028,0.00014428958730628496,2.148765313067872e-12,2.148765313067872
7590,0.0001442974025956624,0.00014429739979659927,2.799063108281317e-12,2.7990631082813167
7591,0.00014430521572562124,0.0001443052122869136,3.4387076413681363e-12,3.4387076413681363
7592,0.0001443130288125507,0.0001443130247772279,4.03532279231422e-12,4.03532279231422
7593,0.0001443208419739887,0.00014432083726754222,4.706446484957853e-12,4.706446484957852
7594,0.00014432865513254128,0.00014432864975785653,5.374684736149741e-12,5.3746847361497405
7595,0.00014433646825151372,0.00014433646224817085,6.0033428588873846e-12,6.003342858887384
7596,0.000144344281415584,0.00014434427473848516,6.677098831775486e-12,6.677098831775486
7597,0.0001443520945901811,0.00014435208722879948,7.361381621711847e-12,7.361381621711847
7598,0.00014435990773585623,0.00014435989971911382,8.01674239712531e-12,8.01674239712531
7599,0.00014436772088895612,0.0001443677122094281,8.679528005856389e-12,8.679528005856389
7600,0.00014437553407833958,0.00014437552469974245,9.378597117916052e-12,9.378597117916053
7601,0.00014438334723797046,0.00014438333719005676,1.004791368948364e-11,10.047913689483641
7602,0.00014439116037313893,0.00014439114968037108,1.0692767841114307e-11,10.692767841114307
7603,0.00014439897357329296,0.0001443989621706854,1.1402607553080713e-11,11.402607553080713
7604,0.00014440678673753298,0.0001444067746609997,1.2076533257818917e-11,12.076533257818918
7605,0.00014441459985439724,0.00014441458715131402,1.2703083203642272e-11,12.703083203642272
7606,0.00014442241305414092,0.00014442239964162834,1.3412512572191446e-11,13.412512572191446
7607,0.00014443022621494204,0.00014443021213194265,1.4082999377373907e-11,14.082999377373907
7608,0.0001444380393276983,0.00014443802462225697,1.4705441335375822e-11,14.705441335375822
7609,0.0001444458525114736,0.00014444583711257128,1.5398902303278087e-11,15.398902303278087
7610,0.0001444536656715513,0.0001444536496028856,1.606866570166601e-11,16.06866570166601
7611,0.00014446147877314588,0.00014446146209319994,1.667994593382746e-11,16.679945933827458
7612,0.00014446929193535774,0.00014446927458351423,1.7351843502876758e-11,17.351843502876758
7613,0.0001444771050830518,0.00014447708707382857,1.8009223225365715e-11,18.009223225365716
7614,0.00014448491818527427,0.00014448489956414288,1.862113137321536e-11,18.62113137321536
7615,0.00014449273131722048,0.0001444927120544572,1.9262763275989398e-11,19.2627632759894
7616,0.00014450054445223754,0.0001445005245447715,1.9907466018786677e-11,19.90746601878668
7617,0.00014450835753694632,0.00014450833703508583,2.0501860479738022e-11,20.50186047973802
7618,0.00014451617062457122,0.00014451614952540014,2.1099171065062592e-11,21.099171065062592
7619,0.00014452398375927088,0.00014452396201571446,2.1743556407673876e-11,21.743556407673875
7620,0.00014453179685750228,0.00014453177450602877,2.2351473498906383e-11,22.351473498906383
7621,0.0001445396099083839,0.00014453958699634309,2.291204079786607e-11,22.912040797866073
7622,0.00014454742303833502,0.00014454739948665743,2.3551677578907358e-11,23.55167757890736
7623,0.00014455523612904572,0.00014455521197697172,2.4152073993350202e-11,24.1520739933502
7624,0.0001445630491633323,0.00014456302446728606,2.4696046222807284e-11,24.696046222807283
7625,0.00014457086226796344,0.00014457083695760037,2.5310363061308375e-11,25.310363061308376
7626,0.00014457867534092904,0.0001445786494479147,2.589301433879415e-11,25.89301433879415
7627,0.0001445864883662467,0.000144586461938229,2.6428017695514725e-11,26.428017695514725
7628,0.00014459430143171388,0.00014459427442854332,2.7003170549460426e-11,27.003170549460428
7629,0.00014460211449560402,0.00014460208691885763,2.757674637713614e-11,27.57674637713614
7630,0.00014460992752710525,0.00014460989940917195,2.8117933291212106e-11,28.117933291212104
7631,0.00014461774054224267,0.00014461771189948626,2.8642756396108857e-11,28.642756396108858
7632,0.0001446255536041159,0.00014462552438980058,2.921431530958815e-11,29.214315309588148
7633,0.00014463336662997705,0.0001446333368801149,2.974986214975274e-11,29.749862149752737
7634,0.00014464117960569177,0.0001446411493704292,3.023526255235069e-11,30.23526255235069
7635,0.00014464899265504235,0.00014464896186074355,3.07942987952125e-11,30.7942987952125
7636,0.0001446568056745342,0.00014465677435105784,3.1323476354189554e-11,31.323476354189552
7637,0.00014466461863601237,0.00014466458684137218,3.179464017937576e-11,31.79464017937576
7638,0.00014467243165486982,0.0001446723993316865,3.232318331745158e-11,32.32318331745158
7639,0.00014468024466410224,0.0001446802118220008,3.284210142363611e-11,32.84210142363611
7640,0.00014468805764305734,0.00014468802431231512,3.333074220837202e-11,33.33074220837202
7641,0.00014469587058739007,0.00014469583680262944,3.378476062303287e-11,33.784760623032874
7642,0.00014470368360806478,0.00014470364929294375,3.431512101947505e-11,34.31512101947505
7643,0.00014471149657014186,0.00014471146178325807,3.478688378504639e-11,34.78688378504639
7644,0.00014471930949242398,0.00014471927427357238,3.521885158750301e-11,35.21885158750301
7645,0.00014472712248403893,0.0001447270867638867,3.572015222153628e-11,35.72015222153628
7646,0.00014473493545059,0.000144734899254201,3.619638897447744e-11,36.196388974477436
7647,0.0001447427483656424,0.00014474271174451533,3.6621127072902435e-11,36.62112707290243
7648,0.00014475056132025015,0.00014475052423482967,3.708542047155193e-11,37.08542047155193
7649,0.00014475837427507137,0.00014475833672514396,3.754992740381929e-11,37.54992740381929
7650,0.00014476618720283532,0.0001447661492154583,3.798737701377516e-11,37.98737701377516
7651,0.0001447740000930973,0.0001447739617057726,3.8387324666895954e-11,38.38732466689596
7652,0.00014478181305621754,0.00014478177419608693,3.8860130597587553e-11,38.860130597587556
7653,0.00014478962598350864,0.00014478958668640124,3.9297107386976e-11,39.297107386976
7654,0.00014479743885712282,0.00014479739917671556,3.968040725126355e-11,39.68040725126355
7655,0.0001448052517914866,0.00014480521166702987,4.012445672510399e-11,40.12445672510399
7656,0.00014481306470949862,0.00014481302415734419,4.055215442440933e-11,40.55215442440933
7657,0.00014482087759017318,0.0001448208366476585,4.0942514667454214e-11,40.94251466745421
7658,0.00014482869046744567,0.00014482864913797282,4.132947284671216e-11,41.329472846712164
7659,0.00014483650339089832,0.00014483646162828716,4.17626111538342e-11,41.7626111538342
7660,0.00014484431628334677,0.00014484427411860145,4.216474531747624e-11,42.16474531747624
7661,0.0001448521291243855,0.0001448520866089158,4.251546970407521e-11,42.515469704075215
7662,0.00014485994203030945,0.0001448598990992301,4.2931079335203915e-11,42.93107933520392
7663,0.000144867754917693,0.00014486771158954442,4.332814856708203e-11,43.32814856708203
7664,0.00014487556776852548,0.00014487552407985873,4.368866674164044e-11,43.68866674164044
7665,0.0001448833806193404,0.00014488333657017305,4.404916735212366e-11,44.04916735212366
7666,0.00014489119351114883,0.00014489114906048736,4.445066145701318e-11,44.450661457013176
7667,0.00014489900637389347,0.00014489896155080168,4.4823091787945744e-11,44.82309178794574
7668,0.0001449068191876162,0.000144906774041116,4.514650018869992e-11,45.14650018869992
7669,0.00014491463206840115,0.0001449145865314303,4.5536970830631016e-11,45.53697083063101
7670,0.0001449224449278673,0.00014492239902174462,4.590612266971926e-11,45.90612266971926
7671,0.0001449302577537251,0.00014493021151205894,4.6241666165919305e-11,46.241666165919305
7672,0.00014493807057699523,0.00014493802400237328,4.657462194258417e-11,46.57462194258417
7673,0.00014494588344447253,0.00014494583649268756,4.695178495152491e-11,46.95178495152491
7674,0.0001449536962823427,0.0001449536489830019,4.7299340784379846e-11,47.299340784379844
7675,0.00014496150907083045,0.00014496146147331622,4.75975142169391e-11,47.597514216939096
7676,0.00014496932192429855,0.00014496927396363054,4.796066800566366e-11,47.96066800566366
7677,0.00014497713476027945,0.00014497708645394485,4.830633458912799e-11,48.306334589127985
7678,0.0001449849475670279,0.00014498489894425917,4.862276872388238e-11,48.62276872388238
7679,0.00014499276035924685,0.00014499271143457348,4.8924673356903076e-11,48.92467335690308
7680,0.00014500057319704473,0.0001450005239248878,4.927215692768322e-11,49.27215692768322
7681,0.00014500837350257063,0.0001450083364152021,3.708736851180534e-11,37.087368511805344
7682,0.00014501617726144885,0.00014501614890551643,2.835593241899624e-11,28.35593241899624
7683,0.00014502398331591877,0.00014502396139583074,2.1920088021436605e-11,21.920088021436605
7684,0.0001450317913128035,0.00014503177388614506,1.742665844010825e-11,17.426658440108252
7685,0.0001450396001654375,0.0001450395863764594,1.3788978086769569e-11,13.78897808676957
7686,0.00014504740970195724,0.00014504739886677368,1.0835183542741792e-11,10.835183542741792
7687,0.00014505521974018807,0.00014505521135708803,8.383100030374622e-12,8.383100030374623
7688,0.00014506303018781757,0.00014506302384740234,6.340415215675908e-12,6.3404152156759075
7689,0.00014507084099305478,0.00014507083633771666,4.6553381161187326e-12,4.655338116118733
7690,0.0001450786520779686,0.00014507864882803097,3.2499376076925e-12,3.2499376076925
7691,0.00014508646339334247,0.00014508646131834529,2.0749971730339136e-12,2.0749971730339136
7692,0.00014509427491534913,0.0001450942738086596,1.1066895178386945e-12,1.1066895178386944
7693,0.00014510208661893667,0.00014510208629897392,3.1996274144874067e-13,0.31996274144874065
7694,0.00014510989846511593,0.00014510989878928823,-3.2417231309102493e-13,-0.32417231309102496
7695,0.00014511771045895206,0.00014511771127960255,-8.206504971762389e-13,-0.8206504971762388
7696,0.00014512552263778504,0.0001451255237699169,-1.132131860881446e-12,-1.1321318608814461
7697,0.00014513333489906452,0.00014513333626023117,-1.3611666695781975e-12,-1.3611666695781974
7698,0.00014514114725370413,0.00014514114875054552,-1.4968413984083626e-12,-1.4968413984083626
7699,0.0001451489596609732,0.00014514896124085983,-1.579886649856465e-12,-1.579886649856465
7700,0.00014515677223998473,0.00014515677373117415,-1.4911894253781414e-12,-1.4911894253781415
7701,0.00014516458486094947,0.00014516458622148846,-1.3605389978354913e-12,-1.3605389978354914
7702,0.00014517239752715963,0.00014517239871180278,-1.184643160226708e-12,-1.184643160226708
7703,0.00014518021021810634,0.0001451802112021171,-9.840107621616904e-13,-0.9840107621616904
7704,0.00014518802307746052,0.0001451880236924314,-6.149708940528124e-13,-0.6149708940528124
7705,0.00014519583592144554,0.00014519583618274572,-2.6130018805011127e-13,-0.2613001880501113
7706,0.0001452036487710998,0.00014520364867306004,9.803975690240793e-14,0.09803975690240793
7707,0.00014521146172340586,0.00014521146116337435,5.600315027599314e-13,0.5600315027599314
7708,0.00014521927470302937,0.00014521927365368866,1.0493406981351823e-12,1.0493406981351823
7709,0.00014522708768539543,0.000145227086144003,1.5413924100107897e-12,1.5413924100107896
7710,0.0001452349006966944,0.0001452348986343173,2.0623770868512366e-12,2.0623770868512366
7711,0.0001452427137787036,0.00014524271112463164,2.6540719657082553e-12,2.654071965708255
7712,0.0001452505268536507,0.00014525052361494595,3.2387047310844637e-12,3.238704731084464
7713,0.00014525833991201964,0.00014525833610526027,3.806759367617011e-12,3.806759367617011
7714,0.00014526615306307948,0.00014526614859557458,4.467504887330232e-12,4.467504887330232
7715,0.0001452739662014477,0.0001452739610858889,5.115558790622447e-12,5.115558790622447
7716,0.00014528177930354436,0.0001452817735762032,5.7273411439150275e-12,5.7273411439150275
7717,0.00014528959249221542,0.00014528958606651753,6.42569788093726e-12,6.42569788093726
7718,0.0001452974056737229,0.00014529739855683184,7.116891050260391e-12,7.116891050260391
7719,0.00014530521880959374,0.00014530521104714615,7.762447575163448e-12,7.762447575163448
7720,0.00014531303202100534,0.00014531302353746047,8.483544856442369e-12,8.48354485644237
7721,0.0001453208452271941,0.00014532083602777478,9.199419291910938e-12,9.199419291910939
7722,0.00014532865838917357,0.00014532864851808913,9.87108443511951e-12,9.87108443511951
7723,0.00014533647160551476,0.00014533646100840341,1.0597111339731234e-11,10.597111339731233
7724,0.00014534428482487869,0.00014534427349871776,1.1326160918684684e-11,11.326160918684684
7725,0.00014535209800867598,0.00014535208598903207,1.201964389589105e-11,12.01964389589105
7726,0.00014535991121738157,0.00014535989847934639,1.2738035171177773e-11,12.738035171177772
7727,0.000145367724448069,0.0001453677109696607,1.3478408293145933e-11,13.478408293145934
7728,0.00014537553763899465,0.00014537552345997502,1.4179019628585849e-11,14.179019628585849
7729,0.0001453833508348615,0.00014538333595028933,1.488457216121676e-11,14.88457216121676
7730,0.0001453911640709228,0.00014539114844060364,1.5630319131252844e-11,15.630319131252843
7731,0.0001453989772658887,0.00014539896093091796,1.6334970718983472e-11,16.334970718983474
7732,0.00014540679043294126,0.00014540677342123227,1.7011708979682375e-11,17.011708979682375
7733,0.00014541460366535543,0.00014541458591154662,1.7753808802030436e-11,17.753808802030434
7734,0.00014542241685883668,0.0001454223984018609,1.8456975764621226e-11,18.456975764621227
7735,0.0001454302300046115,0.00014543021089217525,1.911243623242445e-11,19.11243623242445
7736,0.0001454380432389542,0.00014543802338248953,1.985646466070198e-11,19.85646466070198
7737,0.00014544585642297135,0.00014544583587280388,2.055016745989882e-11,20.55016745989882
7738,0.0001454536695563775,0.0001454536483631182,2.119325929510822e-11,21.19325929510822
7739,0.00014546148276545163,0.0001454614608534325,2.1912019117818424e-11,21.912019117818424
7740,0.0001454692959442062,0.00014546927334374682,2.2600459362300344e-11,22.600459362300345
7741,0.00014547710906375564,0.00014547708583406113,2.3229694497434184e-11,23.229694497434185
7742,0.0001454849222500355,0.00014548489832437545,2.3925660026565e-11,23.925660026564998
7743,0.00014549273541474938,0.00014549271081468976,2.4600059608967743e-11,24.600059608967744
7744,0.00014550054852374057,0.00014550052330500408,2.5218736485190322e-11,25.218736485190323
7745,0.00014550836165654123,0.0001455083357953184,2.5861222820591443e-11,25.861222820591443
7746,0.000145516174818293,0.00014551614828563274,2.653266025423874e-11,26.53266025423874
7747,0.00014552398791461076,0.00014552396077594702,2.713866372863681e-11,27.13866372863681
7748,0.0001455318010324125,0.00014553177326626137,2.7766151129868603e-11,27.766151129868604
7749,0.00014553961417601035,0.00014553958575657568,2.8419434655234747e-11,28.419434655234745
7750,0.00014554742728265625,0.00014554739824689,2.9035766239527914e-11,29.035766239527913
7751,0.00014555524034135948,0.0001455552107372043,2.960415516269529e-11,29.604155162695292
7752,0.0001455630534776279,0.00014556302322751862,3.0250109264535e-11,30.250109264535
7753,0.0001455708665713186,0.00014557083571783294,3.085348566285903e-11,30.85348566285903
7754,0.00014557867961152861,0.00014557864820814725,3.140338134957032e-11,31.403381349570324
7755,0.00014558649272457272,0.00014558646069846157,3.202611113614398e-11,32.02611113614398
7756,0.0001455943058071835,0.00014559427318877588,3.2618407611681455e-11,32.618407611681455
7757,0.00014560211883052479,0.0001456020856790902,3.315143457626181e-11,33.151434576261806
7758,0.00014560993191488372,0.00014560989816940451,3.3745479192277145e-11,33.745479192277145
7759,0.0001456177449820703,0.00014561771065971886,3.432235142823808e-11,34.322351428238086
7760,0.00014562555801246748,0.00014562552315003314,3.486243432634686e-11,34.862434326346865
7761,0.00014563337102912183,0.00014563333564034749,3.538877433850314e-11,35.38877433850314
7762,0.0001456411840935831,0.0001456411481306618,3.596292129677826e-11,35.96292129677826
7763,0.0001456489971152722,0.00014564896062097611,3.649429607277302e-11,36.49429607277302
7764,0.00014565681009316668,0.00014565677311129043,3.69818762367337e-11,36.9818762367337
7765,0.00014566462316116548,0.00014566458560160474,3.7559560729857206e-11,37.5595607298572
7766,0.00014567243616569168,0.00014567239809191906,3.807377261256657e-11,38.07377261256657
7767,0.00014568024914116877,0.00014568021058223337,3.855893538515337e-11,38.55893538515337
7768,0.00014568806216577117,0.0001456880230725477,3.90932234665957e-11,39.0932234665957
7769,0.00014569587516308894,0.000145695835562862,3.960022692274108e-11,39.60022692274108
7770,0.00014570368812259825,0.00014570364805317632,4.0069421918097215e-11,40.06942191809721
7771,0.00014571150110496685,0.00014571146054349063,4.056147620495298e-11,40.56147620495298
7772,0.0001457193141003059,0.00014571927303380498,4.106650091081841e-11,41.06650091081841
7773,0.00014572712706640526,0.00014572708552411926,4.154228598513451e-11,41.54228598513451
7774,0.0001457349399885282,0.0001457348980144336,4.19740945725021e-11,41.9740945725021
7775,0.0001457427530004991,0.00014574271050474792,4.249575115653389e-11,42.49575115653389
7776,0.0001457505659553227,0.00014575052299506223,4.296026044694098e-11,42.960260446940985
7777,0.00014575837887896662,0.00014575833548537655,4.339359006153635e-11,43.39359006153635
7778,0.00014576619182828823,0.00014576614797569086,4.385259735117873e-11,43.85259735117873
7779,0.00014577400478032958,0.00014577396046600518,4.431432438907584e-11,44.31432438907584
7780,0.00014578181769929073,0.0001457817729563195,4.474297122606803e-11,44.74297122606803
7781,0.00014578963060769192,0.0001457895854466338,4.5161058096530535e-11,45.16105809653054
7782,0.00014579744355970638,0.00014579739793694812,4.562275824621377e-11,45.62275824621377
7783,0.00014580525648200528,0.00014580521042726247,4.6054742799593954e-11,46.05474279959395
7784,0.00014581306935282316,0.00014581302291757675,4.6435246398058445e-11,46.435246398058446
7785,0.00014582088229409259,0.0001458208354078911,4.68862014807961e-11,46.886201480796096
7786,0.00014582869521086636,0.0001458286478982054,4.73126609399053e-11,47.3126609399053
7787,0.00014583650808244804,0.00014583646038851972,4.7693928304590195e-11,47.693928304590195
7788,0.0001458443209767598,0.00014584427287883404,4.809792575098082e-11,48.097925750980814
7789,0.0001458521338903218,0.00014585208536914835,4.8521173423784354e-11,48.521173423784354
7790,0.0001458599467764021,0.00014585989785946267,4.8916939417546086e-11,48.91693941754608
7791,0.00014586775961736133,0.00014586771034977698,4.9267584332125814e-11,49.267584332125814
7792,0.0001458755725295666,0.0001458755228400913,4.968947528854081e-11,49.68947528854081
7793,0.0001458833854161805,0.0001458833353304056,5.008577487240173e-11,50.08577487240173
7794,0.00014589119825533862,0.00014589114782071993,5.043461868322747e-11,50.43461868322747
7795,0.00014589901112668747,0.00014589896031103424,5.081565321549583e-11,50.81565321549583
7796,0.00014590682400947974,0.00014590677280134858,5.1208131149329065e-11,51.20813114932906
7797,0.00014591463686601305,0.00014591458529166287,5.1574350167330624e-11,51.57435016733062
7798,0.00014592244967613554,0.00014592239778197721,5.189415831214074e-11,51.89415831214074
7799,0.00014593026257406384,0.00014593021027229153,5.2301772304613065e-11,52.30177230461307
7800,0.00014593807542583674,0.00014593802276260584,5.266323088903084e-11,52.663230889030835
7801,0.00014594588823831588,0.00014594583525292016,5.2985395709893175e-11,52.985395709893176
7802,0.00014595370108218405,0.00014595364774323447,5.3338949566006736e-11,53.33894956600673
7803,0.00014596151393996644,0.0001459614602335488,5.370641763912111e-11,53.706417639121106
7804,0.00014596932677259704,0.0001459692727238631,5.404873392945224e-11,54.04873392945224
7805,0.00014597713956120245,0.00014597708521417742,5.434702502505226e-11,54.347025025052254
7806,0.0001459849524254717,0.00014598489770449173,5.472097996107977e-11,54.72097996107977
7807,0.00014599276525373956,0.00014599271019480605,5.505893350318398e-11,55.05893350318398
7808,0.00014600057803712261,0.00014600052268512036,5.535200224086463e-11,55.35200224086463
7809,0.00014600837822342696,0.0001460083351754347,4.3047992243594816e-11,43.04799224359481
7810,0.0001460161818136376,0.000146016147665749,3.414788860774573e-11,34.14788860774573
7811,0.00014602398769581203,0.00014602396015606333,2.7539748682731483e-11,27.53974868273148
7812,0.00014603179554614835,0.00014603177264637765,2.2899770692144673e-11,22.899770692144674
7813,0.00014603960426073006,0.00014603958513669196,1.9124038090136836e-11,19.124038090136835
7814,0.00014604741364466052,0.00014604739762700628,1.6017654233396057e-11,16.01765423339606
7815,0.0001460552235243384,0.0001460552101173206,1.3407017808476236e-11,13.407017808476235
7816,0.0001460630338284392,0.0001460630226076349,1.1220804277304817e-11,11.220804277304817
7817,0.00014607084446498857,0.00014607083509794922,9.367039333021977e-12,9.367039333021976
7818,0.0001460786553936584,0.00014607864758826356,7.805394828989618e-12,7.805394828989618
7819,0.00014608646657017718,0.00014608646007857785,6.4915993210582064e-12,6.491599321058207
7820,0.00014609427795151918,0.0001460942725688922,5.3826269778491206e-12,5.382626977849121
7821,0.0001461020895004303,0.00014610208505920648,4.441223799564129e-12,4.4412237995641295
7822,0.00014610990128001512,0.00014610989754952082,3.730494282874764e-12,3.7304942828747643
7823,0.0001461177132003594,0.0001461177100398351,3.1605242676792496e-12,3.1605242676792495
7824,0.0001461255252376252,0.00014612552253014945,2.7074757260717987e-12,2.7074757260717988
7825,0.00014613333738579647,0.00014613333502046377,2.3653326912478325e-12,2.3653326912478323
7826,0.0001461411496025125,0.00014614114751077808,2.091734408546387e-12,2.091734408546387
7827,0.00014614896199969724,0.0001461489600010924,1.998604830061671e-12,1.9986048300616712
7828,0.00014615677445770385,0.0001461567724914067,1.9662971232046446e-12,1.9662971232046447
7829,0.00014616458697950255,0.00014616458498172103,1.99778151403694e-12,1.99778151403694
7830,0.00014617239952974026,0.00014617239747203534,2.0577049073242905e-12,2.0577049073242906
7831,0.00014618021222893965,0.00014618020996234968,2.2665899541706704e-12,2.26658995417067
7832,0.0001461880249540777,0.00014618802245266397,2.5014137248421366e-12,2.5014137248421364
7833,0.0001461958377059156,0.00014619583494297831,2.7629372750536653e-12,2.762937275053665
7834,0.0001462036505039976,0.0001462036474332926,3.0707049752675665e-12,3.0707049752675664
7835,0.00014621146339566173,0.00014621145992360694,3.4720547728479247e-12,3.4720547728479247
7836,0.00014621927629919124,0.00014621927241392123,3.885269997688801e-12,3.8852699976888014
7837,0.00014622708919082554,0.00014622708490423557,4.286589952604362e-12,4.286589952604362
7838,0.00014623490218358535,0.0001462348973945499,4.789035449921664e-12,4.7890354499216645
7839,0.00014624271518971421,0.0001462427098848642,5.304850000282397e-12,5.304850000282397
7840,0.0001462505281808661,0.00014625052237517852,5.805687571567795e-12,5.805687571567795
7841,0.0001462583412290565,0.00014625833486549283,6.36356366389494e-12,6.36356366389494
7842,0.00014626615431132445,0.00014626614735580715,6.955517287600422e-12,6.955517287600422
7843,0.00014627396738277958,0.00014627395984612146,7.536658108829598e-12,7.536658108829598
7844,0.00014628178045387124,0.0001462817723364358,8.117435424175393e-12,8.117435424175394
7845,0.00014628959359863874,0.0001462895848267501,8.771888641055323e-12,8.771888641055323
7846,0.00014629740672332728,0.00014629739731706443,9.406262840276636e-12,9.406262840276636
7847,0.0001463052198130392,0.00014630520980737872,1.0005660460573133e-11,10.005660460573132
7848,0.00014631303299687595,0.00014631302229769306,1.0699182875633524e-11,10.699182875633523
7849,0.00014632084615646097,0.00014632083478800738,1.1368453585449215e-11,11.368453585449215
7850,0.00014632865927149857,0.0001463286472783217,1.1993176867452366e-11,11.993176867452366
7851,0.00014633647246698115,0.000146336459768636,1.2698345131728293e-11,12.698345131728292
7852,0.0001463442856490594,0.00014634427225895032,1.339010907928513e-11,13.390109079285129
7853,0.0001463520987798833,0.00014635208474926464,1.4030618643075266e-11,14.030618643075266
7854,0.00014635991198062786,0.00014635989723957895,1.474104889285997e-11,14.741048892859972
7855,0.00014636772517169627,0.00014636770972989327,1.544180299062095e-11,15.441802990620948
7856,0.00014637553831712945,0.00014637552222020758,1.6096921853424676e-11,16.096921853424675
7857,0.00014638335150719513,0.00014638333471052192,1.6796673199701376e-11,16.796673199701377
7858,0.00014639116469948154,0.0001463911472008362,1.749864531728798e-11,17.498645317287977
7859,0.00014639897786961626,0.00014639895969115055,1.8178465693712715e-11,18.178465693712717
7860,0.00014640679103100203,0.00014640677218146484,1.8849537182021742e-11,18.84953718202174
7861,0.00014641460422582065,0.00014641458467177918,1.9554041453782185e-11,19.554041453782183
7862,0.00014642241738731335,0.0001464223971620935,2.022521984442542e-11,20.225219844425418
7863,0.0001464302305311761,0.0001464302096524078,2.0878768267487356e-11,20.878768267487356
7864,0.0001464380437276975,0.00014643802214272213,2.158497536007485e-11,21.58497536007485
7865,0.0001464458568875626,0.00014644583463303644,2.225452614641675e-11,22.254526146416747
7866,0.00014645367000006186,0.00014645364712335076,2.2876711094293676e-11,22.876711094293675
7867,0.00014646148319710962,0.00014646145961366507,2.3583444539930857e-11,23.583444539930856
7868,0.00014646929635219046,0.00014646927210397941,2.4248211040241175e-11,24.248211040241173
7869,0.00014647710945266248,0.0001464770845942937,2.4858368770788395e-11,24.858368770788395
7870,0.0001464849226260293,0.00014648489708460804,2.5541421235204474e-11,25.541421235204474
7871,0.00014649273577255914,0.00014649270957492233,2.6197636795610724e-11,26.197636795610723
7872,0.00014650054886571892,0.00014650052206523667,2.6800482233025833e-11,26.800482233025832
7873,0.00014650836199265336,0.00014650833455555096,2.7437102384152504e-11,27.437102384152503
7874,0.00014651617511853067,0.0001465161470458653,2.807266535684584e-11,28.07266535684584
7875,0.0001465239882029437,0.00014652395953617962,2.8666764074549584e-11,28.666764074549583
7876,0.00014653180131780493,0.00014653177202649393,2.9291310983964326e-11,29.291310983964326
7877,0.00014653961443730385,0.00014653958451680825,2.992049559527693e-11,29.92049559527693
7878,0.00014654742752339637,0.00014654739700712256,3.051627379635596e-11,30.51627379635596
7879,0.0001465552405928855,0.00014655520949743688,3.1095448606680715e-11,31.095448606680716
7880,0.00014656305370863018,0.0001465630219877512,3.1720878978235707e-11,31.720878978235707
7881,0.00014657086678667873,0.00014657083447806553,3.230861318524147e-11,32.30861318524147
7882,0.00014657867981555866,0.00014657864696837982,3.284717882372502e-11,32.847178823725024
7883,0.00014658649292226885,0.00014658645945869416,3.346357467410196e-11,33.46357467410196
7884,0.00014659430599264306,0.00014659427194900845,3.404363459997528e-11,34.04363459997528
7885,0.00014660211900446803,0.0001466020844393228,3.45651452232896e-11,34.5651452232896
7886,0.0001466099320803423,0.0001466098969296371,3.515070517125866e-11,35.150705171258664
7887,0.00014661774513769786,0.00014661770941995142,3.571774643112564e-11,35.71774643112564
7888,0.00014662555814806666,0.00014662552191026574,3.6237800916712205e-11,36.2378009167122
7889,0.00014663337118312898,0.00014663333440058005,3.6782548919928754e-11,36.78254891992876
7890,0.00014664118422894984,0.00014664114689089437,3.733805546130288e-11,37.33805546130288
7891,0.00014664899724193569,0.00014664895938120868,3.7860726994093386e-11,37.86072699409338
7892,0.0001466568102228141,0.000146656771871523,3.835129109927318e-11,38.35129109927318
7893,0.0001466646232682357,0.0001466645843618373,3.8906398383197286e-11,38.906398383197285
7894,0.00014667243627753497,0.00014667239685215165,3.942538330334069e-11,39.425383303340695
7895,0.00014668024923116874,0.00014668020934246594,3.9888702790283696e-11,39.888702790283695
7896,0.0001466880622534021,0.00014668802183278028,4.0420621808663985e-11,40.42062180866399
7897,0.00014669587525360293,0.00014669583432309457,4.093050834812138e-11,40.93050834812138
7898,0.00014670368820425756,0.0001467036468134089,4.1390848637229775e-11,41.39084863722977
7899,0.0001467115011838419,0.00014671145930372323,4.1880118665801545e-11,41.88011866580155
7900,0.00014671931417309275,0.00014671927179403754,4.2379055196997707e-11,42.379055196997705
7901,0.00014672712713238568,0.00014672708428435186,4.284803381270527e-11,42.84803381270527
7902,0.0001467349400514477,0.00014673489677466617,4.3276781507604554e-11,43.276781507604554
7903,0.00014674275304634278,0.00014674270926498049,4.378136228689046e-11,43.781362286890456
7904,0.00014675056600410257,0.0001467505217552948,4.4248807759410964e-11,44.248807759410965
7905,0.00014675837892139885,0.00014675833424560914,4.4675789695547084e-11,44.67578969554708
7906,0.00014676619186875154,0.00014676614673592343,4.513282810114928e-11,45.13282810114928
7907,0.00014677400481624575,0.00014677395922623777,4.5590007968029934e-11,45.59000796802994
7908,0.00014678181772817317,0.00014678177171655206,4.601162109763823e-11,46.01162109763823
7909,0.00014678963063615886,0.0001467895842068664,4.642929244761813e-11,46.42929244761813
7910,0.00014679744358527493,0.0001467973966971807,4.6888094226738714e-11,46.888094226738716
7911,0.00014680525650136912,0.00014680520918749503,4.7313874080821145e-11,47.313874080821144
7912,0.00014681306937526368,0.00014681302167780935,4.76974543197905e-11,47.697454319790495
7913,0.00014682088230657335,0.00014682083416812366,4.813844967742621e-11,48.13844967742621
7914,0.00014682869522042376,0.00014682864665843798,4.856198577511268e-11,48.56198577511268
7915,0.00014683650809106823,0.0001468364591487523,4.894231592833463e-11,48.94231592833463
7916,0.0001468443209819742,0.0001468442716390666,4.934290757044082e-11,49.34290757044082
7917,0.0001468521338921893,0.00014685208412938092,4.9762808365348005e-11,49.76280836534801
7918,0.00014685994677614918,0.00014685989661969526,5.0156453903605845e-11,50.15645390360584
7919,0.00014686775961443612,0.00014686770911000955,5.0504426557985994e-11,50.504426557985994
7920,0.00014687557252403207,0.0001468755216003239,5.092370816503247e-11,50.92370816503247
7921,0.0001468833854083693,0.00014688333409063818,5.131773111406655e-11,51.317731114066554
7922,0.00014689119824397748,0.00014689114658095252,5.166302494882398e-11,51.663024948823974
7923,0.00014689901111166408,0.0001468989590712668,5.204039726299411e-11,52.04039726299411
7924,0.00014690682399024637,0.00014690677156158115,5.242866521268653e-11,52.42866521268653
7925,0.0001469146368461903,0.00014691458405189547,5.2794294831282074e-11,52.79429483128207
7926,0.00014692244965724033,0.00014692239654220978,5.31150305381558e-11,53.1150305381558
7927,0.00014693026254066844,0.0001469302090325241,5.350814432945815e-11,53.50814432945815
7928,0.00014693807539682983,0.0001469380215228384,5.3873991411904435e-11,53.873991411904434
7929,0.00014694588820938527,0.00014694583401315273,5.419623253349466e-11,54.19623253349466
7930,0.00014695370104950413,0.00014695364650346704,5.4546037082970495e-11,54.54603708297049
7931,0.00014696151390546482,0.00014696145899378138,5.491168342538455e-11,54.911683425384545
7932,0.00014696932673671076,0.00014696927148409567,5.5252615081121196e-11,55.2526150811212
7933,0.00014697713952792764,0.00014697708397441,5.555351761317892e-11,55.55351761317892
7934,0.00014698495237852426,0.0001469848964647243,5.591379994665976e-11,55.913799946659765
7935,0.00014699276521288585,0.00014699270895503864,5.625784719286432e-11,56.25784719286432
7936,0.00014700057799592716,0.00014700052144535296,5.65505741900202e-11,56.5505741900202
7937,0.00014700837818808747,0.00014700833393566727,4.4252420185524414e-11,44.252420185524414
7938,0.00014701618176517277,0.00014701614642598159,3.533919117107016e-11,35.33919117107016
7939,0.0001470239876491862,0.0001470239589162959,2.873289029688594e-11,28.73289029688594
7940,0.00014703179549463847,0.00014703177140661022,2.4088028246562627e-11,24.088028246562626
7941,0.00014703960420656188,0.00014703958389692453,2.0309637343458182e-11,20.30963734345818
7942,0.00014704741358816548,0.00014704739638723887,1.7200926599119868e-11,17.200926599119867
7943,0.00014705522346617424,0.00014705520887755316,1.458862107206056e-11,14.58862107206056
7944,0.00014706303376104258,0.0001470630213678675,1.239317507149945e-11,12.39317507149945
7945,0.00014707084440120595,0.0001470708338581818,1.0543024152528264e-11,10.543024152528265
7946,0.00014707865532801478,0.00014707864634849613,8.979518642571888e-12,8.979518642571888
7947,0.00014708646650235917,0.00014708645883881042,7.663548740078503e-12,7.663548740078503
7948,0.00014709427788304043,0.00014709427132912476,6.55391565696045e-12,6.5539156569604495
7949,0.00014710208943096063,0.00014710208381943908,5.611521544994861e-12,5.6115215449948606
7950,0.00014710990120468656,0.0001471098963097534,4.89493316239571e-12,4.89493316239571
7951,0.00014711771312488848,0.0001471177088000677,4.324820764349894e-12,4.3248207643498935
7952,0.00014712552515977302,0.00014712552129038202,3.869390989511013e-12,3.8693909895110132
7953,0.0001471333373060513,0.00014713333378069634,3.5253549647989415e-12,3.5253549647989413
7954,0.0001471411495209638,0.00014714114627101065,3.2499531388886207e-12,3.2499531388886207
7955,0.00014714896191807814,0.000147148958761325,3.156753141472802e-12,3.156753141472802
7956,0.00014715677437176946,0.00014715677125163928,3.1201301744440115e-12,3.1201301744440113
7957,0.00014716458689057016,0.00014716458374195362,3.14861652942895e-12,3.14861652942895
7958,0.00014717239945184255,0.0001471723962322679,3.2195746342722605e-12,3.2195746342722606
7959,0.00014718021213351012,0.00014718020872258225,3.4109278609390067e-12,3.410927860939007
7960,0.00014718802485962169,0.00014718802121289654,3.6467251367411476e-12,3.6467251367411477
7961,0.00014719583761284814,0.00014719583370321088,3.909637251780033e-12,3.909637251780033
7962,0.0001472036504040288,0.0001472036461935252,4.210503598590249e-12,4.2105035985902495
7963,0.00014721146329623074,0.0001472114586838395,4.612391214658269e-12,4.612391214658269
7964,0.00014721927620072063,0.00014721927117415383,5.026566798678479e-12,5.026566798678479
7965,0.000147227089091556,0.00014722708366446814,5.427087859223243e-12,5.427087859223243
7966,0.00014723490208314337,0.00014723489615478245,5.92836090031122e-12,5.92836090031122
7967,0.00014724271508924976,0.00014724270864509677,6.444152980581928e-12,6.4441529805819275
7968,0.00014725052808187985,0.0001472505211354111,6.946468726004238e-12,6.946468726004238
7969,0.0001472583411242003,0.0001472583336257254,7.498474893559438e-12,7.498474893559438
7970,0.00014726615420547915,0.00014726614611603974,8.089439399622962e-12,8.089439399622961
7971,0.00014727396728602204,0.00014727395860635403,8.67966800346191e-12,8.679668003461911
7972,0.00014728178033659477,0.00014728177109666837,9.239926386117604e-12,9.239926386117604
7973,0.00014728959349611208,0.00014728958358698269,9.909129387507624e-12,9.909129387507624
7974,0.0001472974066122457,0.000147297396077297,1.053494868948694e-11,10.53494868948694
7975,0.00014730521970589258,0.00014730520856761132,1.1138281258938147e-11,11.138281258938147
7976,0.00014731303288644852,0.00014731302105792563,1.1828522878224596e-11,11.828522878224597
7977,0.00014732084604659386,0.00014732083354823994,1.2498353903723029e-11,12.498353903723029
7978,0.00014732865916094106,0.00014732864603855426,1.3122386792887795e-11,13.122386792887795
7979,0.00014733647235477669,0.0001473364585288686,1.3825908072748553e-11,13.825908072748552
7980,0.00014734428553589893,0.0001473442710191829,1.45167160250398e-11,14.5167160250398
7981,0.0001473520986661371,0.00014735208350949723,1.5156639848606252e-11,15.156639848606252
7982,0.00014735991186407227,0.00014735989599981152,1.5864260740826667e-11,15.864260740826667
7983,0.0001473677250547761,0.00014736770849012586,1.6564650221397038e-11,16.564650221397038
7984,0.00014737553820383248,0.00014737552098044015,1.7223392325230886e-11,17.223392325230886
7985,0.00014738335138824647,0.0001473833334707545,1.7917491969527908e-11,17.91749196952791
7986,0.00014739116458134267,0.0001473911459610688,1.8620273850612085e-11,18.620273850612087
7987,0.00014739897774177353,0.00014739895845138312,1.9290390400752642e-11,19.290390400752642
7988,0.00014740679090684166,0.00014740677094169743,1.996514421911019e-11,19.96514421911019
7989,0.0001474146041048144,0.00014741458343201175,2.0672802651830827e-11,20.67280265183083
7990,0.00014742241726875582,0.00014742239592232606,2.1346429740185675e-11,21.346429740185673
7991,0.0001474302303990839,0.00014743020841264038,2.1986443498322334e-11,21.986443498322334
7992,0.00014743804361192815,0.00014743802090295472,2.2708973417246923e-11,22.708973417246924
7993,0.00014744585676694524,0.000147445833393269,2.3373676220679607e-11,23.373676220679606
7994,0.00014745366987707257,0.00014745364588358335,2.399348920525368e-11,23.99348920525368
7995,0.00014746148307342335,0.00014746145837389764,2.4699525698629333e-11,24.699525698629333
7996,0.00014746929622476592,0.00014746927086421198,2.536055392405903e-11,25.36055392405903
7997,0.00014747710932351064,0.00014747708335452627,2.5968984357915154e-11,25.968984357915154
7998,0.00014748492249480003,0.0001474848958448406,2.6649959409653588e-11,26.649959409653587
7999,0.00014749273564189068,0.00014749270833515493,2.7306735746528502e-11,27.306735746528503
8000,0.00014750054873445537,0.00014750052082546924,2.7908986119581242e-11,27.908986119581243
8001,0.00014750836185564107,0.00014750833331578355,2.8539857505528744e-11,28.539857505528744
8002,0.00014751617499072651,0.00014751614580609787,2.918462863437805e-11,29.18462863437805
8003,0.00014752398807790174,0.00014752395829641218,2.9781489546851584e-11,29.781489546851585
8004,0.00014753180118756096,0.0001475317707867265,3.040083445424274e-11,30.40083445424274
8005,0.00014753961430836055,0.00014753958327704084,3.103131970158651e-11,31.03131970158651
8006,0.00014754742739641117,0.00014754739576735513,3.162905602599916e-11,31.629056025999162
8007,0.00014755524046011848,0.00014755520825766947,3.2202449002978485e-11,32.20244900297848
8008,0.0001475630535779486,0.00014756302074798376,3.282996483741225e-11,32.82996483741225
8009,0.00014757086665767268,0.0001475708332382981,3.341937457045538e-11,33.419374570455375
8010,0.0001475786796865304,0.00014757864572861242,3.395791798279439e-11,33.95791798279439
8011,0.00014758649279040026,0.00014758645821892673,3.4571473521635016e-11,34.57147352163501
8012,0.00014759430586184106,0.00014759427070924104,3.515260000429046e-11,35.15260000429046
8013,0.00014760211887490416,0.00014760208319955536,3.567534878648576e-11,35.675348786485756
8014,0.0001476099319500694,0.00014760989568986967,3.6260199720444126e-11,36.26019972044413
8015,0.00014761774500723806,0.000147617708180184,3.682705406385657e-11,36.82705406385657
8016,0.00014762555803297787,0.00014762552067049833,3.736247952758795e-11,37.36247952758795
8017,0.0001476333710514079,0.00014763333316081262,3.7890595273167375e-11,37.89059527316738
8018,0.0001476411840993244,0.00014764114565112696,3.844819744181564e-11,38.448197441815644
8019,0.00014764899711463075,0.00014764895814144125,3.897318949251592e-11,38.97318949251592
8020,0.00014765681008922896,0.0001476567706317556,3.945747335661159e-11,39.457473356611594
8021,0.00014766462313776197,0.00014766458312206988,4.0015692083930297e-11,40.0156920839303
8022,0.00014767243614717554,0.00014767239561238422,4.053479130608774e-11,40.53479130608774
8023,0.00014768024910242163,0.00014768020810269853,4.099972308297639e-11,40.99972308297639
8024,0.0001476880621219822,0.00014768802059301285,4.152896935326612e-11,41.52896935326612
8025,0.00014769587512127334,0.00014769583308332716,4.203794616578564e-11,42.03794616578564
8026,0.00014770368807499822,0.00014770364557364148,4.250135672571113e-11,42.50135672571113
8027,0.00014771150105003607,0.0001477114580639558,4.29860802608928e-11,42.9860802608928
8028,0.0001477193140409407,0.0001477192705542701,4.3486670579872764e-11,43.486670579872765
8029,0.0001477271270019702,0.00014772708304458445,4.395738573509494e-11,43.957385735094945
8030,0.00014773493991812402,0.00014773489553489874,4.438322527450697e-11,44.38322527450697
8031,0.0001477427529127224,0.00014774270802521308,4.4887509307658264e-11,44.88750930765826
8032,0.00014775056587096,0.00014775052051552737,4.535543261518124e-11,45.355432615181236
8033,0.0001477583787736474,0.0001477583330058417,4.576780568598464e-11,45.767805685984634
8034,0.00014776619173529723,0.000147766145496156,4.623914122168991e-11,46.23914122168991
8035,0.00014777400468253635,0.00014777395798647034,4.669606600290443e-11,46.69606600290443
8036,0.00014778181759774524,0.00014778177047678465,4.7120960578807975e-11,47.120960578807974
8037,0.00014778963050027976,0.00014778958296709897,4.753318077710505e-11,47.53318077710505
8038,0.00014779744345147058,0.00014779739545741328,4.7994057285502904e-11,47.994057285502905
8039,0.00014780525636650722,0.0001478052079477276,4.841877960878629e-11,48.418779608786295
8040,0.0001478130692367836,0.0001478130204380419,4.879874167537068e-11,48.79874167537068
8041,0.00014782088217257057,0.00014782083292835623,4.9244214327192835e-11,49.244214327192836
8042,0.00014782869508599264,0.00014782864541867057,4.966732205660096e-11,49.66732205660096
8043,0.00014783650796025699,0.00014783645790898486,5.0051272116931345e-11,50.051272116931344
8044,0.0001478443208473639,0.0001478442703992992,5.0448064687520095e-11,50.448064687520095
8045,0.0001478521337606283,0.0001478520828896135,5.087101480103739e-11,50.87101480103739
8046,0.00014785994664501113,0.00014785989537992783,5.126508328656272e-11,51.26508328656272
8047,0.00014786775948286268,0.00014786770787024214,5.16126205253504e-11,51.6126205253504
8048,0.00014787557239145303,0.00014787552036055646,5.203089656198695e-11,52.03089656198695
8049,0.00014788338527506805,0.00014788333285087077,5.242419726974383e-11,52.42419726974383
8050,0.00014789119811550982,0.0001478911453411851,5.2774324721731684e-11,52.77432472173168
8051,0.0001478990109775135,0.0001478989578314994,5.314601408179452e-11,53.14601408179452
8052,0.00014790682386050472,0.00014790677032181372,5.353869099383146e-11,53.53869099383146
8053,0.00014791463671728574,0.00014791458281212806,5.390515767071427e-11,53.90515767071427
8054,0.00014792244952933106,0.00014792239530244235,5.4226888702287394e-11,54.2268887022874
8055,0.0001479302624100717,0.0001479302077927567,5.4617315000349635e-11,54.617315000349635
8056,0.00014793807526758136,0.00014793802028307098,5.498451036951257e-11,54.98451036951257
8057,0.00014794588808237152,0.00014794583277338532,5.5308986194410615e-11,55.308986194410615
8058,0.00014795370091828873,0.0001479536452636996,5.565458910810236e-11,55.654589108102364
8059,0.00014796151377454263,0.00014796145775401395,5.6020528672993964e-11,56.02052867299396
8060,0.00014796932660743765,0.00014796927024432826,5.636310937312991e-11,56.36310937312991
8061,0.00014797713940081512,0.00014797708273464258,5.6666172530382015e-11,56.66617253038201
8062,0.00014798495224825387,0.0001479848952249569,5.702329696240517e-11,57.02329696240517
8063,0.000147992765081376,0.0001479927077152712,5.7366104775791194e-11,57.36610477579119
8064,0.00014800057786699828,0.00014800052020558552,5.766141274332373e-11,57.66141274332373
8065,0.00014800837809532464,0.00014800833269589984,4.5399424795956195e-11,45.39942479595619
8066,0.00014801618173146606,0.00014801614518621418,3.6545251867261414e-11,36.54525186726141
8067,0.0001480239876799205,0.00014802395767652847,3.00033920128718e-11,30.003392012871803
8068,0.000148031795586093,0.0001480317701668428,2.5419250190222507e-11,25.419250190222506
8069,0.00014803960435633265,0.0001480395826571571,2.1699175540420083e-11,21.699175540420082
8070,0.00014804741379278967,0.00014804739514747144,1.864531821606509e-11,18.64531821606509
8071,0.0001480552237209089,0.00014805520763778573,1.6083123158165345e-11,16.083123158165346
8072,0.00014806303406914728,0.00014806302012810007,1.3941047199280213e-11,13.941047199280213
8073,0.0001480708447570882,0.00014807083261841438,1.2138673817443946e-11,12.138673817443946
8074,0.0001480786557290924,0.0001480786451087287,1.0620363681623444e-11,10.620363681623443
8075,0.00014808646694768626,0.000148086457599043,9.348643241080546e-12,9.348643241080547
8076,0.00014809427836525186,0.00014809427008935733,8.27589452613507e-12,8.27589452613507
8077,0.00014810208995417684,0.00014810208257967164,7.374505184278372e-12,7.374505184278371
8078,0.00014810990178903765,0.00014810989506998596,6.719051682474107e-12,6.719051682474107
8079,0.0001481177137376557,0.0001481177075603003,6.177355383112452e-12,6.1773553831124515
8080,0.0001481255258110094,0.0001481255200506146,5.7603948089717784e-12,5.760394808971778
8081,0.0001481333379841422,0.00014813333254092893,5.443213252344729e-12,5.443213252344728
8082,0.00014814115024610098,0.00014814114503124322,5.214857750519148e-12,5.2148577505191485
8083,0.00014814896267887452,0.00014814895752155756,5.157316945715943e-12,5.157316945715943
8084,0.00014815677516203516,0.00014815677001187187,5.1501632713616665e-12,5.1501632713616665
8085,0.00014816458769197676,0.0001481645825021862,5.189790562610414e-12,5.189790562610415
8086,0.0001481724002899163,0.0001481723949925005,5.29741578861599e-12,5.297415788615989
8087,0.00014818021301000466,0.00014818020748281482,5.527189833458996e-12,5.527189833458996
8088,0.00014818802576188042,0.00014818801997312913,5.788751276536453e-12,5.788751276536453
8089,0.00014819583851879525,0.00014819583246344345,6.0553517931560254e-12,6.055351793156025
8090,0.00014820365137587527,0.0001482036449537578,6.422117465892952e-12,6.422117465892952
8091,0.0001482114642762416,0.00014821145744407208,6.832169503790548e-12,6.832169503790548
8092,0.00014821927719109177,0.00014821926993438642,7.256705344300269e-12,7.256705344300269
8093,0.00014822709010801132,0.0001482270824247007,7.683310601496613e-12,7.683310601496613
8094,0.00014823490313366184,0.00014823489491501505,8.218646781179088e-12,8.218646781179087
8095,0.000148242716154784,0.00014824270740532934,8.749454654962905e-12,8.749454654962905
8096,0.0001482505291510977,0.00014825051989564368,9.25545400437129e-12,9.25545400437129
8097,0.00014825834223856088,0.000148258332385958,9.852602880941833e-12,9.852602880941832
8098,0.00014826615533517545,0.0001482661448762723,1.0458903128579567e-11,10.458903128579568
8099,0.00014827396839523193,0.00014827395736658662,1.1028645298688534e-11,11.028645298688534
8100,0.00014828178152352797,0.00014828176985690094,1.1666627018008467e-11,11.666627018008466
8101,0.00014828959466618057,0.00014828958234721525,1.2318965308815583e-11,12.318965308815583
8102,0.00014829740778841716,0.00014829739483752957,1.295088758482382e-11,12.950887584823821
8103,0.00014830522092872646,0.0001483052073278439,1.3600882535265436e-11,13.600882535265436
8104,0.00014831303411120476,0.0001483130198181582,1.429304655342392e-11,14.293046553423919
8105,0.00014832084726966346,0.00014832083230847254,1.496119091270767e-11,14.96119091270767
8106,0.00014832866041284277,0.00014832864479878683,1.5614055936035235e-11,15.614055936035236
8107,0.00014833647362405818,0.00014833645728910117,1.633495700382599e-11,16.33495700382599
8108,0.00014834428680425647,0.00014834426977941546,1.7024840999025846e-11,17.024840999025844
8109,0.00014835209994369013,0.0001483520822697298,1.7673960320687907e-11,17.673960320687907
8110,0.0001483599131724592,0.0001483598947600441,1.8412415082437126e-11,18.412415082437125
8111,0.00014836772636561406,0.00014836770725035843,1.9115255618858835e-11,19.115255618858836
8112,0.00014837553950954323,0.00014837551974067274,1.976887047640889e-11,19.76887047640889
8113,0.0001483833527327311,0.00014838333223098706,2.0501744036424697e-11,20.501744036424697
8114,0.00014839116592758384,0.00014839114472130137,2.1206282460553572e-11,21.206282460553574
8115,0.0001483989790709311,0.0001483989572116157,2.18593153996926e-11,21.8593153996926
8116,0.00014840679228478334,0.00014840676970193003,2.258285330137695e-11,22.58285330137695
8117,0.0001484146054805424,0.00014841458219224432,2.3288298064311914e-11,23.288298064311913
8118,0.00014842241862054036,0.00014842239468255866,2.39379816860997e-11,23.9379816860997
8119,0.00014843023182005213,0.00014843020717287295,2.4647179170909234e-11,24.647179170909233
8120,0.0001484380450073965,0.0001484380196631873,2.534420919683805e-11,25.34420919683805
8121,0.00014844585814986327,0.0001484458321535016,2.5996361655392803e-11,25.996361655392803
8122,0.00014845367132157133,0.00014845364464381592,2.6677755398905196e-11,26.677755398905195
8123,0.00014846148449889582,0.00014846145713413023,2.7364765580721607e-11,27.364765580721606
8124,0.00014846929764132706,0.00014846926962444455,2.8016882504550156e-11,28.016882504550157
8125,0.00014847711077865897,0.00014847708211475886,2.8663900100300855e-11,28.663900100300854
8126,0.00014848492395181276,0.00014848489460507318,2.934673957320015e-11,29.34673957320015
8127,0.000148492737088778,0.0001484927070953875,2.999339049177611e-11,29.99339049177611
8128,0.0001485005501695751,0.0001485005195857018,3.05838732868144e-11,30.583873286814402
8129,0.00014850836333571212,0.00014850833207601615,3.1259695965883694e-11,31.259695965883694
8130,0.0001485161764645023,0.00014851614456633044,3.1898171864553846e-11,31.898171864553845
8131,0.00014852398954039322,0.00014852395705664478,3.24837484279212e-11,32.483748427921206
8132,0.00014853180268777652,0.00014853176954695907,3.314081744517258e-11,33.14081744517258
8133,0.00014853961580692417,0.0001485395820372734,3.3769650747876243e-11,33.76965074787624
8134,0.00014854742886661178,0.00014854739452758772,3.4339024045301076e-11,34.33902404530107
8135,0.00014855524198830708,0.00014855520701790204,3.49704050333747e-11,34.970405033374696
8136,0.00014856305509206093,0.00014856301950821635,3.558384456258287e-11,35.58384456258287
8137,0.00014857086814870488,0.00014857083199853067,3.615017420635394e-11,36.15017420635394
8138,0.00014857868123026755,0.00014857864448884498,3.674142255654622e-11,36.74142255654622
8139,0.00014858649432033638,0.0001485864569791593,3.7341177069092844e-11,37.34117706909284
8140,0.00014859430737522339,0.00014859426946947364,3.7905749736138345e-11,37.90574973613835
8141,0.00014860212040746849,0.00014860208195978793,3.844768054842991e-11,38.44768054842991
8142,0.00014860993349834903,0.00014860989445010227,3.9048246748932964e-11,39.04824674893296
8143,0.0001486177465398587,0.00014861770694041656,3.9599442122998525e-11,39.599442122998525
8144,0.00014862555954723385,0.0001486255194307309,4.0116502936651475e-11,40.11650293665147
8145,0.0001486333726126132,0.00014863333192104519,4.069156799732626e-11,40.69156799732626
8146,0.0001486411856539845,0.00014864114441135953,4.12426249729845e-11,41.2426249729845
8147,0.00014864899863693284,0.00014864895690167384,4.17352589827419e-11,41.7352589827419
8148,0.0001486568116764537,0.00014865676939198816,4.2284465523447305e-11,42.2844655234473
8149,0.0001486646247021926,0.00014866458188230247,4.2819890119816945e-11,42.81989011981695
8150,0.00014867243769292368,0.0001486723943726168,4.332030688513415e-11,43.320306885134144
8151,0.00014868025067809655,0.0001486802068629311,4.3815165433803994e-11,43.81516543380399
8152,0.00014868806370014733,0.00014868801935324542,4.434690189964349e-11,44.34690189964349
8153,0.0001486958766905558,0.00014869583184355976,4.4846996033499215e-11,44.84699603349922
8154,0.00014870368962322447,0.00014870364433387405,4.5289350411453084e-11,45.289350411453086
8155,0.0001487115026448415,0.0001487114568241884,4.5820653115108424e-11,45.82065311510842
8156,0.00014871931562917794,0.00014871926931450268,4.6314675256012306e-11,46.31467525601231
8157,0.00014872712855718654,0.00014872708180481702,4.67523695161884e-11,46.752369516188395
8158,0.0001487349415383183,0.00014873489429513133,4.724318694520579e-11,47.24318694520579
8159,0.00014874275450813213,0.00014874270678544565,4.7722686469059775e-11,47.722686469059774
8160,0.00014875056744923664,0.00014875051927575996,4.817347667175205e-11,48.17347667175205
8161,0.00014875838036868607,0.00014875833176607428,4.8602611779192615e-11,48.602611779192614
8162,0.00014876619334377861,0.0001487661442563886,4.9087390012373886e-11,49.08739001237389
8163,0.00014877400628555802,0.0001487739567467029,4.9538855103813476e-11,49.538855103813475
8164,0.0001487818191761625,0.00014878176923701722,4.9939145256400556e-11,49.93914525640056
8165,0.0001487896321316904,0.00014878958172733154,5.040435884453889e-11,50.40435884453889
8166,0.0001487974450668569,0.00014879739421764588,5.084921100745773e-11,50.84921100745773
8167,0.0001488052579599415,0.00014880520670796017,5.125198132672448e-11,51.25198132672448
8168,0.0001488130708642649,0.0001488130191982745,5.1665990377291e-11,51.665990377290996
8169,0.00014882088379691039,0.0001488208316885888,5.210832158042343e-11,52.10832158042343
8170,0.00014882869670119212,0.00014882864417890314,5.252228897052147e-11,52.522288970521466
8171,0.0001488365095571897,0.00014883645666921745,5.288797223001949e-11,52.88797223001949
8172,0.0001488443224853572,0.00014884426915953177,5.332582543423407e-11,53.32582543423407
8173,0.000148852135387538,0.00014885208164984608,5.3737691911572375e-11,53.73769191157238
8174,0.00014885994824369195,0.0001488598941401604,5.410353154012873e-11,54.10353154012873
8175,0.00014886776113040662,0.0001488677066304747,5.449993190058158e-11,54.49993190058158
8176,0.00014887557402812798,0.00014887551912078903,5.4907338945964235e-11,54.907338945964234
8177,0.0001488833868999536,0.00014888333161110337,5.528885022903289e-11,55.28885022903289
8178,0.0001488911997264688,0.00014889114410141766,5.562505113122022e-11,55.625051131220225
8179,0.00014889901262979855,0.000148898956591732,5.603806653760071e-11,56.038066537600706
8180,0.00014890682550349385,0.00014890676908204629,5.642144755442087e-11,56.421447554420865
8181,0.00014891463833582985,0.00014891458157236063,5.6763469212811624e-11,56.76346921281162
8182,0.0001489224511888222,0.00014892239406267491,5.7126147280727955e-11,57.126147280727956
8183,0.00014893026405853613,0.00014893020655298926,5.750554686322526e-11,57.505546863225256
8184,0.00014893807690249386,0.00014893801904330357,5.7859190274438267e-11,57.85919027443827
8185,0.00014894588970841785,0.00014894583153361789,5.817479995475565e-11,58.17479995475565
8186,0.00014895370257793047,0.0001489536440239322,5.855399825511963e-11,58.55399825511963
8187,0.00014896151542558538,0.00014896145651424652,5.891133884995092e-11,58.91133884995092
8188,0.00014896932822654926,0.00014896926900456083,5.92219884137494e-11,59.22198841374939
8189,0.00014897714105932384,0.00014897708149487515,5.956444868612903e-11,59.56444868612903
8190,0.0001489849539079701,0.0001489848939851895,5.992278059411168e-11,59.922780594111686
8191,0.0001489927667285929,0.00014899270647550378,6.025308910143705e-11,60.25308910143705
8192,0.00014900057949630456,0.00014900051896581812,6.053048642855088e-11,60.53048642855088
8193,0.000149008379705356,0.0001490083314561324,4.824922358917101e-11,48.24922358917101
8194,0.00014901618335693646,0.00014901614394644675,3.941048969941242e-11,39.41048969941242
8195,0.0001490239892325854,0.00014902395643676103,3.27958243680978e-11,32.795824368097804
8196,0.0001490317971341984,0.00014903176892707538,2.820712301452728e-11,28.20712301452728
8197,0.00014903960588062077,0.0001490395814173897,2.446323107218562e-11,24.463231072185618
8198,0.0001490474152876526,0.000149047393907704,2.137994858218453e-11,21.37994858218453
8199,0.00014905522519869423,0.00014905520639801832,1.880067590350026e-11,18.800675903500263
8200,0.00014906303552252888,0.00014906301888833264,1.663419623422585e-11,16.63419623422585
8201,0.00014907084618532313,0.00014907083137864695,1.480667616535655e-11,14.806676165356551
8202,0.0001490786571345524,0.00014907864386896127,1.3265591116070492e-11,13.265591116070492
8203,0.0001490864683097413,0.0001490864563592756,1.19504656715442e-11,11.950465671544201
8204,0.00014909427969969502,0.0001490942688495899,1.0850105119086113e-11,10.850105119086113
8205,0.00014910209133830096,0.00014910208133990424,9.998396712593295e-12,9.998396712593294
8206,0.00014910990312856515,0.00014910989383021852,9.298346614407966e-12,9.298346614407967
8207,0.00014911771505143862,0.00014911770632053287,8.730905744725263e-12,8.730905744725263
8208,0.00014912552710109357,0.00014912551881084718,8.290246381342804e-12,8.290246381342804
8209,0.00014913333923428107,0.0001491333313011615,7.93311956407487e-12,7.933119564074871
8210,0.0001491411515348569,0.0001491411437914758,7.743381066808661e-12,7.743381066808661
8211,0.00014914896392988797,0.00014914895628179013,7.64809782912852e-12,7.64809782912852
8212,0.00014915677639357514,0.00014915676877210444,7.621470691134014e-12,7.621470691134014
8213,0.0001491645889066028,0.00014916458126241876,7.644184021916173e-12,7.644184021916174
8214,0.00014917240152394106,0.0001491723937527331,7.771207955822185e-12,7.771207955822185
8215,0.00014918021421222392,0.00014918020624304738,7.969176523359515e-12,7.969176523359515
8216,0.00014918802694080925,0.00014918801873336173,8.207447514838399e-12,8.207447514838398
8217,0.00014919583968236335,0.00014919583122367601,8.45868732612874e-12,8.45868732612874
8218,0.0001492036525478193,0.00014920364371399036,8.83382892143404e-12,8.83382892143404
8219,0.00014921146543136143,0.00014921145620430464,9.227056770804929e-12,9.227056770804928
8220,0.00014921927830963776,0.00014921926869461899,9.615018758644273e-12,9.615018758644274
8221,0.00014922709126442946,0.0001492270811849333,1.0079496146402437e-11,10.079496146402438
8222,0.0001492349042597297,0.00014923489367524762,1.0584482064935145e-11,10.584482064935145
8223,0.00014924271725754557,0.00014924270616556193,1.1091983630663616e-11,11.091983630663616
8224,0.00014925053025480658,0.00014925051865587625,1.1598930328825264e-11,11.598930328825263
8225,0.0001492583433449723,0.00014925833114619056,1.2198781741941054e-11,12.198781741941055
8226,0.00014926615642194482,0.00014926614363650487,1.2785439932500737e-11,12.785439932500736
8227,0.0001492739694694458,0.00014927395612681922,1.3342626580666398e-11,13.342626580666398
8228,0.00014928178260960635,0.0001492817686171335,1.3992472832780057e-11,13.992472832780058
8229,0.00014928959573760761,0.00014928958110744785,1.463015975752929e-11,14.630159757529292
8230,0.00014929740884400756,0.00014929739359776213,1.5246245417664684e-11,15.246245417664683
8231,0.00014930522200273254,0.00014930520608807648,1.5914656057001998e-11,15.914656057001997
8232,0.00014931303515712934,0.00014931301857839076,1.657873856126675e-11,16.57873856126675
8233,0.00014932084831059127,0.0001493208310687051,1.7241886157998166e-11,17.241886157998167
8234,0.00014932866146963265,0.00014932864355901942,1.791061322173952e-11,17.91061322173952
8235,0.00014933647465486242,0.00014933645604933374,1.8605528673961228e-11,18.605528673961228
8236,0.00014934428781356588,0.00014934426853964805,1.9273917818990472e-11,19.273917818990473
8237,0.00014935210098591465,0.00014935208102996236,1.9955952271776695e-11,19.955952271776695
8238,0.000149359914190684,0.00014935989352027668,2.06704072968661e-11,20.670407296866102
8239,0.00014936772736586285,0.000149367706010591,2.1355271842583163e-11,21.355271842583164
8240,0.0001493755405245733,0.00014937551850090534,2.2023667953611365e-11,22.023667953611366
8241,0.0001493833537469266,0.00014938333099121962,2.2755706976109955e-11,22.755706976109956
8242,0.000149391166921633,0.00014939114348153397,2.3440099026520248e-11,23.440099026520247
8243,0.0001493989800491761,0.00014939895597184825,2.4077327848746553e-11,24.077327848746553
8244,0.00014940679328103283,0.0001494067684621626,2.481887022854763e-11,24.81887022854763
8245,0.00014941460646449,0.0001494145809524769,2.5512013091532488e-11,25.512013091532488
8246,0.00014942241959613713,0.00014942239344279123,2.6153345890032193e-11,26.153345890032192
8247,0.00014943023280604371,0.00014943020593310554,2.6872938163170432e-11,26.87293816317043
8248,0.00014943804598593113,0.00014943801842341985,2.7562511263397328e-11,27.562511263397326
8249,0.0001494458591096322,0.00014944583091373417,2.819589802549005e-11,28.19589802549005
8250,0.0001494536723022876,0.00014945364340404848,2.889823909707595e-11,28.898239097075948
8251,0.00014946148547343913,0.00014946145589436283,2.957907629250815e-11,29.57907629250815
8252,0.00014946929858631138,0.00014946926838467711,3.020163426014252e-11,30.201634260142523
8253,0.0001494771117513492,0.00014947708087499146,3.087635772083924e-11,30.87635772083924
8254,0.00014948492491000982,0.00014948489336530574,3.1544704066987726e-11,31.544704066987727
8255,0.00014949273802583582,0.00014949270585562009,3.21702157266006e-11,32.1702157266006
8256,0.00014950055115148475,0.00014950051834593437,3.280555036631641e-11,32.80555036631641
8257,0.00014950836428164418,0.00014950833083624872,3.3445395449700083e-11,33.44539544970009
8258,0.00014951617740322263,0.00014951614332656303,3.407665958788457e-11,34.07665958788457
8259,0.00014952399047987535,0.00014952395581687734,3.4662997993013476e-11,34.66299799301348
8260,0.00014953180364112077,0.00014953176830719166,3.533392910424622e-11,35.333929104246224
8261,0.0001495396167398298,0.00014953958079750597,3.594232381364076e-11,35.94232381364076
8262,0.00014954742979977754,0.0001495473932878203,3.651195723827183e-11,36.511957238271826
8263,0.00014955524293176235,0.0001495552057781346,3.715362773864321e-11,37.15362773864321
8264,0.0001495630560293529,0.00014956301826844895,3.7760903930866505e-11,37.760903930866505
8265,0.000149570869069582,0.00014957083075876323,3.8310818753746143e-11,38.31081875374614
8266,0.0001495786821745742,0.00014957864324907758,3.892549660446562e-11,38.92549660446562
8267,0.0001495864952578435,0.00014958645573939186,3.951845162440266e-11,39.518451624402665
8268,0.0001495943082910976,0.0001495942682297062,4.006139139523594e-11,40.061391395235944
8269,0.00014960212135951527,0.0001496020807200205,4.063949476986879e-11,40.63949476986879
8270,0.00014960993442972406,0.00014960989321033483,4.121938921938553e-11,41.21938921938553
8271,0.0001496177474663328,0.00014961770570064915,4.176568364726575e-11,41.76568364726575
8272,0.00014962556048243148,0.00014962551819096346,4.229146800580863e-11,42.291468005808625
8273,0.00014963337355744012,0.00014963333068127778,4.287616232676318e-11,42.87616232676318
8274,0.00014964118657793488,0.0001496411431715921,4.340634277274978e-11,43.40634277274978
8275,0.00014964899956449088,0.0001496489556619064,4.390258446523612e-11,43.90258446523612
8276,0.00014965681261172364,0.00014965676815222072,4.445950290888936e-11,44.45950290888936
8277,0.00014966462563556244,0.00014966458064253507,4.499302735963656e-11,44.99302735963656
8278,0.00014967243859991474,0.00014967239313284935,4.546706537767697e-11,45.467065377676974
8279,0.00014968025162120097,0.0001496802056231637,4.599803726414443e-11,45.99803726414443
8280,0.00014968806462985898,0.00014968801811347798,4.651638098712303e-11,46.51638098712303
8281,0.00014969587760138198,0.00014969583060379232,4.699758964728172e-11,46.99758964728172
8282,0.00014970369056723564,0.00014970364309410664,4.7473128987175426e-11,47.47312898717543
8283,0.0001497115035739402,0.00014971145558442095,4.7989519221784694e-11,47.9895192217847
8284,0.0001497193165468196,0.00014971926807473527,4.847208432728138e-11,48.47208432728138
8285,0.00014972712947526932,0.00014972708056504958,4.89102197222164e-11,48.910219722216404
8286,0.00014973494247513532,0.0001497348930553639,4.9419771405832825e-11,49.419771405832826
8287,0.0001497427554374257,0.00014974270554567821,4.9891747488181604e-11,49.89174748818161
8288,0.00014975056835530494,0.00014975051803599256,5.0319312372720815e-11,50.319312372720816
8289,0.00014975838131179775,0.00014975833052630684,5.078549090079266e-11,50.78549090079267
8290,0.0001497661942706157,0.00014976614301662119,5.1253994500423406e-11,51.2539945004234
8291,0.00014977400720105787,0.00014977395550693547,5.169412238790091e-11,51.69412238790091
8292,0.00014978182009476833,0.00014978176799724981,5.209751850866162e-11,52.09751850866162
8293,0.00014978963306085656,0.0001497895804875641,5.25732924428004e-11,52.5732924428004
8294,0.00014979744599128035,0.00014979739297787844,5.3013401898840974e-11,53.013401898840975
8295,0.0001498052588670353,0.00014980520546819276,5.3398842520318094e-11,53.39884252031809
8296,0.00014981307180294415,0.00014981301795850707,5.384443706356949e-11,53.84443706356949
8297,0.00014982088472746414,0.0001498208304488214,5.4278642740625283e-11,54.27864274062528
8298,0.00014982869761351363,0.0001498286429391357,5.467437791594026e-11,54.67437791594026
8299,0.00014983651049093574,0.00014983645542945002,5.5061485715098014e-11,55.061485715098016
8300,0.00014984432342378726,0.00014984426791976433,5.550402291664322e-11,55.504022916643216
8301,0.00014985213630951198,0.00014985208041007868,5.5899433292092374e-11,55.899433292092375
8302,0.00014985994915295552,0.00014985989290039296,5.6252562547530136e-11,56.25256254753014
8303,0.0001498677620643025,0.0001498677053907073,5.6673595195295285e-11,56.673595195295285
8304,0.00014987557495471282,0.0001498755178810216,5.707369122148338e-11,57.07369122148338
8305,0.00014988338780800876,0.00014988333037133593,5.74366728117979e-11,57.4366728117979
8306,0.00014989120066458,0.00014989114286165022,5.7802929776875495e-11,57.802929776875494
8307,0.00014989901355697978,0.00014989895535196456,5.8205015205629885e-11,58.205015205629884
8308,0.00014990682642230152,0.00014990676784227888,5.858002263091634e-11,58.58002263091634
8309,0.00014991463923907984,0.0001499145803325932,5.890648663865323e-11,58.906486638653234
8310,0.00014992245212332937,0.0001499223928229075,5.93004218486265e-11,59.300421848626506
8311,0.00014993026498705467,0.00014993020531322182,5.967383284042409e-11,59.67383284042408
8312,0.0001499380778150161,0.00014993801780353614,6.00114799598893e-11,60.0114799598893
8313,0.00014994589063274552,0.00014994583029385045,6.033889505687695e-11,60.33889505687695
8314,0.00014995370351968089,0.0001499536427841648,6.073551607957696e-11,60.73551607957696
8315,0.0001499615163524131,0.00014996145527447908,6.107793401386176e-11,61.07793401386176
8316,0.00014996932914410006,0.00014996926776479342,6.137930662887642e-11,61.379306628876414
8317,0.00014997714200251048,0.0001499770802551077,6.174740275320425e-11,61.747402753204256
8318,0.00014998495484081227,0.00014998489274542205,6.209539020694406e-11,62.09539020694406
8319,0.00014999276765078118,0.00014999270523573637,6.241504480162149e-11,62.41504480162149
