period_number,period_s,period_error_s,period_error_fs
0,3.927646630985117e-09,6.148584276164674e-12,6148.584276164674
1,3.922331750897973e-09,8.337041890207004e-13,833.7041890207005
2,3.921117778927607e-09,-3.802677813453799e-13,-380.2677813453799
3,3.920566234453995e-09,-9.318122549579537e-13,-931.8122549579538
4,3.9207672615016505e-09,-7.307852073021513e-13,-730.7852073021513
5,3.920774226213119e-09,-7.238204958340118e-13,-723.8204958340118
6,3.9207921601232265e-09,-7.058865857261847e-13,-705.8865857261846
7,3.920810250754758e-09,-6.877959541943248e-13,-687.7959541943247
8,3.920825384617888e-09,-6.726620910646315e-13,-672.6620910646316
9,3.920834356716126e-09,-6.636899928266622e-13,-663.6899928266622
10,3.920842031986593e-09,-6.5601472235973e-13,-656.0147223597301
11,3.9208501224929394e-09,-6.47924216013263e-13,-647.9242160132629
12,3.920855041843457e-09,-6.430048654960445e-13,-643.0048654960445
13,3.920865300090074e-09,-6.327466188784371e-13,-632.7466188784372
14,3.920904742863666e-09,-5.933038452869193e-13,-593.3038452869192
15,3.9209195778393616e-09,-5.78468869591126e-13,-578.468869591126
16,3.920920039682382e-09,-5.780070265707015e-13,-578.0070265707014
17,3.920918173106369e-09,-5.798736025833797e-13,-579.8736025833797
18,3.920918151652719e-09,-5.798950562338677e-13,-579.8950562338678
19,3.920930347504144e-09,-5.676992048087572e-13,-567.6992048087571
20,3.920932942311651e-09,-5.651043973018748e-13,-565.1043973018748
21,3.920935302335177e-09,-5.627443737754441e-13,-562.7443737754442
22,3.920938834232174e-09,-5.592124767783553e-13,-559.2124767783554
23,3.920939580569845e-09,-5.584661391078706e-13,-558.4661391078706
24,3.920954500858699e-09,-5.435458502536299e-13,-543.5458502536299
25,3.920983508660719e-09,-5.145380482338345e-13,-514.5380482338345
26,3.920999721792901e-09,-4.983249160515406e-13,-498.3249160515406
27,3.920989026924516e-09,-5.090197844365351e-13,-509.0197844365351
28,3.9209992635955105e-09,-4.987831134421601e-13,-498.78311344216013
29,3.920996510345409e-09,-5.015363635440241e-13,-501.53636354402414
30,3.921000746336849e-09,-4.973003721035961e-13,-497.3003721035961
31,3.921001355536497e-09,-4.966911724554037e-13,-496.69117245540366
32,3.921002918820505e-09,-4.951278884479511e-13,-495.12788844795114
33,3.92099396213149e-09,-5.04084577462544e-13,-504.08457746254396
34,3.921032166624228e-09,-4.658800847247489e-13,-465.88008472474894
35,3.9210470965082714e-09,-4.509502006812817e-13,-450.95020068128173
36,3.921061104969546e-09,-4.3694173940662844e-13,-436.9417394066284
37,3.921051122421988e-09,-4.469242869642999e-13,-446.92428696429994
38,3.921053689866943e-09,-4.443568420097456e-13,-444.3568420097456
39,3.9210562453585686e-09,-4.4180135038414297e-13,-441.80135038414295
40,3.921059579510642e-09,-4.384671983107884e-13,-438.4671983107884
41,3.9210593846795115e-09,-4.3866202944118403e-13,-438.662029441184
42,3.921055544448969e-09,-4.4250225998360053e-13,-442.50225998360054
43,3.9210538348518785e-09,-4.4421185707423e-13,-444.21185707423
44,3.92109084716946e-09,-4.0719953949277287e-13,-407.1995394927729
45,3.921122711993282e-09,-3.753347156706795e-13,-375.3347156706795
46,3.9211061314791936e-09,-3.919152297591201e-13,-391.9152297591201
47,3.921100337611204e-09,-3.977090977486654e-13,-397.7090977486654
48,3.921106508876417e-09,-3.9153783253540507e-13,-391.5378325354051
49,3.9211038864082025e-09,-3.94160300750213e-13,-394.160300750213
50,3.921107180065325e-09,-3.9086664362800077e-13,-390.86664362800076
51,3.921109473762783e-09,-3.885729461694719e-13,-388.5729461694719
52,3.921103445395416e-09,-3.9460131353639865e-13,-394.60131353639866
53,3.921130276458287e-09,-3.677702506657753e-13,-367.7702506657753
54,3.921162714581113e-09,-3.353321278399259e-13,-335.3321278399259
55,3.921158372541147e-09,-3.3967416780535014e-13,-339.6741678053501
56,3.9211444608178115e-09,-3.535858911411634e-13,-353.5858911411634
57,3.921151654323043e-09,-3.463923859095751e-13,-346.39238590957507
58,3.921149781404448e-09,-3.4826530450496234e-13,-348.26530450496233
59,3.921151789685684e-09,-3.462570232683403e-13,-346.2570232683403
60,3.92114864971422e-09,-3.493969947326027e-13,-349.3969947326027
61,3.921148873900124e-09,-3.49172808828387e-13,-349.172808828387
62,3.921189903078335e-09,-3.0814363061808835e-13,-308.14363061808837
63,3.921206730275522e-09,-2.9131643343035295e-13,-291.31643343035296
64,3.921192511397711e-09,-3.0553531124163135e-13,-305.53531124163135
65,3.921186176187577e-09,-3.1187052137589865e-13,-311.87052137589865
66,3.921193403465706e-09,-3.0464324324663743e-13,-304.64324324663744
67,3.921190053552044e-09,-3.079931569090745e-13,-307.9931569090745
68,3.921186971246582e-09,-3.1107546237028787e-13,-311.0754623702879
69,3.921183464990967e-09,-3.1458171798599737e-13,-314.5817179859974
70,3.921214805874089e-09,-2.832408348637576e-13,-283.2408348637576
71,3.921242248955533e-09,-2.5579775341929333e-13,-255.79775341929331
72,3.9212338358448305e-09,-2.642108641221834e-13,-264.2108641221834
73,3.921229761819642e-09,-2.6828488931056925e-13,-268.28488931056927
74,3.921233904854299e-09,-2.641418546539047e-13,-264.1418546539047
75,3.92123124536058e-09,-2.6680134837290303e-13,-266.801348372903
76,3.9212237313787385e-09,-2.743153302141509e-13,-274.3153302141509
77,3.921220782579222e-09,-2.772641297303498e-13,-277.2641297303498
78,3.921254138072611e-09,-2.439086363413061e-13,-243.9086363413061
79,3.921268455599268e-09,-2.295911096848587e-13,-229.59110968485868
80,3.9212782956962126e-09,-2.1975101274012464e-13,-219.75101274012465
81,3.9212581205911364e-09,-2.3992611781627803e-13,-239.92611781627804
82,3.921266154353052e-09,-2.3189235590101347e-13,-231.89235590101347
83,3.921262560046667e-09,-2.3548666228565595e-13,-235.48666228565594
84,3.92125876870009e-09,-2.392780088626205e-13,-239.2780088626205
85,3.9212535270569246e-09,-2.4451965202813746e-13,-244.51965202813747
86,3.921283178278724e-09,-2.1486843022908058e-13,-214.8684302290806
87,3.9213198035361295e-09,-1.7824317282320078e-13,-178.24317282320078
88,3.921295590279404e-09,-2.024564295483579e-13,-202.4564295483579
89,3.92129909267255e-09,-1.9895403640288788e-13,-198.95403640288788
90,3.921293399350759e-09,-2.046473581934623e-13,-204.64735819346228
91,3.921292985253292e-09,-2.0506145566071598e-13,-205.06145566071598
92,3.9212838681701185e-09,-2.141785388342009e-13,-214.1785388342009
93,3.921294726034748e-09,-2.033206742051004e-13,-203.3206742051004
94,3.921335353109477e-09,-1.626935994755223e-13,-162.6935994755223
95,3.921350422720076e-09,-1.47623988877076e-13,-147.623988877076
96,3.921323537094731e-09,-1.745096142220297e-13,-174.5096142220297
97,3.921332186534402e-09,-1.658601745505921e-13,-165.8601745505921
98,3.9213214931161375e-09,-1.7655359281518084e-13,-176.55359281518085
99,3.921326961262689e-09,-1.710854462633045e-13,-171.0854462633045
100,3.921315553666901e-09,-1.8249304205143662e-13,-182.49304205143662
101,3.921334858930127e-09,-1.631877788257412e-13,-163.1877788257412
102,3.921364651884255e-09,-1.3339482469768614e-13,-133.39482469768615
103,3.921372656047451e-09,-1.2539066150173044e-13,-125.39066150173043
104,3.921346773092275e-09,-1.5127361667756955e-13,-151.27361667756955
105,3.921369814733028e-09,-1.2823197592505458e-13,-128.23197592505457
106,3.921353133442347e-09,-1.4491326660542774e-13,-144.91326660542774
107,3.921351887477211e-09,-1.4615923174204808e-13,-146.1592317420481
108,3.921345240436979e-09,-1.5280627197364937e-13,-152.80627197364936
109,3.9213930532106846e-09,-1.0499349826812486e-13,-104.99349826812487
110,3.921401415255465e-09,-9.663145348755885e-14,-96.63145348755884
111,3.921382249339324e-09,-1.1579736962903557e-13,-115.79736962903557
112,3.921382845054207e-09,-1.1520165474536341e-13,-115.20165474536341
113,3.9213800885379464e-09,-1.1795817100627203e-13,-117.95817100627202
114,3.9213746211367835e-09,-1.2342557216915477e-13,-123.42557216915478
115,3.92136639379057e-09,-1.3165291838231662e-13,-131.6529183823166
116,3.921406836876191e-09,-9.12098327614093e-14,-91.2098327614093
117,3.921436232809036e-09,-6.181389991639129e-14,-61.81389991639129
118,3.921410427035503e-09,-8.761967345007659e-14,-87.61967345007659
119,3.921398107774765e-09,-9.993893418747029e-14,-99.93893418747028
120,3.921426883896333e-09,-7.116281261940792e-14,-71.16281261940793
121,3.921401515042723e-09,-9.653166623010872e-14,-96.53166623010871
122,3.921387814711705e-09,-1.1023199724734161e-13,-110.23199724734161
123,3.9214450650316415e-09,-5.298167731119978e-14,-52.98167731119978
124,3.921463544525835e-09,-3.450218311765079e-14,-34.50218311765079
125,3.921442184116734e-09,-5.586259221887395e-14,-55.86259221887396
126,3.921440813278612e-09,-5.723343034071031e-14,-57.23343034071031
127,3.921381015693434e-09,-1.1703101551847105e-13,-117.03101551847105
128,3.92137556652042e-09,-1.2248018853232888e-13,-122.48018853232888
129,3.921420946032743e-09,-7.710067620998644e-14,-77.10067620998645
130,3.92146934609166e-09,-2.8700617292680853e-14,-28.700617292680853
131,3.921483582126971e-09,-1.4464581982022874e-14,-14.464581982022874
132,3.921458615336183e-09,-3.943137276958457e-14,-39.43137276958457
133,3.921456746510451e-09,-4.130019850177068e-14,-41.30019850177068
134,3.921459347755408e-09,-3.8698953544489146e-14,-38.69895354448914
135,3.921444713086064e-09,-5.3333622888915734e-14,-53.333622888915734
136,3.9214369328648266e-09,-6.111384412614456e-14,-61.113844126144556
137,3.9214867204179216e-09,-1.1326291031127801e-14,-11.3262910311278
138,3.921506664262674e-09,8.617553721634429e-15,8.61755372163443
139,3.921482728453285e-09,-1.5318255667583648e-14,-15.318255667583648
140,3.92147385499034e-09,-2.4191718612911074e-14,-24.191718612911075
141,3.921479525354149e-09,-1.8521354803339042e-14,-18.52135480333904
142,3.921457227503192e-09,-4.081920576047464e-14,-40.819205760474645
143,3.921468993685296e-09,-2.905302365632011e-14,-29.05302365632011
144,3.921525857744656e-09,2.7811035703346597e-14,27.811035703346597
145,3.921507378101385e-09,9.331392431998885e-15,9.331392431998886
146,3.921515678956505e-09,1.7632247552455248e-14,17.632247552455247
147,3.92150487560014e-09,6.828891187576468e-15,6.828891187576468
148,3.921483623448626e-09,-1.442326032672402e-14,-14.42326032672402
149,3.921495305523747e-09,-2.7411852061000507e-15,-2.7411852061000506
150,3.9214943784631265e-09,-3.668245826210937e-15,-3.668245826210937
151,3.921535526754498e-09,3.748004554526242e-14,37.48004554526242
152,3.92153498131949e-09,3.693461053733927e-14,36.934610537339275
153,3.9215203229196706e-09,2.227621071786241e-14,22.27621071786241
154,3.921516966161982e-09,1.8919453029211507e-14,18.919453029211507
155,3.921502463453594e-09,4.416744641703562e-15,4.416744641703562
156,3.921499857736303e-09,1.8110273504605246e-15,1.8110273504605245
157,3.921551836665277e-09,5.3789956323977827e-14,53.789956323977826
158,3.921563001616619e-09,6.495490766590768e-14,64.95490766590768
159,3.921539255136034e-09,4.120842708105988e-14,41.20842708105988
160,3.921542522081125e-09,4.447537217224752e-14,44.47537217224752
161,3.921534125721346e-09,3.607901239292234e-14,36.07901239292234
162,3.92152877923583e-09,3.073252687732604e-14,30.732526877326038
163,3.921536751550587e-09,3.870484163446498e-14,38.704841634464984
164,3.921583658812191e-09,8.561210323805675e-14,85.61210323805675
165,3.921570038739239e-09,7.199203028664209e-14,71.99203028664209
166,3.921557324625623e-09,5.927791667055633e-14,59.27791667055633
167,3.92155623146523e-09,5.818475627762066e-14,58.184756277620664
168,3.921547486873266e-09,4.9440164313020295e-14,49.4401643130203
169,3.921535449721934e-09,3.740301298090732e-14,37.40301298090732
170,3.921594301069665e-09,9.625436071263134e-14,96.25436071263134
171,3.921598852889199e-09,1.0080618024590439e-13,100.80618024590439
172,3.92157474520666e-09,7.669849770729304e-14,76.69849770729304
173,3.921577939699941e-09,7.989299098830433e-14,79.89299098830433
174,3.921567081659129e-09,6.903495017635082e-14,69.03495017635082
175,3.92155801656345e-09,5.996985449703658e-14,59.96985449703658
176,3.921584856950459e-09,8.681024150634332e-14,86.81024150634332
177,3.921623051360117e-09,1.2500465116393423e-13,125.00465116393423
178,3.921597841775805e-09,9.979506685237156e-14,99.79506685237156
179,3.921594273598693e-09,9.622688974008598e-14,96.22688974008598
180,3.921587299901899e-09,8.925319294644197e-14,89.25319294644197
181,3.921578223354334e-09,8.017664538168085e-14,80.17664538168086
182,3.921587525849632e-09,8.947914067918795e-14,89.47914067918795
183,3.921636472549732e-09,1.3842584077933357e-13,138.42584077933358
184,3.921621600263929e-09,1.2355355497627963e-13,123.55355497627963
185,3.921609152471024e-09,1.1110576207133778e-13,111.10576207133778
186,3.921606251051143e-09,1.0820434219007647e-13,108.20434219007647
187,3.921596628377391e-09,9.858166843850725e-14,98.58166843850725
188,3.9215933290282076e-09,9.528231925488946e-14,95.28231925488946
189,3.921649491635867e-09,1.5144492691401236e-13,151.44492691401234
190,3.921643329532162e-09,1.4528282320910952e-13,145.28282320910952
191,3.921624544252298e-09,1.2649754334533815e-13,126.49754334533814
192,3.9216241272952475e-09,1.2608058629485453e-13,126.08058629485454
193,3.921613509879555e-09,1.1546317060255702e-13,115.46317060255701
194,3.921601881052314e-09,1.0383434336112924e-13,103.83434336112924
195,3.921662328128803e-09,1.6428141985031742e-13,164.28141985031743
196,3.921662921593967e-09,1.6487488501448167e-13,164.87488501448166
197,3.921639939082891e-09,1.4189237393794863e-13,141.89237393794863
198,3.921626211524846e-09,1.281648158936592e-13,128.1648158936592
199,3.921645695830508e-09,1.4764912155561345e-13,147.64912155561345
200,3.9216138099596115e-09,1.157632506588467e-13,115.76325065884669
201,3.9216681933644006e-09,1.7014665544786657e-13,170.14665544786658
202,3.92168762794584e-09,1.895812368876852e-13,189.5812368876852
203,3.921664720054978e-09,1.6667334602567347e-13,166.67334602567348
204,3.921655041856523e-09,1.5699514757034584e-13,156.99514757034584
205,3.9216438933172915e-09,1.4584660833880199e-13,145.84660833880199
206,3.92162884819611e-09,1.308014871569267e-13,130.8014871569267
207,3.921688633611118e-09,1.9058690216530129e-13,190.5869021653013
208,3.921693641703583e-09,1.955949946303377e-13,195.5949946303377
209,3.921666416329935e-09,1.6836962098210851e-13,168.3696209821085
210,3.9216701891095496e-09,1.7214240059686926e-13,172.14240059686927
211,3.921656259835691e-09,1.582131267383889e-13,158.2131267383889
212,3.921648402243076e-09,1.5035553412362608e-13,150.3555341236261
213,3.921701039730002e-09,2.0299302104923823e-13,202.99302104923822
214,3.92170442753653e-09,2.0638082757760369e-13,206.3808275776037
215,3.921684256686948e-09,1.862099779949773e-13,186.2099779949773
216,3.921681361609649e-09,1.8331490069642504e-13,183.31490069642504
217,3.92168028402111e-09,1.822373121571917e-13,182.2373121571917
218,3.921657006688358e-09,1.5895997940490554e-13,158.95997940490554
219,3.921719654369996e-09,2.2160766104358754e-13,221.60766104358754
220,3.921719818558863e-09,2.2177184991008332e-13,221.77184991008332
221,3.921691539015442e-09,1.9349230648954647e-13,193.49230648954648
222,3.921696596926997e-09,1.985502180444086e-13,198.5502180444086
223,3.92168064584648e-09,1.8259913752720442e-13,182.59913752720442
224,3.921677074620049e-09,1.7902791109630873e-13,179.02791109630874
225,3.921739449597736e-09,2.414028887835563e-13,241.40288878355634
226,3.921727184438687e-09,2.2913772973456965e-13,229.13772973456966
227,3.9217104861937954e-09,2.1243948484272425e-13,212.43948484272426
228,3.921709518069018e-09,2.1147136006533047e-13,211.47136006533046
229,3.921683031606255e-09,1.8498489730270446e-13,184.98489730270447
230,3.921715815847072e-09,2.177691381195927e-13,217.7691381195927
231,3.921750788414449e-09,2.527417054963714e-13,252.7417054963714
232,3.921730711822693e-09,2.3266511374011546e-13,232.66511374011546
233,3.921732319003336e-09,2.342722943830265e-13,234.2722943830265
234,3.921715841705294e-09,2.1779499634140649e-13,217.7949963414065
235,3.921702988068411e-09,2.04941359458249e-13,204.941359458249
236,3.921706457190102e-09,2.0841048114955086e-13,208.41048114955086
237,3.921777480062473e-09,2.7943335352014027e-13,279.43335352014026
238,3.9217387293486805e-09,2.4068263972784705e-13,240.68263972784703
239,3.9217366851396944e-09,2.3863843074173425e-13,238.63843074173425
240,3.9217226952589345e-09,2.2464854998181195e-13,224.64854998181195
241,3.921711221540366e-09,2.1317483141368538e-13,213.17483141368538
242,3.921745594679467e-09,2.4754797051435113e-13,247.54797051435114
243,3.921776661733778e-09,2.786150248254025e-13,278.61502482540254
244,3.9217398951370665e-09,2.418484281138121e-13,241.84842811381208
245,3.92175437336959e-09,2.5632666063727617e-13,256.3266606372762
246,3.9217329661907175e-09,2.349194817648374e-13,234.9194817648374
247,3.921709364410465e-09,2.1131770151243496e-13,211.31770151243495
248,3.921786116803426e-09,2.8807009447363264e-13,288.07009447363265
249,3.921780073162361e-09,2.82026453408601e-13,282.026453408601
250,3.921759836325524e-09,2.6178961657125173e-13,261.7896165712517
251,3.921754697044596e-09,2.5665033564334456e-13,256.65033564334453
252,3.921742349974073e-09,2.443032651202266e-13,244.3032651202266
253,3.921742248506302e-09,2.442017973494091e-13,244.20179734940913
254,3.925983334653396e-09,4.485287944443522e-12,4485.287944443522
255,3.927640899797566e-09,6.1428530886132256e-12,6142.853088613226
256,3.922387184826905e-09,8.89138117952223e-13,889.138117952223
257,3.921125206444325e-09,-3.728402646273878e-13,-372.8402646273878
258,3.920569525644557e-09,-9.285210643956839e-13,-928.5210643956839
259,3.920781687150369e-09,-7.163595585840528e-13,-716.3595585840528
260,3.920791302858121e-09,-7.067438508314418e-13,-706.7438508314418
261,3.920827312546191e-09,-6.707341627615178e-13,-670.7341627615178
262,3.920856104198955e-09,-6.419425099973346e-13,-641.9425099973346
263,3.920875972935603e-09,-6.220737733500713e-13,-622.0737733500713
264,3.920879830716668e-09,-6.182159922849877e-13,-618.2159922849877
265,3.9208821782312116e-09,-6.158684777411221e-13,-615.8684777411221
266,3.920889375070365e-09,-6.086716385878534e-13,-608.6716385878534
267,3.920900814744985e-09,-5.972319639679429e-13,-597.2319639679429
268,3.920905516916254e-09,-5.925297926984004e-13,-592.5297926984003
269,3.920909853101528e-09,-5.881936074247075e-13,-588.1936074247076
270,3.920915405327958e-09,-5.82641380994355e-13,-582.641380994355
271,3.920916552305437e-09,-5.814944035160825e-13,-581.4944035160826
272,3.920937113101883e-09,-5.609336070695946e-13,-560.9336070695946
273,3.920975498358228e-09,-5.225483507245919e-13,-522.548350724592
274,3.9209738763511205e-09,-5.241703578322117e-13,-524.1703578322117
275,3.920974832874935e-09,-5.232138340180635e-13,-523.2138340180635
276,3.9209704827441105e-09,-5.275639648422e-13,-527.5639648422
277,3.920978466876671e-09,-5.195798322813809e-13,-519.579832281381
278,3.9209831536387175e-09,-5.148930702352149e-13,-514.8930702352149
279,3.920984220669838e-09,-5.138260391146361e-13,-513.8260391146362
280,3.920986505490391e-09,-5.115412185613945e-13,-511.5412185613945
281,3.920987833881998e-09,-5.102128269546109e-13,-510.21282695461093
282,3.920997481329769e-09,-5.005653791834004e-13,-500.5653791834004
283,3.921029043457897e-09,-4.690032510553378e-13,-469.00325105533784
284,3.921043770718107e-09,-4.54275990845381e-13,-454.275990845381
285,3.921047860979223e-09,-4.501857297294622e-13,-450.1857297294622
286,3.921033059668005e-09,-4.649870409477998e-13,-464.9870409477998
287,3.921039375213422e-09,-4.586714955304359e-13,-458.67149553043595
288,3.921046191118142e-09,-4.5185559081047004e-13,-451.85559081047006
289,3.92104337780324e-09,-4.5466890571268974e-13,-454.66890571268976
290,3.9210407287585194e-09,-4.573179504332507e-13,-457.31795043325076
291,3.921045717457318e-09,-4.5232925163457465e-13,-452.32925163457463
292,3.9210686542286155e-09,-4.2939248033719334e-13,-429.3924803371933
293,3.921100407027248e-09,-3.97639681704572e-13,-397.639681704572
294,3.921100619273376e-09,-3.9742743557678083e-13,-397.42743557678085
295,3.921084465026924e-09,-4.1358168202858163e-13,-413.5816820285816
296,3.921095509970638e-09,-4.0253673831461877e-13,-402.5367383146188
297,3.921091000394332e-09,-4.0704631462074635e-13,-407.04631462074633
298,3.921085638364068e-09,-4.1240834488499066e-13,-412.40834488499064
299,3.9211041424696506e-09,-3.9390423930212625e-13,-393.90423930212626
300,3.921082324716968e-09,-4.157219919847581e-13,-415.7219919847581
301,3.921111187357869e-09,-3.868593510833314e-13,-386.85935108333143
302,3.9211596861062894e-09,-3.383606026632753e-13,-338.3606026632753
303,3.921146966517452e-09,-3.5108019150033214e-13,-351.08019150033215
304,3.921135201866784e-09,-3.6284484216891804e-13,-362.84484216891803
305,3.9211325569420315e-09,-3.654897669212236e-13,-365.4897669212236
306,3.921144002932129e-09,-3.5404377682365833e-13,-354.04377682365833
307,3.921136836274454e-09,-3.6121043449895045e-13,-361.21043449895046
308,3.921133820484796e-09,-3.642262241568818e-13,-364.2262241568818
309,3.921137307522928e-09,-3.6073918602467963e-13,-360.7391860246796
310,3.9211635221355484e-09,-3.345245734042772e-13,-334.5245734042772
311,3.921190146698563e-09,-3.0790001038993086e-13,-307.90001038993086
312,3.921186049335923e-09,-3.1199737303007945e-13,-311.9973730300795
313,3.921174991761253e-09,-3.2305494769935177e-13,-323.05494769935177
314,3.921182873097896e-09,-3.151736110570115e-13,-315.1736110570115
315,3.9211765508710824e-09,-3.214958378702633e-13,-321.4958378702633
316,3.9211764990191135e-09,-3.215476898391624e-13,-321.54768983916244
317,3.921175587882713e-09,-3.2245882623986493e-13,-322.45882623986495
318,3.9211790589695206e-09,-3.1898773943212543e-13,-318.9877394321254
319,3.921222265862662e-09,-2.7578084629069953e-13,-275.7808462906995
320,3.921226549369263e-09,-2.7149733969006233e-13,-271.49733969006235
321,3.921226346122013e-09,-2.717005869398219e-13,-271.7005869398219
322,3.921213780991328e-09,-2.84265717624881e-13,-284.265717624881
323,3.921218333935721e-09,-2.79712773231854e-13,-279.712773231854
324,3.921212811457088e-09,-2.85235251865099e-13,-285.23525186509903
325,3.92121335900629e-09,-2.846877026629395e-13,-284.6877026629395
326,3.921202363773245e-09,-2.956829357072939e-13,-295.6829357072939
327,3.921256390299337e-09,-2.416564096158748e-13,-241.6564096158748
328,3.921267320331173e-09,-2.3072637777966825e-13,-230.72637777966824
329,3.921253816172986e-09,-2.4423053596631704e-13,-244.23053596631703
330,3.921244433487386e-09,-2.536132215670066e-13,-253.6132215670066
331,3.921263009028339e-09,-2.3503768061350254e-13,-235.03768061350254
332,3.921248702045549e-09,-2.4934466340382254e-13,-249.34466340382255
333,3.921239988448214e-09,-2.58058260738817e-13,-258.05826073881695
334,3.921251193772534e-09,-2.468529364184892e-13,-246.8529364184892
335,3.921292835904443e-09,-2.0521080450997585e-13,-205.21080450997584
336,3.9213028085586556e-09,-1.952381502971283e-13,-195.2381502971283
337,3.921285346750831e-09,-2.126999581214738e-13,-212.6999581214738
338,3.921282237963732e-09,-2.158087452207501e-13,-215.8087452207501
339,3.921289445089253e-09,-2.0860161969936996e-13,-208.60161969936996
340,3.921279724498493e-09,-2.1832221045964178e-13,-218.32221045964178
341,3.921275688610116e-09,-2.2235809883661044e-13,-222.35809883661045
342,3.921283767745892e-09,-2.1427896306042736e-13,-214.27896306042737
343,3.921325126548668e-09,-1.729201602846388e-13,-172.9201602846388
344,3.921329706272855e-09,-1.683404360979514e-13,-168.3404360979514
345,3.921318462500015e-09,-1.7958420893782094e-13,-179.58420893782093
346,3.921319846484088e-09,-1.782002248646432e-13,-178.2002248646432
347,3.921301911096755e-09,-1.9613561219793034e-13,-196.13561219793036
348,3.921324912378081e-09,-1.7313433087128615e-13,-173.13433087128615
349,3.921307214376814e-09,-1.908323321389076e-13,-190.8323321389076
350,3.921332469538274e-09,-1.6557717067851906e-13,-165.57717067851905
351,3.921352822574479e-09,-1.4522413447333364e-13,-145.22413447333363
352,3.9213596091244255e-09,-1.3843758452718779e-13,-138.4375845271878
353,3.9213501973551015e-09,-1.4784935385115426e-13,-147.84935385115426
354,3.921344687277031e-09,-1.5335943192205147e-13,-153.35943192205147
355,3.921339082412585e-09,-1.5896429636787822e-13,-158.96429636787823
356,3.9213396142679605e-09,-1.5843244099216546e-13,-158.43244099216545
357,3.921338759428758e-09,-1.5928728019506165e-13,-159.28728019506164
358,3.921374980793749e-09,-1.2306591520348702e-13,-123.06591520348702
359,3.9213986585901264e-09,-9.938811882626618e-14,-99.38811882626618
360,3.921365970789093e-09,-1.3207591985991184e-13,-132.07591985991183
361,3.9213739598818785e-09,-1.2408682707415368e-13,-124.08682707415369
362,3.921371371566032e-09,-1.2667514292052833e-13,-126.67514292052833
363,3.921358995831914e-09,-1.3905087703858137e-13,-139.05087703858138
364,3.9213557456648515e-09,-1.423010441011498e-13,-142.30104410114978
365,3.921398293119127e-09,-9.975358982608389e-14,-99.7535898260839
366,3.921426155326026e-09,-7.189138292679103e-14,-71.89138292679102
367,3.9214026708564486e-09,-9.537585250413054e-14,-95.37585250413055
368,3.921395402703897e-09,-1.0264400505529446e-13,-102.64400505529446
369,3.921393620383946e-09,-1.0442632500664338e-13,-104.42632500664338
370,3.921385124006516e-09,-1.1292270243638035e-13,-112.92270243638035
371,3.9213817953974266e-09,-1.162513115261281e-13,-116.2513115261281
372,3.9214170957055676e-09,-8.095100338513421e-14,-80.95100338513421
373,3.921445314669192e-09,-5.2732039760984995e-14,-52.732039760984996
374,3.921429395423561e-09,-6.865128539189956e-14,-68.65128539189956
375,3.921421798879724e-09,-7.624782922858219e-14,-76.24782922858219
376,3.921418028363381e-09,-8.001834557130787e-14,-80.01834557130788
377,3.921416267022742e-09,-8.17796862106192e-14,-81.7796862106192
378,3.921397445950654e-09,-1.0060075829860975e-13,-100.60075829860975
379,3.921444791677169e-09,-5.325503178393769e-14,-53.25503178393769
380,3.921470494112683e-09,-2.755259626981742e-14,-27.55259626981742
381,3.921435138781282e-09,-6.290792767106495e-14,-62.90792767106495
382,3.9214153205413506e-09,-8.272616760214473e-14,-82.72616760214473
383,3.921390244801797e-09,-1.0780190715551407e-13,-107.80190715551407
384,3.9214267565161305e-09,-7.129019282214781e-14,-71.29019282214782
385,3.92141623976861e-09,-8.180694034273005e-14,-81.80694034273004
386,3.921479773880392e-09,-1.8272828560351052e-14,-18.27282856035105
387,3.921490580001473e-09,-7.466707479932434e-15,-7.466707479932434
388,3.921467323024616e-09,-3.072368433643018e-14,-30.723684336430182
389,3.921472212817072e-09,-2.5833891880939087e-14,-25.83389188093909
390,3.921459400230793e-09,-3.864647815934085e-14,-38.646478159340845
391,3.9214540865423935e-09,-4.396016655921946e-14,-43.96016655921946
392,3.921432219309434e-09,-6.582739951849813e-14,-65.82739951849813
393,3.921505659424101e-09,7.612715148174863e-15,7.612715148174863
394,3.921513212342353e-09,1.51656333999421e-14,15.1656333999421
395,3.921489687432034e-09,-8.359276918431125e-15,-8.359276918431126
396,3.92148128745373e-09,-1.6759255222506976e-14,-16.759255222506976
397,3.9214840611003854e-09,-1.398560856727309e-14,-13.98560856727309
398,3.921470962691309e-09,-2.7084017643396342e-14,-27.084017643396344
399,3.921481701998431e-09,-1.6344710521857143e-14,-16.34471052185714
400,3.92153342413412e-09,3.537742516710697e-14,35.37742516710697
401,3.9215116988367774e-09,1.3652127824733805e-14,13.652127824733805
402,3.921509653692667e-09,1.1606983714247242e-14,11.606983714247242
403,3.921503047838565e-09,5.0011296126732486e-15,5.001129612673249
404,3.921497595860178e-09,-4.508487743058908e-16,-0.4508487743058908
405,3.92147974791375e-09,-1.829879520238208e-14,-18.29879520238208
406,3.921521701103262e-09,2.3654394309417358e-14,23.65439430941736
407,3.92155628262602e-09,5.823591706763482e-14,58.23591706763482
408,3.921523837266145e-09,2.579055719228408e-14,25.79055719228408
409,3.921534405526821e-09,3.6358817868586534e-14,36.358817868586534
410,3.921522747832697e-09,2.4701123744316332e-14,24.701123744316334
411,3.921514506717116e-09,1.646000816356392e-14,16.46000816356392
412,3.9215050266701605e-09,6.979961207785167e-15,6.979961207785167
413,3.921561917522866e-09,6.387081391363942e-14,63.870813913639424
414,3.921565675408254e-09,6.762869930105565e-14,67.62869930105565
415,3.921542335137565e-09,4.4288428612656704e-14,44.2884286126567
416,3.921540976320535e-09,4.292961158240778e-14,42.92961158240778
417,3.921546205115905e-09,4.8158406952180776e-14,48.158406952180776
418,3.921513951524289e-09,1.5904815336088406e-14,15.904815336088406
419,3.9215480349781215e-09,4.9988269168793186e-14,49.98826916879319
420,3.921589411060369e-09,9.136435141670575e-14,91.36435141670574
421,3.921569483288914e-09,7.143657996115061e-14,71.43657996115061
422,3.921561417380404e-09,6.337067145147186e-14,63.37067145147186
423,3.921557660186196e-09,5.961347724294059e-14,59.61347724294059
424,3.921548991732329e-09,5.094502337590302e-14,50.94502337590302
425,3.9215455229223454e-09,4.747621339272574e-14,47.47621339272574
426,3.9216003120897975e-09,1.0226538084479831e-13,102.26538084479832
427,3.921596948244137e-09,9.890153518444479e-14,98.90153518444478
428,3.921572391227561e-09,7.434451860797399e-14,74.34451860797398
429,3.921581675061028e-09,8.362835207558717e-14,83.62835207558717
430,3.921567860400892e-09,6.981369193926569e-14,69.81369193926568
431,3.921555023230329e-09,5.697652137660282e-14,56.97652137660282
432,3.921603858230501e-09,1.0581152154792812e-13,105.81152154792812
433,3.921620701826246e-09,1.2265511729352236e-13,122.65511729352237
434,3.921593947701072e-09,9.5900992119564e-14,95.900992119564
435,3.92160296720605e-09,1.0492049709752522e-13,104.92049709752523
436,3.921586495017311e-09,8.844830835864305e-14,88.44830835864305
437,3.921577129394342e-09,7.908268538964298e-14,79.08268538964298
438,3.9215977863324165e-09,9.973962346377608e-14,99.73962346377608
439,3.921639668167873e-09,1.4162145892009882e-13,141.62145892009883
440,3.921617185812811e-09,1.191391038582605e-13,119.1391038582605
441,3.9216107674037125e-09,1.1272069475978209e-13,112.72069475978209
442,3.921604582382684e-09,1.0653567373145835e-13,106.53567373145835
443,3.921595066340216e-09,9.701963126355307e-14,97.01963126355308
444,3.921602395465587e-09,1.0434875663439215e-13,104.34875663439215
445,3.92165245999168e-09,1.5441328272689748e-13,154.41328272689748
446,3.921631637970272e-09,1.335912613194763e-13,133.5912613194763
447,3.9216333583551744e-09,1.35311646221722e-13,135.311646221722
448,3.921619267372562e-09,1.2122066360921542e-13,121.22066360921542
449,3.921611470942502e-09,1.1342423354950793e-13,113.42423354950793
450,3.9216097219075575e-09,1.1167519860485432e-13,111.67519860485432
451,3.921665102968081e-09,1.6705625912794104e-13,167.05625912794105
452,3.921656692906696e-09,1.5864619774366108e-13,158.64619774366108
453,3.921637424330162e-09,1.3937762120897713e-13,139.37762120897713
454,3.92164162813435e-09,1.435814253974095e-13,143.58142539740948
455,3.921626694076128e-09,1.2864736717557819e-13,128.64736717557818
456,3.9216194450597455e-09,1.2139835079275863e-13,121.39835079275863
457,3.921682375433548e-09,1.8432872459538908e-13,184.32872459538908
458,3.921662394305793e-09,1.643475968404205e-13,164.3475968404205
459,3.921654286357344e-09,1.5623964839150363e-13,156.23964839150364
460,3.921656001592286e-09,1.5795488333343e-13,157.95488333343002
461,3.921641682669719e-09,1.436359607666855e-13,143.6359607666855
462,3.921631037159638e-09,1.3299045068559346e-13,132.99045068559346
463,3.921691064148443e-09,1.9301743949052498e-13,193.01743949052496
464,3.921688195498573e-09,1.9014878961992705e-13,190.14878961992704
465,3.921661754274146e-09,1.63707565192948e-13,163.707565192948
466,3.9216646410030875e-09,1.6659429413477212e-13,166.59429413477213
467,3.921655372633053e-09,1.57325924100644e-13,157.32592410064402
468,3.921640346173701e-09,1.4229946474866263e-13,142.29946474866261
469,3.921714704688923e-09,2.1665797997059378e-13,216.65797997059377
470,3.9217023059019565e-09,2.0425919300384827e-13,204.25919300384828
471,3.921683921451636e-09,1.8587474268324479e-13,185.8747426832448
472,3.92167259988729e-09,1.745531783374994e-13,174.5531783374994
473,3.921664009035194e-09,1.6596232624095748e-13,165.96232624095748
474,3.92165969639066e-09,1.6164968170693473e-13,161.64968170693473
475,3.921723022511808e-09,2.2497580285504954e-13,224.97580285504955
476,3.9217166014870715e-09,2.1855477811883002e-13,218.55477811883003
477,3.9216898353272535e-09,1.9178861830075706e-13,191.78861830075707
478,3.921693656055709e-09,1.9560934675659598e-13,195.60934675659598
479,3.921687549476708e-09,1.8950276775545156e-13,189.50276775545157
480,3.921676419233388e-09,1.783725244355684e-13,178.3725244355684
481,3.921733336798125e-09,2.3529008917244727e-13,235.29008917244727
482,3.921718390962757e-09,2.2034425380451734e-13,220.34425380451734
483,3.9217115989918e-09,2.1355228284750906e-13,213.55228284750905
484,3.9216965669081495e-09,1.985201991967579e-13,198.52019919675791
485,3.92168844142273e-09,1.9039471377770107e-13,190.39471377770107
486,3.921697830654202e-09,1.99783945249007e-13,199.78394524900702
487,3.921751899057602e-09,2.538523486493384e-13,253.85234864933838
488,3.921724502136065e-09,2.2645542711236767e-13,226.45542711236766
489,3.921719036943964e-09,2.2099023501141136e-13,220.99023501141136
490,3.9217048710429815e-09,2.0682433402878604e-13,206.82433402878604
491,3.92169084045043e-09,1.927937414772869e-13,192.79374147728691
492,3.92173044323871e-09,2.323965297569365e-13,232.39652975693647
493,3.9217660715857704e-09,2.68024876817743e-13,268.024876817743
494,3.921733095495379e-09,2.3504878642643346e-13,235.04878642643345
495,3.9217328221951165e-09,2.347754861638042e-13,234.77548616380417
496,3.9217187069805854e-09,2.2066027163274255e-13,220.66027163274256
497,3.921705067825676e-09,2.0702111672309216e-13,207.02111672309215
498,3.9217511996116755e-09,2.5315290272281367e-13,253.15290272281368
499,3.92176940491114e-09,2.713582021869411e-13,271.35820218694107
500,3.921742715973621e-09,2.446692646686034e-13,244.6692646686034
501,3.921749974530983e-09,2.5192782203054083e-13,251.92782203054082
502,3.921709361035886e-09,2.113143269331731e-13,211.3143269331731
503,3.92171268076807e-09,2.1463405911763362e-13,214.63405911763363
504,3.9217825592786e-09,2.8451256964769174e-13,284.51256964769175
505,3.921771134864126e-09,2.7308815517335895e-13,273.0881551733589
506,3.921753003358172e-09,2.5495664921959633e-13,254.95664921959633
507,3.921746833204266e-09,2.487864953135628e-13,248.7864953135628
508,3.921734544206322e-09,2.364974973693086e-13,236.4974973693086
509,3.925915450668288e-09,4.417403959335022e-12,4417.403959335023
510,3.927656621447351e-09,6.158574738398205e-12,6158.574738398204
511,3.922424716829693e-09,9.266701207400067e-13,926.6701207400067
512,3.921157069208163e-09,-3.409775007894221e-13,-340.9775007894221
513,3.920585530582817e-09,-9.125161261355615e-13,-912.5161261355615
514,3.9208272605722495e-09,-6.707861367031613e-13,-670.7861367031613
515,3.920812458041304e-09,-6.85588667648943e-13,-685.588667648943
516,3.920833787645511e-09,-6.642590634419456e-13,-664.2590634419456
517,3.920843375990711e-09,-6.546707182416627e-13,-654.6707182416627
518,3.920885616968137e-09,-6.124297408157041e-13,-612.4297408157041
519,3.920908048623195e-09,-5.899980857579566e-13,-589.9980857579567
520,3.920919025804273e-09,-5.790209046797741e-13,-579.0209046797742
521,3.920919459458037e-09,-5.785872509158342e-13,-578.5872509158343
522,3.9209190165885545e-09,-5.790301203982402e-13,-579.0301203982402
523,3.920932719711392e-09,-5.653269975604132e-13,-565.3269975604132
524,3.9209369987321064e-09,-5.610479768462647e-13,-561.0479768462646
525,3.920946100419609e-09,-5.51946289343629e-13,-551.946289343629
526,3.920944227826274e-09,-5.538188826783645e-13,-553.8188826783645
527,3.920945781271147e-09,-5.522654378056273e-13,-552.2654378056274
528,3.92096045014707e-09,-5.375965618826588e-13,-537.5965618826588
529,3.920986366238175e-09,-5.116804707779231e-13,-511.6804707779231
530,3.9210107686746265e-09,-4.872780343261944e-13,-487.2780343261944
531,3.921001303535451e-09,-4.967431735021015e-13,-496.7431735021015
532,3.920998786018006e-09,-4.992606909466128e-13,-499.26069094661284
533,3.921002274790862e-09,-4.957719180909347e-13,-495.77191809093466
534,3.9210091846552525e-09,-4.888620537001957e-13,-488.86205370019576
535,3.921009781129078e-09,-4.882655798750028e-13,-488.26557987500286
536,3.921012301628078e-09,-4.857450808745172e-13,-485.74508087451716
537,3.921009209402167e-09,-4.888373067856088e-13,-488.83730678560875
538,3.9210299735271785e-09,-4.680731817741983e-13,-468.0731817741983
539,3.921051198871794e-09,-4.4684783715861253e-13,-446.84783715861255
540,3.9210712837712495e-09,-4.2676293770320993e-13,-426.76293770320996
541,3.921063297673572e-09,-4.347490353804666e-13,-434.7490353804666
542,3.921055575687544e-09,-4.424710214085058e-13,-442.4710214085058
543,3.921063420622099e-09,-4.3462608685410674e-13,-434.62608685410675
544,3.921064739364306e-09,-4.333073446466583e-13,-433.3073446466583
545,3.9210640126778e-09,-4.340340311527667e-13,-434.0340311527667
546,3.921065190202674e-09,-4.3285650627828453e-13,-432.85650627828454
547,3.92105038075994e-09,-4.476659490129158e-13,-447.6659490129158
548,3.9211022529492094e-09,-3.9579375974327967e-13,-395.7937597432797
549,3.92112335100849e-09,-3.746957004627437e-13,-374.6957004627437
550,3.921113385455801e-09,-3.8466125315136145e-13,-384.66125315136145
551,3.921109090063634e-09,-3.889566453183145e-13,-388.95664531831454
552,3.921104019087443e-09,-3.940276215093551e-13,-394.0276215093551
553,3.921116466839691e-09,-3.815798692619947e-13,-381.5798692619947
554,3.921112386363499e-09,-3.8566034545330684e-13,-385.66034545330683
555,3.921111516724937e-09,-3.8652998401585747e-13,-386.52998401585745
556,3.921110604721174e-09,-3.8744198777829796e-13,-387.44198777829797
557,3.921140483598325e-09,-3.5756311062807343e-13,-357.56311062807345
558,3.921164052825407e-09,-3.3399388354589986e-13,-333.99388354589985
559,3.921160783142705e-09,-3.37263566247573e-13,-337.263566247573
560,3.921149465373067e-09,-3.485813358857147e-13,-348.5813358857147
561,3.9211579796398326e-09,-3.4006706912013173e-13,-340.06706912013175
562,3.921150703504843e-09,-3.4734320410979057e-13,-347.3432041097906
563,3.921158712153925e-09,-3.393345550273462e-13,-339.3345550273462
564,3.9211501134549156e-09,-3.479332540371115e-13,-347.9332540371115
565,3.921152075671112e-09,-3.459710378402929e-13,-345.9710378402929
566,3.921191891694854e-09,-3.0615501409836975e-13,-306.15501409836975
567,3.921207901783075e-09,-2.9014492587792805e-13,-290.1449258779281
568,3.921195587170854e-09,-3.024595380985072e-13,-302.4595380985072
569,3.921188621361631e-09,-3.094253473213464e-13,-309.4253473213464
570,3.92119665047503e-09,-3.0139623392289637e-13,-301.3962339228964
571,3.9211898506029495e-09,-3.0819610600323665e-13,-308.19610600323665
572,3.921189958860536e-09,-3.0808784841631397e-13,-308.087848416314
573,3.921172010273042e-09,-3.2603643591105113e-13,-326.0364359110511
574,3.9212311204604895e-09,-2.6692624846317336e-13,-266.92624846317335
575,3.921244783793108e-09,-2.5326291584507653e-13,-253.26291584507652
576,3.921235406826673e-09,-2.6263988227930623e-13,-262.6398822793062
577,3.9212243656370094e-09,-2.7368107194324686e-13,-273.6810719432469
578,3.921236700388285e-09,-2.6134632066731377e-13,-261.34632066731376
579,3.921228509430608e-09,-2.6953727834506157e-13,-269.53727834506157
580,3.921222527426436e-09,-2.755192825165874e-13,-275.5192825165874
581,3.921209456095309e-09,-2.8859061364345283e-13,-288.59061364345285
582,3.921265944519274e-09,-2.321021896789709e-13,-232.1021896789709
583,3.921269497422688e-09,-2.285492862647902e-13,-228.5492862647902
584,3.921271663089422e-09,-2.2638361953030471e-13,-226.3836195303047
585,3.921257207259226e-09,-2.408394497263798e-13,-240.83944972637983
586,3.921263884616461e-09,-2.341620924915304e-13,-234.16209249153042
587,3.921260198898281e-09,-2.3784781067184057e-13,-237.84781067184056
588,3.92125412487245e-09,-2.439218365027561e-13,-243.9218365027561
589,3.921257789828159e-09,-2.4025688079404904e-13,-240.25688079404904
590,3.921280621147242e-09,-2.174255617104691e-13,-217.4255617104691
591,3.921312955064687e-09,-1.8509164426592272e-13,-185.09164426592272
592,3.921298578164409e-09,-1.9946854454384088e-13,-199.46854454384086
593,3.9212914074409754e-09,-2.0663926797727982e-13,-206.63926797727981
594,3.921293131891636e-09,-2.049148173168873e-13,-204.9148173168873
595,3.921286787574203e-09,-2.112591347494035e-13,-211.2591347494035
596,3.921288822594576e-09,-2.092241143767025e-13,-209.22411437670252
597,3.9212785362264645e-09,-2.1951048248815873e-13,-219.51048248815874
598,3.921324488509242e-09,-1.7355819971061936e-13,-173.55819971061936
599,3.921344664400365e-09,-1.5338230858789092e-13,-153.38230858789092
600,3.921325099131906e-09,-1.7294757704707552e-13,-172.94757704707553
601,3.921320579499624e-09,-1.774672093283529e-13,-177.4672093283529
602,3.921334426848456e-09,-1.6361986049653098e-13,-163.61986049653098
603,3.921295276633268e-09,-2.027700756843308e-13,-202.7700756843308
604,3.921313092053631e-09,-1.8495465532142917e-13,-184.9546553214292
605,3.9213283524702595e-09,-1.6969423869315258e-13,-169.69423869315258
606,3.921369486585688e-09,-1.2856012326508447e-13,-128.56012326508446
607,3.921362121735855e-09,-1.3592497309750694e-13,-135.92497309750695
608,3.921352717935417e-09,-1.4532877353550565e-13,-145.32877353550566
609,3.921342846437267e-09,-1.552002716856603e-13,-155.20027168566028
610,3.921353483897147e-09,-1.4456281180569896e-13,-144.56281180569894
611,3.921346478080864e-09,-1.5156862808870285e-13,-151.56862808870284
612,3.921336656699959e-09,-1.6139000899343435e-13,-161.39000899343435
613,3.921401108805721e-09,-9.693790323161188e-14,-96.93790323161188
614,3.921380111902503e-09,-1.1793480644945497e-13,-117.93480644945497
615,3.9213674852568974e-09,-1.3056145205527546e-13,-130.56145205527545
616,3.9213834752331676e-09,-1.1457147578513337e-13,-114.57147578513337
617,3.9213757901371184e-09,-1.2225657183425375e-13,-122.25657183425375
618,3.921358830396215e-09,-1.392163127375755e-13,-139.2163127375755
619,3.921373996243309e-09,-1.2405046564379395e-13,-124.05046564379396
620,3.921393496920424e-09,-1.0454978852903517e-13,-104.54978852903517
621,3.921423045414067e-09,-7.500129488582129e-14,-75.0012948858213
622,3.921411223409103e-09,-8.682329984933167e-14,-86.82329984933168
623,3.921401723439933e-09,-9.632326902002985e-14,-96.32326902002984
624,3.921407934400498e-09,-9.011230845472939e-14,-90.11230845472939
625,3.9213872156493475e-09,-1.1083105960522132e-13,-110.83105960522131
626,3.921391730592454e-09,-1.0631611649833993e-13,-106.31611649833994
627,3.921417319200293e-09,-8.072750865980348e-14,-80.72750865980348
628,3.921434036215435e-09,-6.401049351784692e-14,-64.01049351784692
629,3.9214369500629835e-09,-6.10966459691835e-14,-61.096645969183506
630,3.921423307113366e-09,-7.47395955864376e-14,-74.7395955864376
631,3.921416768154539e-09,-8.127855441396924e-14,-81.27855441396925
632,3.921420476261494e-09,-7.757044745879725e-14,-77.57044745879726
633,3.921392701034714e-09,-1.0534567423880247e-13,-105.34567423880247
634,3.921439634574668e-09,-5.841213428505509e-14,-58.41213428505508
635,3.921476441070019e-09,-2.160563893351718e-14,-21.60563893351718
636,3.9214528410787e-09,-4.520563025233503e-14,-45.20563025233503
637,3.921403553220834e-09,-9.449348811858037e-14,-94.49348811858037
638,3.921390594375683e-09,-1.0745233327005043e-13,-107.45233327005043
639,3.9214329905024395e-09,-6.505620651320919e-14,-65.05620651320919
640,3.921436081345993e-09,-6.196536295988752e-14,-61.965362959887514
641,3.921460665467624e-09,-3.7381241329104576e-14,-37.381241329104576
642,3.9214790782833835e-09,-1.896842556916344e-14,-18.96842556916344
643,3.921479834216243e-09,-1.8212492709452234e-14,-18.212492709452235
644,3.9214663148114635e-09,-3.173189748915161e-14,-31.731897489151606
645,3.921459278203839e-09,-3.876850511385409e-14,-38.76850511385409
646,3.921462329365593e-09,-3.5717343360045385e-14,-35.71734336004538
647,3.921438447996705e-09,-5.959871224767753e-14,-59.59871224767753
648,3.9214959639732785e-09,-2.0827356742224478e-15,-2.0827356742224477
649,3.921516640440544e-09,1.859373159154255e-14,18.59373159154255
650,3.921491466323196e-09,-6.58038575645269e-15,-6.58038575645269
651,3.921485988310405e-09,-1.2058398548098638e-14,-12.058398548098637
652,3.921478213333995e-09,-1.9833374957318063e-14,-19.833374957318064
653,3.921474750066996e-09,-2.329664195688851e-14,-23.29664195688851
654,3.9214635445393876e-09,-3.450216956512363e-14,-34.50216956512363
655,3.921527669487144e-09,2.9622778191151343e-14,29.622778191151344
656,3.921525604840947e-09,2.7558131994087197e-14,27.558131994087198
657,3.921504687870534e-09,6.641161581410603e-15,6.641161581410603
658,3.921507626681838e-09,9.579972885095499e-15,9.579972885095499
659,3.9214979512616505e-09,-9.544730216514244e-17,-0.09544730216514244
660,3.921490952059001e-09,-7.094649951916877e-15,-7.094649951916877
661,3.9215007399651634e-09,2.6932562107391356e-15,2.693256210739136
662,3.9215519606031375e-09,5.3913894184820076e-14,53.91389418482007
663,3.92153493380433e-09,3.6887095377130096e-14,36.887095377130095
664,3.921523909202959e-09,2.5862494006428493e-14,25.86249400642849
665,3.921532621417936e-09,3.457470898365301e-14,34.57470898365301
666,3.921499875341036e-09,1.828632083236258e-15,1.828632083236258
667,3.9215030071945364e-09,4.960485583732198e-15,4.960485583732198
668,3.921545942359508e-09,4.7895650555678914e-14,47.89565055567891
669,3.921568688704247e-09,7.06419952939903e-14,70.6419952939903
670,3.9215428707063335e-09,4.482399738081023e-14,44.82399738081023
671,3.921543350953686e-09,4.5304244733112685e-14,45.30424473311268
672,3.9215353318962625e-09,3.728518730981246e-14,37.285187309812464
673,3.921527206451501e-09,2.9159742548337097e-14,29.159742548337096
674,3.921534971805616e-09,3.692509666327571e-14,36.92509666327571
675,3.921583151012551e-09,8.5104303598046e-14,85.104303598046
676,3.92157200912761e-09,7.396241865733578e-14,73.96241865733577
677,3.921557123926249e-09,5.90772172959021e-14,59.07721729590211
678,3.921556746922048e-09,5.870021309547458e-14,58.70021309547458
679,3.921538710920753e-09,4.0664211800580784e-14,40.66421180058079
680,3.921534843761339e-09,3.6797052386705175e-14,36.797052386705175
681,3.921588829656954e-09,9.07829480017104e-14,90.7829480017104
682,3.9215995714712935e-09,1.0152476234077347e-13,101.52476234077346
683,3.921573450330453e-09,7.540362150016645e-14,75.40362150016645
684,3.921577090566352e-09,7.904385739934084e-14,79.04385739934084
685,3.92156598052985e-09,6.793382089744738e-14,67.93382089744738
686,3.921556855477791e-09,5.88087688379947e-14,58.8087688379947
687,3.921575776350689e-09,7.772964173596254e-14,77.72964173596255
688,3.921622012369175e-09,1.2396566022204137e-13,123.96566022204138
689,3.921597034980311e-09,9.898827135824363e-14,98.98827135824362
690,3.921592628132161e-09,9.458142320795905e-14,94.58142320795905
691,3.92158231463189e-09,8.426792293713637e-14,84.26792293713638
692,3.921575607838566e-09,7.756112961330398e-14,77.56112961330398
693,3.921579766350209e-09,8.171964125598076e-14,81.71964125598076
694,3.921630900821215e-09,1.328541122624034e-13,132.85411226240342
695,3.9216198164532e-09,1.2176974424694354e-13,121.76974424694355
696,3.921604219337587e-09,1.0617262863400157e-13,106.17262863400157
697,3.9216022204753564e-09,1.0417376640375299e-13,104.17376640375299
698,3.921592570723656e-09,9.452401470292594e-14,94.52401470292594
699,3.921583972133066e-09,8.59254241133779e-14,85.9254241133779
700,3.921650964497413e-09,1.529177884602796e-13,152.9177884602796
701,3.921633200468233e-09,1.351537592803538e-13,135.1537592803538
702,3.921619966994671e-09,1.2192028571859316e-13,121.92028571859316
703,3.9216194440568584e-09,1.2139734790574909e-13,121.39734790574909
704,3.92160780436049e-09,1.0975765153754214e-13,109.75765153754215
705,3.921594999146787e-09,9.695243783391328e-14,96.95243783391328
706,3.921651917619543e-09,1.538709105901116e-13,153.8709105901116
707,3.921654666559941e-09,1.5661985098833998e-13,156.61985098833998
708,3.9216279116758256e-09,1.2986496687286088e-13,129.86496687286086
709,3.921637773389051e-09,1.3972668009840884e-13,139.72668009840885
710,3.921614617812203e-09,1.165711032500928e-13,116.5711032500928
711,3.921616343563906e-09,1.182968549530923e-13,118.29685495309229
712,3.921649437236023e-09,1.513905270700079e-13,151.3905270700079
713,3.921681837533745e-09,1.837908247925647e-13,183.7908247925647
714,3.9216513794757945e-09,1.5333276684179843e-13,153.33276684179842
715,3.921646979810484e-09,1.4893310153090656e-13,148.93310153090655
716,3.921645193695825e-09,1.4714698687195394e-13,147.14698687195394
717,3.921625682230898e-09,1.2763552194557893e-13,127.63552194557893
718,3.921659612121046e-09,1.615654120930783e-13,161.5654120930783
719,3.921693572341749e-09,1.9552563279635294e-13,195.52563279635294
720,3.9216652224607126e-09,1.671757517598761e-13,167.1757517598761
721,3.9216633409904725e-09,1.6529428151985338e-13,165.29428151985337
722,3.921654455872354e-09,1.5640916340117173e-13,156.40916340117172
723,3.921629706111736e-09,1.3165940278348732e-13,131.6594027834873
724,3.921682864977934e-09,1.848182689813206e-13,184.81826898132059
725,3.921706688450426e-09,2.0864174147294202e-13,208.64174147294202
726,3.92168000596391e-09,1.8195925495753064e-13,181.95925495753065
727,3.9216646496496e-09,1.666029406470977e-13,166.60294064709768
728,3.921660445465941e-09,1.6239875698790497e-13,162.39875698790496
729,3.921660848762044e-09,1.6280205309101526e-13,162.80205309101527
730,3.921684851886835e-09,1.8680517788261753e-13,186.80517788261753
731,3.921724777442102e-09,2.2673073314901605e-13,226.73073314901606
732,3.9216918173979026e-09,1.9377068894985928e-13,193.77068894985928
733,3.921675057123094e-09,1.7701041414122055e-13,177.01041414122054
734,3.921672308779007e-09,1.7426207005418704e-13,174.26207005418703
735,3.921666227705862e-09,1.6818099690915035e-13,168.18099690915034
736,3.9217047819893255e-09,2.067352803728435e-13,206.7352803728435
737,3.921727777998719e-09,2.29731289766424e-13,229.731289766424
738,3.921699364366595e-09,2.01317657642205e-13,201.317657642205
739,3.921697949889336e-09,1.999031803829261e-13,199.9031803829261
740,3.9216856145688535e-09,1.8756785990085246e-13,187.56785990085245
741,3.921669397804594e-09,1.7135109564128071e-13,171.35109564128072
742,3.92173242713895e-09,2.3438042999720477e-13,234.38042999720477
743,3.921732920586464e-09,2.3487387751095724e-13,234.87387751095724
744,3.921710414311191e-09,2.1236760223868846e-13,212.36760223868845
745,3.921707349705331e-09,2.0930299637794093e-13,209.30299637794093
746,3.921695478260748e-09,1.974315517953652e-13,197.4315517953652
747,3.921683521435244e-09,1.8547472629170626e-13,185.47472629170625
748,3.92175091969778e-09,2.528729888269322e-13,252.87298882693221
749,3.9217386297240534e-09,2.405830151007228e-13,240.58301510072278
750,3.921721426715288e-09,2.233800063349496e-13,223.3800063349496
751,3.921714108079573e-09,2.1606137062012932e-13,216.0613706201293
752,3.921696258181581e-09,1.9821147262814266e-13,198.21147262814267
753,3.921703314304845e-09,2.0526759589194988e-13,205.2675958919499
754,3.921764846654156e-09,2.667999452032689e-13,266.7999452032689
755,3.921742552286198e-09,2.445055772456124e-13,244.50557724561241
756,3.921732594024769e-09,2.345473158166046e-13,234.5473158166046
757,3.921723271295549e-09,2.252245865960535e-13,225.2245865960535
758,3.921711315933718e-09,2.132692247653274e-13,213.2692247653274
759,3.921725540774641e-09,2.2749406568855447e-13,227.49406568855446
760,3.921778080344558e-09,2.8003363560546403e-13,280.03363560546404
761,3.921745092409258e-09,2.4704570030542007e-13,247.04570030542007
762,3.921744719470816e-09,2.4667276186313937e-13,246.67276186313936
763,3.921729873897044e-09,2.3182718809111004e-13,231.82718809111003
764,3.9258517095552056e-09,4.353662846252862e-12,4353.6628462528615
765,3.92765951427493e-09,6.161467565977249e-12,6161.467565977249
766,3.922451588712775e-09,9.535420038224242e-13,953.5420038224241
767,3.921194041315397e-09,-3.0400539355603705e-13,-304.00539355603706
768,3.9206260617327595e-09,-8.71984976193194e-13,-871.984976193194
769,3.9208419144590775e-09,-6.561322498752274e-13,-656.1322498752274
770,3.92084176866099e-09,-6.562780479623724e-13,-656.2780479623724
771,3.920861833177445e-09,-6.362135315078126e-13,-636.2135315078126
772,3.920875754902546e-09,-6.222918064069581e-13,-622.2918064069581
773,3.9208734521384465e-09,-6.245945705061544e-13,-624.5945705061544
774,3.920934498412819e-09,-5.63548296133815e-13,-563.5482961338149
775,3.920946803619586e-09,-5.512430893670821e-13,-551.2430893670821
776,3.920950427592452e-09,-5.47619116500495e-13,-547.619116500495
777,3.9209547830494195e-09,-5.432636595331862e-13,-543.2636595331862
778,3.9209514428393665e-09,-5.466038695861796e-13,-546.6038695861796
779,3.92096474952368e-09,-5.332971852727218e-13,-533.2971852727219
780,3.920971076087302e-09,-5.269706216507801e-13,-526.9706216507801
781,3.9209704155913384e-09,-5.276311176142583e-13,-527.6311176142583
782,3.9209622270460105e-09,-5.358196629421723e-13,-535.8196629421723
783,3.920990172004641e-09,-5.078747043120645e-13,-507.87470431206447
784,3.920996290970652e-09,-5.017557383010994e-13,-501.7557383010994
785,3.92102647578255e-09,-4.715709264028538e-13,-471.5709264028538
786,3.921033706814729e-09,-4.643398942235703e-13,-464.33989422357035
787,3.921027095756457e-09,-4.709509524955723e-13,-470.95095249557227
788,3.9210216047874495e-09,-4.764419215031794e-13,-476.4419215031794
789,3.92103375701329e-09,-4.642896956629843e-13,-464.2896956629843
790,3.9210334894321935e-09,-4.645572767591537e-13,-464.5572767591537
791,3.921038453424735e-09,-4.595932842174831e-13,-459.59328421748313
792,3.921035370170597e-09,-4.626765383555974e-13,-462.6765383555974
793,3.921031540687209e-09,-4.665060217439791e-13,-466.50602174397915
794,3.921066334361227e-09,-4.3171234772566057e-13,-431.71234772566055
795,3.921089252579115e-09,-4.087941298379559e-13,-408.79412983795595
796,3.9210796804833945e-09,-4.183662255581787e-13,-418.3662255581787
797,3.921080373532528e-09,-4.1767317642447165e-13,-417.67317642447165
798,3.921079807904255e-09,-4.1823880469785734e-13,-418.23880469785735
799,3.921086424139592e-09,-4.116225693604818e-13,-411.6225693604818
800,3.921083387668778e-09,-4.146590401748533e-13,-414.6590401748533
801,3.9210884979201926e-09,-4.0954878876011446e-13,-409.54878876011446
802,3.921081259163073e-09,-4.1678754587987687e-13,-416.78754587987686
803,3.9211058771931265e-09,-3.9216951582614944e-13,-392.16951582614945
804,3.9211350597143264e-09,-3.6298699462625804e-13,-362.986994626258
805,3.9211370898828944e-09,-3.6095682605827894e-13,-360.9568260582789
806,3.921131562186538e-09,-3.6648452241447903e-13,-366.48452241447904
807,3.921122247073838e-09,-3.7579963511476843e-13,-375.7996351147684
808,3.921132841517997e-09,-3.6520519095600045e-13,-365.2051909560004
809,3.92111676339609e-09,-3.812833128627656e-13,-381.2833128627656
810,3.92113296294864e-09,-3.6508376031268207e-13,-365.08376031268205
811,3.921125141134697e-09,-3.7290557425575287e-13,-372.90557425575287
812,3.921151613719672e-09,-3.464329892809347e-13,-346.4329892809347
813,3.921182923526849e-09,-3.151231821034638e-13,-315.12318210346376
814,3.921177275077476e-09,-3.2077163147662445e-13,-320.77163147662446
815,3.921171034220036e-09,-3.270124889168312e-13,-327.0124889168312
816,3.921164745034284e-09,-3.333016746688765e-13,-333.3016746688765
817,3.921171631642538e-09,-3.264150664147374e-13,-326.4150664147374
818,3.921167196306976e-09,-3.30850401977104e-13,-330.850401977104
819,3.921167973110727e-09,-3.3007359822557246e-13,-330.0735982255725
820,3.921167554988159e-09,-3.304917207933915e-13,-330.4917207933915
821,3.9212101224730695e-09,-2.8792423588318893e-13,-287.92423588318894
822,3.921221421757061e-09,-2.766249518920881e-13,-276.6249518920881
823,3.921212090110277e-09,-2.859565986755079e-13,-285.9565986755079
824,3.921207647971346e-09,-2.903987376065069e-13,-290.3987376065069
825,3.9212041901253575e-09,-2.9385658359521493e-13,-293.85658359521494
826,3.921206081244997e-09,-2.919654639558571e-13,-291.9654639558571
827,3.921202084713159e-09,-2.9596199579396453e-13,-295.96199579396455
828,3.9212014442749354e-09,-2.966024340172517e-13,-296.6024340172517
829,3.921234276166438e-09,-2.6377054251488273e-13,-263.7705425148827
830,3.9212604707348706e-09,-2.3757597408214414e-13,-237.57597408214414
831,3.921247878702419e-09,-2.5016800653360803e-13,-250.16800653360804
832,3.921243151228581e-09,-2.548954803713509e-13,-254.89548037135089
833,3.92123650322612e-09,-2.6154348283238026e-13,-261.5434828323803
834,3.921238139476934e-09,-2.5990723201871945e-13,-259.90723201871947
835,3.921232618746577e-09,-2.654279623759613e-13,-265.42796237596133
836,3.921228638938557e-09,-2.694077703955582e-13,-269.4077703955582
837,3.92127926741241e-09,-2.187792965430345e-13,-218.77929654303452
838,3.921288407778825e-09,-2.0963893012789546e-13,-209.63893012789546
839,3.921282378584754e-09,-2.1566812419897873e-13,-215.66812419897872
840,3.921273284161406e-09,-2.247625475470587e-13,-224.7625475470587
841,3.921272639494794e-09,-2.2540721415881858e-13,-225.4072141588186
842,3.921269257841113e-09,-2.287888678398552e-13,-228.7888678398552
843,3.921266550479868e-09,-2.3149622908476874e-13,-231.49622908476874
844,3.9212636626802765e-09,-2.343840286762382e-13,-234.3840286762382
845,3.921308047857234e-09,-1.8999885171880936e-13,-189.99885171880936
846,3.921325865500211e-09,-1.7218120874145414e-13,-172.18120874145413
847,3.921302416185889e-09,-1.9563052306335082e-13,-195.6305230633508
848,3.921299987654338e-09,-1.980590546145554e-13,-198.0590546145554
849,3.9213021902110515e-09,-1.958564979011511e-13,-195.8564979011511
850,3.921300639747735e-09,-1.97406961217914e-13,-197.406961217914
851,3.921294011288018e-09,-2.0403542093478432e-13,-204.03542093478433
852,3.921301473824466e-09,-1.965728844866209e-13,-196.5728844866209
853,3.9213423645365064e-09,-1.556821724462758e-13,-155.68217244627579
854,3.921344926126769e-09,-1.5312058218345291e-13,-153.1205821834529
855,3.921330678761546e-09,-1.6736794740681337e-13,-167.36794740681336
856,3.921331533139963e-09,-1.6651356898984048e-13,-166.51356898984048
857,3.9213371154530035e-09,-1.6093125594920142e-13,-160.93125594920141
858,3.921317608514621e-09,-1.804381943315063e-13,-180.4381943315063
859,3.921314378866085e-09,-1.8366784286796044e-13,-183.66784286796045
860,3.9213503625333025e-09,-1.476841756501761e-13,-147.6841756501761
861,3.921380540839988e-09,-1.175058689649654e-13,-117.50586896496539
862,3.92137053565971e-09,-1.275110492429875e-13,-127.5110492429875
863,3.9213415201327494e-09,-1.5652657620326181e-13,-156.5265762032618
864,3.921369646939189e-09,-1.2839976976377386e-13,-128.39976976377386
865,3.9213490429779434e-09,-1.490037310092539e-13,-149.0037310092539
866,3.921345644275183e-09,-1.5240243376945283e-13,-152.40243376945284
867,3.921366143719339e-09,-1.319029896134004e-13,-131.9029896134004
868,3.921396129688559e-09,-1.0191702039358862e-13,-101.91702039358861
869,3.921384001613322e-09,-1.1404509563039166e-13,-114.04509563039166
870,3.921393580403991e-09,-1.0446630496175379e-13,-104.46630496175379
871,3.921392046203707e-09,-1.060005052459294e-13,-106.0005052459294
872,3.921374750495655e-09,-1.232962132974501e-13,-123.2962132974501
873,3.921362674218177e-09,-1.3537249077546264e-13,-135.37249077546264
874,3.921378549296122e-09,-1.194974128305497e-13,-119.4974128305497
875,3.9214273501303725e-09,-7.069657858018484e-14,-70.69657858018485
876,3.921418442840319e-09,-7.960386863329382e-14,-79.60386863329381
877,3.921408682310262e-09,-8.936439869109457e-14,-89.36439869109458
878,3.921401506138712e-09,-9.654057024045025e-14,-96.54057024045025
879,3.921411157760662e-09,-8.688894829087567e-14,-86.88894829087567
880,3.921390469800853e-09,-1.0757690809966901e-13,-107.57690809966901
881,3.921387079066979e-09,-1.1096764197390018e-13,-110.96764197390017
882,3.9214585683495715e-09,-3.9478359381234663e-14,-39.47835938123466
883,3.921431840733141e-09,-6.620597581207576e-14,-66.20597581207576
884,3.921431968072686e-09,-6.607863626691734e-14,-66.07863626691733
885,3.921428619460066e-09,-6.942724888674744e-14,-69.42724888674744
886,3.921418811631688e-09,-7.923507726432287e-14,-79.23507726432287
887,3.921410295928355e-09,-8.77507805977844e-14,-87.7507805977844
888,3.921414560935756e-09,-8.348577319671523e-14,-83.48577319671523
889,3.921478563612612e-09,-1.948309634044231e-14,-19.48309634044231
890,3.921454212973919e-09,-4.3833735033380495e-14,-43.83373503338049
891,3.921482461156792e-09,-1.5585552160682793e-14,-15.585552160682793
892,3.921410373746966e-09,-8.767296198685425e-14,-87.67296198685425
893,3.9213796204607635e-09,-1.1842624818918833e-13,-118.42624818918833
894,3.921441815094972e-09,-5.623161398080655e-14,-56.23161398080655
895,3.921428760135298e-09,-6.928657365486745e-14,-69.28657365486744
896,3.921490234886369e-09,-7.811822583961726e-15,-7.811822583961726
897,3.921483183370964e-09,-1.4863337988535886e-14,-14.863337988535886
898,3.921461425764397e-09,-3.6620944555649116e-14,-36.62094455564912
899,3.921466285592215e-09,-3.176111673770009e-14,-31.761116737700092
900,3.921469705680863e-09,-2.834102808964888e-14,-28.34102808964888
901,3.921455334201596e-09,-4.271250735670461e-14,-42.71250735670461
902,3.9214638099791845e-09,-3.423672976824487e-14,-34.23672976824487
903,3.921507051702321e-09,9.004993367972124e-15,9.004993367972125
904,3.9215019332922846e-09,3.886583331885306e-15,3.8865833318853062
905,3.921484955445205e-09,-1.3091263747716953e-14,-13.091263747716953
906,3.921487611035796e-09,-1.0435673156539583e-14,-10.435673156539583
907,3.921478274130632e-09,-1.9772578320495938e-14,-19.77257832049594
908,3.921470872905817e-09,-2.7173803135805298e-14,-27.173803135805297
909,3.921493832702858e-09,-4.214006094785828e-15,-4.214006094785828
910,3.921532122576517e-09,3.407586756409243e-14,34.075867564092434
911,3.92151343198816e-09,1.5385279207560508e-14,15.385279207560508
912,3.921504728040225e-09,6.681331271901191e-15,6.681331271901191
913,3.9215027577196165e-09,4.711010663843284e-15,4.711010663843283
914,3.92149459234911e-09,-3.4543598426338595e-15,-3.4543598426338593
915,3.921482020103348e-09,-1.6026605604449896e-14,-16.026605604449895
916,3.921538389861385e-09,4.0343152432253514e-14,40.34315243225351
917,3.921546846557015e-09,4.879984806247751e-14,48.799848062477515
918,3.921521758715055e-09,2.3712006102357807e-14,23.712006102357808
919,3.921525819512977e-09,2.7772804024239327e-14,27.772804024239328
920,3.92151610950674e-09,1.8062797787676398e-14,18.0627977876764
921,3.92150827666104e-09,1.0229952087500559e-14,10.229952087500559
922,3.9215190465291105e-09,2.0999820157776693e-14,20.999820157776693
923,3.921565003880533e-09,6.695717158047244e-14,66.95717158047243
924,3.921552461287701e-09,5.441457874807388e-14,54.41457874807388
925,3.921538578675193e-09,4.0531966240591865e-14,40.53196624059186
926,3.921538113715092e-09,4.0067006138921456e-14,40.06700613892146
927,3.921528886856448e-09,3.084014749547238e-14,30.84014749547238
928,3.921516664428517e-09,1.861771956460879e-14,18.61771956460879
929,3.9215816127465084e-09,8.356603755572357e-14,83.56603755572357
930,3.921561594118911e-09,6.354740995811415e-14,63.54740995811415
931,3.921555947350051e-09,5.790064109832084e-14,57.90064109832084
932,3.921562517317061e-09,6.447060810798556e-14,64.47060810798556
933,3.921534934590376e-09,3.688788142370515e-14,36.887881423705146
934,3.921550518641353e-09,5.247193240046867e-14,52.47193240046867
935,3.921563905692153e-09,6.585898319996187e-14,65.85898319996187
936,3.921596375297499e-09,9.832858854639482e-14,98.32858854639483
937,3.921575311905583e-09,7.726519663032406e-14,77.26519663032406
938,3.921567045297699e-09,6.899858874599108e-14,68.99858874599109
939,3.921567935265052e-09,6.988855609927581e-14,69.88855609927582
940,3.921546281091372e-09,4.82343824194177e-14,48.2343824194177
941,3.92156632996821e-09,6.828325925763946e-14,68.28325925763946
942,3.921629531365451e-09,1.3148465649833697e-13,131.48465649833696
943,3.921599810483662e-09,1.017637747096979e-13,101.7637747096979
944,3.9215843276429584e-09,8.62809340057359e-14,86.2809340057359
945,3.921585680862795e-09,8.763415384226937e-14,87.63415384226937
946,3.9215756335070524e-09,7.758679809973757e-14,77.58679809973758
947,3.9215407407369555e-09,4.2694028002853833e-14,42.694028002853834
948,3.92163221831659e-09,1.3417160763735348e-13,134.17160763735347
949,3.921623925552328e-09,1.258788433756093e-13,125.87884337560929
950,3.921608866309413e-09,1.1081960046043738e-13,110.81960046043739
951,3.921589629472897e-09,9.158276394435295e-14,91.58276394435295
952,3.9216002252180984e-09,1.0217850914572791e-13,102.17850914572792
953,3.921574959160406e-09,7.69124514535059e-14,76.91245145350591
954,3.921610352344016e-09,1.1230563506310033e-13,112.30563506310033
955,3.921645217466957e-09,1.471707580045857e-13,147.17075800458568
956,3.921621151214494e-09,1.2310450554149045e-13,123.10450554149045
957,3.921615185744406e-09,1.1713903545309502e-13,117.13903545309502
958,3.9216123618856374e-09,1.143151766847479e-13,114.3151766847479
959,3.921598766722231e-09,1.007200132782461e-13,100.7200132782461
960,3.9216004922299885e-09,1.0244552103575678e-13,102.44552103575678
961,3.921665223084129e-09,1.6717637517612528e-13,167.17637517612528
962,3.921643824809267e-09,1.4577810031402806e-13,145.77810031402805
963,3.92162298820534e-09,1.2494149638738695e-13,124.94149638738695
964,3.9216272114980626e-09,1.2916478910986974e-13,129.16478910986973
965,3.9216128485297826e-09,1.1480182082986802e-13,114.80182082986802
966,3.921623159373758e-09,1.251126648053681e-13,125.1126648053681
967,3.921677583259946e-09,1.7953655099300315e-13,179.53655099300315
968,3.921647343506102e-09,1.4929679714966683e-13,149.29679714966682
969,3.921639965103743e-09,1.4191839479008829e-13,141.91839479008829
970,3.9216426488835904e-09,1.4460217463775028e-13,144.60217463775027
971,3.921620423443786e-09,1.2237673483320955e-13,122.37673483320955
972,3.921619167205834e-09,1.211204968810049e-13,121.12049688100491
973,3.921704591223953e-09,2.0654451500059469e-13,206.54451500059469
974,3.9216599609902e-09,1.6191428124712982e-13,161.91428124712982
975,3.921658872017538e-09,1.6082530858508538e-13,160.82530858508537
976,3.921648848514243e-09,1.5080180529034827e-13,150.80180529034826
977,3.921643395058631e-09,1.4534834967790912e-13,145.3483496779091
978,3.9216263646006406e-09,1.28317891687887e-13,128.317891687887
979,3.921705296768517e-09,2.0725005956433963e-13,207.25005956433964
980,3.921681466980548e-09,1.8342027159506348e-13,183.42027159506347
981,3.921665600793061e-09,1.6755408410796492e-13,167.5540841079649
982,3.921661823378482e-09,1.637766695289168e-13,163.77666952891678
983,3.921652637692416e-09,1.5459098346296786e-13,154.59098346296787
984,3.921645480006513e-09,1.4743329756065305e-13,147.43329756065305
985,3.921710415286973e-09,2.123685780206437e-13,212.3685780206437
986,3.921693363876776e-09,1.953171678236383e-13,195.3171678236383
987,3.921679830648419e-09,1.8178393946623973e-13,181.78393946623973
988,3.921674735277679e-09,1.7668856872631823e-13,176.68856872631824
989,3.921663755752014e-09,1.657090430609377e-13,165.70904306093772
990,3.921659088559817e-09,1.6104185086398505e-13,161.04185086398505
991,3.92172171969382e-09,2.236729848670095e-13,223.6729848670095
992,3.92170514121261e-09,2.0709450365764227e-13,207.09450365764226
993,3.9216912644276895e-09,1.9321771873683736e-13,193.21771873683736
994,3.9216849193242104e-09,1.8687261525774613e-13,186.87261525774613
995,3.921673806577203e-09,1.7575986825042146e-13,175.75986825042145
996,3.921674469593937e-09,1.7642288498395066e-13,176.42288498395067
997,3.921734287331722e-09,2.3624062276959247e-13,236.24062276959248
998,3.9217129880174135e-09,2.1494130846078886e-13,214.94130846078886
999,3.921702564822988e-09,2.0451811403516497e-13,204.51811403516496
1000,3.921694189740676e-09,1.9614303172347481e-13,196.14303172347482
1001,3.9216828397431285e-09,1.84793034175756e-13,184.793034175756
1002,3.921691408409738e-09,1.9336170078534344e-13,193.36170078534343
1003,3.9217468368363435e-09,2.487901273908406e-13,248.7901273908406
1004,3.92171915951302e-09,2.2111280406701085e-13,221.11280406701084
1005,3.9217139119474e-09,2.158652384471267e-13,215.8652384471267
1006,3.921702550619939e-09,2.045039109867054e-13,204.5039109867054
1007,3.921690659659718e-09,1.9261295076502495e-13,192.61295076502495
1008,3.9217114119940305e-09,2.1336528507780962e-13,213.36528507780963
1009,3.921760107145674e-09,2.6206043672141145e-13,262.06043672141146
1010,3.921709976645879e-09,2.1192993692671037e-13,211.92993692671038
1011,3.921724667124531e-09,2.2662041557796565e-13,226.62041557796564
1012,3.921710288272689e-09,2.1224156373613702e-13,212.241563736137
1013,3.9216970185867745e-09,1.9897187782181537e-13,198.97187782181535
1014,3.921739750409629e-09,2.4170370067631243e-13,241.70370067631242
1015,3.921761168471181e-09,2.631217622280575e-13,263.1217622280575
1016,3.9217377663738635e-09,2.397196649107726e-13,239.71966491077256
1017,3.921731445990194e-09,2.33399281241214e-13,233.39928124121403
1018,3.9217182685698845e-09,2.2022186093177088e-13,220.2218609317709
1019,3.925812923631948e-09,4.314876922995017e-12,4314.876922995017
1020,3.9276889281648734e-09,6.190881455920749e-12,6190.8814559207485
1021,3.922484550193542e-09,9.865034845894595e-13,986.5034845894595
1022,3.9212143749850405e-09,-2.8367172391215766e-13,-283.67172391215763
1023,3.920651118837588e-09,-8.469278713646643e-13,-846.9278713646643
1024,3.920848174859262e-09,-6.498718496908616e-13,-649.8718496908616
1025,3.9208877976239665e-09,-6.10249084986184e-13,-610.249084986184
1026,3.920885600976155e-09,-6.124457327977483e-13,-612.4457327977483
1027,3.920899988040828e-09,-5.980586681244631e-13,-598.0586681244631
1028,3.920928246089941e-09,-5.698006190119957e-13,-569.8006190119958
1029,3.920956015082558e-09,-5.420316263944823e-13,-542.0316263944823
1030,3.9209677511644996e-09,-5.302955444531414e-13,-530.2955444531414
1031,3.920973364865193e-09,-5.246818437596089e-13,-524.6818437596089
1032,3.920971236034227e-09,-5.268106747252842e-13,-526.8106747252842
1033,3.920975911385046e-09,-5.221353239069836e-13,-522.1353239069836
1034,3.92098493173028e-09,-5.131149786723387e-13,-513.1149786723387
1035,3.920994092127331e-09,-5.03954581622063e-13,-503.95458162206296
1036,3.9209898585346875e-09,-5.081881742651844e-13,-508.18817426518433
1037,3.920994502606273e-09,-5.035441026795599e-13,-503.54410267955996
1038,3.921006254924142e-09,-4.917917848106861e-13,-491.79178481068607
1039,3.921036865420918e-09,-4.611812880344683e-13,-461.1812880344683
1040,3.921051592030607e-09,-4.4645467834581497e-13,-446.45467834581495
1041,3.921043634772707e-09,-4.544119362452835e-13,-454.4119362452835
1042,3.921045176968983e-09,-4.5286973997008583e-13,-452.86973997008585
1043,3.921048929907698e-09,-4.4911680125508157e-13,-449.11680125508155
1044,3.921049520662356e-09,-4.4852604659634853e-13,-448.5260465963485
1045,3.921050719112333e-09,-4.4732759661993736e-13,-447.32759661993737
1046,3.921055706686272e-09,-4.4234002268101523e-13,-442.3400226810152
1047,3.921036159144518e-09,-4.618875644346797e-13,-461.8875644346797
1048,3.9210956818708925e-09,-4.023648380601712e-13,-402.36483806017117
1049,3.921106562923896e-09,-3.9148378505710667e-13,-391.4837850571067
1050,3.921102136289056e-09,-3.959104198970391e-13,-395.9104198970391
1051,3.9210958515756376e-09,-4.021951333151229e-13,-402.1951333151229
1052,3.921101621021973e-09,-3.9642568697951285e-13,-396.4256869795129
1053,3.921100223702213e-09,-3.9782300673941217e-13,-397.82300673941216
1054,3.92109871010177e-09,-3.9933660718231056e-13,-399.33660718231056
1055,3.921094496214502e-09,-4.0355049445094703e-13,-403.55049445094704
1056,3.921100346623635e-09,-3.977000853181066e-13,-397.70008531810663
1057,3.921137576554145e-09,-3.604701548081045e-13,-360.4701548081045
1058,3.921138398813072e-09,-3.596478958804915e-13,-359.6478958804915
1059,3.921148625577169e-09,-3.4942113178346767e-13,-349.4211317834677
1060,3.921141073106151e-09,-3.5697360280183875e-13,-356.97360280183875
1061,3.921134744590965e-09,-3.6330211798769095e-13,-363.30211798769096
1062,3.92114889795586e-09,-3.49148753092685e-13,-349.148753092685
1063,3.921140846751842e-09,-3.571999571103994e-13,-357.1999571103994
1064,3.9211408358014e-09,-3.572109075523415e-13,-357.2109075523415
1065,3.921120680130648e-09,-3.773665783045531e-13,-377.3665783045531
1066,3.92118970859957e-09,-3.0833810938277794e-13,-308.33810938277793
1067,3.921197722940714e-09,-3.00323768238928e-13,-300.32376823892804
1068,3.921185450964744e-09,-3.125957442090742e-13,-312.5957442090742
1069,3.921176612711264e-09,-3.2143399768885016e-13,-321.4339976888502
1070,3.921183584863069e-09,-3.1446184588330194e-13,-314.4618458833019
1071,3.921182060095344e-09,-3.1598661360857693e-13,-315.98661360857693
1072,3.921178616018723e-09,-3.194306902296944e-13,-319.4306902296944
1073,3.921175238837376e-09,-3.228078715767695e-13,-322.80787157676946
1074,3.921198559321375e-09,-2.994873875780184e-13,-299.4873875780184
1075,3.92122895975398e-09,-2.690869549727197e-13,-269.0869549727197
1076,3.921225310817358e-09,-2.727358915943283e-13,-272.7358915943283
1077,3.921214939664637e-09,-2.831070443156729e-13,-283.1070443156729
1078,3.921216569193397e-09,-2.814775155554815e-13,-281.4775155554815
1079,3.921215208655196e-09,-2.8283805375667924e-13,-282.83805375667924
1080,3.921218109112848e-09,-2.79937596104846e-13,-279.937596104846
1081,3.9212109683676045e-09,-2.8707834134821574e-13,-287.07834134821576
1082,3.921214048396241e-09,-2.839983127115646e-13,-283.9983127115646
1083,3.921261390815939e-09,-2.3665589301351863e-13,-236.65589301351864
1084,3.92126417580606e-09,-2.338709028930551e-13,-233.8709028930551
1085,3.921247588597023e-09,-2.5045811192991084e-13,-250.45811192991084
1086,3.921249108160578e-09,-2.489385483750638e-13,-248.9385483750638
1087,3.921249282147921e-09,-2.4876456103143417e-13,-248.76456103143417
1088,3.921236430340629e-09,-2.616163683234256e-13,-261.6163683234256
1089,3.921257021128818e-09,-2.4102558013434127e-13,-241.02558013434125
1090,3.9212487807044165e-09,-2.492660045362087e-13,-249.26600453620873
1091,3.92128902184383e-09,-2.0902486512245399e-13,-209.02486512245397
1092,3.921294744425527e-09,-2.0330228342574962e-13,-203.3022834257496
1093,3.921281931026097e-09,-2.1611568285578075e-13,-216.11568285578073
1094,3.921279752186306e-09,-2.1829452264666193e-13,-218.29452264666193
1095,3.921281334118591e-09,-2.1671259036184264e-13,-216.71259036184264
1096,3.921274917945659e-09,-2.231287632933403e-13,-223.12876329334028
1097,3.921264786211883e-09,-2.3326049706994577e-13,-233.26049706994579
1098,3.9212973203543635e-09,-2.0072635458919562e-13,-200.7263545891956
1099,3.921323827389862e-09,-1.742193190903467e-13,-174.21931909034672
1100,3.921324513960888e-09,-1.7353274806462026e-13,-173.53274806462025
1101,3.9213092464156305e-09,-1.8880029332218095e-13,-188.80029332218095
1102,3.921311142034709e-09,-1.869046742438073e-13,-186.90467424380728
1103,3.921306749823288e-09,-1.9129688566476332e-13,-191.29688566476332
1104,3.9213001924872336e-09,-1.9785422171911858e-13,-197.85422171911858
1105,3.921280487627745e-09,-2.175590812080107e-13,-217.5590812080107
1106,3.921362207414932e-09,-1.3583929402082627e-13,-135.8392940208263
1107,3.9213459663103335e-09,-1.5208039861917032e-13,-152.08039861917032
1108,3.921332809896441e-09,-1.6523681251152155e-13,-165.23681251152155
1109,3.9213304630053136e-09,-1.6758370363913798e-13,-167.58370363913798
1110,3.921351506068439e-09,-1.4654064051380132e-13,-146.54064051380132
1111,3.921334729096917e-09,-1.6331761203589633e-13,-163.31761203589633
1112,3.921311133903193e-09,-1.8691280576010093e-13,-186.91280576010092
1113,3.921345174409067e-09,-1.5287229988595373e-13,-152.87229988595374
1114,3.921385136393526e-09,-1.129103154265597e-13,-112.9103154265597
1115,3.921378610661965e-09,-1.1943604698758702e-13,-119.43604698758702
1116,3.921363118361597e-09,-1.3492834735550395e-13,-134.92834735550394
1117,3.921346667572299e-09,-1.513791366540067e-13,-151.3791366540067
1118,3.921369459019847e-09,-1.2858768910531991e-13,-128.58768910531992
1119,3.921340596473814e-09,-1.5745023513905653e-13,-157.45023513905653
1120,3.921347922265263e-09,-1.5012444368989785e-13,-150.12444368989784
1121,3.9214017857002424e-09,-9.626100871027487e-14,-96.26100871027487
1122,3.9214030114721136e-09,-9.503523683911707e-14,-95.03523683911706
1123,3.921386594699658e-09,-1.1145200929445808e-13,-111.45200929445808
1124,3.921378547642714e-09,-1.1949906623886274e-13,-119.49906623886274
1125,3.92138599182904e-09,-1.1205487991246864e-13,-112.05487991246864
1126,3.921367798943691e-09,-1.302477652617211e-13,-130.2477652617211
1127,3.921367913408335e-09,-1.3013330061736094e-13,-130.13330061736093
1128,3.921416557060376e-09,-8.148964857695217e-14,-81.48964857695216
1129,3.9214240151787e-09,-7.403153025264163e-14,-74.03153025264163
1130,3.921411315918654e-09,-8.673079029896435e-14,-86.73079029896435
1131,3.921401580704717e-09,-9.646600423603756e-14,-96.46600423603756
1132,3.921409177004608e-09,-8.886970434484375e-14,-88.86970434484375
1133,3.921391544895727e-09,-1.0650181322543239e-13,-106.50181322543239
1134,3.921389730591812e-09,-1.0831611714086963e-13,-108.31611714086962
1135,3.921425965143412e-09,-7.208156554037214e-14,-72.08156554037214
1136,3.921454658635222e-09,-4.338807373038033e-14,-43.38807373038033
1137,3.921427517558293e-09,-7.052915065969877e-14,-70.52915065969877
1138,3.921431884914379e-09,-6.616179457354697e-14,-66.16179457354697
1139,3.921422561426217e-09,-7.548528273561882e-14,-75.48528273561882
1140,3.921417147272933e-09,-8.089943601930537e-14,-80.89943601930537
1141,3.921398996048053e-09,-9.905066090008007e-14,-99.05066090008008
1142,3.921468305487967e-09,-2.9741220985305284e-14,-29.741220985305283
1143,3.9214649324265886e-09,-3.311428236412494e-14,-33.11428236412494
1144,3.921452426290054e-09,-4.562041889847367e-14,-45.62041889847367
1145,3.921448651585981e-09,-4.939512297209058e-14,-49.395122972090576
1146,3.921460228940724e-09,-3.781776822880155e-14,-37.817768228801555
1147,3.921423984224728e-09,-7.406248422466609e-14,-74.0624842246661
1148,3.921370160037867e-09,-1.278866710856451e-13,-127.8866710856451
1149,3.921465591377564e-09,-3.245533138874256e-14,-32.45533138874256
1150,3.921501208936813e-09,3.1622278604477406e-15,3.1622278604477407
1151,3.921472944599328e-09,-2.5102109624619996e-14,-25.102109624619995
1152,3.9214668567499195e-09,-3.118995903323473e-14,-31.18995903323473
1153,3.921464302505126e-09,-3.3744203826339015e-14,-33.74420382633902
1154,3.921456817796744e-09,-4.122891220892976e-14,-41.228912208929756
1155,3.921447629644118e-09,-5.04170648348211e-14,-50.417064834821105
1156,3.9214981783477956e-09,1.3163884286194646e-16,0.13163884286194646
1157,3.9215157357551465e-09,1.7689046193766332e-14,17.689046193766334
1158,3.921484934411683e-09,-1.3112297269863172e-14,-13.112297269863172
1159,3.921487398288225e-09,-1.0648420727835551e-14,-10.648420727835552
1160,3.921480318719089e-09,-1.7727989863622774e-14,-17.727989863622774
1161,3.921473073754912e-09,-2.497295404082266e-14,-24.97295404082266
1162,3.921473572786067e-09,-2.4473922885881895e-14,-24.473922885881894
1163,3.9215237441873885e-09,2.56974784357762e-14,25.697478435776198
1164,3.921521021593103e-09,2.2974884150339224e-14,22.974884150339225
1165,3.921501233629518e-09,3.186920564926098e-15,3.186920564926098
1166,3.921504421969951e-09,6.375260998608533e-15,6.375260998608533
1167,3.921494627585681e-09,-3.4191232720280806e-15,-3.4191232720280804
1168,3.921486822332926e-09,-1.1224376026914163e-14,-11.224376026914163
1169,3.921507654274783e-09,9.607565830385255e-15,9.607565830385255
1170,3.921547294766193e-09,4.924805724058302e-14,49.24805724058302
1171,3.9215290876506905e-09,3.1040941737816695e-14,31.040941737816695
1172,3.921519068809465e-09,2.102210051242127e-14,21.02210051242127
1173,3.921517308363293e-09,1.9261654339902244e-14,19.261654339902243
1174,3.921503043244259e-09,4.996535305967341e-15,4.996535305967341
1175,3.92149474186059e-09,-3.3048483630481084e-15,-3.3048483630481083
1176,3.921558217642295e-09,6.017093334245117e-14,60.17093334245117
1177,3.921562742966638e-09,6.46962576851341e-14,64.6962576851341
1178,3.921530987200002e-09,3.294049104906561e-14,32.94049104906561
1179,3.921538197388394e-09,4.0150679441583025e-14,40.15067944158302
1180,3.921527620779361e-09,2.957407040855243e-14,29.574070408552434
1181,3.921525575703013e-09,2.752899406070165e-14,27.52899406070165
1182,3.9215375422050214e-09,3.9495496068750035e-14,39.495496068750036
1183,3.921572129284316e-09,7.408257536310149e-14,74.08257536310148
1184,3.921565646704001e-09,6.75999950485391e-14,67.5999950485391
1185,3.921552928714362e-09,5.4882005409686695e-14,54.8820054096867
1186,3.921548975767452e-09,5.092905849891317e-14,50.92905849891317
1187,3.921529655853944e-09,3.1609144991362036e-14,31.609144991362037
1188,3.921538081839548e-09,4.003513059505038e-14,40.03513059505038
1189,3.921592116659786e-09,9.406995083308901e-14,94.06995083308901
1190,3.921590014039408e-09,9.196733045493356e-14,91.96733045493356
1191,3.9215661024483844e-09,6.805573943174338e-14,68.05573943174338
1192,3.921569048388317e-09,7.100167936471237e-14,71.00167936471236
1193,3.9215541135847066e-09,5.606687575388748e-14,56.06687575388748
1194,3.9215533335012435e-09,5.528679229078416e-14,55.286792290784156
1195,3.921567475156755e-09,6.942844780232727e-14,69.42844780232727
1196,3.921623750914463e-09,1.257042055106762e-13,125.70420551067619
1197,3.921578493415543e-09,8.044670659031984e-14,80.44670659031983
1198,3.9215791129828745e-09,8.106627392178668e-14,81.06627392178667
1199,3.9215803916096015e-09,8.234490064885315e-14,82.34490064885314
1200,3.9215687325602246e-09,7.068585127186734e-14,70.68585127186734
1201,3.921577010226971e-09,7.896351801835967e-14,78.96351801835966
1202,3.921610987334123e-09,1.1294062517047078e-13,112.94062517047078
1203,3.921606357655321e-09,1.0831094636868611e-13,108.31094636868612
1204,3.9215959647643465e-09,9.791805539378319e-14,97.91805539378319
1205,3.921585162749682e-09,8.711604072909286e-14,87.11604072909286
1206,3.921593123233083e-09,9.507652413002455e-14,95.07652413002455
1207,3.921574790241708e-09,7.674353275503266e-14,76.74353275503266
1208,3.921636363844912e-09,1.3831713595901475e-13,138.31713595901473
1209,3.9216334422182125e-09,1.3539550925976375e-13,135.39550925976374
1210,3.921616549752054e-09,1.1850304310124472e-13,118.50304310124471
1211,3.921600713488547e-09,1.0266677959410676e-13,102.66677959410676
1212,3.921600564329433e-09,1.0251762048022707e-13,102.51762048022707
1213,3.921587704038259e-09,8.965732930623594e-14,89.65732930623594
1214,3.92163583147454e-09,1.3778476558727005e-13,137.78476558727004
1215,3.92165186869492e-09,1.538219859670782e-13,153.8219859670782
1216,3.9216265396992914e-09,1.284929903387434e-13,128.4929903387434
1217,3.921621536431526e-09,1.2348972257337455e-13,123.48972257337455
1218,3.921613261312655e-09,1.1521460370198756e-13,115.21460370198756
1219,3.921602582138096e-09,1.0453542914343984e-13,104.53542914343984
1220,3.921640947309596e-09,1.4290060064319722e-13,142.9006006431972
1221,3.921669543141895e-09,1.714964329425024e-13,171.4964329425024
1222,3.921634319364875e-09,1.3627265592235883e-13,136.27265592235884
1223,3.921635064401503e-09,1.3701769255023656e-13,137.01769255023655
1224,3.921623816183434e-09,1.2576947448145982e-13,125.76947448145982
1225,3.921611992226907e-09,1.1394551795403897e-13,113.94551795403896
1226,3.921637172117631e-09,1.391254086786027e-13,139.1254086786027
1227,3.92168429016169e-09,1.862434527370528e-13,186.2434527370528
1228,3.921652068784431e-09,1.540220754780104e-13,154.0220754780104
1229,3.92164415334963e-09,1.4610664067734548e-13,146.10664067734547
1230,3.921638529484541e-09,1.4048277558844592e-13,140.48277558844592
1231,3.9216280329438385e-09,1.2998623488585338e-13,129.98623488585338
1232,3.921646340510673e-09,1.4829380171990049e-13,148.29380171990047
1233,3.921694802965425e-09,1.9675625647223261e-13,196.75625647223262
1234,3.921663845578164e-09,1.6579886921092813e-13,165.79886921092813
1235,3.921662236486614e-09,1.6418977766168808e-13,164.18977766168808
1236,3.9216504926526275e-09,1.524459436748139e-13,152.44594367481392
1237,3.92163976650501e-09,1.4171979605714325e-13,141.71979605714324
1238,3.921656463733462e-09,1.5841702450945195e-13,158.41702450945195
1239,3.921706167626807e-09,2.081209178543343e-13,208.1209178543343
1240,3.921675480829303e-09,1.7743412035022789e-13,177.4341203502279
1241,3.92167337582368e-09,1.7532911472729297e-13,175.32911472729296
1242,3.921661533517031e-09,1.634868080781028e-13,163.4868080781028
1243,3.921650560876049e-09,1.5251416709651756e-13,152.51416709651755
1244,3.921664689358504e-09,1.6664264955166498e-13,166.642649551665
1245,3.9217244724018205e-09,2.2642569286778725e-13,226.42569286778726
1246,3.921685404314947e-09,1.873576059945532e-13,187.3576059945532
1247,3.921684538986088e-09,1.8649227713563822e-13,186.4922771356382
1248,3.9216712849940005e-09,1.732382850477633e-13,173.2382850477633
1249,3.921660216645072e-09,1.621699361194019e-13,162.1699361194019
1250,3.921684321359607e-09,1.8627465065456606e-13,186.27465065456607
1251,3.9217265479713544e-09,2.285012624017392e-13,228.50126240173918
1252,3.921694612660839e-09,1.965659518859071e-13,196.56595188590708
1253,3.921698291602755e-09,2.0024489380263922e-13,200.2448938026392
1254,3.9216808121224356e-09,1.8276541348288223e-13,182.76541348288222
1255,3.921668845376482e-09,1.7079866752934504e-13,170.79866752934504
1256,3.921703825966955e-09,2.057792580022001e-13,205.7792580022001
1257,3.921733650850837e-09,2.3560414188423485e-13,235.60414188423485
1258,3.921695693258039e-09,1.9764654908616909e-13,197.64654908616907
1259,3.921703268768353e-09,2.052220594007055e-13,205.2220594007055
1260,3.921690082837057e-09,1.9203612810420835e-13,192.03612810420836
1261,3.921675611231719e-09,1.7756452276652358e-13,177.56452276652357
1262,3.921725672694941e-09,2.2762598598789164e-13,227.62598598789165
1263,3.9217393614521e-09,2.4131474314693325e-13,241.31474314693324
1264,3.921713431618732e-09,2.153849097796613e-13,215.3849097796613
1265,3.92171119984277e-09,2.1315313381770852e-13,213.15313381770852
1266,3.921698536334291e-09,2.0048962533802351e-13,200.4896253380235
1267,3.921680851587395e-09,1.828048784419607e-13,182.8048784419607
1268,3.921750788211161e-09,2.5274150220846404e-13,252.74150220846403
1269,3.921743316215049e-09,2.452695060963457e-13,245.26950609634568
1270,3.921726332757223e-09,2.282860482705008e-13,228.28604827050083
1271,3.9217133113807114e-09,2.1526467175873266e-13,215.26467175873267
1272,3.921705959026309e-09,2.0791231735634809e-13,207.9123173563481
1273,3.9216984743179265e-09,2.0042760897375734e-13,200.42760897375734
1274,3.9257804980452095e-09,4.282451336256787e-12,4282.451336256787
1275,3.927724800240583e-09,6.22675353162993e-12,6226.75353162993
1276,3.922476708728435e-09,9.786620194820124e-13,978.6620194820124
1277,3.921228069271631e-09,-2.6997743732203637e-13,-269.9774373220364
1278,3.920666210471043e-09,-8.318362379095894e-13,-831.8362379095894
1279,3.9208791838003364e-09,-6.188629086162555e-13,-618.8629086162555
1280,3.920879384784314e-09,-6.18661924638531e-13,-618.661924638531
1281,3.920938316376559e-09,-5.597303323935159e-13,-559.7303323935158
1282,3.920958905972126e-09,-5.391407368268213e-13,-539.1407368268212
1283,3.920958690486944e-09,-5.393562220086028e-13,-539.3562220086028
1284,3.920966782755119e-09,-5.312639538336055e-13,-531.2639538336055
1285,3.920968519592789e-09,-5.295271161633923e-13,-529.5271161633923
1286,3.920987946354421e-09,-5.101003545317427e-13,-510.1003545317427
1287,3.9209790478193e-09,-5.189988896523089e-13,-518.9988896523089
1288,3.921005958936949e-09,-4.920877720037746e-13,-492.0877720037746
1289,3.920990435601294e-09,-5.076111076588789e-13,-507.61110765887895
1290,3.920984606713574e-09,-5.134399953785955e-13,-513.4399953785955
1291,3.921031004874495e-09,-4.670418344576215e-13,-467.04183445762146
1292,3.921044772859728e-09,-4.532738492248255e-13,-453.2738492248255
1293,3.921059256364184e-09,-4.387903447682977e-13,-438.7903447682977
1294,3.921062521330607e-09,-4.3552537834607484e-13,-435.52537834607483
1295,3.921045680364051e-09,-4.523663449014008e-13,-452.3663449014008
1296,3.921054985502092e-09,-4.430612068610983e-13,-443.0612068610983
1297,3.921054007172261e-09,-4.4403953669144057e-13,-444.03953669144056
1298,3.921056256647824e-09,-4.4179006112902196e-13,-441.790061129022
1299,3.921055932362954e-09,-4.421143459988124e-13,-442.1143459988124
1300,3.9210613773888944e-09,-4.366693200582643e-13,-436.6693200582643
1301,3.9210952382153635e-09,-4.0280849358915226e-13,-402.80849358915225
1302,3.921113684695601e-09,-3.8436201335175545e-13,-384.3620133517554
1303,3.921103979893535e-09,-3.9406681541789045e-13,-394.06681541789044
1304,3.921102381671112e-09,-3.9566503784035133e-13,-395.6650378403513
1305,3.921101779071545e-09,-3.9626763740781877e-13,-396.26763740781877
1306,3.921104686630721e-09,-3.9336007823175577e-13,-393.3600782317558
1307,3.921104944481103e-09,-3.931022278500844e-13,-393.10222785008443
1308,3.92109994256859e-09,-3.9810414036273766e-13,-398.10414036273767
1309,3.921104999883834e-09,-3.930468251190704e-13,-393.0468251190704
1310,3.921148836264756e-09,-3.492104441962994e-13,-349.2104441962994
1311,3.921159584231943e-09,-3.384624770099075e-13,-338.4624770099075
1312,3.921150423211476e-09,-3.476234974764324e-13,-347.62349747643236
1313,3.921137715304918e-09,-3.6033140403508067e-13,-360.33140403508065
1314,3.9211499936234705e-09,-3.4805308548222546e-13,-348.05308548222547
1315,3.9211533573336056e-09,-3.446893753471435e-13,-344.6893753471435
1316,3.921143025049532e-09,-3.550216594206045e-13,-355.02165942060446
1317,3.921134941183924e-09,-3.63105525028765e-13,-363.10552502876504
1318,3.92116983850767e-09,-3.2820820128275684e-13,-328.2082012827568
1319,3.9211865194188796e-09,-3.1152729007314405e-13,-311.52729007314406
1320,3.9212077878334264e-09,-2.902588755262563e-13,-290.2588755262563
1321,3.921182497760656e-09,-3.1554894829659884e-13,-315.54894829659884
1322,3.921184856415377e-09,-3.1319029357541094e-13,-313.1902935754109
1323,3.921184864601104e-09,-3.1318210784900867e-13,-313.1821078490087
1324,3.921182608837169e-09,-3.154378717840277e-13,-315.4378717840277
1325,3.921181631754171e-09,-3.1641495478187164e-13,-316.41495478187164
1326,3.921174261266487e-09,-3.2378544246559103e-13,-323.785442465591
1327,3.921210762369192e-09,-2.87284339760988e-13,-287.28433976098796
1328,3.921252591918998e-09,-2.4545478995443336e-13,-245.45478995443335
1329,3.921212804626614e-09,-2.8524208233878566e-13,-285.2420823387857
1330,3.921228204065066e-09,-2.698426438869421e-13,-269.84264388694214
1331,3.92122196044291e-09,-2.760862660426887e-13,-276.0862660426887
1332,3.921216761341127e-09,-2.8128536782546275e-13,-281.28536782546274
1333,3.921210253580217e-09,-2.877931287354811e-13,-287.7931287354811
1334,3.921216612046488e-09,-2.81434662464614e-13,-281.434662464614
1335,3.921243330365885e-09,-2.5471634306740197e-13,-254.71634306740197
1336,3.92127238571017e-09,-2.2566099878234313e-13,-225.6609987823431
1337,3.921264959440285e-09,-2.330872686678369e-13,-233.0872686678369
1338,3.921252322982649e-09,-2.457237263033184e-13,-245.7237263033184
1339,3.921246957238993e-09,-2.5108946996000347e-13,-251.08946996000347
1340,3.921249443233259e-09,-2.4860347569365714e-13,-248.60347569365715
1341,3.921241965924556e-09,-2.5608078439642067e-13,-256.08078439642065
1342,3.921241920794641e-09,-2.561259143118504e-13,-256.12591431185035
1343,3.921278959797148e-09,-2.1908691180442296e-13,-219.08691180442295
1344,3.921304083878566e-09,-1.9396283038668792e-13,-193.96283038668793
1345,3.921288584476674e-09,-2.0946223227883464e-13,-209.46223227883465
1346,3.921269504036321e-09,-2.2854267263153804e-13,-228.54267263153804
1347,3.921291896009579e-09,-2.0615069937330354e-13,-206.15069937330352
1348,3.921280334104717e-09,-2.1771260423563464e-13,-217.71260423563464
1349,3.921274726638186e-09,-2.2332007076667536e-13,-223.32007076667537
1350,3.921266861889837e-09,-2.311848191157766e-13,-231.18481911577658
1351,3.921316372388619e-09,-1.8167432033341134e-13,-181.67432033341134
1352,3.921326793577271e-09,-1.7125313168180655e-13,-171.25313168180654
1353,3.921311728913345e-09,-1.8631779560784089e-13,-186.31779560784088
1354,3.921315859669412e-09,-1.8218703954077974e-13,-182.18703954077975
1355,3.921316592996656e-09,-1.8145371229636486e-13,-181.45371229636487
1356,3.921301847901321e-09,-1.961988076320591e-13,-196.1988076320591
1357,3.921278411163744e-09,-2.1963554520875494e-13,-219.63554520875493
1358,3.921333532652714e-09,-1.645140562382884e-13,-164.5140562382884
1359,3.921354194483251e-09,-1.4385222570185196e-13,-143.85222570185195
1360,3.921353836561009e-09,-1.4421014794404373e-13,-144.21014794404374
1361,3.9213327436787935e-09,-1.653030301592061e-13,-165.3030301592061
1362,3.9213384214829405e-09,-1.5962522601222539e-13,-159.6252260122254
1363,3.921326990956276e-09,-1.7105575267630556e-13,-171.05575267630556
1364,3.921341003022523e-09,-1.5704368642942878e-13,-157.0436864294288
1365,3.92130289068697e-09,-1.9515602198256253e-13,-195.15602198256252
1366,3.921381427175264e-09,-1.166195336889585e-13,-116.61953368895848
1367,3.921369082069857e-09,-1.289646390956388e-13,-128.9646390956388
1368,3.921370591794277e-09,-1.2745491467550706e-13,-127.45491467550706
1369,3.9213514719702806e-09,-1.46574738672126e-13,-146.574738672126
1370,3.921361938885159e-09,-1.3610782379389662e-13,-136.1078237938966
1371,3.92135020169191e-09,-1.4784501704246432e-13,-147.84501704246432
1372,3.9213322785560615e-09,-1.6576815289120238e-13,-165.7681528912024
1373,3.921383576199495e-09,-1.1447050945782066e-13,-114.47050945782065
1374,3.921407666358616e-09,-9.038035033682211e-14,-90.38035033682212
1375,3.921383684701027e-09,-1.1436200792540917e-13,-114.36200792540917
1376,3.921384633892924e-09,-1.1341281602845242e-13,-113.41281602845243
1377,3.921378722470314e-09,-1.1932423863854945e-13,-119.32423863854945
1378,3.921380685391242e-09,-1.1736131771031876e-13,-117.36131771031876
1379,3.921357276870027e-09,-1.4076983892547567e-13,-140.76983892547565
1380,3.921383474094755e-09,-1.1457261419741448e-13,-114.57261419741448
1381,3.921435544882758e-09,-6.250182619483334e-14,-62.50182619483334
1382,3.921407873441231e-09,-9.017326772187738e-14,-90.17326772187738
1383,3.921405864685656e-09,-9.21820232969499e-14,-92.18202329694991
1384,3.921404353633088e-09,-9.369307586474295e-14,-93.69307586474295
1385,3.921397901627275e-09,-1.0014508167804125e-13,-100.14508167804125
1386,3.921384851194145e-09,-1.1319551480803202e-13,-113.19551480803202
1387,3.9213921154029104e-09,-1.0593130604227051e-13,-105.9313060422705
1388,3.9214494350846806e-09,-4.861162427214393e-14,-48.61162427214393
1389,3.921442434445463e-09,-5.5612263489774206e-14,-55.61226348977421
1390,3.921426144605977e-09,-7.190210297577148e-14,-71.90210297577147
1391,3.921425105235564e-09,-7.29414733884247e-14,-72.94147338842471
1392,3.921418221473341e-09,-7.982523561186105e-14,-79.82523561186105
1393,3.921405638358452e-09,-9.240835050045625e-14,-92.40835050045625
1394,3.9214157100003234e-09,-8.233670862926078e-14,-82.33670862926078
1395,3.921465506864005e-09,-3.2539844948087805e-14,-32.539844948087804
1396,3.921461807728822e-09,-3.623898013028247e-14,-36.23898013028247
1397,3.921442812100185e-09,-5.523460876804319e-14,-55.234608768043195
1398,3.921446373080905e-09,-5.167362804767749e-14,-51.67362804767749
1399,3.92143763202615e-09,-6.041468280269012e-14,-60.41468280269012
1400,3.9214348655216766e-09,-6.318118727611276e-14,-63.18118727611276
1401,3.921451665261444e-09,-4.638144750839556e-14,-46.38144750839556
1402,3.921470678264422e-09,-2.7368444530820758e-14,-27.368444530820756
1403,3.921426745606346e-09,-7.130110260650845e-14,-71.30110260650845
1404,3.921461769619116e-09,-3.627708983664534e-14,-36.27708983664534
1405,3.921464390650763e-09,-3.3656058189715944e-14,-33.65605818971594
1406,3.921455247465422e-09,-4.279924353050345e-14,-42.79924353050345
1407,3.921448765996415e-09,-4.9280712537839045e-14,-49.280712537839044
1408,3.921469286745144e-09,-2.875996380909728e-14,-28.75996380909728
1409,3.9214989318954105e-09,8.851864577936842e-16,0.8851864577936842
1410,3.921495068747545e-09,-2.977961408043729e-15,-2.9779614080437287
1411,3.9214790408513035e-09,-1.90058576491685e-14,-19.0058576491685
1412,3.9214811533379215e-09,-1.6893371031243433e-14,-16.893371031243433
1413,3.921471780057775e-09,-2.6266651178086676e-14,-26.266651178086676
1414,3.921464073358997e-09,-3.3973349955493827e-14,-33.97334995549382
1415,3.92148882829668e-09,-9.218412272435795e-15,-9.218412272435796
1416,3.921525555157382e-09,2.750844842953305e-14,27.50844842953305
1417,3.921506056757092e-09,8.010048139336489e-15,8.010048139336488
1418,3.92149755409129e-09,-4.926176630008949e-16,-0.4926176630008949
1419,3.92149543070844e-09,-2.616000512759443e-15,-2.616000512759443
1420,3.9214815817062e-09,-1.646500275289441e-14,-16.46500275289441
1421,3.921472860546555e-09,-2.5186162398041935e-14,-25.186162398041933
1422,3.921533762242567e-09,3.571553361459657e-14,35.71553361459657
1423,3.92154193590722e-09,4.388919826769323e-14,43.88919826769323
1424,3.921516104736251e-09,1.8058027298117462e-14,18.058027298117462
1425,3.921513787877523e-09,1.5741168570678875e-14,15.741168570678875
1426,3.921506971444255e-09,8.924735302153885e-15,8.924735302153884
1427,3.921499383872191e-09,1.3371632384485788e-15,1.3371632384485788
1428,3.921506579098594e-09,8.532389640985693e-15,8.532389640985693
1429,3.9215624154562666e-09,6.436874731388055e-14,64.36874731388055
1430,3.9215450430951215e-09,4.6996386168765124e-14,46.99638616876513
1431,3.921529013653892e-09,3.096694493954456e-14,30.96694493954456
1432,3.921529220655192e-09,3.1173946239326355e-14,31.173946239326355
1433,3.921520550398839e-09,2.2503689886177024e-14,22.503689886177025
1434,3.921511180588139e-09,1.3133879186285734e-14,13.133879186285734
1435,3.921550693306323e-09,5.264659737045608e-14,52.646597370456085
1436,3.921573520803594e-09,7.547409464137801e-14,75.474094641378
1437,3.921547552670785e-09,4.950596183236301e-14,49.505961832363006
1438,3.9215452671455e-09,4.7220436547709254e-14,47.220436547709255
1439,3.921539151296571e-09,4.1104587617990084e-14,41.104587617990084
1440,3.921528027951487e-09,2.9981242534429363e-14,29.981242534429363
1441,3.921542237315424e-09,4.41906064716442e-14,44.1906064716442
1442,3.921588893218307e-09,9.084650935407236e-14,90.84650935407235
1443,3.921561048331537e-09,6.300162258448495e-14,63.00162258448495
1444,3.921560471129406e-09,6.242442045290798e-14,62.42442045290798
1445,3.921562143782307e-09,6.409707335450999e-14,64.09707335450999
1446,3.921547095056153e-09,4.904834720041119e-14,49.04834720041119
1447,3.921534653998854e-09,3.66072899014659e-14,36.6072899014659
1448,3.921592008456409e-09,9.396174745627496e-14,93.96174745627496
1449,3.921598767264332e-09,1.0072055537933234e-13,100.72055537933234
1450,3.921572035636353e-09,7.398892740045305e-14,73.98892740045305
1451,3.9215753934917965e-09,7.73467828438036e-14,77.3467828438036
1452,3.921553158294172e-09,5.51115852197105e-14,55.1115852197105
1453,3.9215506625149815e-09,5.2615806028757494e-14,52.6158060287575
1454,3.921596603278111e-09,9.855656915821421e-14,98.55656915821422
1455,3.921619600886703e-09,1.2155417774999911e-13,121.55417774999911
1456,3.921601573342185e-09,1.035266332320507e-13,103.5266332320507
1457,3.9215842553266735e-09,8.620861772083111e-14,86.20861772083111
1458,3.921595567593986e-09,9.752088503294743e-14,97.52088503294743
1459,3.921566601452434e-09,6.855474348162983e-14,68.55474348162983
1460,3.92158497954662e-09,8.693283766699712e-14,86.93283766699712
1461,3.921628777086e-09,1.307303770469388e-13,130.7303770469388
1462,3.9216245934208666e-09,1.2654671191386036e-13,126.54671191386036
1463,3.921592578773857e-09,9.453206490405664e-14,94.53206490405664
1464,3.921598263300057e-09,1.0021659110450677e-13,100.21659110450676
1465,3.921591357311689e-09,9.331060273653447e-14,93.31060273653448
1466,3.9215833445697436e-09,8.529786079088898e-14,85.29786079088898
1467,3.92163397231176e-09,1.3592560280694622e-13,135.92560280694622
1468,3.9216330175362215e-09,1.3497082726880117e-13,134.97082726880117
1469,3.921616288594856e-09,1.1824188590294727e-13,118.24188590294727
1470,3.92161008245899e-09,1.1203575003731437e-13,112.03575003731437
1471,3.921598755825999e-09,1.0070911704641262e-13,100.70911704641262
1472,3.921598572568727e-09,1.0052585977420826e-13,100.52585977420826
1473,3.9216457530357254e-09,1.4770632677273921e-13,147.7063267727392
1474,3.921659217796716e-09,1.6117108776294532e-13,161.17108776294532
1475,3.921616812210295e-09,1.1876550134214915e-13,118.76550134214915
1476,3.92163456629192e-09,1.365195829671424e-13,136.5195829671424
1477,3.921615580068736e-09,1.17533359783228e-13,117.533359783228
1478,3.921603054741823e-09,1.0500803287042627e-13,105.00803287042628
1479,3.921644397268014e-09,1.463505590611004e-13,146.3505590611004
1480,3.921667754370941e-09,1.6970766198822719e-13,169.7076619882272
1481,3.921639998849535e-09,1.419521405827069e-13,141.9521405827069
1482,3.921640589062093e-09,1.425423531403537e-13,142.5423531403537
1483,3.921627774117675e-09,1.2972740872222678e-13,129.72740872222678
1484,3.921616923612068e-09,1.1887690311537203e-13,118.87690311537203
1485,3.921646739822333e-09,1.486931133800269e-13,148.6931133800269
1486,3.921682250316617e-09,1.8420360766468425e-13,184.20360766468426
1487,3.921651867312562e-09,1.5382060360930828e-13,153.82060360930828
1488,3.921660818485698e-09,1.627717767453486e-13,162.7717767453486
1489,3.921635008158515e-09,1.3696144956253887e-13,136.96144956253886
1490,3.921632416888218e-09,1.343701792652442e-13,134.37017926524422
1491,3.921653006483785e-09,1.549597748319388e-13,154.9597748319388
1492,3.921694930115235e-09,1.9688340628201085e-13,196.88340628201084
1493,3.921663431006358e-09,1.65384297405224e-13,165.38429740522398
1494,3.921664053501035e-09,1.6600679208255654e-13,166.00679208255653
1495,3.921650842904139e-09,1.5279619518663535e-13,152.79619518663534
1496,3.921639851994351e-09,1.4180528539844374e-13,141.80528539844374
1497,3.921662019619075e-09,1.6397291012213667e-13,163.97291012213668
1498,3.921706161040279e-09,2.0811433132613645e-13,208.11433132613644
1499,3.9216749221941336e-09,1.7687548518085473e-13,176.87548518085472
1500,3.921677096805536e-09,1.7905009658326322e-13,179.0500965832632
1501,3.9216611001614225e-09,1.6305345246976034e-13,163.05345246976034
1502,3.921649810852091e-09,1.517641431386464e-13,151.7641431386464
1503,3.921674488404844e-09,1.7644169589164328e-13,176.4416958916433
1504,3.921715810602244e-09,2.177638932915833e-13,217.76389329158332
1505,3.9216829635590165e-09,1.8491685006385384e-13,184.91685006385384
1506,3.921692466916319e-09,1.9442020736634103e-13,194.42020736634103
1507,3.9216704869940965e-09,1.7244028514375965e-13,172.44028514375964
1508,3.921658776146961e-09,1.6072943800798335e-13,160.72943800798336
1509,3.921690302387997e-09,1.9225567904413666e-13,192.25567904413666
1510,3.921723850286614e-09,2.2580357766121507e-13,225.80357766121506
1511,3.921693473652246e-09,1.9542694329360245e-13,195.42694329360245
1512,3.9216931918138916e-09,1.9514510493886484e-13,195.14510493886485
1513,3.921671216499528e-09,1.7316979057551652e-13,173.16979057551652
1514,3.921666247221501e-09,1.6820051254825509e-13,168.2005125482551
1515,3.9217082539028374e-09,2.1020719388473953e-13,210.20719388473952
1516,3.921730548758686e-09,2.3250204973337364e-13,232.50204973337364
1517,3.9217025392087115e-09,2.0449249975884e-13,204.49249975883998
1518,3.9217012431534345e-09,2.0319644448185082e-13,203.19644448185082
1519,3.92168096171523e-09,1.8291500627763092e-13,182.9150062776309
1520,3.921671331370748e-09,1.7328466179569136e-13,173.28466179569136
1521,3.921729024478852e-09,2.3097776989907627e-13,230.97776989907626
1522,3.921734797882525e-09,2.367511735726159e-13,236.7511735726159
1523,3.921714988180686e-09,2.1694147173364443e-13,216.94147173364442
1524,3.9217038681966295e-09,2.0582148767681841e-13,205.8214876768184
1525,3.921693011538175e-09,1.9496482922263482e-13,194.96482922263482
1526,3.92167325114043e-09,1.7520443147745713e-13,175.20443147745712
1527,3.921760115927712e-09,2.620692187590086e-13,262.0692187590086
1528,3.921739003394332e-09,2.409566853794699e-13,240.95668537946992
1529,3.925612747845628e-09,4.1147011366749415e-12,4114.701136674941
1530,3.927776969094672e-09,6.2789223857190125e-12,6278.922385719013
1531,3.9224654917353885e-09,9.674450264358032e-13,967.4450264358032
1532,3.921262542184436e-09,-2.3550452451644765e-13,-235.50452451644765
1533,3.920706276891277e-09,-7.917698176759307e-13,-791.7698176759307
1534,3.92093251757545e-09,-5.65529133502946e-13,-565.529133502946
1535,3.920938102761626e-09,-5.599439473265498e-13,-559.9439473265498
1536,3.920935688839699e-09,-5.623578692534802e-13,-562.3578692534802
1537,3.9209787978835946e-09,-5.192488253581211e-13,-519.248825358121
1538,3.920965000543588e-09,-5.330461653647371e-13,-533.0461653647371
1539,3.920982013681448e-09,-5.160330275044205e-13,-516.0330275044205
1540,3.920983665951349e-09,-5.143807576036612e-13,-514.3807576036612
1541,3.9209904519456416e-09,-5.075947633111287e-13,-507.5947633111287
1542,3.920997187904004e-09,-5.008588049488565e-13,-500.85880494885646
1543,3.921033545458341e-09,-4.645012506118905e-13,-464.5012506118905
1544,3.921048703905755e-09,-4.4934280319793617e-13,-449.3428031979362
1545,3.921057706903755e-09,-4.4033980519805104e-13,-440.339805198051
1546,3.921048371082793e-09,-4.496756261598349e-13,-449.6756261598349
1547,3.921051594714007e-09,-4.4645199494543807e-13,-446.45199494543806
1548,3.921050816202637e-09,-4.472305063153913e-13,-447.23050631539127
1549,3.921051904660303e-09,-4.461420486493788e-13,-446.14204864937875
1550,3.921062299421527e-09,-4.357472874257283e-13,-435.7472874257283
1551,3.921055217629777e-09,-4.4282907917596913e-13,-442.8290791759691
1552,3.921076006501703e-09,-4.220402072499717e-13,-422.0402072499717
1553,3.921115690279885e-09,-3.8235642906803745e-13,-382.35642906803747
1554,3.921102697444995e-09,-3.9534926395761493e-13,-395.34926395761494
1555,3.921100035430506e-09,-3.980112784466643e-13,-398.0112784466643
1556,3.921099807720945e-09,-3.9823898800794054e-13,-398.2389880079405
1557,3.921107741207712e-09,-3.9030550124110374e-13,-390.30550124110374
1558,3.921105318042961e-09,-3.9272866599155453e-13,-392.7286659915545
1559,3.921104543055248e-09,-3.9350365370444717e-13,-393.5036537044472
1560,3.9211026552424255e-09,-3.9539146652717893e-13,-395.3914665271789
1561,3.921120862601874e-09,-3.771841070789238e-13,-377.1841070789238
1562,3.921148583564335e-09,-3.494631446176515e-13,-349.4631446176515
1563,3.921167501889358e-09,-3.30544819594789e-13,-330.544819594789
1564,3.921147840804532e-09,-3.50205904420967e-13,-350.205904420967
1565,3.921146153921477e-09,-3.5189278747608287e-13,-351.89278747608284
1566,3.921149458461278e-09,-3.485882476745643e-13,-348.5882476745643
1567,3.9211470521829765e-09,-3.5099452597617863e-13,-350.99452597617864
1568,3.921144522142997e-09,-3.535245659557822e-13,-353.5245659557822
1569,3.921142346338972e-09,-3.557003699805804e-13,-355.7003699805804
1570,3.921181629043665e-09,-3.1641766528730285e-13,-316.41766528730284
1571,3.9211904809580925e-09,-3.075657508601536e-13,-307.56575086015357
1572,3.921193098845553e-09,-3.049478633995244e-13,-304.9478633995244
1573,3.92118041129489e-09,-3.1763541406238426e-13,-317.63541406238426
1574,3.92118853844727e-09,-3.0950826168248723e-13,-309.5082616824872
1575,3.921186109753089e-09,-3.119369558640177e-13,-311.9369558640177
1576,3.921176675188414e-09,-3.213715205386607e-13,-321.37152053866066
1577,3.921186851347375e-09,-3.111953615780376e-13,-311.1953615780376
1578,3.921193288608038e-09,-3.047581009142851e-13,-304.75810091428514
1579,3.921229452252817e-09,-2.685944561358682e-13,-268.5944561358682
1580,3.921233586749381e-09,-2.6445995957131195e-13,-264.45995957131197
1581,3.921209236354634e-09,-2.8881035431876133e-13,-288.8103543187613
1582,3.921238415487702e-09,-2.5963122125065895e-13,-259.63122125065894
1583,3.921221033504263e-09,-2.770132046900552e-13,-277.0132046900552
1584,3.921216818966473e-09,-2.8122774247999515e-13,-281.22774247999513
1585,3.921220438900686e-09,-2.7760780826650055e-13,-277.60780826650057
1586,3.921213494802612e-09,-2.845519063408357e-13,-284.5519063408357
1587,3.921260028976695e-09,-2.3801773225732336e-13,-238.01773225732336
1588,3.9212679316721205e-09,-2.3011503683218514e-13,-230.11503683218513
1589,3.92125238310166e-09,-2.4566360729285407e-13,-245.66360729285407
1590,3.92124136150895e-09,-2.5668520000252703e-13,-256.68520000252704
1591,3.921269979513184e-09,-2.280671957687945e-13,-228.0671957687945
1592,3.9212480935370796e-09,-2.4995317187313003e-13,-249.95317187313003
1593,3.921245310796679e-09,-2.5273591227408564e-13,-252.73591227408565
1594,3.9212470873974635e-09,-2.509593114891966e-13,-250.95931148919658
1595,3.921288036575106e-09,-2.100101338467002e-13,-210.0101338467002
1596,3.921292136675357e-09,-2.0591003359606607e-13,-205.91003359606606
1597,3.921289363638565e-09,-2.0868307038757793e-13,-208.68307038757794
1598,3.921276241078886e-09,-2.218056300670933e-13,-221.8056300670933
1599,3.921283054313758e-09,-2.1499239519497714e-13,-214.99239519497715
1600,3.921277452051397e-09,-2.2059465755558992e-13,-220.59465755558992
1601,3.921269977426095e-09,-2.2806928285797655e-13,-228.06928285797656
1602,3.921287833043253e-09,-2.1021366569953003e-13,-210.21366569953003
1603,3.921322222608017e-09,-1.7582410093595112e-13,-175.82410093595112
1604,3.921310015060761e-09,-1.8803164819199735e-13,-188.03164819199733
1605,3.921324438093841e-09,-1.7360861511163993e-13,-173.60861511163992
1606,3.921309347788534e-09,-1.8869892041905355e-13,-188.69892041905356
1607,3.921300029314807e-09,-1.9801739414607765e-13,-198.01739414607766
1608,3.921313878371257e-09,-1.8416833769583406e-13,-184.16833769583405
1609,3.9212997802464625e-09,-1.9826646249015189e-13,-198.2664624901519
1610,3.921336475719512e-09,-1.615709894410765e-13,-161.5709894410765
1611,3.92134299258772e-09,-1.5505412123280925e-13,-155.05412123280925
1612,3.921337777765006e-09,-1.6026894394708434e-13,-160.26894394708435
1613,3.9213387583716605e-09,-1.5928833729217983e-13,-159.28833729217982
1614,3.9213244168163734e-09,-1.7362989257927496e-13,-173.62989257927495
1615,3.921325862356025e-09,-1.7218435292775435e-13,-172.18435292775436
1616,3.9213262219858856e-09,-1.718247230671409e-13,-171.8247230671409
1617,3.92132444758061e-09,-1.7359912834263068e-13,-173.59912834263068
1618,3.921386576457957e-09,-1.1147025099601015e-13,-111.47025099601015
1619,3.921365007719408e-09,-1.330389895446764e-13,-133.0389895446764
1620,3.921358409454722e-09,-1.39637254231043e-13,-139.637254231043
1621,3.921351565970609e-09,-1.464807383437715e-13,-146.4807383437715
1622,3.921358393218794e-09,-1.3965349015857597e-13,-139.65349015857598
1623,3.9213397437217e-09,-1.583029872527707e-13,-158.3029872527707
1624,3.921341210349084e-09,-1.5683635986899524e-13,-156.83635986899523
1625,3.921388559273995e-09,-1.0948743495791434e-13,-109.48743495791435
1626,3.921404129501394e-09,-9.391720755885001e-14,-93.91720755885001
1627,3.921378027035936e-09,-1.2001967301703597e-13,-120.01967301703597
1628,3.92137429613363e-09,-1.2375057532288446e-13,-123.75057532288446
1629,3.92138849446581e-09,-1.0955224314277466e-13,-109.55224314277467
1630,3.921376222137474e-09,-1.218245714786269e-13,-121.8245714786269
1631,3.921358170415248e-09,-1.3987629370502174e-13,-139.87629370502174
1632,3.921396375368771e-09,-1.016713401813034e-13,-101.6713401813034
1633,3.92142055169486e-09,-7.749501409264658e-14,-77.49501409264657
1634,3.9214118331373e-09,-8.621357165258014e-14,-86.21357165258013
1635,3.921400740881714e-09,-9.730582723884483e-14,-97.30582723884483
1636,3.921396324221534e-09,-1.0172248741879041e-13,-101.72248741879041
1637,3.92139305592119e-09,-1.0499078776269365e-13,-104.99078776269366
1638,3.92137578102982e-09,-1.2226567913250263e-13,-122.26567913250263
1639,3.921419688480195e-09,-7.835822875732522e-14,-78.35822875732522
1640,3.921443190215692e-09,-5.4856493260388873e-14,-54.85649326038887
1641,3.921432851995612e-09,-6.519471334074422e-14,-65.19471334074422
1642,3.921418472140883e-09,-7.95745680695824e-14,-79.5745680695824
1643,3.9214215575363205e-09,-7.648917263217746e-14,-76.48917263217746
1644,3.921413097208613e-09,-8.494950033967929e-14,-84.94950033967929
1645,3.92140694745126e-09,-9.109925769234294e-14,-91.09925769234295
1646,3.921421583421647e-09,-7.646328730530937e-14,-76.46328730530936
1647,3.921462526229602e-09,-3.552047935057633e-14,-35.52047935057633
1648,3.9214524907729784e-09,-4.5555935974265095e-14,-45.5559359742651
1649,3.921437667859032e-09,-6.037884992088948e-14,-60.37884992088948
1650,3.9214403331532324e-09,-5.771355572026836e-14,-57.71355572026836
1651,3.921426184043831e-09,-7.186266512174732e-14,-71.86266512174731
1652,3.921423932508284e-09,-7.411420066829365e-14,-74.11420066829365
1653,3.921456912827064e-09,-4.1133881888511404e-14,-41.133881888511404
1654,3.921481937161882e-09,-1.6109547070645037e-14,-16.109547070645036
1655,3.921463632576604e-09,-3.441413234871781e-14,-34.41413234871781
1656,3.921447529599362e-09,-5.05171095902872e-14,-50.517109590287205
1657,3.9214308924357105e-09,-6.71542732422402e-14,-67.15427324224021
1658,3.921401419348328e-09,-9.662736062435772e-14,-96.62736062435772
1659,3.921444949333717e-09,-5.309737523553114e-14,-53.09737523553114
1660,3.921466966823545e-09,-3.1079885407673137e-14,-31.079885407673135
1661,3.921502306691513e-09,4.259982560089314e-15,4.2599825600893135
1662,3.921478377861675e-09,-1.9668847277643388e-14,-19.668847277643387
1663,3.921476471048209e-09,-2.1575660743447956e-14,-21.575660743447955
1664,3.921472980459315e-09,-2.5066249637765038e-14,-25.066249637765036
1665,3.9214654054639964e-09,-3.264124495626951e-14,-32.64124495626951
1666,3.9214532154537105e-09,-4.4831255242175784e-14,-44.831255242175786
1667,3.9215178657245244e-09,1.981901557172273e-14,19.81901557172273
1668,3.921499450089839e-09,1.403380886133131e-15,1.403380886133131
1669,3.921500097439851e-09,2.0507308982699136e-15,2.0507308982699137
1670,3.921493396094643e-09,-4.650614309645741e-15,-4.650614309645741
1671,3.9214985101678704e-09,4.634589177511351e-16,0.46345891775113507
1672,3.921486382905785e-09,-1.1663803167422538e-14,-11.663803167422538
1673,3.9214407179907936e-09,-5.732871815914463e-14,-57.328718159144636
1674,3.921549787428303e-09,5.174071935029013e-14,51.74071935029013
1675,3.921526654917856e-09,2.860820890319372e-14,28.60820890319372
1676,3.9215149417667905e-09,1.6895057837800885e-14,16.895057837800884
1677,3.921506064780188e-09,8.018071235412881e-15,8.018071235412881
1678,3.9215001566372896e-09,2.109928336887622e-15,2.1099283368876223
1679,3.9214917584072615e-09,-6.288301691185095e-15,-6.2883016911850955
1680,3.921523831980659e-09,2.5785271706693213e-14,25.785271706693212
1681,3.9215441562448494e-09,4.6109535896726294e-14,46.10953589672629
1682,3.921527284974843e-09,2.923826589067936e-14,29.238265890679358
1683,3.921519594213838e-09,2.1547504885207746e-14,21.547504885207747
1684,3.9215251924917555e-09,2.7145782802836648e-14,27.14578280283665
1685,3.92151140572272e-09,1.3359013767402349e-14,13.359013767402349
1686,3.9214922766559e-09,-5.770053052737024e-15,-5.770053052737024
1687,3.921573549806002e-09,7.5503097049492e-14,75.503097049492
1688,3.921551067843964e-09,5.30211350109412e-14,53.0211350109412
1689,3.921539122185742e-09,4.107547678965885e-14,41.07547678965885
1690,3.921537401312949e-09,3.9354603996435543e-14,39.35460399643554
1691,3.9215391208847e-09,4.1074175747051865e-14,41.07417574705187
1692,3.921522646107428e-09,2.459939847548288e-14,24.59939847548288
1693,3.921537277822322e-09,3.9231113368989444e-14,39.23111336898945
1694,3.921584643769207e-09,8.659706025417836e-14,86.59706025417836
1695,3.921570323654018e-09,7.227694506504413e-14,72.27694506504413
1696,3.921556309310946e-09,5.826260199360512e-14,58.262601993605124
1697,3.921547120074118e-09,4.907336516554129e-14,49.07336516554129
1698,3.921539245811895e-09,4.119910294237651e-14,41.199102942376506
1699,3.92152893518476e-09,3.088847580731092e-14,30.888475807310922
1700,3.9215909742088516e-09,9.292749989888672e-14,92.92749989888672
1701,3.9215863508726325e-09,8.83041636798111e-14,88.3041636798111
1702,3.921570938017179e-09,7.289130822608304e-14,72.89130822608304
1703,3.921569935943321e-09,7.188923436816331e-14,71.88923436816332
1704,3.921566207019684e-09,6.81603107312796e-14,68.16031073127961
1705,3.9215470558351395e-09,4.9009126186821527e-14,49.009126186821526
1706,3.921586123976223e-09,8.807726727016419e-14,88.0772672701642
1707,3.921602883817351e-09,1.0483710839793393e-13,104.83710839793393
1708,3.921583868971229e-09,8.58222622766659e-14,85.82226227666591
1709,3.921584609020527e-09,8.65623115745502e-14,86.5623115745502
1710,3.9215559695761956e-09,5.792286724285679e-14,57.92286724285679
1711,3.921567621063262e-09,6.957435430968951e-14,69.57435430968951
1712,3.921581619956453e-09,8.35732475001706e-14,83.5732475001706
1713,3.921621412019327e-09,1.2336531037408184e-13,123.36531037408184
1714,3.921596555898476e-09,9.85091895232766e-14,98.50918952327659
1715,3.9216052048502564e-09,1.0715814130373659e-13,107.15814130373658
1716,3.921596424655803e-09,9.837794685029723e-14,98.37794685029722
1717,3.921583665737532e-09,8.56190285794335e-14,85.6190285794335
1718,3.921567116285836e-09,6.906957688323457e-14,69.06957688323457
1719,3.921637308672895e-09,1.3926196394222724e-13,139.26196394222723
1720,3.92162225699229e-09,1.2421028333720841e-13,124.21028333720841
1721,3.921606470927343e-09,1.0842421839065653e-13,108.42421839065653
1722,3.921604938434678e-09,1.0689172572490259e-13,106.89172572490259
1723,3.921594171792109e-09,9.61250831560896e-14,96.1250831560896
1724,3.921580008886235e-09,8.196217728196576e-14,81.96217728196577
1725,3.921632398619411e-09,1.3435191045863782e-13,134.35191045863783
1726,3.921644080979135e-09,1.4603427018233207e-13,146.03427018233208
1727,3.921618756049265e-09,1.207093403121441e-13,120.70934031214409
1728,3.9216191402092e-09,1.2109350024691002e-13,121.09350024691003
1729,3.921606860969075e-09,1.088142601222082e-13,108.8142601222082
1730,3.9215958225712316e-09,9.777586227886171e-14,97.77586227886171
1731,3.921630847370048e-09,1.3280066109529988e-13,132.8006610952999
1732,3.921657273253014e-09,1.5922654406153825e-13,159.22654406153825
1733,3.921631115167985e-09,1.330684590319038e-13,133.06845903190379
1734,3.921632448845077e-09,1.3440213612427821e-13,134.4021361242782
1735,3.921619689059444e-09,1.216423504916765e-13,121.6423504916765
1736,3.921600975973893e-09,1.029292649400655e-13,102.9292649400655
1737,3.921627058544241e-09,1.2901183528838634e-13,129.01183528838635
1738,3.921675316328728e-09,1.7726961977560752e-13,177.2696197756075
1739,3.9216560736646255e-09,1.5802695567284598e-13,158.026955672846
1740,3.921623628399618e-09,1.2558169066518533e-13,125.58169066518533
1741,3.921631987815208e-09,1.3394110625548307e-13,133.94110625548308
1742,3.92162171819802e-09,1.2367148906759174e-13,123.67148906759175
1743,3.921632660942127e-09,1.346142331742707e-13,134.61423317427068
1744,3.921685121798966e-09,1.870750900134578e-13,187.0750900134578
1745,3.9216589177708695e-09,1.6087106191676427e-13,160.87106191676426
1746,3.921652678078947e-09,1.5463136999389294e-13,154.63136999389295
1747,3.92164338969183e-09,1.453429828771553e-13,145.34298287715532
1748,3.921632888597478e-09,1.3484188852543833e-13,134.84188852543832
1749,3.921640249842338e-09,1.422031333856373e-13,142.2031333856373
1750,3.9216950443359336e-09,1.969976269808822e-13,196.9976269808822
1751,3.921670631301406e-09,1.7258459245291747e-13,172.58459245291746
1752,3.921662717248963e-09,1.6467054001002247e-13,164.67054001002248
1753,3.9216539371900346e-09,1.5589048108185467e-13,155.89048108185466
1754,3.921643213644502e-09,1.4516693554939798e-13,145.16693554939798
1755,3.9216493852485285e-09,1.5133853957583722e-13,151.33853957583722
1756,3.9217050150385825e-09,2.0696832962981927e-13,206.96832962981927
1757,3.921680890998144e-09,1.8284428919093055e-13,182.84428919093054
1758,3.921672638186732e-09,1.7459147777924245e-13,174.59147777924247
1759,3.92166371159788e-09,1.6566488892746324e-13,165.66488892746324
1760,3.9216526975403756e-09,1.5465083142288906e-13,154.65083142288907
1761,3.9216698617075985e-09,1.7181499864583295e-13,171.81499864583296
1762,3.921704763205523e-09,2.067164965702052e-13,206.7164965702052
1763,3.9216896269571484e-09,1.915802481957325e-13,191.5802481957325
1764,3.921682392428417e-09,1.843457194644428e-13,184.3457194644428
1765,3.921672621408703e-09,1.7457469975062324e-13,174.57469975062324
1766,3.921666986837118e-09,1.6894012816527039e-13,168.94012816527038
1767,3.9216657459135214e-09,1.676992045687521e-13,167.6992045687521
1768,3.921725330032844e-09,2.272833238912776e-13,227.2833238912776
1769,3.921696138485661e-09,1.9809177670830026e-13,198.09177670830027
1770,3.921691070843392e-09,1.9302413443894007e-13,193.02413443894008
1771,3.921680611246878e-09,1.8256453792537498e-13,182.564537925375
1772,3.921669220266488e-09,1.7117355753553621e-13,171.17355753553622
1773,3.921695209432819e-09,1.9716272386669743e-13,197.16272386669743
1774,3.92172729192378e-09,2.2924521482744443e-13,229.24521482744444
1775,3.9217035642676555e-09,2.0551755870281642e-13,205.51755870281642
1776,3.921694449867882e-09,1.964031589297084e-13,196.4031589297084
1777,3.921687893697345e-09,1.8984698839268855e-13,189.84698839268856
1778,3.9216798399183475e-09,1.8179320939481448e-13,181.79320939481448
1779,3.9216968428918125e-09,1.987961828597641e-13,198.7961828597641
1780,3.921744932001547e-09,2.4688529259400084e-13,246.88529259400084
1781,3.921714484460357e-09,2.1643775140430766e-13,216.43775140430768
1782,3.921696387716635e-09,1.9834100768270036e-13,198.34100768270036
1783,3.9216928194446554e-09,1.947727357027247e-13,194.7727357027247
1784,3.9256022091294605e-09,4.104162420507839e-12,4104.16242050784
1785,3.927736098657212e-09,6.238051948259293e-12,6238.051948259293
1786,3.922555515887801e-09,1.0574691788479774e-12,1057.4691788479774
1787,3.9212774128574886e-09,-2.2063385146412528e-13,-220.63385146412529
1788,3.920722751207762e-09,-7.75295501190285e-13,-775.295501190285
1789,3.920928830447807e-09,-5.692162611460804e-13,-569.2162611460803
1790,3.92093422185995e-09,-5.638248490029617e-13,-563.8248490029617
1791,3.920953986757134e-09,-5.440599518187682e-13,-544.0599518187682
1792,3.920963978059624e-09,-5.340686493285539e-13,-534.0686493285539
1793,3.920993446322307e-09,-5.04600386646104e-13,-504.60038664610397
1794,3.921025605520571e-09,-4.724411883816536e-13,-472.4411883816536
1795,3.921042886158212e-09,-4.551605507403305e-13,-455.16055074033045
1796,3.921029375996256e-09,-4.686707126965094e-13,-468.6707126965094
1797,3.9210324079405265e-09,-4.65638768426208e-13,-465.638768426208
1798,3.921043277555197e-09,-4.547691537560632e-13,-454.7691537560632
1799,3.921043891078101e-09,-4.5415563085170795e-13,-454.15563085170794
1800,3.921047520634609e-09,-4.5052607434393254e-13,-450.5260743439325
1801,3.921049012984689e-09,-4.4903372426361487e-13,-449.0337242636149
1802,3.92105008124909e-09,-4.479654598630649e-13,-447.9654598630649
1803,3.9211028064615235e-09,-3.952402474291715e-13,-395.2402474291715
1804,3.921102808087827e-09,-3.952386211259128e-13,-395.2386211259128
1805,3.921093764540666e-09,-4.0428216828704887e-13,-404.2821682870489
1806,3.921101081550077e-09,-3.969651588754873e-13,-396.9651588754873
1807,3.921098168109104e-09,-3.9987859984833606e-13,-399.8785998483361
1808,3.921099345173193e-09,-3.9870153575977717e-13,-398.7015357597772
1809,3.921094149866118e-09,-4.038968428349475e-13,-403.8968428349475
1810,3.921111565514035e-09,-3.864811949180956e-13,-386.48119491809564
1811,3.9210959064362675e-09,-4.0214027268519513e-13,-402.14027268519516
1812,3.921134218644491e-09,-3.6382806446156367e-13,-363.82806446156366
1813,3.9211538513774305e-09,-3.4419533152219616e-13,-344.19533152219617
1814,3.921156358811795e-09,-3.4168789715788893e-13,-341.6878971578889
1815,3.921149774208056e-09,-3.482725008968822e-13,-348.2725008968822
1816,3.921140977289784e-09,-3.5706941916883216e-13,-357.06941916883216
1817,3.921156626880782e-09,-3.414198281707419e-13,-341.4198281707419
1818,3.921148185363982e-09,-3.498613449705511e-13,-349.8613449705511
1819,3.921144646013095e-09,-3.534006958575757e-13,-353.4006958575757
1820,3.921137331307613e-09,-3.6071540133952073e-13,-360.7154013395207
1821,3.921199965829748e-09,-2.9808087920470726e-13,-298.0808792047073
1822,3.921202394171564e-09,-2.9565253738888285e-13,-295.6525373888829
1823,3.921181726269495e-09,-3.163204394574852e-13,-316.32043945748524
1824,3.9211785923289055e-09,-3.194543800471632e-13,-319.45438004716317
1825,3.9211849767889235e-09,-3.1306992002921074e-13,-313.0699200292107
1826,3.921181854774558e-09,-3.1619193439499137e-13,-316.1919343949914
1827,3.921185149204174e-09,-3.1289750477873123e-13,-312.8975047787312
1828,3.9211737174848875e-09,-3.2432922406520114e-13,-324.3292240652011
1829,3.921206327711256e-09,-2.917189976969968e-13,-291.71899769699684
1830,3.921243502781136e-09,-2.5454392781692247e-13,-254.54392781692246
1831,3.92121393539527e-09,-2.841113136829919e-13,-284.1113136829919
1832,3.921217532371502e-09,-2.805143374504997e-13,-280.5143374504997
1833,3.921211039166006e-09,-2.8700754294635244e-13,-287.00754294635243
1834,3.921217800901275e-09,-2.8024580767742934e-13,-280.24580767742935
1835,3.921212107620142e-09,-2.859390888104223e-13,-285.9390888104223
1836,3.921216731796618e-09,-2.81314912334663e-13,-281.314912334663
1837,3.9212257724977485e-09,-2.7227421120422967e-13,-272.2742112042297
1838,3.921253455784184e-09,-2.445909247684512e-13,-244.59092476845123
1839,3.921276485674896e-09,-2.2156103405698057e-13,-221.56103405698056
1840,3.921246970520469e-09,-2.510761884833905e-13,-251.07618848339052
1841,3.921249064385915e-09,-2.489823230377779e-13,-248.9823230377779
1842,3.921247479797335e-09,-2.5056691161791976e-13,-250.56691161791977
1843,3.9212411919668354e-09,-2.5685474211724945e-13,-256.85474211724943
1844,3.92122274898315e-09,-2.7529772580264e-13,-275.29772580264
1845,3.921277556839537e-09,-2.204898694156192e-13,-220.4898694156192
1846,3.921300431120132e-09,-1.9761558882095453e-13,-197.6155888209545
1847,3.9212881385985304e-09,-2.099081104222693e-13,-209.9081104222693
1848,3.9212786709656895e-09,-2.193757432631731e-13,-219.3757432631731
1849,3.9212779782960266e-09,-2.2006841292611977e-13,-220.06841292611978
1850,3.921275591018368e-09,-2.224556905846613e-13,-222.45569058466128
1851,3.921273197208391e-09,-2.2484950056129204e-13,-224.84950056129205
1852,3.921269092202126e-09,-2.2895450682675666e-13,-228.95450682675664
1853,3.921296575805627e-09,-2.0147090332609573e-13,-201.47090332609574
1854,3.921322063609768e-09,-1.7598309918454612e-13,-175.98309918454612
1855,3.921321021203589e-09,-1.770255053632823e-13,-177.02550536328232
1856,3.921303355050761e-09,-1.94691658192087e-13,-194.691658192087
1857,3.921310494305226e-09,-1.8755240372670444e-13,-187.55240372670445
1858,3.921289650952141e-09,-2.0839575681186927e-13,-208.39575681186926
1859,3.921289080417853e-09,-2.0896629110008546e-13,-208.96629110008544
1860,3.9212873236579675e-09,-2.1072305098521803e-13,-210.72305098521804
1861,3.921342386735546e-09,-1.5565997340679415e-13,-155.65997340679414
1862,3.9213532355877444e-09,-1.4481112120825245e-13,-144.81112120825244
1863,3.921332462816221e-09,-1.6558389273198847e-13,-165.58389273198847
1864,3.921327795651129e-09,-1.7025105782388682e-13,-170.2510578238868
1865,3.921324902240791e-09,-1.7314446816159889e-13,-173.1444681615989
1866,3.9213211320361565e-09,-1.7691467279619998e-13,-176.91467279619997
1867,3.921322357889343e-09,-1.7568881960987924e-13,-175.68881960987923
1868,3.921340877580332e-09,-1.5716912862078535e-13,-157.16912862078536
1869,3.921362947952121e-09,-1.3509875683196436e-13,-135.09875683196435
1870,3.9213686810505785e-09,-1.293656583741869e-13,-129.3656583741869
1871,3.921352989717797e-09,-1.4505699115591785e-13,-145.05699115591784
1872,3.921346757533974e-09,-1.512891749787447e-13,-151.2891749787447
1873,3.921352527170045e-09,-1.4551953890775448e-13,-145.51953890775448
1874,3.9213314605797325e-09,-1.6658612922023407e-13,-166.58612922023406
1875,3.921351668183769e-09,-1.4637852518396043e-13,-146.37852518396042
1876,3.921397325726186e-09,-1.0072098276701124e-13,-100.72098276701124
1877,3.9213851175826184e-09,-1.1292912633425233e-13,-112.92912633425233
1878,3.9213749526993604e-09,-1.2309400959228155e-13,-123.09400959228155
1879,3.92137528197156e-09,-1.227647373924977e-13,-122.76473739249771
1880,3.921359874238962e-09,-1.3817246999096077e-13,-138.17246999096076
1881,3.9213692703957744e-09,-1.2877631317827808e-13,-128.7763131782781
1882,3.9213425966099814e-09,-1.5545009897125527e-13,-155.45009897125527
1883,3.9214222936282805e-09,-7.575308067222274e-14,-75.75308067222274
1884,3.92140960469526e-09,-8.844201369285253e-14,-88.44201369285253
1885,3.921399837768409e-09,-9.820894054347095e-14,-98.20894054347094
1886,3.921396163000671e-09,-1.01883708281839e-13,-101.883708281839
1887,3.9213894444979636e-09,-1.0860221098913424e-13,-108.60221098913424
1888,3.921384718623324e-09,-1.1332808562867268e-13,-113.32808562867268
1889,3.921385607289635e-09,-1.1243941931799494e-13,-112.43941931799493
1890,3.921417688967444e-09,-8.03577415088773e-14,-80.3577415088773
1891,3.921426260317454e-09,-7.178639149891296e-14,-71.78639149891296
1892,3.921426777156629e-09,-7.126955232328912e-14,-71.26955232328912
1893,3.921409463450822e-09,-8.858325813087308e-14,-88.58325813087308
1894,3.921413388560842e-09,-8.465814811087812e-14,-84.65814811087812
1895,3.9214063351751885e-09,-9.171153376419982e-14,-91.71153376419981
1896,3.921398018233218e-09,-1.0002847573439043e-13,-100.02847573439043
1897,3.921428235598287e-09,-6.981111066591593e-14,-69.81111066591593
1898,3.921459852749675e-09,-3.819395927759971e-14,-38.19395927759971
1899,3.9214436479929546e-09,-5.439871599811118e-14,-54.39871599811118
1900,3.921432437179861e-09,-6.560952909193717e-14,-65.60952909193718
1901,3.921433354523319e-09,-6.469218563379718e-14,-64.69218563379718
1902,3.921424914876768e-09,-7.313183218485885e-14,-73.13183218485885
1903,3.92141768476616e-09,-8.036194279229568e-14,-80.36194279229568
1904,3.921442434011782e-09,-5.56126971706432e-14,-55.6126971706432
1905,3.921467921571978e-09,-3.01251369745824e-14,-30.1251369745824
1906,3.921475559613653e-09,-2.2487095299747896e-14,-22.487095299747896
1907,3.92145087948592e-09,-4.716722303290443e-14,-47.167223032904424
1908,3.921451854752879e-09,-4.6191956073699404e-14,-46.1919560736994
1909,3.9214340759514445e-09,-6.397075750822533e-14,-63.97075750822533
1910,3.921426764606989e-09,-7.128210196343564e-14,-71.28210196343564
1911,3.921467864000843e-09,-3.018270810994138e-14,-30.18270810994138
1912,3.921440483044183e-09,-5.756366476992224e-14,-57.56366476992224
1913,3.921411393520424e-09,-8.66531885284687e-14,-86.65318852846869
1914,3.9214737717913756e-09,-2.427491757712218e-14,-24.27491757712218
1915,3.921466175274644e-09,-3.187143430875049e-14,-31.87143430875049
1916,3.921458834412785e-09,-3.921229616810672e-14,-39.21229616810672
1917,3.921447768801467e-09,-5.027790748598259e-14,-50.27790748598259
1918,3.921505779607912e-09,7.732898958994882e-15,7.732898958994881
1919,3.9214953136959205e-09,-2.7330130322249412e-15,-2.733013032224941
1920,3.92149194722107e-09,-6.099487882846745e-15,-6.099487882846745
1921,3.921476114155959e-09,-2.1932552993575872e-14,-21.93255299357587
1922,3.921484000452826e-09,-1.4046256126296498e-14,-14.046256126296498
1923,3.921470798583758e-09,-2.724812519472918e-14,-27.24812519472918
1924,3.921475612658244e-09,-2.2434050708459042e-14,-22.434050708459043
1925,3.921524122628157e-09,2.6075919204082264e-14,26.075919204082265
1926,3.921513531328184e-09,1.5484619231614493e-14,15.484619231614493
1927,3.921504469430901e-09,6.422721948709086e-15,6.422721948709086
1928,3.921505257401935e-09,7.210692982617238e-15,7.210692982617238
1929,3.921490927257876e-09,-7.119451076612483e-15,-7.119451076612483
1930,3.921478828022417e-09,-1.9218686535627406e-14,-19.218686535627405
1931,3.921507411549022e-09,9.364840069020063e-15,9.364840069020063
1932,3.921545479432286e-09,4.7432723333081915e-14,47.43272333308192
1933,3.921521315493207e-09,2.3268784254245732e-14,23.268784254245734
1934,3.921511311180291e-09,1.3264471337961613e-14,13.264471337961613
1935,3.921519983876099e-09,2.1937167145999036e-14,21.937167145999037
1936,3.9214899397936424e-09,-8.106915310257968e-15,-8.106915310257968
1937,3.921509996720682e-09,1.19500117290945e-14,11.9500117290945
1938,3.9215539638563866e-09,5.591714743386723e-14,55.91714743386723
1939,3.921557992372189e-09,5.9945663236063e-14,59.945663236063
1940,3.921532310495858e-09,3.426378690563848e-14,34.26378690563848
1941,3.921536908353326e-09,3.8861644373660697e-14,38.861644373660695
1942,3.921524707067338e-09,2.6660358385160575e-14,26.660358385160574
1943,3.921508531746706e-09,1.0485037753632086e-14,10.485037753632087
1944,3.9215206799609985e-09,2.2633252045789042e-14,22.633252045789042
1945,3.92157119082602e-09,7.314411706765235e-14,73.14411706765235
1946,3.921564859735854e-09,6.681302690164049e-14,66.8130269016405
1947,3.921559932687502e-09,6.188597854899737e-14,61.885978548997365
1948,3.921529678432454e-09,3.1631723501604047e-14,31.631723501604046
1949,3.9215414932816835e-09,4.344657273077602e-14,43.44657273077602
1950,3.921523097487898e-09,2.5050778944942908e-14,25.05077894494291
1951,3.921572370627719e-09,7.432391876669676e-14,74.32391876669676
1952,3.92158113423388e-09,8.308752492689709e-14,83.08752492689709
1953,3.921563113682466e-09,6.506697351296121e-14,65.06697351296121
1954,3.92156941146052e-09,7.136475156722345e-14,71.36475156722345
1955,3.921545474851532e-09,4.7428142578903164e-14,47.42814257890316
1956,3.921543945584367e-09,4.589887541461236e-14,45.89887541461236
1957,3.921553932658469e-09,5.588594951635396e-14,55.88594951635396
1958,3.921612728535707e-09,1.1468182675442818e-13,114.68182675442819
1959,3.921585696339781e-09,8.76496308282816e-14,87.6496308282816
1960,3.921568768880997e-09,7.07221720446456e-14,70.7221720446456
1961,3.921566157254804e-09,6.811054585156252e-14,68.11054585156252
1962,3.92155428017237e-09,5.6233463417689876e-14,56.233463417689876
1963,3.921554441040868e-09,5.639433191503241e-14,56.39433191503241
1964,3.921619025527715e-09,1.2097881876211537e-13,120.97881876211537
1965,3.921593312426362e-09,9.526571740912327e-14,95.26571740912327
1966,3.921585272470942e-09,8.722576198894839e-14,87.22576198894839
1967,3.9215858652855845e-09,8.781857663180915e-14,87.81857663180915
1968,3.921567590814022e-09,6.954410506907717e-14,69.54410506907716
1969,3.921559391562197e-09,6.134485324470985e-14,61.34485324470985
1970,3.921609599555342e-09,1.1155284638968933e-13,111.55284638968934
1971,3.9216235388716235e-09,1.2549216267079234e-13,125.49216267079234
1972,3.921597754104507e-09,9.970739555419895e-14,99.70739555419895
1973,3.921598781846851e-09,1.0073513789855227e-13,100.73513789855227
1974,3.92158664141171e-09,8.85947027569829e-14,88.5947027569829
1975,3.9215767928986456e-09,7.874618969288495e-14,78.74618969288495
1976,3.921597815497455e-09,9.976878850221594e-14,99.76878850221594
1977,3.921642785005173e-09,1.4473829622050583e-13,144.73829622050584
1978,3.921613317745378e-09,1.1527103642506543e-13,115.27103642506543
1979,3.921610788925126e-09,1.1274221617290593e-13,112.74221617290593
1980,3.92160079732448e-09,1.027506155270942e-13,102.7506155270942
1981,3.921591140525465e-09,9.3093816512146e-14,93.09381651214599
1982,3.921597709408272e-09,9.966269931963824e-14,99.66269931963824
1983,3.921651999937593e-09,1.5395322864005757e-13,153.95322864005757
1984,3.921630549919182e-09,1.3250321022927848e-13,132.50321022927847
1985,3.921613342763343e-09,1.1529605439019553e-13,115.29605439019554
1986,3.921612850264506e-09,1.14803555553344e-13,114.803555553344
1987,3.921604145232368e-09,1.0609852341551219e-13,106.09852341551219
1988,3.921599787525681e-09,1.0174081672869551e-13,101.74081672869552
1989,3.92166038781349e-09,1.6234110453738305e-13,162.34110453738305
1990,3.921646357288701e-09,1.483105797485197e-13,148.3105797485197
1991,3.9216312034491465e-09,1.3315674019379843e-13,133.15674019379844
1992,3.921626666279895e-09,1.286195709423811e-13,128.6195709423811
1993,3.9216160959050245e-09,1.1804919607184229e-13,118.04919607184229
1994,3.921610539504416e-09,1.1249279546312564e-13,112.49279546312563
1995,3.92166941843154e-09,1.7137172258761225e-13,171.37172258761225
1996,3.921660402314694e-09,1.6235560574144004e-13,162.35560574144006
1997,3.921641077684907e-09,1.430309759544386e-13,143.0309759544386
1998,3.921638285322212e-09,1.4023861325920218e-13,140.23861325920217
1999,3.921627122186909e-09,1.2907547795591124e-13,129.07547795591125
2000,3.921610410538567e-09,1.1236382961470849e-13,112.3638296147085
2001,3.921677019149555e-09,1.7897244060265894e-13,178.97244060265893
2002,3.9216733017184615e-09,1.7525500950880358e-13,175.2550095088036
2003,3.921651244113153e-09,1.5319740420056361e-13,153.19740420056362
2004,3.9216491845898115e-09,1.5113788085876446e-13,151.13788085876445
2005,3.921637508897931e-09,1.39462188978431e-13,139.462188978431
2006,3.9216215885545455e-09,1.235418455928168e-13,123.54184559281678
2007,3.921681942701356e-09,1.838959924032958e-13,183.8959924032958
2008,3.921684663262762e-09,1.8661655380965937e-13,186.61655380965937
2009,3.921661132443542e-09,1.630857345894461e-13,163.0857345894461
2010,3.921659307839706e-09,1.6126113075337024e-13,161.26113075337025
2011,3.921647270810347e-09,1.4922410139400167e-13,149.22410139400168
2012,3.921631565952143e-09,1.3351924319016896e-13,133.51924319016896
2013,3.921689702065254e-09,1.9165535630123144e-13,191.65535630123145
2014,3.921694669066457e-09,1.9662235750393065e-13,196.62235750393066
2015,3.921670517270442e-09,1.724705614894263e-13,172.4705614894263
2016,3.921668688329797e-09,1.706416208446605e-13,170.6416208446605
2017,3.921656419199858e-09,1.583724909052171e-13,158.37249090521712
2018,3.921640352163918e-09,1.423054549656656e-13,142.3054549656656
2019,3.921700338224091e-09,2.022915151385858e-13,202.2915151385858
2020,3.9217032647297e-09,2.0521802074761298e-13,205.218020747613
2021,3.921683211272108e-09,1.8516456315521247e-13,185.16456315521248
2022,3.921676982964308e-09,1.7893625535515224e-13,178.93625535515224
2023,3.921658804824108e-09,1.607581151554456e-13,160.75811515544558
2024,3.921636638988318e-09,1.3859227936533726e-13,138.59227936533725
2025,3.921725822423261e-09,2.277757143079119e-13,227.7757143079119
2026,3.921704768897584e-09,2.0672218863161075e-13,206.72218863161075
2027,3.921691762645693e-09,1.9371593674014876e-13,193.71593674014878
2028,3.921683697048891e-09,1.856503399385946e-13,185.6503399385946
2029,3.921669961725249e-09,1.7191501629624474e-13,171.91501629624474
2030,3.921665452040523e-09,1.674053315698999e-13,167.40533156989991
2031,3.9217206346242855e-09,2.22587915332786e-13,222.587915332786
2032,3.921716088781417e-09,2.1804207246398878e-13,218.04207246398877
2033,3.921693832252115e-09,1.9578554316215203e-13,195.78554316215204
2034,3.9216856380418306e-09,1.8759133287788677e-13,187.59133287788677
2035,3.9216765171639495e-09,1.7847045499679815e-13,178.47045499679817
2036,3.921667625784563e-09,1.695790756105704e-13,169.5790756105704
2037,3.921744744624306e-09,2.4669791535354103e-13,246.69791535354102
2038,3.921712235825051e-09,2.1418911609857273e-13,214.18911609857273
2039,3.925448878276672e-09,3.950831567718965e-12,3950.831567718965
2040,3.927826338647172e-09,6.328291938218955e-12,6328.291938218955
2041,3.922504528082243e-09,1.0064813732904378e-12,1006.4813732904378
2042,3.921309482690389e-09,-1.8856401856374204e-13,-188.56401856374205
2043,3.920746089418467e-09,-7.519572904860138e-13,-751.9572904860138
2044,3.920996396490628e-09,-5.016502183246623e-13,-501.65021832466226
2045,3.920970633624395e-09,-5.274130845573714e-13,-527.4130845573715
2046,3.920987393899204e-09,-5.106528097487327e-13,-510.6528097487327
2047,3.921008664482155e-09,-4.893822267975e-13,-489.3822267975
2048,3.921016126449397e-09,-4.819202595554771e-13,-481.9202595554771
2049,3.921021129608742e-09,-4.769171002103255e-13,-476.9171002103255
2050,3.921027216401054e-09,-4.708303078988289e-13,-470.83030789882895
2051,3.921017325956471e-09,-4.807207524819478e-13,-480.7207524819478
2052,3.92106682233352e-09,-4.3122437543287916e-13,-431.2243754328792
2053,3.921082605579541e-09,-4.1544112941197574e-13,-415.44112941197574
2054,3.921090421186426e-09,-4.076255225263424e-13,-407.6255225263424
2055,3.921086654261503e-09,-4.1139244744937175e-13,-411.39244744937173
2056,3.92107934893437e-09,-4.1869777458252476e-13,-418.69777458252474
2057,3.921091470450184e-09,-4.0657625876886526e-13,-406.5762587688653
2058,3.9210936067892495e-09,-4.044399197031455e-13,-404.4399197031455
2059,3.921086236572616e-09,-4.118101363363218e-13,-411.81013633632176
2060,3.921094585742496e-09,-4.0346096645655404e-13,-403.46096645655405
2061,3.921107013843579e-09,-3.9103286537356995e-13,-391.03286537356996
2062,3.921141953125949e-09,-3.560935830034866e-13,-356.0935830034866
2063,3.921149899650247e-09,-3.4814705870552564e-13,-348.14705870552564
2064,3.921137363969204e-09,-3.606827397490746e-13,-360.6827397490746
2065,3.921133294362139e-09,-3.6475234681360757e-13,-364.7523468136076
2066,3.92113885672586e-09,-3.5918998309294225e-13,-359.18998309294227
2067,3.921136942079033e-09,-3.61104629919443e-13,-361.104629919443
2068,3.921137936699001e-09,-3.6011000995145913e-13,-360.1100099514591
2069,3.921122788578613e-09,-3.7525813033972054e-13,-375.25813033972054
2070,3.921173103934878e-09,-3.249427740746107e-13,-324.94277407461067
2071,3.921180756803018e-09,-3.1728990593506744e-13,-317.28990593506745
2072,3.921183128956056e-09,-3.149177528968321e-13,-314.9177528968321
2073,3.9211780643495526e-09,-3.199823594001093e-13,-319.9823594001093
2074,3.9211774539979396e-09,-3.2059271101311003e-13,-320.59271101311003
2075,3.921178506216148e-09,-3.1954049280471285e-13,-319.54049280471287
2076,3.9211753333527e-09,-3.2271335625238306e-13,-322.71335625238305
2077,3.921179754918895e-09,-3.18291790057607e-13,-318.291790057607
2078,3.921172781493152e-09,-3.252652158007079e-13,-325.2652158007079
2079,3.9212331945392455e-09,-2.648521697072086e-13,-264.8521697072086
2080,3.921223779436e-09,-2.7426727295285546e-13,-274.2672729528555
2081,3.921215499112958e-09,-2.825475959946704e-13,-282.54759599467036
2082,3.921208392791134e-09,-2.896539178190637e-13,-289.6539178190637
2083,3.92121418487019e-09,-2.83861838763103e-13,-283.861838763103
2084,3.9212091507839775e-09,-2.8889592497522475e-13,-288.8959249752248
2085,3.9211957395825746e-09,-3.0230712637811007e-13,-302.30712637811007
2086,3.9212072278972145e-09,-2.908188117382364e-13,-290.81881173823643
2087,3.9212568241021786e-09,-2.412226067741362e-13,-241.22260677413618
2088,3.921251685878348e-09,-2.463608306049252e-13,-246.36083060492518
2089,3.921265882584225e-09,-2.321641247280741e-13,-232.1641247280741
2090,3.921243880679803e-09,-2.5416602914970264e-13,-254.16602914970264
2091,3.92124540642331e-09,-2.526402856424724e-13,-252.6402856424724
2092,3.921247073628096e-09,-2.5097308085678715e-13,-250.97308085678713
2093,3.9212403121096674e-09,-2.5773459928527575e-13,-257.73459928527575
2094,3.921226862771453e-09,-2.7118393749957824e-13,-271.18393749957824
2095,3.921275638912999e-09,-2.2240779595369175e-13,-222.40779595369173
2096,3.921294417104891e-09,-2.03629604061623e-13,-203.62960406162298
2097,3.921284285533745e-09,-2.137611752079026e-13,-213.7611752079026
2098,3.9212719001773325e-09,-2.2614653162023645e-13,-226.14653162023646
2099,3.92127658748148e-09,-2.2145922747298418e-13,-221.45922747298417
2100,3.9212635813651135e-09,-2.344653438391746e-13,-234.4653438391746
2101,3.921271482108975e-09,-2.2656459997794686e-13,-226.56459997794687
2102,3.921256546410897e-09,-2.4150029805556405e-13,-241.50029805556406
2103,3.921302774650233e-09,-1.952720587200728e-13,-195.2720587200728
2104,3.921321588132905e-09,-1.7645857604728964e-13,-176.45857604728965
2105,3.9212987177283335e-09,-1.9932898061918768e-13,-199.3289806191877
2106,3.921298635085023e-09,-1.994116239297854e-13,-199.41162392978538
2107,3.9212985490535805e-09,-1.994976553721721e-13,-199.49765537217212
2108,3.921290133747368e-09,-2.0791296158446148e-13,-207.91296158446147
2109,3.921288648254867e-09,-2.0939845408603818e-13,-209.39845408603819
2110,3.921302766843977e-09,-1.952798649757147e-13,-195.2798649757147
2111,3.9213467672917935e-09,-1.5127941715919234e-13,-151.27941715919235
2112,3.921327598163703e-09,-1.7044854524960506e-13,-170.44854524960505
2113,3.921330086136638e-09,-1.6796057231429394e-13,-167.96057231429396
2114,3.921322649322887e-09,-1.7539738606591514e-13,-175.39738606591513
2115,3.92131876327125e-09,-1.792834377026463e-13,-179.2834377026463
2116,3.92131498526036e-09,-1.830614485928893e-13,-183.0614485928893
2117,3.921314323517564e-09,-1.8372319138886583e-13,-183.7231913888658
2118,3.921334706843667e-09,-1.633398652854866e-13,-163.3398652854866
2119,3.921379194044049e-09,-1.1885266490362688e-13,-118.85266490362689
2120,3.921350850885066e-09,-1.4719582388663431e-13,-147.19582388663432
2121,3.9213496897587494e-09,-1.4835695020325767e-13,-148.35695020325767
2122,3.921342161357019e-09,-1.5588535193339958e-13,-155.88535193339956
2123,3.921341353545086e-09,-1.566931638670642e-13,-156.69316386706421
2124,3.921332840904623e-09,-1.6520580432938846e-13,-165.20580432938846
2125,3.921326999792524e-09,-1.710469164285998e-13,-171.04691642859981
2126,3.921399788383e-09,-9.825832595242766e-14,-98.25832595242767
2127,3.921374255503153e-09,-1.2379120579929835e-13,-123.79120579929835
2128,3.921372980129033e-09,-1.2506657991984737e-13,-125.06657991984737
2129,3.9213683067839886e-09,-1.2973992496412888e-13,-129.73992496412887
2130,3.921359754190676e-09,-1.3829251827650923e-13,-138.2925182765092
2131,3.921354207032891e-09,-1.4383967606170544e-13,-143.83967606170543
2132,3.921353212900814e-09,-1.448338081387117e-13,-144.8338081387117
2133,3.921421176086891e-09,-7.687062206151217e-14,-76.87062206151218
2134,3.921399532592603e-09,-9.85141163499713e-14,-98.5141163499713
2135,3.921395000681732e-09,-1.0304602722085209e-13,-103.04602722085208
2136,3.921388475383852e-09,-1.0957132510101041e-13,-109.57132510101042
2137,3.921383986949488e-09,-1.1405975946477452e-13,-114.05975946477453
2138,3.921378443234045e-09,-1.196034749080731e-13,-119.6034749080731
2139,3.9213563981783765e-09,-1.4164853057616654e-13,-141.64853057616654
2140,3.9214302217211415e-09,-6.782498781119405e-14,-67.82498781119405
2141,3.921434285798775e-09,-6.376091017774076e-14,-63.76091017774076
2142,3.9214130410469405e-09,-8.500566201221403e-14,-85.00566201221403
2143,3.921410350219779e-09,-8.769648917399718e-14,-87.69648917399718
2144,3.921406621865348e-09,-9.142484360474034e-14,-91.42484360474033
2145,3.921399995953506e-09,-9.805075544650531e-14,-98.0507554465053
2146,3.9213899993926354e-09,-1.0804731631725616e-13,-108.04731631725616
2147,3.921424192662596e-09,-7.385404635700575e-14,-73.85404635700576
2148,3.921455101938386e-09,-4.294477056710532e-14,-42.944770567105316
2149,3.921438945022086e-09,-5.910168686675587e-14,-59.10168686675586
2150,3.921426691287817e-09,-7.135542113534997e-14,-71.35542113534997
2151,3.921426246005985e-09,-7.180070296758977e-14,-71.80070296758977
2152,3.921418331275916e-09,-7.971543303684258e-14,-79.71543303684258
2153,3.921409757676186e-09,-8.828903276631482e-14,-88.28903276631482
2154,3.921440783910286e-09,-5.726279866705751e-14,-57.26279866705752
2155,3.921472650780539e-09,-2.5395928413363568e-14,-25.395928413363567
2156,3.921452404524696e-09,-4.5642184257086317e-14,-45.64218425708631
2157,3.921444616836016e-09,-5.3429872936778134e-14,-53.42987293677813
2158,3.921437957774693e-09,-6.008893425996685e-14,-60.088934259966855
2159,3.92143448783985e-09,-6.355886910289809e-14,-63.558869102898086
2160,3.921419235825788e-09,-7.881088316433792e-14,-78.81088316433792
2161,3.921488078706403e-09,-9.968002549437961e-15,-9.96800254943796
2162,3.9214798358425465e-09,-1.8210866406193505e-14,-18.210866406193507
2163,3.9214659584884196e-09,-3.208822053313897e-14,-32.088220533138966
2164,3.9214583607519605e-09,-3.9685956992211325e-14,-39.685956992211324
2165,3.921465402292705e-09,-3.264441624762403e-14,-32.64441624762403
2166,3.921432747912203e-09,-6.529879674930282e-14,-65.29879674930282
2167,3.9214097302458714e-09,-8.831646308127871e-14,-88.31646308127871
2168,3.921418707195914e-09,-7.933951303858754e-14,-79.33951303858754
2169,3.921498961195974e-09,9.14487021505105e-16,0.914487021505105
2170,3.921485048334226e-09,-1.2998374726589258e-14,-12.998374726589258
2171,3.921478520895047e-09,-1.9525813906038237e-14,-19.525813906038238
2172,3.9214664170788335e-09,-3.162963011923191e-14,-31.629630119231912
2173,3.9214601164276434e-09,-3.7930281309251236e-14,-37.930281309251235
2174,3.921469875927709e-09,-2.8170781243514343e-14,-28.170781243514345
2175,3.921514075326624e-09,1.6028617671659095e-14,16.028617671659095
2176,3.921509053112426e-09,1.1006403473326053e-14,11.006403473326053
2177,3.921491979855555e-09,-6.066853397454931e-15,-6.066853397454931
2178,3.921499496005801e-09,1.4492968481378921e-15,1.449296848137892
2179,3.921485112139524e-09,-1.2934569428738486e-14,-12.934569428738486
2180,3.921470287463749e-09,-2.7759245203893158e-14,-27.75924520389316
2181,3.9214888488423114e-09,-9.197866641267195e-15,-9.197866641267195
2182,3.9215457871830724e-09,4.7740474119741926e-14,47.740474119741926
2183,3.9215070256543635e-09,8.97894541077816e-15,8.97894541077816
2184,3.921515768416737e-09,1.7721707784212458e-14,17.72170778421246
2185,3.9214968907764006e-09,-1.1559325521275265e-15,-1.1559325521275265
2186,3.92149900665115e-09,9.599421975865597e-16,0.9599421975865597
2187,3.9214855466335446e-09,-1.250007540811492e-14,-12.50007540811492
2188,3.921559526762208e-09,6.148005325561879e-14,61.48005325561879
2189,3.921529148582853e-09,3.110187389991038e-14,31.10187389991038
2190,3.9215412307963375e-09,4.318408738481728e-14,43.18408738481728
2191,3.921513674957867e-09,1.562824891441451e-14,15.62824891441451
2192,3.9215311342720265e-09,3.308756307376327e-14,33.08756307376327
2193,3.92150139693747e-09,3.350228517156727e-15,3.350228517156727
2194,3.921522910354603e-09,2.486364564997191e-14,24.86364564997191
2195,3.92155677524683e-09,5.872853787723077e-14,58.72853787723077
2196,3.921550735617313e-09,5.268890836023733e-14,52.68890836023733
2197,3.921535547408549e-09,3.750069959664827e-14,37.50069959664827
2198,3.921539210548219e-09,4.1163839266716417e-14,41.163839266716415
2199,3.9215282611904795e-09,3.021448152678531e-14,30.214481526785306
2200,3.921519968697268e-09,2.192198831558424e-14,21.92198831558424
2201,3.921558273451602e-09,6.022674264927986e-14,60.22674264927986
2202,3.921578831740831e-09,8.078503187824394e-14,80.78503187824394
2203,3.9215490091879836e-09,5.0962479030880036e-14,50.96247903088003
2204,3.921553376788015e-09,5.533007906252064e-14,55.33007906252064
2205,3.9215463273597e-09,4.8280650747128516e-14,48.28065074712852
2206,3.9215297010109645e-09,3.165430201184606e-14,31.654302011846056
2207,3.921536123336743e-09,3.807662779067257e-14,38.07662779067257
2208,3.9215905879347226e-09,9.254122576988445e-14,92.54122576988445
2209,3.921575096854082e-09,7.705014512941156e-14,77.05014512941156
2210,3.92156421897237e-09,6.617226341770156e-14,66.17226341770156
2211,3.921561183531548e-09,6.313682259539389e-14,63.136822595393895
2212,3.921551548579207e-09,5.350187025422127e-14,53.501870254221274
2213,3.921529696592841e-09,3.164988388799318e-14,31.64988388799318
2214,3.921593384769752e-09,9.533806079908237e-14,95.33806079908237
2215,3.921600568883082e-09,1.025221741293515e-13,102.52217412935151
2216,3.921576538490606e-09,7.849178165311122e-14,78.49178165311122
2217,3.92158424613806e-09,8.61994291074193e-14,86.1994291074193
2218,3.92156036872651e-09,6.232201755771672e-14,62.32201755771673
2219,3.921556223387924e-09,5.817667897143565e-14,58.17667897143565
2220,3.921576158125379e-09,7.8111416425949e-14,78.111416425949
2221,3.921621832310299e-09,1.2378560134624584e-13,123.78560134624584
2222,3.921593465624129e-09,9.541891517609547e-14,95.41891517609548
2223,3.9215896755785944e-09,9.16288696417379e-14,91.6288696417379
2224,3.921580883322392e-09,8.283661343912964e-14,82.83661343912964
2225,3.921564417300053e-09,6.637059110010347e-14,66.37059110010347
2226,3.921571199824898e-09,7.315311594568398e-14,73.15311594568398
2227,3.921629219115225e-09,1.3117240627266115e-13,131.17240627266114
2228,3.921613098248648e-09,1.1505153969524574e-13,115.05153969524574
2229,3.921599480289891e-09,1.0143358093806743e-13,101.43358093806744
2230,3.921595369564459e-09,9.732285550614296e-14,97.32285550614296
2231,3.921585336953866e-09,8.729024491315697e-14,87.29024491315697
2232,3.921571353700292e-09,7.330699133901398e-14,73.30699133901398
2233,3.921636331617002e-09,1.3828490804943761e-13,138.2849080494376
2234,3.921631279018038e-09,1.3323230908522067e-13,133.23230908522066
2235,3.921610187870546e-09,1.1214116159353428e-13,112.14116159353428
2236,3.921608992890017e-09,1.1094618106407507e-13,110.94618106407506
2237,3.921597709652218e-09,9.966294326512705e-14,99.66294326512704
2238,3.921584039597546e-09,8.599288859356081e-14,85.9928885935608
2239,3.921631173877532e-09,1.3312716857954389e-13,133.12716857954388
2240,3.921648034928933e-09,1.4998821998011514e-13,149.98821998011513
2241,3.921621349948752e-09,1.2330323979970704e-13,123.30323979970704
2242,3.921621819869079e-09,1.2377316012631657e-13,123.77316012631657
2243,3.92160907447623e-09,1.110277672775546e-13,111.0277672775546
2244,3.921598447993897e-09,1.0040128494458967e-13,100.40128494458968
2245,3.921625968866848e-09,1.279221578949298e-13,127.92215789492978
2246,3.921663407777326e-09,1.6536106837367849e-13,165.36106837367848
2247,3.921632964681366e-09,1.349179724128925e-13,134.9179724128925
2248,3.921633477996884e-09,1.3543128793145577e-13,135.43128793145576
2249,3.921620841674774e-09,1.2279496582124584e-13,122.79496582124584
2250,3.9216104140893295e-09,1.1236738037682338e-13,112.36738037682338
2251,3.921625951953294e-09,1.2790524434103901e-13,127.90524434103901
2252,3.9216752839923985e-09,1.7723728344581314e-13,177.23728344581315
2253,3.921646411010919e-09,1.4836430196616636e-13,148.36430196616635
2254,3.921642317876667e-09,1.4427116771449045e-13,144.27116771449045
2255,3.921630342863672e-09,1.3229615471938806e-13,132.29615471938806
2256,3.921620027791308e-09,1.2198108235541528e-13,121.98108235541528
2257,3.921634895211754e-09,1.368485028012202e-13,136.8485028012202
2258,3.921683870223083e-09,1.8582351413059485e-13,185.82351413059484
2259,3.921658519407886e-09,1.6047269893353878e-13,160.4726989335388
2260,3.921660464249743e-09,1.6241754079054328e-13,162.41754079054328
2261,3.921624519911959e-09,1.2647320300656585e-13,126.47320300656585
2262,3.921631615960968e-09,1.3356925201537485e-13,133.56925201537484
2263,3.921636776681994e-09,1.3872997304124291e-13,138.7299730412429
2264,3.921692491500603e-09,1.9444479165060214e-13,194.44479165060216
2265,3.92166948058343e-09,1.7143387447714998e-13,171.43387447714997
2266,3.921662647887129e-09,1.646011781760377e-13,164.6011781760377
2267,3.921653002119871e-09,1.5495541091819455e-13,154.95541091819456
2268,3.921626990022664e-09,1.2894331371108526e-13,128.94331371108527
2269,3.92164398876774e-09,1.4594205878756218e-13,145.9420587875622
2270,3.921701224071476e-09,2.0317736252361508e-13,203.17736252361507
2271,3.921689661190832e-09,1.9161448187932873e-13,191.61448187932874
2272,3.9216644229158205e-09,1.6637620686777666e-13,166.37620686777666
2273,3.921659790309673e-09,1.617436007201263e-13,161.7436007201263
2274,3.921643906259955e-09,1.4585955100223603e-13,145.85955100223603
2275,3.921663820804144e-09,1.6577409519128684e-13,165.77409519128685
2276,3.921701753080821e-09,2.0370637186862507e-13,203.70637186862507
2277,3.921687709166136e-09,1.8966245718293152e-13,189.66245718293152
2278,3.921678987274654e-09,1.8094056570131757e-13,180.94056570131758
2279,3.921663124692139e-09,1.6507798318644252e-13,165.0779831864425
2280,3.921661783506947e-09,1.6373679799402364e-13,163.73679799402365
2281,3.921660982146016e-09,1.629354370632853e-13,162.9354370632853
2282,3.921712251844138e-09,2.142051351856712e-13,214.2051351856712
2283,3.921695394316395e-09,1.9734760744216052e-13,197.34760744216052
2284,3.921684394028258e-09,1.863473193051769e-13,186.3473193051769
2285,3.921672393373881e-09,1.7434666492869523e-13,174.34666492869522
2286,3.9216573402567085e-09,1.5929354775579786e-13,159.29354775579785
2287,3.9216847990861895e-09,1.867523772368175e-13,186.7523772368175
2288,3.921722992140594e-09,2.249454316416928e-13,224.9454316416928
2289,3.921697690656596e-09,1.9964394764348482e-13,199.6439476434848
2290,3.921691337448706e-09,1.9329073975315426e-13,193.29073975315427
2291,3.921679619554256e-09,1.815728453032568e-13,181.5728453032568
2292,3.921662909098537e-09,1.6486238958444378e-13,164.86238958444378
2293,3.921700999478996e-09,2.029527700435847e-13,202.9527700435847
2294,3.925456668242176e-09,3.958621533223219e-12,3958.621533223219
2295,3.927802243554931e-09,6.304196845978071e-12,6304.196845978071
2296,3.922573961825937e-09,1.075915116984288e-12,1075.915116984288
2297,3.921322540441884e-09,-1.75506267069087e-13,-175.506267069087
2298,3.920746140565704e-09,-7.519061432485268e-13,-751.9061432485267
2299,3.920974408491099e-09,-5.236382178534287e-13,-523.6382178534286
2300,3.9209903600866125e-09,-5.076866223401926e-13,-507.68662234019257
2301,3.92102908830321e-09,-4.689584057429784e-13,-468.9584057429784
2302,3.921049454282078e-09,-4.4859242687435895e-13,-448.592426874359
2303,3.921042793811292e-09,-4.552528976603719e-13,-455.2528976603719
2304,3.92105462286357e-09,-4.4342384538274037e-13,-443.42384538274035
2305,3.92105935131319e-09,-4.3869539576304227e-13,-438.69539576304226
2306,3.921062931159028e-09,-4.351155499248753e-13,-435.1155499248753
2307,3.921064160508766e-09,-4.338862001865483e-13,-433.8862001865483
2308,3.921051395085282e-09,-4.4665162367044696e-13,-446.65162367044695
2309,3.921091928471392e-09,-4.0611823756109876e-13,-406.11823756109874
2310,3.921112027709421e-09,-3.8601899953196505e-13,-386.01899953196505
2311,3.921132668858801e-09,-3.6537785015196876e-13,-365.37785015196874
2312,3.921116315891643e-09,-3.81730817309459e-13,-381.730817309459
2313,3.921115274434141e-09,-3.8277227481129427e-13,-382.77227481129427
2314,3.9211249926532094e-09,-3.7305405574327476e-13,-373.0540557432748
2315,3.9211226710239924e-09,-3.753756849602723e-13,-375.3756849602723
2316,3.921119908856328e-09,-3.78137852625005e-13,-378.137852625005
2317,3.921109205829321e-09,-3.888408796313474e-13,-388.8408796313474
2318,3.921141324803685e-09,-3.5672190526749624e-13,-356.72190526749625
2319,3.921166859255625e-09,-3.3118745332747545e-13,-331.18745332747545
2320,3.921179993931264e-09,-3.1805277768868255e-13,-318.05277768868257
2321,3.921168882891875e-09,-3.2916381707758556e-13,-329.1638170775856
2322,3.921166005337994e-09,-3.3204137095852503e-13,-332.041370958525
2323,3.921159169524612e-09,-3.388771843408832e-13,-338.8771843408832
2324,3.921166371608593e-09,-3.316751003596051e-13,-331.6751003596051
2325,3.921163383628721e-09,-3.3466308023181223e-13,-334.6630802318122
2326,3.921161582172601e-09,-3.364645363515055e-13,-336.4645363515055
2327,3.921184259480766e-09,-3.1378722818652715e-13,-313.78722818652716
2328,3.9212168144128236e-09,-2.812322961291196e-13,-281.23229612911956
2329,3.92121487371804e-09,-2.8317299091281433e-13,-283.1729909128143
2330,3.921201799947458e-09,-2.9624676149456785e-13,-296.24676149456786
2331,3.921206814897502e-09,-2.9123181145079046e-13,-291.2318114507905
2332,3.921197605982404e-09,-3.004407265482849e-13,-300.4407265482849
2333,3.9211976150083875e-09,-3.0043170056519896e-13,-300.431700565199
2334,3.921199984369605e-09,-2.9806233934755776e-13,-298.0623393475578
2335,3.921207784282664e-09,-2.9026242628837117e-13,-290.26242628837116
2336,3.9212432501620296e-09,-2.547965469231116e-13,-254.79654692311158
2337,3.92125182424965e-09,-2.462224593026617e-13,-246.22245930266172
2338,3.921232526047291e-09,-2.6552066166170884e-13,-265.52066166170886
2339,3.9212446050352744e-09,-2.534416736782651e-13,-253.4416736782651
2340,3.921225587153387e-09,-2.7245955556561606e-13,-272.4595555656161
2341,3.9212328466729784e-09,-2.6520003597425056e-13,-265.20003597425057
2342,3.921229513184979e-09,-2.685335239737745e-13,-268.5335239737745
2343,3.921238286277908e-09,-2.597604310445649e-13,-259.76043104456494
2344,3.9212809890712495e-09,-2.1705763770323615e-13,-217.05763770323614
2345,3.921271146954978e-09,-2.2689975397451644e-13,-226.89975397451644
2346,3.9212805619226986e-09,-2.1748478625414113e-13,-217.48478625414114
2347,3.921262214836695e-09,-2.3583187225737533e-13,-235.83187225737532
2348,3.921251570112661e-09,-2.4647659629189233e-13,-246.47659629189232
2349,3.921255874910282e-09,-2.4217179867109294e-13,-242.17179867109294
2350,3.921244354421942e-09,-2.536922870104351e-13,-253.6922870104351
2351,3.921284947710222e-09,-2.1309899873105708e-13,-213.09899873105707
2352,3.921298965116164e-09,-1.990815927884808e-13,-199.0815927884808
2353,3.9213082338521166e-09,-1.8981285683611947e-13,-189.81285683611947
2354,3.921291283299827e-09,-2.067634091260294e-13,-206.76340912602942
2355,3.921282068231882e-09,-2.159784770708527e-13,-215.9784770708527
2356,3.92127629301217e-09,-2.2175369678303124e-13,-221.75369678303124
2357,3.921298565940029e-09,-1.9948076892333565e-13,-199.48076892333566
2358,3.9212607052749055e-09,-2.373414340471812e-13,-237.34143404718122
2359,3.921313162337037e-09,-1.848843719155978e-13,-184.8843719155978
2360,3.9213435154442176e-09,-1.5453126473512812e-13,-154.5312647351281
2361,3.921322605195858e-09,-1.754415130943353e-13,-175.4415130943353
2362,3.921310870902851e-09,-1.871758061020916e-13,-187.1758061020916
2363,3.921321313612915e-09,-1.7673309603736297e-13,-176.73309603736297
2364,3.921307733519919e-09,-1.9031318903366722e-13,-190.31318903366721
2365,3.921304454160713e-09,-1.935925482397298e-13,-193.5925482397298
2366,3.921298968910872e-09,-1.990777980808771e-13,-199.0777980808771
2367,3.9213518192673415e-09,-1.4622744161122457e-13,-146.22744161122458
2368,3.921366451795387e-09,-1.3159491356608865e-13,-131.59491356608865
2369,3.9213345891806264e-09,-1.6345752832625559e-13,-163.45752832625558
2370,3.921337454618548e-09,-1.6059209040459365e-13,-160.59209040459365
2371,3.92133278184271e-09,-1.652648662427346e-13,-165.2648662427346
2372,3.9213291933232544e-09,-1.6885338569828145e-13,-168.85338569828144
2373,3.921313014695806e-09,-1.8503201314643602e-13,-185.03201314643601
2374,3.921371122158875e-09,-1.2692455007778146e-13,-126.92455007778146
2375,3.9213751329208665e-09,-1.2291378808616015e-13,-122.91378808616015
2376,3.921368528449123e-09,-1.2951825982996422e-13,-129.51825982996422
2377,3.921360519827145e-09,-1.3752688180735427e-13,-137.52688180735427
2378,3.921361832850186e-09,-1.362138587663657e-13,-136.21385876636572
2379,3.9213548391227575e-09,-1.4320758619514639e-13,-143.20758619514638
2380,3.921347362274841e-09,-1.506844341119866e-13,-150.6844341119866
2381,3.921350277369222e-09,-1.4776933973082483e-13,-147.76933973082484
2382,3.9214128200052226e-09,-8.522670373012952e-14,-85.22670373012951
2383,3.9213928365870905e-09,-1.0521012186218747e-13,-105.21012186218746
2384,3.921384660076407e-09,-1.133866325459869e-13,-113.3866325459869
2385,3.921379370525058e-09,-1.1867618389500055e-13,-118.67618389500055
2386,3.921375789866068e-09,-1.2225684288479687e-13,-122.25684288479687
2387,3.921375879258537e-09,-1.2216745041567544e-13,-122.16745041567543
2388,3.9213610603561384e-09,-1.3698635281426163e-13,-136.98635281426164
2389,3.9214122570603496e-09,-8.57896486031383e-14,-85.7896486031383
2390,3.921424713648845e-09,-7.333306010807216e-14,-73.33306010807216
2391,3.921399597780258e-09,-9.844892869435061e-14,-98.44892869435061
2392,3.921403645350914e-09,-9.440135803897342e-14,-94.40135803897341
2393,3.921392475195401e-09,-1.055715135513312e-13,-105.5715135513312
2394,3.921391515784899e-09,-1.0653092405376362e-13,-106.53092405376363
2395,3.921380472291305e-09,-1.1757441764732078e-13,-117.57441764732079
2396,3.921418769591749e-09,-7.9277117203561e-14,-79.277117203561
2397,3.921438796323758e-09,-5.925038519471225e-14,-59.25038519471225
2398,3.921419023024007e-09,-7.902368494574251e-14,-79.02368494574252
2399,3.921417432960206e-09,-8.061374874685544e-14,-80.61374874685544
2400,3.921415278054178e-09,-8.2768654774779e-14,-82.76865477477901
2401,3.92140869141756e-09,-8.93552913928457e-14,-89.3552913928457
2402,3.921404201844784e-09,-9.384486416889092e-14,-93.84486416889092
2403,3.92143544616615e-09,-6.260054280263815e-14,-62.60054280263815
2404,3.921464537018056e-09,-3.35096908964304e-14,-33.5096908964304
2405,3.9214419112094945e-09,-5.613549945821571e-14,-56.13549945821571
2406,3.921429948610614e-09,-6.809809833844315e-14,-68.09809833844315
2407,3.921444756914937e-09,-5.328979401609301e-14,-53.289794016093005
2408,3.921421700379957e-09,-7.63463289959525e-14,-76.34632899595249
2409,3.92141601013459e-09,-8.203657436286248e-14,-82.03657436286248
2410,3.9214678509091015e-09,-3.0195799851174144e-14,-30.195799851174144
2411,3.92146882311319e-09,-2.922359576310639e-14,-29.223595763106392
2412,3.921454740194331e-09,-4.3306514621955107e-14,-43.30651462195511
2413,3.9214503483352755e-09,-4.7698373677205076e-14,-47.698373677205076
2414,3.92145327996374e-09,-4.4766745212912896e-14,-44.766745212912895
2415,3.921435896353997e-09,-6.215035495556786e-14,-62.150354955567856
2416,3.9214269214639386e-09,-7.11252450141313e-14,-71.1252450141313
2417,3.921488746629152e-09,-9.300079801078266e-15,-9.300079801078265
2418,3.921493407668501e-09,-4.639040451454458e-15,-4.639040451454458
2419,3.921462801535639e-09,-3.524517331392795e-14,-35.24517331392795
2420,3.921472071166058e-09,-2.5975542894774318e-14,-25.975542894774318
2421,3.9214483216361545e-09,-4.972507279823223e-14,-49.725072798232226
2422,3.921410470999901e-09,-8.75757090519823e-14,-87.5757090519823
2423,3.921400587304476e-09,-9.74594044765774e-14,-97.4594044765774
2424,3.921500612544303e-09,2.5658353504177767e-15,2.565835350417777
2425,3.9215049071504235e-09,6.860441470795796e-15,6.860441470795796
2426,3.921483099453716e-09,-1.4947255236686264e-14,-14.947255236686264
2427,3.921486397054624e-09,-1.1649654329071603e-14,-11.649654329071602
2428,3.921485056276007e-09,-1.2990432945675802e-14,-12.990432945675801
2429,3.921462189449302e-09,-3.585725965040464e-14,-35.857259650404636
2430,3.921489371996965e-09,-8.674711987988627e-15,-8.674711987988626
2431,3.9215265429739816e-09,2.849626502888459e-14,28.496265028884594
2432,3.921508250667293e-09,1.0203958340415219e-14,10.20395834041522
2433,3.921497398508278e-09,-6.482006747525647e-16,-0.6482006747525647
2434,3.921502868877444e-09,4.82216849157736e-15,4.82216849157736
2435,3.921492724973498e-09,-5.321735454414268e-15,-5.321735454414268
2436,3.921489193591497e-09,-8.853117455471117e-15,-8.853117455471116
2437,3.92150587344561e-09,7.826736657023502e-15,7.826736657023502
2438,3.9215357391497035e-09,3.769244075085233e-14,37.69244075085233
2439,3.921527235968905e-09,2.9189259952483014e-14,29.189259952483013
2440,3.921516177296481e-09,1.8130587528511054e-14,18.130587528511054
2441,3.921509980864225e-09,1.1934155272321899e-14,11.934155272321899
2442,3.921498526349588e-09,4.796406351754812e-16,0.4796406351754812
2443,3.921490873020662e-09,-7.17368829029107e-15,-7.173688290291071
2444,3.921550831162629e-09,5.2784453676687614e-14,52.78445367668761
2445,3.921542118676602e-09,4.407196764891997e-14,44.07196764891997
2446,3.921524584335652e-09,2.6537626699235216e-14,26.537626699235215
2447,3.921525619613201e-09,2.7572904248687312e-14,27.572904248687312
2448,3.921520302089436e-09,2.225538048362353e-14,22.255380483623533
2449,3.921506905795813e-09,8.859086860609887e-15,8.859086860609887
2450,3.921536838801757e-09,3.879209280429575e-14,38.79209280429575
2451,3.92156659687168e-09,6.855016272745108e-14,68.55016272745108
2452,3.921542164836509e-09,4.4118127556413543e-14,44.11812755641354
2453,3.921545803120844e-09,4.775641189167746e-14,47.756411891677466
2454,3.921526136127116e-09,2.8089418163659407e-14,28.089418163659406
2455,3.9215276783233916e-09,2.96316144388571e-14,29.6316144388571
2456,3.921522335700346e-09,2.428899139350028e-14,24.28899139350028
2457,3.9215713595820885e-09,7.331287313579972e-14,73.31287313579972
2458,3.9215744008776025e-09,7.63541686498388e-14,76.3541686498388
2459,3.921553415277192e-09,5.536856823964388e-14,55.36856823964388
2460,3.921553833372655e-09,5.57866637024086e-14,55.7866637024086
2461,3.921542681757e-09,4.463504804720032e-14,44.63504804720032
2462,3.921533163844283e-09,3.511713533054751e-14,35.11713533054751
2463,3.921556202029141e-09,5.815532018863768e-14,58.15532018863768
2464,3.921598562729592e-09,1.0051602063949295e-13,100.51602063949295
2465,3.921570747333122e-09,7.270062416899715e-14,72.70062416899715
2466,3.921567218688731e-09,6.917197977842583e-14,69.17197977842582
2467,3.9215588785990445e-09,6.083189009185265e-14,60.83189009185265
2468,3.9215499668908676e-09,5.1920181914890794e-14,51.9201819148908
2469,3.921547976241469e-09,4.9929532516098784e-14,49.92953251609878
2470,3.9216058192676276e-09,1.0777255867488412e-13,107.77255867488412
2471,3.921592811009962e-09,9.476430100940304e-14,94.76430100940304
2472,3.92157702985103e-09,7.898314207768166e-14,78.98314207768165
2473,3.921574501979455e-09,7.645527050242308e-14,76.45527050242308
2474,3.921564407488023e-09,6.636077907044248e-14,66.36077907044248
2475,3.9215499014321614e-09,5.185472320872698e-14,51.85472320872698
2476,3.9216043265109714e-09,1.0627980201875177e-13,106.27980201875177
2477,3.9216135022494825e-09,1.1545554052976815e-13,115.45554052976816
2478,3.921588494665588e-09,9.044795663546669e-14,90.44795663546668
2479,3.921580862993601e-09,8.281628464839553e-14,82.81628464839554
2480,3.9215689781049116e-09,7.093139595888099e-14,70.931395958881
2481,3.921567353238221e-09,6.930652926803128e-14,69.30652926803128
2482,3.921587626300963e-09,8.957959201046873e-14,89.57959201046873
2483,3.921633218303359e-09,1.3517159440609118e-13,135.17159440609117
2484,3.921604071154255e-09,1.0602444530207712e-13,106.02444530207711
2485,3.921600749213008e-09,1.0270250405569016e-13,102.70250405569016
2486,3.921591168877352e-09,9.31221683989565e-14,93.12216839895649
2487,3.9215815359036794e-09,8.348919472674866e-14,83.48919472674866
2488,3.921585321856351e-09,8.72751473979051e-14,87.2751473979051
2489,3.921640718353202e-09,1.426716442494226e-13,142.6716442494226
2490,3.921621516807467e-09,1.2347009851405256e-13,123.47009851405257
2491,3.921609701876922e-09,1.1165516796971765e-13,111.65516796971765
2492,3.921604232293803e-09,1.0618558484996278e-13,106.18558484996278
2493,3.921594169840545e-09,9.612313159217912e-14,96.12313159217912
2494,3.921585041156408e-09,8.699444745544861e-14,86.99444745544861
2495,3.921647649793216e-09,1.4960308426339398e-13,149.60308426339398
2496,3.921637689553118e-09,1.396428441654214e-13,139.6428441654214
2497,3.921619294762219e-09,1.2124805326659783e-13,121.24805326659784
2498,3.9216172013033495e-09,1.1915459439679988e-13,119.15459439679988
2499,3.921603049239497e-09,1.050025305444009e-13,105.00253054440091
2500,3.921588195344473e-09,9.014863552069775e-14,90.14863552069775
2501,3.921652299909229e-09,1.5425320027613e-13,154.25320027613
2502,3.921652635984797e-09,1.545892758445462e-13,154.5892758445462
2503,3.921629209791087e-09,1.3116308213397777e-13,131.16308213397778
2504,3.921628168929896e-09,1.3012222094333737e-13,130.12222094333737
2505,3.9216161996631724e-09,1.1815295421974915e-13,118.15295421974915
2506,3.921602497217961e-09,1.0445050900827991e-13,104.45050900827991
2507,3.921648282967285e-09,1.5023625833212552e-13,150.23625833212552
2508,3.9216661835788334e-09,1.681368698807302e-13,168.1368698807302
2509,3.921639088499181e-09,1.4104179022857944e-13,141.04179022857943
2510,3.921639034993804e-09,1.4098828485136728e-13,140.9882848513673
2511,3.921626047932291e-09,1.280012233383583e-13,128.0012233383583
2512,3.921614256393409e-09,1.1620968445589476e-13,116.20968445589476
2513,3.921647861808951e-09,1.4981509999822352e-13,149.81509999822353
2514,3.921688398420562e-09,1.9035171160903487e-13,190.35171160903488
2515,3.921641492039872e-09,1.4344533091970825e-13,143.44533091970825
2516,3.9216502476500416e-09,1.522009410888865e-13,152.2009410888865
2517,3.921633590266019e-09,1.3554355706641664e-13,135.54355706641664
2518,3.92162358942255e-09,1.2554271359708448e-13,125.54271359708447
2519,3.9216496232851155e-09,1.515765761628064e-13,151.57657616280642
2520,3.921688794262775e-09,1.9074755382220932e-13,190.7475538222093
2521,3.921656581640448e-09,1.5853493149570975e-13,158.53493149570974
2522,3.921662639918243e-09,1.6459320929006994e-13,164.59320929006995
2523,3.921638956578882e-09,1.4090986992924227e-13,140.90986992924226
2524,3.921625678436191e-09,1.2763172723797523e-13,127.63172723797523
2525,3.921666790162844e-09,1.6874345389118152e-13,168.7434538911815
2526,3.92169464066036e-09,1.9659395140701153e-13,196.59395140701153
2527,3.921669096206655e-09,1.7104949770194956e-13,171.04949770194955
2528,3.921660844371025e-09,1.627976620722167e-13,162.7976620722167
2529,3.921656042548023e-09,1.5799583907049565e-13,157.99583907049563
2530,3.921640901556264e-09,1.4285484731151833e-13,142.85484731151834
2531,3.92166626684556e-09,1.6822013660757707e-13,168.22013660757707
2532,3.9216975290833674e-09,1.9948237441473017e-13,199.48237441473017
2533,3.9216763524736395e-09,1.783057646867976e-13,178.3057646867976
2534,3.9216691445078614e-09,1.710977989087338e-13,171.09779890873378
2535,3.921658820382409e-09,1.6077367345662076e-13,160.77367345662077
2536,3.921640458171786e-09,1.4241146283308038e-13,142.41146283308038
2537,3.92168798097562e-09,1.8993426666757364e-13,189.93426666757364
2538,3.921704932612112e-09,2.0688590315965606e-13,206.88590315965607
2539,3.921684194318218e-09,1.8614760926500508e-13,186.1476092650051
2540,3.921676688413683e-09,1.7864170472994224e-13,178.64170472994223
2541,3.92166632647668e-09,1.6827976772706378e-13,168.27976772706378
2542,3.9216471938319925e-09,1.491471230397552e-13,149.1471230397552
2543,3.92169973115219e-09,2.0168444323715685e-13,201.68444323715684
2544,3.921711285006851e-09,2.1323829789835725e-13,213.23829789835725
2545,3.921691656854666e-09,1.936101457131685e-13,193.6101457131685
2546,3.921683478175578e-09,1.8543146662502409e-13,185.4314666250241
2547,3.921671282744281e-09,1.732360353282554e-13,173.23603532825538
2548,3.921655323152777e-09,1.572764438239972e-13,157.2764438239972
2549,3.925428068425434e-09,3.93002171648093e-12,3930.02171648093
2550,3.927812205855013e-09,6.314159146060172e-12,6314.159146060171
2551,3.922597336221889e-09,1.099289512936066e-12,1099.2895129360659
2552,3.921363806667346e-09,-1.3424004160630153e-13,-134.24004160630153
2553,3.920779825643001e-09,-7.182210659515746e-13,-718.2210659515746
2554,3.920981923773983e-09,-5.161229349695738e-13,-516.1229349695739
2555,3.92099871546355e-09,-4.993312454029873e-13,-499.33124540298735
2556,3.9210236958068644e-09,-4.743509020882696e-13,-474.35090208826955
2557,3.921062671926288e-09,-4.353747826643166e-13,-435.3747826643166
2558,3.9210796170846725e-09,-4.184296242802148e-13,-418.4296242802148
2559,3.921077359423384e-09,-4.2068728556903566e-13,-420.6872855690357
2560,3.921078419989949e-09,-4.1962671900391034e-13,-419.62671900391035
2561,3.921087234905977e-09,-4.1081180297589713e-13,-410.81180297589714
2562,3.921090280185934e-09,-4.0776652301887416e-13,-407.7665230188742
2563,3.921085681379789e-09,-4.123653291637973e-13,-412.3653291637973
2564,3.921099704911474e-09,-3.983417974789465e-13,-398.3417974789465
2565,3.921097768309553e-09,-4.002783993994401e-13,-400.2783993994401
2566,3.92113992992338e-09,-3.5811678557250747e-13,-358.11678557250747
2567,3.921155056901826e-09,-3.4298980712660953e-13,-342.98980712660955
2568,3.921142348778427e-09,-3.556979305256923e-13,-355.6979305256923
2569,3.921138256077856e-09,-3.597906310964992e-13,-359.7906310964992
2570,3.9211475567435625e-09,-3.504899653901582e-13,-350.4899653901582
2571,3.921147018139028e-09,-3.5102856992439467e-13,-351.0285699243947
2572,3.921143223024849e-09,-3.548236841039086e-13,-354.82368410390865
2573,3.921141969470297e-09,-3.5607723865573636e-13,-356.0772386557364
2574,3.921158819571256e-09,-3.392271376971072e-13,-339.2271376971072
2575,3.921191153000809e-09,-3.0689370814353844e-13,-306.89370814353845
2576,3.921186474153439e-09,-3.115725555138453e-13,-311.5725555138453
2577,3.921187284187987e-09,-3.107625209657271e-13,-310.7625209657271
2578,3.9211845440838364e-09,-3.135026251162497e-13,-313.5026251162497
2579,3.921184719914324e-09,-3.1332679462892686e-13,-313.32679462892685
2580,3.9211819394778524e-09,-3.1610723110026594e-13,-316.10723110026595
2581,3.921180429970273e-09,-3.176167386799632e-13,-317.6167386799632
2582,3.921182278318136e-09,-3.157683908163099e-13,-315.76839081630993
2583,3.921222603130853e-09,-2.754435780998936e-13,-275.4435780998936
2584,3.92124193038983e-09,-2.561163191226239e-13,-256.1163191226239
2585,3.921217009352374e-09,-2.810373565785067e-13,-281.0373565785067
2586,3.921217117609961e-09,-2.80929098991584e-13,-280.929098991584
2587,3.92121732154839e-09,-2.807251605629395e-13,-280.7251605629395
2588,3.921237327843188e-09,-2.607188657650421e-13,-260.7188657650421
2589,3.921209736822357e-09,-2.88309886595942e-13,-288.30988659594203
2590,3.921218193599302e-09,-2.798531096505551e-13,-279.8531096505551
2591,3.9212438499697765e-09,-2.541967391762383e-13,-254.1967391762383
2592,3.921282523922055e-09,-2.1552278689775705e-13,-215.52278689775704
2593,3.921248386190351e-09,-2.496605186017219e-13,-249.6605186017219
2594,3.921245878755987e-09,-2.521679529660291e-13,-252.1679529660291
2595,3.9212551037714864e-09,-2.4294293746627326e-13,-242.94293746627326
2596,3.9212528655445215e-09,-2.4518116443115233e-13,-245.18116443115233
2597,3.921249812919095e-09,-2.482337898578939e-13,-248.2337898578939
2598,3.921226332677906e-09,-2.717140310467607e-13,-271.71403104676074
2599,3.921283199271588e-09,-2.1484743736451583e-13,-214.84743736451583
2600,3.921304380678911e-09,-1.9366603004197002e-13,-193.66603004197
2601,3.921283453652523e-09,-2.1459305642979641e-13,-214.5930564297964
2602,3.921273545155974e-09,-2.2450155297908713e-13,-224.50155297908714
2603,3.921284342210413e-09,-2.1370449853933592e-13,-213.70449853933593
2604,3.9212707812806905e-09,-2.272654282622415e-13,-227.2654282622415
2605,3.921274393598384e-09,-2.236531105690086e-13,-223.6531105690086
2606,3.921255439792845e-09,-2.426069161079657e-13,-242.60691610796567
2607,3.9213368918634105e-09,-1.6115484554222225e-13,-161.15484554222226
2608,3.921306648098019e-09,-1.9139861093359677e-13,-191.39861093359676
2609,3.9213019576225805e-09,-1.9608908637220356e-13,-196.08908637220355
2610,3.921309255658454e-09,-1.887910504986605e-13,-188.7910504986605
2611,3.92130186237542e-09,-1.961843335330564e-13,-196.18433353305642
2612,3.921292452096874e-09,-2.0559461207903572e-13,-205.59461207903573
2613,3.9212849172170355e-09,-2.1312949191715823e-13,-213.12949191715822
2614,3.921317810365961e-09,-1.8023634299204382e-13,-180.23634299204383
2615,3.9213500341284645e-09,-1.4801258048822196e-13,-148.01258048822197
2616,3.921331421358719e-09,-1.6662535023382373e-13,-166.62535023382372
2617,3.921332378600817e-09,-1.6566810813573628e-13,-165.66810813573628
2618,3.9213250147538715e-09,-1.730319550811492e-13,-173.0319550811492
2619,3.921325042021556e-09,-1.730046873965112e-13,-173.0046873965112
2620,3.921318707163788e-09,-1.7933954516507243e-13,-179.33954516507242
2621,3.921296652783981e-09,-2.0139392497184926e-13,-201.39392497184926
2622,3.921358746587387e-09,-1.3930012156550863e-13,-139.30012156550862
2623,3.921371573268294e-09,-1.2647344065886456e-13,-126.47344065886456
2624,3.921361617202374e-09,-1.3642950657847307e-13,-136.42950657847308
2625,3.9213475922070164e-09,-1.5045450193625675e-13,-150.45450193625675
2626,3.921341490452715e-09,-1.565562562377336e-13,-156.5562562377336
2627,3.921350352667063e-09,-1.4769404188994572e-13,-147.6940418899457
2628,3.92132674820341e-09,-1.7129850554272507e-13,-171.29850554272505
2629,3.921368271737153e-09,-1.2977497179935448e-13,-129.7749717993545
2630,3.921396526072873e-09,-1.0152063607932792e-13,-101.52063607932791
2631,3.921374737376809e-09,-1.2330933214373717e-13,-123.30933214373717
2632,3.921370701623957e-09,-1.2734508499543428e-13,-127.34508499543428
2633,3.921371233533543e-09,-1.268131754096129e-13,-126.8131754096129
2634,3.92136015792046e-09,-1.3788878849252994e-13,-137.88878849252993
2635,3.9213590097232544e-09,-1.390369856982464e-13,-139.03698569824638
2636,3.921354622444953e-09,-1.4342426399931761e-13,-143.42426399931762
2637,3.921400394967011e-09,-9.765174194197633e-14,-97.65174194197634
2638,3.92142555718524e-09,-7.248952371282412e-14,-72.48952371282412
2639,3.921389244272927e-09,-1.08802436025338e-13,-108.802436025338
2640,3.9213910070501345e-09,-1.0703965881814813e-13,-107.03965881814813
2641,3.921380210646216e-09,-1.1783606273659585e-13,-117.83606273659585
2642,3.921384426051368e-09,-1.136206575849179e-13,-113.6206575849179
2643,3.921366564200047e-09,-1.314825089058562e-13,-131.4825089058562
2644,3.921418785014525e-09,-7.926169442765739e-14,-79.26169442765739
2645,3.921431959507489e-09,-6.608720146407997e-14,-66.08720146407997
2646,3.921414102155607e-09,-8.394455334600247e-14,-83.94455334600246
2647,3.921402948154707e-09,-9.509855424599022e-14,-95.09855424599021
2648,3.9213998733573455e-09,-9.817335160715911e-14,-98.1733516071591
2649,3.921403393057068e-09,-9.465365188451079e-14,-94.6536518845108
2650,3.921380629852986e-09,-1.1741685596660433e-13,-117.41685596660433
2651,3.921434071587531e-09,-6.397512142196958e-14,-63.97512142196958
2652,3.921455393046669e-09,-4.265366228379296e-14,-42.65366228379296
2653,3.92142089088751e-09,-7.715582144298449e-14,-77.15582144298449
2654,3.921431291069744e-09,-6.67556392084716e-14,-66.75563920847159
2655,3.921421591146588e-09,-7.645556236483041e-14,-76.45556236483041
2656,3.921410788942188e-09,-8.725776676490092e-14,-87.25776676490092
2657,3.921408370954503e-09,-8.96757544499781e-14,-89.6757544499781
2658,3.921434624151168e-09,-6.342255778476235e-14,-63.42255778476235
2659,3.921472258922769e-09,-2.578778618355414e-14,-25.78778618355414
2660,3.9214467166645735e-09,-5.1330044379216834e-14,-51.33004437921684
2661,3.921445881991531e-09,-5.21647174217048e-14,-52.1647174217048
2662,3.921432083052326e-09,-6.596365662652525e-14,-65.96365662652525
2663,3.921439764028407e-09,-5.828268054566032e-14,-58.28268054566031
2664,3.921416604575536e-09,-8.144213341674299e-14,-81.44213341674299
2665,3.921491458842201e-09,-6.58786675144284e-15,-6.58786675144284
2666,3.921462791018878e-09,-3.525569007500106e-14,-35.255690075001056
2667,3.921461146392602e-09,-3.690031635044432e-14,-36.90031635044432
2668,3.921447638534576e-09,-5.040817437700672e-14,-50.40817437700672
2669,3.9214680355216264e-09,-3.0011187326254175e-14,-30.011187326254174
2670,3.92144126009188e-09,-5.678661707290188e-14,-56.78661707290188
2671,3.921435094234125e-09,-6.295247482782694e-14,-62.95247482782695
2672,3.921498169213392e-09,1.2250443955875608e-16,0.12250443955875609
2673,3.921490611212943e-09,-7.435496009892007e-15,-7.435496009892008
2674,3.92147818338291e-09,-1.9863326042332975e-14,-19.863326042332975
2675,3.921475428398085e-09,-2.2618310867672954e-14,-22.618310867672953
2676,3.921478310017724e-09,-1.9736691228586668e-14,-19.73669122858667
2677,3.921385230095699e-09,-1.1281661325380265e-13,-112.81661325380264
2678,3.921375716899262e-09,-1.2232980969100514e-13,-122.32980969100514
2679,3.921522979418281e-09,2.4932709328359236e-14,24.932709328359238
2680,3.921514965375293e-09,1.6918666340106757e-14,16.918666340106757
2681,3.921484470400258e-09,-1.3576308694632656e-14,-13.576308694632656
2682,3.921502344801219e-09,4.298092266452179e-15,4.298092266452179
2683,3.921479801012552e-09,-1.8245696400984602e-14,-18.245696400984603
2684,3.921473576499459e-09,-2.4470209493441132e-14,-24.470209493441132
2685,3.9214892196665595e-09,-8.82704239322284e-15,-8.82704239322284
2686,3.921533159209319e-09,3.5112500366260134e-14,35.112500366260136
2687,3.92151308517899e-09,1.5038470037636708e-14,15.038470037636708
2688,3.921505541679745e-09,7.494970792242938e-15,7.494970792242937
2689,3.921487483127045e-09,-1.056358190783856e-14,-10.56358190783856
2690,3.921501262848766e-09,3.2161398134745823e-15,3.2161398134745824
2691,3.921481418208512e-09,-1.6628500440505224e-14,-16.628500440505224
2692,3.9215294699403765e-09,3.1423231423835084e-14,31.423231423835084
2693,3.921532884553804e-09,3.4837844850915244e-14,34.837844850915246
2694,3.921518303742202e-09,2.0257033249406874e-14,20.257033249406874
2695,3.921526962885483e-09,2.891617653028823e-14,28.91617653028823
2696,3.921508731782007e-09,1.0685073054455662e-14,10.685073054455662
2697,3.921497436780615e-09,-6.099283380638264e-16,-0.6099283380638264
2698,3.9215125383074145e-09,1.449159846183502e-14,14.49159846183502
2699,3.9215514335724615e-09,5.338686350877487e-14,53.38686350877487
2700,3.9215478124185205e-09,4.9765709567836224e-14,49.765709567836225
2701,3.9215281164494895e-09,3.006974053675849e-14,30.06974053675849
2702,3.921528976004972e-09,3.0929296019105e-14,30.929296019105
2703,3.921509255180606e-09,1.1208471653223039e-14,11.20847165322304
2704,3.921508154634086e-09,1.0107925132987316e-14,10.107925132987315
2705,3.921539574026998e-09,4.152731804504218e-14,41.52731804504218
2706,3.921573060315826e-09,7.50136068736691e-14,75.0136068736691
2707,3.921546216716868e-09,4.817000791542637e-14,48.17000791542637
2708,3.921544445862355e-09,4.6399153402051484e-14,46.39915340205148
2709,3.921535778126772e-09,3.773141781895318e-14,37.73141781895318
2710,3.921527235481014e-09,2.9188772061505396e-14,29.188772061505396
2711,3.921524310683024e-09,2.6263974070899875e-14,26.263974070899874
2712,3.921582094159378e-09,8.404745042536145e-14,84.04745042536145
2713,3.921570845372103e-09,7.279866315044415e-14,72.79866315044416
2714,3.921554063955352e-09,5.6017246399441955e-14,56.01724639944195
2715,3.921552613970472e-09,5.456726151901415e-14,54.56726151901415
2716,3.921542426861069e-09,4.438015211644898e-14,44.380152116448976
2717,3.921532228015178e-09,3.4181306225366647e-14,34.18130622536665
2718,3.921568776795673e-09,7.073008672050475e-14,70.73008672050474
2719,3.921594239825795e-09,9.619311684241306e-14,96.19311684241306
2720,3.9215665068829e-09,6.846017394713478e-14,68.46017394713478
2721,3.921568833391027e-09,7.078668207390849e-14,70.7866820739085
2722,3.92155697479424e-09,5.892808528707672e-14,58.928085287076726
2723,3.921548029584216e-09,4.998287526298507e-14,49.98287526298507
2724,3.921555723272567e-09,5.76765636143224e-14,57.6765636143224
2725,3.921608115472304e-09,1.1006876335093686e-13,110.06876335093686
2726,3.921587890819188e-09,8.984411023550088e-14,89.84411023550088
2727,3.921577158437408e-09,7.911172845533844e-14,79.11172845533844
2728,3.921572110283673e-09,7.406357472002868e-14,74.06357472002868
2729,3.921562541548979e-09,6.449484002654061e-14,64.49484002654061
2730,3.921549654179856e-09,5.160747090329166e-14,51.60747090329166
2731,3.921613504851568e-09,1.1545814261498212e-13,115.45814261498212
2732,3.921608095224828e-09,1.1004851587536569e-13,110.0485158753657
2733,3.921587283882812e-09,8.92371738593435e-14,89.2371738593435
2734,3.921579267264844e-09,8.122055589093137e-14,81.22055589093137
2735,3.921585099079909e-09,8.705237095651365e-14,87.05237095651364
2736,3.921562807259827e-09,6.47605508739625e-14,64.7605508739625
2737,3.9216019100953795e-09,1.038633864268247e-13,103.8633864268247
2738,3.9216270497350984e-09,1.290030261457349e-13,129.0030261457349
2739,3.921598619053895e-09,1.0057234494235357e-13,100.57234494235358
2740,3.921600091075185e-09,1.0204436623193714e-13,102.04436623193715
2741,3.921587654354694e-09,8.96076457416818e-14,89.6076457416818
2742,3.9215777920180526e-09,7.974530909988465e-14,79.74530909988465
2743,3.921591900280137e-09,9.385357118451522e-14,93.85357118451522
2744,3.921641140568633e-09,1.4309385968044276e-13,143.09385968044276
2745,3.9216149710452706e-09,1.1692433631788858e-13,116.92433631788857
2746,3.9216086264025774e-09,1.1057969362472065e-13,110.57969362472065
2747,3.92160031349926e-09,1.0226679030762254e-13,102.26679030762254
2748,3.921590355888353e-09,9.230917939991824e-14,92.30917939991824
2749,3.921590556004969e-09,9.250929601590475e-14,92.50929601590475
2750,3.92164811079598e-09,1.5006408702713482e-13,150.0640870271348
2751,3.921630730601474e-09,1.3268389252132319e-13,132.68389252132317
2752,3.921617266816266e-09,1.1922010731307232e-13,119.22010731307232
2753,3.921612264334547e-09,1.1421762559427851e-13,114.21762559427852
2754,3.921601832791765e-09,1.0378608281192648e-13,103.78608281192648
2755,3.921590972528338e-09,9.292581938551937e-14,92.92581938551938
2756,3.921654552583188e-09,1.5650587423495744e-13,156.50587423495745
2757,3.921645447073872e-09,1.474003649196638e-13,147.40036491966382
2758,3.921626263471683e-09,1.282167627302484e-13,128.2167627302484
2759,3.921623515588382e-09,1.2546887942913821e-13,125.46887942913821
2760,3.921612316050991e-09,1.1426934203790607e-13,114.26934203790607
2761,3.921596177051132e-09,9.813034217915585e-14,98.13034217915585
2762,3.921657850617776e-09,1.598039088234411e-13,159.8039088234411
2763,3.921658873237265e-09,1.6082652831252943e-13,160.82652831252943
2764,3.921627049355628e-09,1.2900264667497453e-13,129.00264667497453
2765,3.921638694500112e-09,1.406477911590982e-13,140.6477911590982
2766,3.921616740924002e-09,1.1869421504930823e-13,118.69421504930823
2767,3.9216078803088524e-09,1.0983359989972475e-13,109.83359989972476
2768,3.921654919910884e-09,1.5687320193099553e-13,156.87320193099552
2769,3.921670952902875e-09,1.7290619392233099e-13,172.906193922331
2770,3.92164619183945e-09,1.481451304969984e-13,148.1451304969984
2771,3.921643790467163e-09,1.4574375821021458e-13,145.74375821021457
2772,3.9216250170728655e-09,1.2697036391275908e-13,126.97036391275907
2773,3.921609191163489e-09,1.1114445453636835e-13,111.14445453636836
2774,3.921666331951901e-09,1.6828524294803483e-13,168.28524294803483
2775,3.921677762966456e-09,1.7971625750309262e-13,179.71625750309263
2776,3.921655698801724e-09,1.5765209277170912e-13,157.6520927717091
2777,3.921648957178406e-09,1.5091046945308563e-13,150.91046945308562
2778,3.921637620218389e-09,1.3957350943649095e-13,139.57350943649095
2779,3.921625528057349e-09,1.274813483966515e-13,127.4813483966515
2780,3.92166073210189e-09,1.6268539293725582e-13,162.6853929372558
2781,3.921689661787143e-09,1.916150781905236e-13,191.6150781905236
2782,3.921663603882394e-09,1.655571734416268e-13,165.55717344162682
2783,3.921655593607009e-09,1.575468980559237e-13,157.54689805592372
2784,3.921654635416234e-09,1.5658870728093533e-13,156.58870728093532
2785,3.921622295996463e-09,1.2424928751036358e-13,124.24928751036359
2786,3.9216597681919485e-09,1.6172148299580759e-13,161.72148299580758
2787,3.921700067390389e-09,2.0202068143589892e-13,202.02068143589892
2788,3.921668732456826e-09,1.7068574787308067e-13,170.6857478730807
2789,3.921667450469072e-09,1.694037601192795e-13,169.4037601192795
2790,3.921655008083625e-09,1.5696137467267291e-13,156.96137467267292
2791,3.921643107961895e-09,1.4506125294263495e-13,145.06125294263495
2792,3.921672097576424e-09,1.7405086747098687e-13,174.05086747098687
2793,3.921700244115343e-09,2.0219740639001406e-13,202.19740639001407
2794,3.92167897282766e-09,1.809261187073692e-13,180.9261187073692
2795,3.921671120737371e-09,1.7307402841863174e-13,173.07402841863174
2796,3.921660616200678e-09,1.6256949172501712e-13,162.56949172501712
2797,3.921641350551489e-09,1.433038425361989e-13,143.30384253619889
2798,3.92168908119688e-09,1.9103448792715761e-13,191.0344879271576
2799,3.921715329677266e-09,2.1728296831292305e-13,217.28296831292306
2800,3.921682412513262e-09,1.8436580430968809e-13,184.3658043096881
2801,3.921682787186428e-09,1.8474047747544476e-13,184.74047747544478
2802,3.921668813555148e-09,1.707668461955826e-13,170.7668461955826
2803,3.921656310644115e-09,1.58263935162697e-13,158.263935162697
2804,3.925362685125531e-09,3.864638416578214e-12,3864.6384165782138
2805,3.927831656929878e-09,6.333610220925539e-12,6333.61022092554
2806,3.922612858581762e-09,1.114811872809215e-12,1114.811872809215
2807,3.921366407668358e-09,-1.316390405945088e-13,-131.6390405945088
2808,3.92079824312083e-09,-6.998035881222918e-13,-699.8035881222918
2809,3.920999822948964e-09,-4.982237599888477e-13,-498.2237599888477
2810,3.9210139207213925e-09,-4.841259875602359e-13,-484.12598756023596
2811,3.921048549732206e-09,-4.494969767468636e-13,-449.4969767468636
2812,3.921094123953686e-09,-4.0392275526686993e-13,-403.9227552668699
2813,3.921085757734727e-09,-4.122889742258e-13,-412.2889742258
2814,3.921094757642751e-09,-4.0328906620210646e-13,-403.2890662021065
2815,3.921096967002833e-09,-4.010797061200698e-13,-401.07970612006983
2816,3.921105802410282e-09,-3.9224429867099663e-13,-392.2442986709966
2817,3.921106493806007e-09,-3.915529029456026e-13,-391.5529029456026
2818,3.9211096729849324e-09,-3.883737240202777e-13,-388.3737240202777
2819,3.921107506721887e-09,-3.9053998706595804e-13,-390.53998706595803
2820,3.921128508260069e-09,-3.695384488838276e-13,-369.5384488838276
2821,3.921149364081479e-09,-3.4868262747367916e-13,-348.6826274736792
2822,3.921180165045472e-09,-3.1788166348081003e-13,-317.88166348081
2823,3.9211668638905895e-09,-3.3118281836318807e-13,-331.18281836318806
2824,3.921148707868114e-09,-3.49338840838576e-13,-349.338840838576
2825,3.921163354328157e-09,-3.3469238079552365e-13,-334.69238079552366
2826,3.921163719189293e-09,-3.3432751965942796e-13,-334.327519659428
2827,3.92116270207213e-09,-3.3534463682249093e-13,-335.34463682249094
2828,3.921145630197617e-09,-3.52416511335502e-13,-352.416511335502
2829,3.921211628321467e-09,-2.864183874858238e-13,-286.4183874858238
2830,3.921201991119406e-09,-2.9605558954650434e-13,-296.05558954650434
2831,3.921204588027555e-09,-2.9345868139791275e-13,-293.45868139791276
2832,3.9211990603040935e-09,-2.9898640485916716e-13,-298.9864048591672
2833,3.921206055712036e-09,-2.919909969170191e-13,-291.9909969170191
2834,3.9211874366539175e-09,-3.106100550352213e-13,-310.6100550352213
2835,3.9212128473170745e-09,-2.8519939187824405e-13,-285.19939187824406
2836,3.921188811151222e-09,-3.092355577310528e-13,-309.23555773105284
2837,3.921215258040605e-09,-2.8278866834772253e-13,-282.78866834772253
2838,3.9212389696505374e-09,-2.590770584152473e-13,-259.0770584152473
2839,3.921244029486551e-09,-2.54017222401529e-13,-254.017222401529
2840,3.921229022746126e-09,-2.690239628264983e-13,-269.0239628264983
2841,3.921236038374439e-09,-2.620083345138334e-13,-262.0083345138334
2842,3.921231263981752e-09,-2.667827272005906e-13,-266.7827272005906
2843,3.921226067319424e-09,-2.7197938952847655e-13,-271.97938952847653
2844,3.921214131798493e-09,-2.8391491045944616e-13,-283.91491045944616
2845,3.921245366904141e-09,-2.526798048116595e-13,-252.67980481165952
2846,3.921282179254184e-09,-2.158674547683902e-13,-215.8674547683902
2847,3.9212636477182865e-09,-2.343989906662185e-13,-234.39899066621848
2848,3.921266053318962e-09,-2.3199338999096196e-13,-231.99338999096196
2849,3.9212626341518855e-09,-2.3541255706716656e-13,-235.41255706716657
2850,3.9212606349915e-09,-2.374117174530126e-13,-237.41171745301259
2851,3.92125130760021e-09,-2.467391087429054e-13,-246.7391087429054
2852,3.921256918319347e-09,-2.411283896053472e-13,-241.1283896053472
2853,3.92126958093336e-09,-2.284657755924545e-13,-228.4657755924545
2854,3.9212967109785325e-09,-2.013357304202411e-13,-201.3357304202411
2855,3.921305343070969e-09,-1.9270363798356326e-13,-192.70363798356325
2856,3.921295746092809e-09,-2.0230061614364457e-13,-202.30061614364456
2857,3.921286993084725e-09,-2.1105362422760886e-13,-211.05362422760885
2858,3.921287483631998e-09,-2.105630769546678e-13,-210.5630769546678
2859,3.921274018166276e-09,-2.2402854267628601e-13,-224.028542676286
2860,3.921274353022117e-09,-2.2369368683531387e-13,-223.69368683531385
2861,3.92132365887774e-09,-1.7438783121300526e-13,-174.38783121300526
2862,3.9213287651447114e-09,-1.6928156424125028e-13,-169.2815642412503
2863,3.921315316565439e-09,-1.8273014351403204e-13,-182.73014351403205
2864,3.921315758052563e-09,-1.8228865638939594e-13,-182.28865638939595
2865,3.921308558624877e-09,-1.8948808407535144e-13,-189.48808407535145
2866,3.921311150464381e-09,-1.8689624457191622e-13,-186.8962445719162
2867,3.921292025869895e-09,-2.0602083905809409e-13,-206.02083905809408
2868,3.9213019077221755e-09,-1.961389867771922e-13,-196.1389867771922
2869,3.921363611754901e-09,-1.3443495405186011e-13,-134.4349540518601
2870,3.921344551860179e-09,-1.534948487733949e-13,-153.49484877339492
2871,3.921339199126949e-09,-1.5884758200401016e-13,-158.84758200401015
2872,3.921334955586751e-09,-1.630911222020641e-13,-163.0911222020641
2873,3.9213341081201225e-09,-1.639385888301874e-13,-163.9385888301874
2874,3.921320857380641e-09,-1.7718932831154487e-13,-177.18932831154487
2875,3.921320601779979e-09,-1.7744492897370833e-13,-177.44492897370833
2876,3.921333538073725e-09,-1.6450863522742597e-13,-164.50863522742597
2877,3.921390014083575e-09,-1.0803262537781898e-13,-108.03262537781899
2878,3.921361695075195e-09,-1.363516337574343e-13,-136.35163375743429
2879,3.9213553401596865e-09,-1.4270654926618652e-13,-142.70654926618653
2880,3.921358692295963e-09,-1.3935441298929584e-13,-139.35441298929584
2881,3.92135378465483e-09,-1.4426205412305148e-13,-144.26205412305148
2882,3.921344650441262e-09,-1.5339626769086167e-13,-153.39626769086166
2883,3.921346812015133e-09,-1.5123469381957732e-13,-151.2346938195773
2884,3.921388352164275e-09,-1.0969454467791339e-13,-109.69454467791338
2885,3.921393565767262e-09,-1.0448094169108234e-13,-104.48094169108234
2886,3.921384074498813e-09,-1.1397221013934632e-13,-113.97221013934632
2887,3.921371149047089e-09,-1.2689766186390382e-13,-126.89766186390382
2888,3.921372934782277e-09,-1.2511192667571157e-13,-125.11192667571157
2889,3.921366333644455e-09,-1.3171306449783525e-13,-131.71306449783526
2890,3.921347937986194e-09,-1.501087227583968e-13,-150.1087227583968
2891,3.9214081158146265e-09,-8.993089432621825e-14,-89.93089432621825
2892,3.921421885128007e-09,-7.616158094576097e-14,-76.16158094576096
2893,3.9213923425432656e-09,-1.057041656871348e-13,-105.7041656871348
2894,3.9213964582831325e-09,-1.0158842582016258e-13,-101.58842582016257
2895,3.921395536928126e-09,-1.0250978082634076e-13,-102.50978082634076
2896,3.921387443304699e-09,-1.1060340425405367e-13,-110.60340425405367
2897,3.9213610369102665e-09,-1.3700979868624162e-13,-137.00979868624162
2898,3.9214230295034e-09,-7.501720555270252e-14,-75.01720555270252
2899,3.921439103830599e-09,-5.894287835354105e-14,-58.942878353541055
2900,3.921419094906611e-09,-7.895180234170672e-14,-78.95180234170672
2901,3.921410540958046e-09,-8.750575090680267e-14,-87.50575090680267
2902,3.921406373312e-09,-9.167339695278264e-14,-91.67339695278264
2903,3.9214078413488465e-09,-9.020536010618295e-14,-90.20536010618295
2904,3.921396345092426e-09,-1.0170161652697006e-13,-101.70161652697006
2905,3.921421163537251e-09,-7.688317170165869e-14,-76.8831717016587
2906,3.921455113458034e-09,-4.293325091902266e-14,-42.93325091902266
2907,3.921429092551684e-09,-6.895415726878339e-14,-68.95415726878339
2908,3.921433887246056e-09,-6.415946289634643e-14,-64.15946289634643
2909,3.921424244243514e-09,-7.380246543864976e-14,-73.80246543864976
2910,3.921415286050169e-09,-8.276065878375693e-14,-82.76065878375692
2911,3.921409002881739e-09,-8.904382721374492e-14,-89.04382721374492
2912,3.921446848259612e-09,-5.1198449340531406e-14,-51.198449340531404
2913,3.92147628909198e-09,-2.1757616973045336e-14,-21.757616973045337
2914,3.92145583515721e-09,-4.2211551742907684e-14,-42.21155174290768
2915,3.92144249304659e-09,-5.5553662362351365e-14,-55.55366236235137
2916,3.92144240815356e-09,-5.563855539245698e-14,-55.63855539245698
2917,3.921439839705719e-09,-5.820700323402083e-14,-58.207003234020824
2918,3.921412042361214e-09,-8.600434773834475e-14,-86.00434773834475
2919,3.921471492391833e-09,-2.6554317119501393e-14,-26.55431711950139
2920,3.921491776648963e-09,-6.270059989633027e-15,-6.270059989633027
2921,3.921468370594308e-09,-2.967611464484753e-14,-29.67611464484753
2922,3.921457723159768e-09,-4.032354918479574e-14,-40.32354918479574
2923,3.9214611679953305e-09,-3.6878713622157545e-14,-36.87871362215755
2924,3.921441765194567e-09,-5.6281514385795196e-14,-56.2815143857952
2925,3.9214369031170294e-09,-6.114359192325213e-14,-61.14359192325213
2926,3.921502505479981e-09,4.458771028414531e-15,4.458771028414531
2927,3.9214892376643155e-09,-8.809044637159581e-15,-8.80904463715958
2928,3.921473747613667e-09,-2.4299095285568607e-14,-24.299095285568608
2929,3.9214740128095185e-09,-2.4033899434178653e-14,-24.033899434178654
2930,3.921472874153292e-09,-2.517255566077724e-14,-25.172555660777242
2931,3.92147183746628e-09,-2.620924267305357e-14,-26.20924267305357
2932,3.921399034835385e-09,-9.90118735673594e-14,-99.0118735673594
2933,3.921434353886671e-09,-6.369282228130867e-14,-63.69282228130867
2934,3.92151780097055e-09,1.9754261596971033e-14,19.754261596971034
2935,3.921488614871483e-09,-9.431837470089567e-15,-9.431837470089567
2936,3.921495404606273e-09,-2.6421026800620317e-15,-2.6421026800620315
2937,3.921480616928897e-09,-1.7429780056080636e-14,-17.429780056080634
2938,3.921472312699197e-09,-2.573400975579886e-14,-25.73400975579886
2939,3.921478447060879e-09,-1.95996480739845e-14,-19.5996480739845
2940,3.9215395554329305e-09,4.1508723977784056e-14,41.50872397778406
2941,3.921520144039865e-09,2.2097330911929457e-14,22.097330911929458
2942,3.921497202349e-09,-8.443599528095046e-16,-0.8443599528095046
2943,3.921510168973302e-09,1.2122264349248134e-14,12.122264349248134
2944,3.921488704751843e-09,-9.341957109990518e-15,-9.341957109990519
2945,3.921491576993133e-09,-6.469715819696232e-15,-6.4697158196962326
2946,3.921515005978664e-09,1.695926971146634e-14,16.95926971146634
2947,3.921546428651288e-09,4.8381942335092975e-14,48.38194233509297
2948,3.9215208731387206e-09,2.2826429767871647e-14,22.826429767871648
2949,3.9215196449544996e-09,2.1598245546880067e-14,21.59824554688007
2950,3.921511288574675e-09,1.324186572266529e-14,13.24186572266529
2951,3.92150921986272e-09,1.1173153767454324e-14,11.173153767454323
2952,3.921498093346345e-09,4.663739253908291e-17,0.04663739253908291
2953,3.921568424158917e-09,7.037744996390384e-14,70.37744996390384
2954,3.921532751982983e-09,3.470527403027458e-14,34.70527403027458
2955,3.9215293965398895e-09,3.1349830936757815e-14,31.349830936757815
2956,3.921529599990427e-09,3.155328147442472e-14,31.553281474424722
2957,3.921518931983151e-09,2.08852741982536e-14,20.8852741982536
2958,3.921509311450699e-09,1.1264741745975037e-14,11.264741745975037
2959,3.921532793589241e-09,3.474688028864371e-14,34.74688028864371
2960,3.9215744627855466e-09,7.641607659388773e-14,76.41607659388772
2961,3.921547461353857e-09,4.941464490438542e-14,49.41464490438542
2962,3.921543131782217e-09,4.508507326394474e-14,45.08507326394474
2963,3.921535783900148e-09,3.773719119552167e-14,37.73719119552167
2964,3.921527112180122e-09,2.906547116943948e-14,29.065471169439483
2965,3.921519975554847e-09,2.192884589432521e-14,21.92884589432521
2966,3.921579736561754e-09,8.168985280129172e-14,81.68985280129172
2967,3.921571793561113e-09,7.374685216039135e-14,73.74685216039136
2968,3.921552888490462e-09,5.484178150908748e-14,54.84178150908748
2969,3.921552280144623e-09,5.4233435670105866e-14,54.23343567010587
2970,3.921541564730607e-09,4.3518021653942817e-14,43.51802165394282
2971,3.921530345379421e-09,3.2298670468008505e-14,32.2986704680085
2972,3.921562833334889e-09,6.478662593621077e-14,64.78662593621077
2973,3.921594904008046e-09,9.685729909327768e-14,96.85729909327767
2974,3.921567058768911e-09,6.901205995798422e-14,69.01205995798422
2975,3.921566381223868e-09,6.833451491534371e-14,68.33451491534372
2976,3.921556306871491e-09,5.826016253871703e-14,58.26016253871703
2977,3.921547266116151e-09,4.921940719817509e-14,49.21940719817509
2978,3.9215493659447084e-09,5.131923575573639e-14,51.31923575573639
2979,3.921604925695302e-09,1.0687898634937588e-13,106.87898634937588
2980,3.9215883176695835e-09,9.027096063080843e-14,90.27096063080843
2981,3.921574843340509e-09,7.679663155643014e-14,76.79663155643014
2982,3.921571060586234e-09,7.301387728168253e-14,73.01387728168253
2983,3.921561130730902e-09,6.308402194959385e-14,63.08402194959385
2984,3.921545510359153e-09,4.7463650200052064e-14,47.463650200052065
2985,3.9216073438185124e-09,1.0929710955972461e-13,109.29710955972462
2986,3.921608392513064e-09,1.1034580411106122e-13,110.34580411106121
2987,3.921585014756085e-09,8.696804713254859e-14,86.96804713254859
2988,3.921585170420412e-09,8.712371145946319e-14,87.1237114594632
2989,3.921573119919841e-09,7.507321088810149e-14,75.0732108881015
2990,3.921562614949466e-09,6.456824051361788e-14,64.56824051361788
2991,3.921589720735615e-09,9.167402666222192e-14,91.67402666222192
2992,3.92162730999783e-09,1.2926328887724004e-13,129.26328887724006
2993,3.9215981356894615e-09,1.0008898050880522e-13,100.08898050880522
2994,3.921596891621679e-09,9.884491272598673e-14,98.84491272598673
2995,3.921586088305971e-09,8.804159701868942e-14,88.04159701868942
2996,3.921576382365493e-09,7.833565654027331e-14,78.3356565402733
2997,3.921583014565707e-09,8.49678567546387e-14,84.9678567546387
2998,3.921636449388463e-09,1.3840267951042385e-13,138.40267951042387
2999,3.921615235699021e-09,1.171889900681923e-13,117.18899006819228
3000,3.921604752006114e-09,1.067052971613437e-13,106.70529716134371
3001,3.921598542970008e-09,1.004962610548994e-13,100.4962610548994
3002,3.921588468265265e-09,9.042155631256666e-14,90.42155631256666
3003,3.921572268441665e-09,7.422173271194e-14,74.22173271194
3004,3.921642295298157e-09,1.4424858920424844e-13,144.24858920424845
3005,3.921631285225095e-09,1.3323851614265815e-13,133.23851614265814
3006,3.921613395103203e-09,1.1534839425007227e-13,115.34839425007227
3007,3.921610355840568e-09,1.1230913161510659e-13,112.3091316151066
3008,3.921599472537845e-09,1.0142582889253416e-13,101.42582889253417
3009,3.921583386176002e-09,8.533946704925811e-14,85.3394670492581
3010,3.9216447958749425e-09,1.467491659898147e-13,146.7491659898147
3011,3.921646088569193e-09,1.4804186024006917e-13,148.04186024006916
3012,3.9216291962385595e-09,1.311495296068217e-13,131.1495296068217
3013,3.921616910899798e-09,1.1886419084489964e-13,118.86419084489964
3014,3.921609412394942e-09,1.1136568598966402e-13,111.36568598966402
3015,3.921601886486877e-09,1.0383977792451883e-13,103.83977792451883
3016,3.921641952148169e-09,1.4390543921665678e-13,143.9054392166568
3017,3.9216500764274135e-09,1.5202971846079672e-13,152.02971846079672
3018,3.921632946575189e-09,1.34899866236612e-13,134.89986623661198
3019,3.921631734762421e-09,1.3368805346842495e-13,133.68805346842495
3020,3.921612695060965e-09,1.146483520123527e-13,114.64835201235269
3021,3.921606730105873e-09,1.0868339691998919e-13,108.68339691998919
3022,3.921633666078856e-09,1.356193699033277e-13,135.61936990332768
3023,3.9216750878331205e-09,1.770411241677562e-13,177.0411241677562
3024,3.921635204561739e-09,1.3715785278608462e-13,137.15785278608462
3025,3.921642063305997e-09,1.4401659704439086e-13,144.01659704439086
3026,3.921625744274368e-09,1.2769756541489942e-13,127.69756541489942
3027,3.921621270395418e-09,1.2322368646530092e-13,123.22368646530091
3028,3.921637573326645e-09,1.3952661769253095e-13,139.52661769253095
3029,3.921674711343916e-09,1.766646349633606e-13,176.6646349633606
3030,3.921650244072174e-09,1.521973632217173e-13,152.1973632217173
3031,3.921644941401979e-09,1.4689469302641657e-13,146.89469302641658
3032,3.921634100599982e-09,1.3605389102900557e-13,136.05389102900557
3033,3.921618424310505e-09,1.2037760155241784e-13,120.37760155241784
3034,3.921649895853542e-09,1.5184914458896926e-13,151.84914458896927
3035,3.921683595648883e-09,1.855489399304129e-13,185.5489399304129
3036,3.921659145615956e-09,1.610989070033121e-13,161.0989070033121
3037,3.9216534775154185e-09,1.5543080646577513e-13,155.43080646577513
3038,3.921642155192131e-09,1.44108483178509e-13,144.108483178509
3039,3.92162752483249e-09,1.2947812353771805e-13,129.47812353771803
3040,3.921652668158497e-09,1.546214495440147e-13,154.6214495440147
3041,3.921687716809761e-09,1.8967010080824754e-13,189.67010080824755
3042,3.921670599561387e-09,1.7255285243431796e-13,172.55285243431797
3043,3.92166012841812e-09,1.620817091676159e-13,162.08170916761588
3044,3.9216526670471895e-09,1.546203382367879e-13,154.6203382367879
3045,3.921641214890692e-09,1.4316818173936664e-13,143.16818173936664
3046,3.921648751667884e-09,1.50704958931291e-13,150.704958931291
3047,3.9216990452858955e-09,2.0099857694284252e-13,200.99857694284253
3048,3.9216784979471085e-09,1.8045123815582055e-13,180.45123815582053
3049,3.921667384115899e-09,1.6933740694632339e-13,169.3374069463234
3050,3.9216599887999855e-09,1.6194209103285407e-13,161.94209103285408
3051,3.921648388216211e-09,1.5034150725801955e-13,150.34150725801953
3052,3.921656035310974e-09,1.579886020209943e-13,157.9886020209943
3053,3.9217064074523276e-09,2.083607433748881e-13,208.3607433748881
3054,3.921685288982941e-09,1.8724227398845506e-13,187.24227398845505
3055,3.921674471626816e-09,1.7642491786302407e-13,176.42491786302406
3056,3.921666651683121e-09,1.686049741687008e-13,168.6049741687008
3057,3.921654800973905e-09,1.5675426495267387e-13,156.75426495267388
3058,3.921664418280856e-09,1.663715719034893e-13,166.3715719034893
3059,3.925341568282448e-09,3.84352157349504e-12,3843.52157349504
3060,3.927838863594614e-09,6.340816885660996e-12,6340.816885660996
3061,3.922630889162046e-09,1.1328424530932464e-12,1132.8424530932464
3062,3.921366087178196e-09,-1.3195953075669552e-13,-131.95953075669553
3063,3.92080645999094e-09,-6.915867180126216e-13,-691.5867180126216
3064,3.921011366774755e-09,-4.866799341977428e-13,-486.6799341977428
3065,3.921040162154464e-09,-4.578845544885917e-13,-457.8845544885917
3066,3.9210896192562895e-09,-4.0842745266322133e-13,-408.42745266322135
3067,3.9210897250744215e-09,-4.0832163453118674e-13,-408.32163453118676
3068,3.9210977669543005e-09,-4.002797546521557e-13,-400.2797546521557
3069,3.921102431978093e-09,-3.95614730859548e-13,-395.614730859548
3070,3.921105336013612e-09,-3.927106953405456e-13,-392.71069534054556
3071,3.921109606767285e-09,-3.8843994166796224e-13,-388.4399416679622
3072,3.921114055330114e-09,-3.839913788390913e-13,-383.9913788390913
3073,3.921107787150779e-09,-3.9025955817404466e-13,-390.2595581740447
3074,3.921158924928602e-09,-3.3912178035099593e-13,-339.12178035099595
3075,3.921145782744863e-09,-3.522639640898333e-13,-352.2639640898333
3076,3.9211810446857995e-09,-3.1700202315321823e-13,-317.0020231532182
3077,3.921159228179949e-09,-3.3881852900335173e-13,-338.8185290033517
3078,3.921160871559392e-09,-3.3717514956040683e-13,-337.17514956040685
3079,3.921156786746392e-09,-3.412599625604089e-13,-341.2599625604089
3080,3.9211748403930775e-09,-3.232063158751579e-13,-323.2063158751579
3081,3.9211611860864425e-09,-3.368606225101688e-13,-336.8606225101688
3082,3.921156178807129e-09,-3.4186790182357584e-13,-341.86790182357583
3083,3.921208677285784e-09,-2.893694231690035e-13,-289.3694231690035
3084,3.921223280838526e-09,-2.7476587042692723e-13,-274.7658704269272
3085,3.921200477003967e-09,-2.9756970498543466e-13,-297.56970498543467
3086,3.921202238696972e-09,-2.9580801198041727e-13,-295.8080119804173
3087,3.921203304115342e-09,-2.947425936105701e-13,-294.74259361057005
3088,3.921196086256219e-09,-3.0196045273345783e-13,-301.9604527334578
3089,3.921213285117912e-09,-2.847615910409944e-13,-284.7615910409944
3090,3.9211824405960966e-09,-3.1560611285614314e-13,-315.6061128561431
3091,3.921223799466635e-09,-2.742472423177188e-13,-274.2472423177188
3092,3.921261483948906e-09,-2.365627600469021e-13,-236.56276004690213
3093,3.921249037389281e-09,-2.490093196718728e-13,-249.0093196718728
3094,3.921226109494889e-09,-2.7193721406396686e-13,-271.93721406396685
3095,3.921243157896425e-09,-2.548888125279901e-13,-254.8888125279901
3096,3.921231595205516e-09,-2.6645150343689627e-13,-266.45150343689625
3097,3.9212333889638e-09,-2.646577451526276e-13,-264.6577451526276
3098,3.921213197134905e-09,-2.848495740472916e-13,-284.8495740472916
3099,3.921268340497655e-09,-2.2970621129799517e-13,-229.70621129799517
3100,3.921270861403231e-09,-2.271853057216948e-13,-227.18530572169482
3101,3.921279213120986e-09,-2.1883358796682172e-13,-218.8335879668217
3102,3.921264551292377e-09,-2.3349541657566907e-13,-233.49541657566908
3103,3.921259526313463e-09,-2.3852039548954195e-13,-238.52039548954195
3104,3.921262585931994e-09,-2.3546077695878786e-13,-235.46077695878785
3105,3.921263720441147e-09,-2.34326267805499e-13,-234.32626780549901
3106,3.921245331532045e-09,-2.5271517690753685e-13,-252.71517690753686
3107,3.921297584194962e-09,-2.0046251399052127e-13,-200.46251399052127
3108,3.921302809398912e-09,-1.9523731004044463e-13,-195.23731004044464
3109,3.921295306584353e-09,-2.0274012459931589e-13,-202.7401245993159
3110,3.921293147314412e-09,-2.048993945409837e-13,-204.8993945409837
3111,3.921288958689054e-09,-2.0908801989900127e-13,-209.08801989900127
3112,3.9212868061682706e-09,-2.1124054068214536e-13,-211.24054068214537
3113,3.921271298689072e-09,-2.267480198804771e-13,-226.7480198804771
3114,3.921272268941596e-09,-2.2577776735631982e-13,-225.77776735631983
3115,3.921334872103183e-09,-1.631746057693455e-13,-163.1746057693455
3116,3.9213257922623545e-09,-1.7225444659820554e-13,-172.25444659820553
3117,3.921307135582421e-09,-1.9091112653179298e-13,-190.91112653179297
3118,3.921309580892001e-09,-1.8846581695196917e-13,-188.46581695196917
3119,3.921313834217123e-09,-1.8421249182930853e-13,-184.21249182930853
3120,3.9213072382021565e-09,-1.9080850679616722e-13,-190.80850679616722
3121,3.921294665685344e-09,-2.0338102360852638e-13,-203.3810236085264
3122,3.9213329657776085e-09,-1.6508093134417244e-13,-165.08093134417246
3123,3.921352470899952e-09,-1.4557580900050647e-13,-145.57580900050647
3124,3.921341009419316e-09,-1.570372896366111e-13,-157.03728963661112
3125,3.921337897135665e-09,-1.601495732878937e-13,-160.1495732878937
3126,3.921339614322171e-09,-1.5843238678205683e-13,-158.43238678205682
3127,3.921330881480247e-09,-1.671652287056129e-13,-167.1652287056129
3128,3.921322188211703e-09,-1.7585849724987323e-13,-175.85849724987324
3129,3.921321359989663e-09,-1.766867192894349e-13,-176.6867192894349
3130,3.921373134004426e-09,-1.2491270452651736e-13,-124.91270452651736
3131,3.921368267996656e-09,-1.2977871229684955e-13,-129.77871229684956
3132,3.921362914802639e-09,-1.351319063133881e-13,-135.1319063133881
3133,3.921351068348917e-09,-1.4697836003588803e-13,-146.97836003588804
3134,3.9213601980359405e-09,-1.3784867301214797e-13,-137.84867301214797
3135,3.921347243337862e-09,-1.5080337109030827e-13,-150.80337109030827
3136,3.921343547102921e-09,-1.5449960603169154e-13,-154.49960603169154
3137,3.921351575647113e-09,-1.4647106183938207e-13,-146.47106183938206
3138,3.921410385754505e-09,-8.766095444779397e-14,-87.66095444779397
3139,3.921384234337319e-09,-1.1381237163406764e-13,-113.81237163406765
3140,3.921379582405267e-09,-1.1846430368544257e-13,-118.46430368544257
3141,3.92136613412415e-09,-1.319125848026269e-13,-131.9125848026269
3142,3.921371480677428e-09,-1.2656603152439482e-13,-126.56603152439482
3143,3.921360923529824e-09,-1.371231791284293e-13,-137.12317912842929
3144,3.921371947290938e-09,-1.2609941801441137e-13,-126.09941801441137
3145,3.921410791517168e-09,-8.725519178474127e-14,-87.25519178474127
3146,3.921412402939752e-09,-8.564376920083038e-14,-85.64376920083038
3147,3.921390831517803e-09,-1.0721519114987354e-13,-107.21519114987353
3148,3.921393549341599e-09,-1.044973673539955e-13,-104.4973673539955
3149,3.921394144189121e-09,-1.0390251983206133e-13,-103.90251983206133
3150,3.921378181588955e-09,-1.1986511999734816e-13,-119.86511999734816
3151,3.921372965654934e-09,-1.2508105401885005e-13,-125.08105401885005
3152,3.921421099515113e-09,-7.694719383994396e-14,-76.94719383994396
3153,3.9214363681174674e-09,-6.16785914852651e-14,-61.6785914852651
3154,3.921412304656825e-09,-8.574205212776619e-14,-85.74205212776619
3155,3.9214088883899895e-09,-8.915831896315939e-14,-89.15831896315939
3156,3.921420141080392e-09,-7.790562856042115e-14,-77.90562856042115
3157,3.921390324409342e-09,-1.0772229961099932e-13,-107.72229961099931
3158,3.921385647513535e-09,-1.1239919541739573e-13,-112.39919541739573
3159,3.921457416682919e-09,-4.063002603390308e-14,-40.63002603390308
3160,3.921452228585788e-09,-4.58181231646264e-14,-45.8181231646264
3161,3.921429731444919e-09,-6.8315264033592e-14,-68.315264033592
3162,3.921432177621861e-09,-6.58690870920302e-14,-65.8690870920302
3163,3.92142400509562e-09,-7.404161333284575e-14,-74.04161333284574
3164,3.92141769189479e-09,-8.035481416301159e-14,-80.3548141630116
3165,3.921401402163724e-09,-9.664454522879161e-14,-96.64454522879161
3166,3.92146407964737e-09,-3.396706158289341e-14,-33.96706158289341
3167,3.921475530990716e-09,-2.2515718237101513e-14,-22.515718237101513
3168,3.92145022324545e-09,-4.782346350285559e-14,-47.82346350285559
3169,3.9214437048864636e-09,-5.4341822489110004e-14,-54.34182248911
3170,3.921441850629698e-09,-5.619607925460334e-14,-56.19607925460334
3171,3.9214283173471306e-09,-6.972936182211053e-14,-69.72936182211052
3172,3.921436117341505e-09,-6.1929367447761e-14,-61.929367447760995
3173,3.921474381953253e-09,-2.366475569950165e-14,-23.66475569950165
3174,3.921481573222318e-09,-1.647348663489411e-14,-16.47348663489411
3175,3.921452783046779e-09,-4.5263662173617315e-14,-45.26366217361731
3176,3.9214633777890934e-09,-3.46689198592519e-14,-34.6689198592519
3177,3.921451807291929e-09,-4.6239417023799957e-14,-46.23941702379996
3178,3.921443496367281e-09,-5.455034167193328e-14,-54.55034167193328
3179,3.921447045801248e-09,-5.1000907704704547e-14,-51.000907704704545
3180,3.92150148939281e-09,3.4426838574154284e-15,3.4426838574154286
3181,3.921489475592482e-09,-8.571116470407637e-15,-8.571116470407636
3182,3.921480632920879e-09,-1.7413788074036475e-14,-17.413788074036475
3183,3.921473668331383e-09,-2.437837756943161e-14,-24.37837756943161
3184,3.921467280049553e-09,-3.0766659400042074e-14,-30.766659400042073
3185,3.921454790907887e-09,-4.32558010653371e-14,-43.255801065337096
3186,3.921488266164959e-09,-9.780543993815217e-15,-9.780543993815217
3187,3.921463607287588e-09,-3.443942136439103e-14,-34.43942136439103
3188,3.92142883619208e-09,-6.921051687246759e-14,-69.2105168724676
3189,3.921497215305216e-09,-8.314037368483029e-16,-0.8314037368483028
3190,3.921490188536726e-09,-7.858172226835481e-15,-7.858172226835482
3191,3.92146571646739e-09,-3.2330241563092045e-14,-32.330241563092045
3192,3.92147434809904e-09,-2.369860991233751e-14,-23.69860991233751
3193,3.921494541608448e-09,-3.505100504306181e-15,-3.505100504306181
3194,3.921532377120082e-09,3.4330411129137716e-14,34.330411129137715
3195,3.9215070755547685e-09,9.028845815766805e-15,9.028845815766806
3196,3.9215095154975475e-09,1.1468788594836809e-14,11.46878859483681
3197,3.921492109851396e-09,-5.936857556973919e-15,-5.936857556973919
3198,3.921488263915239e-09,-9.782793713323125e-15,-9.782793713323125
3199,3.9214742464008766e-09,-2.380030807611665e-14,-23.80030807611665
3200,3.921536242002671e-09,3.8195293718451106e-14,38.195293718451104
3201,3.921536184946532e-09,3.8138237579124056e-14,38.13823757912406
3202,3.9215134136380385e-09,1.536692908579119e-14,15.366929085791192
3203,3.9215154767663525e-09,1.7430057399813858e-14,17.430057399813858
3204,3.9215046890902616e-09,6.642381308854649e-15,6.642381308854649
3205,3.9214966801430235e-09,-1.3665659291871478e-15,-1.366565929187148
3206,3.92150486535443e-09,6.81864547704648e-15,6.81864547704648
3207,3.921555671393493e-09,5.762468454036896e-14,57.62468454036896
3208,3.921537766445136e-09,3.971973618307435e-14,39.719736183074346
3209,3.9215257339423205e-09,2.768723336777591e-14,27.68723336777591
3210,3.921522745962448e-09,2.4699253495568795e-14,24.699253495568794
3211,3.921513462345821e-09,1.5415636868390102e-14,15.415636868390102
3212,3.921500230146197e-09,2.1834372441821393e-15,2.1834372441821395
3213,3.9215445759937205e-09,4.6529284767804057e-14,46.52928476780406
3214,3.9215702002176e-09,7.215350864770665e-14,72.15350864770666
3215,3.921537442106056e-09,3.939539710317531e-14,39.39539710317531
3216,3.921540072543157e-09,4.202583420395102e-14,42.025834203951014
3217,3.9215288176301395e-09,3.077092118675918e-14,30.770921186759182
3218,3.921520300246293e-09,2.2253537339930306e-14,22.253537339930308
3219,3.921524955241215e-09,2.6908532262442507e-14,26.908532262442506
3220,3.921582755793754e-09,8.470908480112073e-14,84.70908480112072
3221,3.921566138254161e-09,6.809154520848971e-14,68.0915452084897
3222,3.921529590557868e-09,3.1543848915524096e-14,31.543848915524098
3223,3.92154521694694e-09,4.7170237987123175e-14,47.17023798712317
3224,3.9215355265105525e-09,3.747980159977361e-14,37.47980159977361
3225,3.921514342121674e-09,1.6295412721253465e-14,16.295412721253467
3226,3.921571714278829e-09,7.366756987652835e-14,73.66756987652835
3227,3.921585018713423e-09,8.697200447047816e-14,86.97200447047815
3228,3.921559335563155e-09,6.128885420250097e-14,61.28885420250097
3229,3.921560940588946e-09,6.28938799935942e-14,62.893879993594204
3230,3.921549257985277e-09,5.121127632441115e-14,51.211276324411145
3231,3.9215401194077956e-09,4.20726988428567e-14,42.0726988428567
3232,3.921551798596228e-09,5.375188727519643e-14,53.75188727519643
3233,3.921601593128874e-09,1.0354641992169856e-13,103.54641992169856
3234,3.921578824910357e-09,8.077820140455728e-14,80.77820140455728
3235,3.9215698580705e-09,7.181136154712454e-14,71.81136154712453
3236,3.921563936700335e-09,6.588999138209496e-14,65.88999138209496
3237,3.9215531958075676e-09,5.51490986148785e-14,55.1490986148785
3238,3.921544883093986e-09,4.6836385033160576e-14,46.836385033160575
3239,3.921605948369001e-09,1.0790166004857283e-13,107.90166004857284
3240,3.921599084854253e-09,1.0103814530070766e-13,101.03814530070765
3241,3.921579014266267e-09,8.096755731398187e-14,80.96755731398187
3242,3.921570726706175e-09,7.267999722266561e-14,72.67999722266562
3243,3.921565528444649e-09,6.748173569657524e-14,67.48173569657524
3244,3.9215544963622836e-09,5.6449653330883486e-14,56.449653330883486
3245,3.921583044462582e-09,8.499775362954499e-14,84.99775362954499
3246,3.921618363486763e-09,1.203167778105414e-13,120.31677781054141
3247,3.921589830402665e-09,9.178369371196883e-14,91.78369371196882
3248,3.921587313806792e-09,8.92670978393041e-14,89.2670978393041
3249,3.921586909887273e-09,8.886317831994462e-14,88.86317831994462
3250,3.9215693416379e-09,7.129492894731538e-14,71.29492894731538
3251,3.92158041836229e-09,8.237165333745923e-14,82.37165333745922
3252,3.921631108473036e-09,1.330617640834887e-13,133.0617640834887
3253,3.921607052086813e-09,1.0900537786016308e-13,109.00537786016308
3254,3.921598716686301e-09,1.006699773479859e-13,100.66997734798589
3255,3.921591508476577e-09,9.346176762443327e-14,93.46176762443326
3256,3.9215816027718484e-09,8.35560628957367e-14,83.5560628957367
3257,3.9215768258041815e-09,7.877909522881988e-14,78.77909522881988
3258,3.921636551303467e-09,1.385045945146375e-13,138.5045945146375
3259,3.921623317938326e-09,1.252712293730941e-13,125.2712293730941
3260,3.921606860860655e-09,1.0881415170199095e-13,108.81415170199095
3261,3.92160325046742e-09,1.0520375846761422e-13,105.20375846761422
3262,3.921592573786527e-09,9.452707757406321e-14,94.52707757406321
3263,3.921582167126184e-09,8.412041723156972e-14,84.12041723156972
3264,3.921636237372728e-09,1.381906637755943e-13,138.19066377559432
3265,3.921634526854066e-09,1.3648014511311824e-13,136.48014511311825
3266,3.921615527728876e-09,1.1748101992335126e-13,117.48101992335125
3267,3.921623273187881e-09,1.2522647892842477e-13,125.22647892842477
3268,3.921588693155901e-09,9.064644694819447e-14,90.64644694819447
3269,3.921583153967002e-09,8.510725804896603e-14,85.10725804896603
3270,3.9216298624536895e-09,1.3181574473675973e-13,131.81574473675974
3271,3.9216520087738405e-09,1.5396206488776333e-13,153.96206488776332
3272,3.921629081313129e-09,1.3103460417653824e-13,131.03460417653824
3273,3.92162293559443e-09,1.248888854769671e-13,124.88888547696709
3274,3.921606633367934e-09,1.0858665898114917e-13,108.58665898114917
3275,3.9215987076332125e-09,1.0066092425984564e-13,100.66092425984564
3276,3.921634244988606e-09,1.3619827965332633e-13,136.19827965332632
3277,3.921655707421132e-09,1.5766071217898038e-13,157.6607121789804
3278,3.921635281702723e-09,1.3723499377065696e-13,137.23499377065696
3279,3.921632616191682e-09,1.3456948272960135e-13,134.56948272960136
3280,3.92162069492801e-09,1.2264821905719992e-13,122.64821905719992
3281,3.9216097493107675e-09,1.1170260181476389e-13,111.7026018147639
3282,3.921622934835488e-09,1.2488812653544635e-13,124.88812653544635
3283,3.9216693161912754e-09,1.7126948232274687e-13,171.26948232274688
3284,3.921646484601141e-09,1.484378921886238e-13,148.4378921886238
3285,3.921637487755989e-09,1.3944104703606753e-13,139.44104703606754
3286,3.921629911513838e-09,1.318648048850647e-13,131.8648048850647
3287,3.921618875799395e-09,1.2082909044209512e-13,120.82909044209512
3288,3.92162539882045e-09,1.2735211149769122e-13,127.35211149769123
3289,3.921675650913519e-09,1.7760420456603655e-13,177.60420456603654
3290,3.92165716388412e-09,1.5911717516738878e-13,159.11717516738878
3291,3.921644676829544e-09,1.466301205912758e-13,146.63012059127578
3292,3.921638477578362e-09,1.4043086940943817e-13,140.43086940943817
3293,3.921627310350196e-09,1.292636412429461e-13,129.2636412429461
3294,3.9216288189633085e-09,1.3077225435585106e-13,130.77225435585106
3295,3.9216821266362546e-09,1.8407992730185797e-13,184.07992730185796
3296,3.921666722481523e-09,1.686757725705641e-13,168.6757725705641
3297,3.92165170159226e-09,1.5365488330724387e-13,153.65488330724386
3298,3.921646616223285e-09,1.4856951433236355e-13,148.56951433236355
3299,3.921635114356118e-09,1.3706764716533383e-13,137.06764716533382
3300,3.9216334876191784e-09,1.3544091022573658e-13,135.4409102257366
3301,3.9216886583038225e-09,1.9061159486977964e-13,190.61159486977965
3302,3.921675186576833e-09,1.7713986788061532e-13,177.13986788061533
3303,3.921658690549199e-09,1.6064384024646562e-13,160.64384024646563
3304,3.921655220316201e-09,1.5717360724793695e-13,157.17360724793696
3305,3.921642258191338e-09,1.4421148238489513e-13,144.21148238489513
3306,3.921639229038888e-09,1.4118232993518788e-13,141.18232993518788
3307,3.921695359513505e-09,1.9731280455242374e-13,197.31280455242373
3308,3.921682821447217e-09,1.847747382640953e-13,184.7747382640953
3309,3.921665526769157e-09,1.6748006020463847e-13,167.48006020463848
3310,3.921661021963341e-09,1.6297525438806982e-13,162.97525438806983
3311,3.921649047248501e-09,1.5100053954856486e-13,151.00053954856486
3312,3.921637728367556e-09,1.3968165860319638e-13,139.68165860319638
3313,3.92170516598663e-09,2.0711927767728356e-13,207.11927767728358
3314,3.9252721108760415e-09,3.774064167088775e-12,3774.064167088775
3315,3.927865724080021e-09,6.367677371068075e-12,6367.677371068075
3316,3.922632628466276e-09,1.134581757323402e-12,1134.581757323402
3317,3.921377205725685e-09,-1.2084098326774805e-13,-120.84098326774804
3318,3.9208140175034985e-09,-6.840292054541485e-13,-684.0292054541485
3319,3.9210613644326785e-09,-4.366822762742255e-13,-436.6822762742255
3320,3.921083497715298e-09,-4.1454899365434604e-13,-414.548993654346
3321,3.921077940149172e-09,-4.201065597803981e-13,-420.10655978039813
3322,3.921098389692923e-09,-3.9965701602933433e-13,-399.65701602933433
3323,3.921104610140258e-09,-3.9343656869502463e-13,-393.4365686950246
3324,3.921114665491991e-09,-3.8338121696147075e-13,-383.3812169614707
3325,3.921112581845151e-09,-3.854648638016077e-13,-385.4648638016077
3326,3.9211002182812024e-09,-3.978284277502746e-13,-397.8284277502746
3327,3.921133164095248e-09,-3.648826137046317e-13,-364.8826137046317
3328,3.92114830419254e-09,-3.497425164124467e-13,-349.74251641244666
3329,3.921190710239747e-09,-3.073364692057272e-13,-307.3364692057272
3330,3.921177857565093e-09,-3.201891438594566e-13,-320.18914385945664
3331,3.92117458706924e-09,-3.2345963971275914e-13,-323.45963971275916
3332,3.921167149577862e-09,-3.3089713109073814e-13,-330.8971310907381
3333,3.921162313006181e-09,-3.3573370277208735e-13,-335.7337027720873
3334,3.921179819266294e-09,-3.1822744265866997e-13,-318.22744265867
3335,3.921172324962722e-09,-3.257217462304872e-13,-325.7217462304872
3336,3.921177723557705e-09,-3.203231512479758e-13,-320.32315124797583
3337,3.9212149553313584e-09,-2.830913775942805e-13,-283.09137759428046
3338,3.921210100843236e-09,-2.8794586571653e-13,-287.94586571653
3339,3.92122771714987e-09,-2.7032955908260535e-13,-270.32955908260533
3340,3.921211579288424e-09,-2.8646742052907447e-13,-286.46742052907445
3341,3.9211946915385446e-09,-3.033551704081432e-13,-303.3551704081432
3342,3.9212231878410844e-09,-2.7485886786827217e-13,-274.85886786827217
3343,3.921196640175109e-09,-3.01406533843535e-13,-301.406533843535
3344,3.92120949905682e-09,-2.885476521323681e-13,-288.5476521323681
3345,3.921254088849833e-09,-2.4395785911993694e-13,-243.95785911993693
3346,3.921259867566097e-09,-2.3817914285575214e-13,-238.17914285575213
3347,3.921239386553378e-09,-2.586601555748723e-13,-258.6601555748723
3348,3.921245350424268e-09,-2.526962846846813e-13,-252.6962846846813
3349,3.921239135153999e-09,-2.589115549536174e-13,-258.9115549536174
3350,3.92124258657609e-09,-2.5546013286278134e-13,-255.46013286278134
3351,3.921223908971054e-09,-2.7413773789829775e-13,-274.13773789829776
3352,3.921233573142644e-09,-2.6447356630857665e-13,-264.47356630857666
3353,3.921296048883371e-09,-2.0199782558192369e-13,-201.99782558192368
3354,3.921278609654057e-09,-2.1943705489602715e-13,-219.43705489602715
3355,3.9212728793203144e-09,-2.251673886382648e-13,-225.16738863826478
3356,3.9212693499711924e-09,-2.2869673776024823e-13,-228.69673776024823
3357,3.921270922850389e-09,-2.271238585635692e-13,-227.1238585635692
3358,3.921261445297098e-09,-2.3660141185435123e-13,-236.60141185435123
3359,3.921252241586171e-09,-2.4580512278141774e-13,-245.80512278141774
3360,3.921271993201879e-09,-2.260535070738372e-13,-226.05350707383718
3361,3.921314927526594e-09,-1.8311918235857415e-13,-183.11918235857416
3362,3.921306405399363e-09,-1.9164130958990765e-13,-191.64130958990765
3363,3.921292698129452e-09,-2.0534857950104445e-13,-205.34857950104444
3364,3.921301722703075e-09,-1.9632400587792686e-13,-196.32400587792685
3365,3.921290063870538e-09,-2.0798283841447817e-13,-207.98283841447818
3366,3.921288022995474e-09,-2.1002371347891057e-13,-210.02371347891057
3367,3.9212720349707676e-09,-2.2601173818514219e-13,-226.01173818514218
3368,3.92134235892576e-09,-1.556877831925184e-13,-155.6877831925184
3369,3.921310469151736e-09,-1.875775572171061e-13,-187.57755721710612
3370,3.921330563050069e-09,-1.6748365888367188e-13,-167.4836588836719
3371,3.9213151268300585e-09,-1.82919878894217e-13,-182.919878894217
3372,3.921319273388372e-09,-1.7877332058049188e-13,-178.77332058049188
3373,3.921313431436016e-09,-1.846152729363869e-13,-184.6152729363869
3374,3.92130459239649e-09,-1.934543124627379e-13,-193.4543124627379
3375,3.921296146326041e-09,-2.0190038291167155e-13,-201.90038291167156
3376,3.921353969809456e-09,-1.4407689949704526e-13,-144.07689949704528
3377,3.921360287509725e-09,-1.377591992278636e-13,-137.7591992278636
3378,3.921349922780901e-09,-1.4812392805133622e-13,-148.1239280513362
3379,3.921337182538013e-09,-1.6086417093977888e-13,-160.8641709397789
3380,3.921335346658474e-09,-1.627000504784486e-13,-162.7000504784486
3381,3.921336103025015e-09,-1.619436839378684e-13,-161.9436839378684
3382,3.921327675955209e-09,-1.7037075374372922e-13,-170.3707537437292
3383,3.921334189543706e-09,-1.6385716524703374e-13,-163.85716524703375
3384,3.921375756364221e-09,-1.2229034473192667e-13,-122.29034473192667
3385,3.921372817851073e-09,-1.2522885788001413e-13,-125.22885788001413
3386,3.92136080928202e-09,-1.3723742693235496e-13,-137.23742693235496
3387,3.921358994652844e-09,-1.3905205610844395e-13,-139.05205610844394
3388,3.921353751261403e-09,-1.4429544754996403e-13,-144.29544754996402
3389,3.921354640524025e-09,-1.4340618492809142e-13,-143.40618492809142
3390,3.921342272596162e-09,-1.5577411279050256e-13,-155.77411279050256
3391,3.9214023431698945e-09,-9.570353905823713e-14,-95.70353905823713
3392,3.921391020873712e-09,-1.0702583524044894e-13,-107.02583524044894
3393,3.921378546802457e-09,-1.1949990649554642e-13,-119.49990649554641
3394,3.9213780823302465e-09,-1.199643787062392e-13,-119.9643787062392
3395,3.921371269583265e-09,-1.2677712568737775e-13,-126.77712568737775
3396,3.921368947926943e-09,-1.2909878200942958e-13,-129.09878200942958
3397,3.921364670044641e-09,-1.33376664311297e-13,-133.37666431129702
3398,3.921391550262528e-09,-1.0649644642467858e-13,-106.49644642467858
3399,3.921430959005724e-09,-6.70877032288496e-14,-67.08770322884959
3400,3.921391215352477e-09,-1.0683135647575935e-13,-106.83135647575935
3401,3.9213968140640754e-09,-1.0123264487726146e-13,-101.23264487726146
3402,3.921398777201844e-09,-9.926950710859627e-14,-99.26950710859627
3403,3.9213904140999664e-09,-1.0763260898628045e-13,-107.63260898628046
3404,3.921379438531639e-09,-1.186081773137314e-13,-118.6081773137314
3405,3.921409178007495e-09,-8.88687014578342e-14,-88.8687014578342
3406,3.921448617054141e-09,-4.942965481128424e-14,-49.429654811284244
3407,3.921410025528333e-09,-8.802118061960228e-14,-88.02118061960228
3408,3.921414951140118e-09,-8.30955688348377e-14,-83.09556883483769
3409,3.921421014947343e-09,-7.703176160939783e-14,-77.03176160939783
3410,3.921400859086856e-09,-9.71876220969896e-14,-97.1876220969896
3411,3.921395516816176e-09,-1.0252989277664036e-13,-102.52989277664037
3412,3.92143108420397e-09,-6.696250498298183e-14,-66.96250498298183
3413,3.921438464584998e-09,-5.95821239544385e-14,-59.58212395443851
3414,3.921449264946255e-09,-4.8781762698061216e-14,-48.781762698061215
3415,3.921431413178014e-09,-6.663353093879542e-14,-66.63353093879542
3416,3.921417155756815e-09,-8.089095213730567e-14,-80.89095213730567
3417,3.9214322569041445e-09,-6.57898048081672e-14,-65.78980480816719
3418,3.92141213736443e-09,-8.59093445229807e-14,-85.9093445229807
3419,3.9214258330062726e-09,-7.221370268014381e-14,-72.21370268014381
3420,3.921473962963324e-09,-2.4083745629058674e-14,-24.083745629058672
3421,3.921457317451315e-09,-4.0729257637739814e-14,-40.72925763773981
3422,3.92144095323556e-09,-5.709347339276959e-14,-57.09347339276959
3423,3.9214329794977874e-09,-6.506721116525992e-14,-65.06721116525992
3424,3.921436390777293e-09,-6.165593165986015e-14,-61.65593165986015
3425,3.921428830743964e-09,-6.921596498838433e-14,-69.21596498838433
3426,3.921451765794091e-09,-4.628091486195184e-14,-46.28091486195184
3427,3.921493073978178e-09,-4.972730775091184e-15,-4.972730775091184
3428,3.921463146013774e-09,-3.490069517867499e-14,-34.900695178674994
3429,3.9214630290012546e-09,-3.501770769814049e-14,-35.01770769814049
3430,3.921453348566632e-09,-4.4698142320448876e-14,-44.69814232044887
3431,3.921451230523478e-09,-4.681618547450793e-14,-46.81618547450793
3432,3.921441053117685e-09,-5.699359126762936e-14,-56.99359126762936
3433,3.9214939972305376e-09,-4.049478415111153e-15,-4.049478415111153
3434,3.921490533909328e-09,-7.512799624790224e-15,-7.512799624790224
3435,3.921472345984204e-09,-2.5700724749103555e-14,-25.700724749103554
3436,3.92146956923402e-09,-2.847747493305618e-14,-28.47747493305618
3437,3.921461383507617e-09,-3.666320133532174e-14,-36.66320133532174
3438,3.921466557699855e-09,-3.148900909746054e-14,-31.489009097460542
3439,3.921441738143723e-09,-5.630856522999871e-14,-56.308565229998706
3440,3.921508611760827e-09,1.0565051873961516e-14,10.565051873961517
3441,3.921511429005962e-09,1.3382297009056475e-14,13.382297009056476
3442,3.9214453707088915e-09,-5.267600006119465e-14,-52.67600006119465
3443,3.921430361501907e-09,-6.768520704610636e-14,-67.68520704610636
3444,3.9214792584506795e-09,-1.878825827315066e-14,-18.78825827315066
3445,3.921472116458604e-09,-2.5930250349018736e-14,-25.930250349018735
3446,3.921472164732705e-09,-2.588197624728882e-14,-25.88197624728882
3447,3.92152677404457e-09,2.8727335616895565e-14,28.727335616895566
3448,3.921515953056367e-09,1.790634741418674e-14,17.90634741418674
3449,3.921499332453903e-09,1.2857449504184538e-15,1.2857449504184537
3450,3.921499257833689e-09,1.211124735897139e-15,1.2111247358971389
3451,3.9214890654659055e-09,-8.981243047204591e-15,-8.981243047204591
3452,3.921480110010171e-09,-1.7936698781826233e-14,-17.936698781826234
3453,3.92150059836836e-09,2.5516594070125288e-15,2.551659407012529
3454,3.921544197037956e-09,4.615032900346606e-14,46.15032900346606
3455,3.921519380544695e-09,2.1333835742065165e-14,21.333835742065165
3456,3.921513141069612e-09,1.5094360659628335e-14,15.094360659628336
3457,3.921507321180771e-09,9.274471817943396e-15,9.274471817943397
3458,3.921498795014886e-09,7.483059335173892e-16,0.7483059335173893
3459,3.92148379271969e-09,-1.425398926254472e-14,-14.25398926254472
3460,3.921545493093233e-09,4.744638428045523e-14,47.446384280455234
3461,3.921546788904565e-09,4.8742195611955596e-14,48.742195611955594
3462,3.921523301263696e-09,2.5254554743261558e-14,25.254554743261558
3463,3.9215252284059525e-09,2.718169699980023e-14,27.18169699980023
3464,3.921514176943473e-09,1.61302345202753e-14,16.130234520275298
3465,3.921505799557232e-09,7.752848278968615e-15,7.752848278968615
3466,3.921515299661928e-09,1.725295297493835e-14,17.25295297493835
3467,3.921565267992182e-09,6.722128322968991e-14,67.2212832296899
3468,3.921546185627371e-09,4.813891841813035e-14,48.13891841813035
3469,3.921534789253075e-09,3.6742544122483466e-14,36.742544122483466
3470,3.921531123240269e-09,3.307653131665823e-14,33.07653131665823
3471,3.921521759880572e-09,2.371317161969323e-14,23.713171619693227
3472,3.921507514629543e-09,9.467920590569122e-15,9.467920590569122
3473,3.921561360635973e-09,6.33139270202694e-14,63.3139270202694
3474,3.921570724429351e-09,7.26777203981034e-14,72.67772039810339
3475,3.9215456484594045e-09,4.7601750451772406e-14,47.6017504517724
3476,3.921547274464508e-09,4.922775555490323e-14,49.227755554903226
3477,3.921535838137362e-09,3.7791428409200255e-14,37.79142840920026
3478,3.921527034253091e-09,2.8987544138292086e-14,28.987544138292087
3479,3.921536839777539e-09,3.879306858625099e-14,38.79306858625099
3480,3.921587390595411e-09,8.934388645817038e-14,89.34388645817039
3481,3.92156630963942e-09,6.826293046690536e-14,68.26293046690536
3482,3.921556052571872e-09,5.800586291916055e-14,58.005862919160556
3483,3.921551177402593e-09,5.313069364047086e-14,53.13069364047086
3484,3.921541703156119e-09,4.3656447166314903e-14,43.656447166314905
3485,3.9215265958559425e-09,2.854914698984757e-14,28.54914698984757
3486,3.921590425575447e-09,9.237886649455474e-14,92.37886649455474
3487,3.921588162845513e-09,9.01161365605775e-14,90.1161365605775
3488,3.9215655630306986e-09,6.751632174587753e-14,67.51632174587753
3489,3.921565821640022e-09,6.777493106906963e-14,67.77493106906964
3490,3.921553952960155e-09,5.590625120203375e-14,55.90625120203375
3491,3.921544118704349e-09,4.607199539650398e-14,46.071995396503986
3492,3.921557995055589e-09,5.99483466364399e-14,59.948346636439894
3493,3.921608609868494e-09,1.1056315954159025e-13,110.56315954159025
3494,3.921576811411398e-09,7.876470244498014e-14,78.76470244498014
3495,3.921584510087079e-09,8.64633781263109e-14,86.4633781263109
3496,3.921567690614832e-09,6.964390587905446e-14,69.64390587905446
3497,3.921558288603327e-09,6.024189437464035e-14,60.241894374640346
3498,3.921557796158701e-09,5.974944974789743e-14,59.74944974789743
3499,3.921614792531383e-09,1.1674582243018884e-13,116.74582243018884
3500,3.921599196472867e-09,1.0114976391436504e-13,101.14976391436504
3501,3.921584440616825e-09,8.639390787210889e-14,86.39390787210888
3502,3.921580813391352e-09,8.276668239900432e-14,82.76668239900432
3503,3.921570467039755e-09,7.242033080235534e-14,72.42033080235534
3504,3.92155462917705e-09,5.658246809701296e-14,56.58246809701296
3505,3.9216159267152755e-09,1.1788000632282592e-13,117.88000632282592
3506,3.921617178779049e-09,1.191320700966665e-13,119.1320700966665
3507,3.9215920835916195e-09,9.40368826668282e-14,94.0368826668282
3508,3.921594937076212e-09,9.689036725953849e-14,96.8903672595385
3509,3.921581111086163e-09,8.306437721051453e-14,83.06437721051452
3510,3.921569882275313e-09,7.183556636062528e-14,71.83556636062528
3511,3.92159995151126e-09,1.0190480230728395e-13,101.90480230728394
3512,3.921634027850016e-09,1.359811410632318e-13,135.9811410632318
3513,3.921609585189664e-09,1.115384807109039e-13,111.5384807109039
3514,3.921598240314971e-09,1.0019360601845008e-13,100.19360601845007
3515,3.9215924109393605e-09,9.436423040775589e-14,94.36423040775588
3516,3.9215876893202144e-09,8.964261126174445e-14,89.64261126174445
3517,3.921585015000031e-09,8.69682910780374e-14,86.9682910780374
3518,3.921642602208687e-09,1.4455549973422478e-13,144.55549973422478
3519,3.921618783262739e-09,1.2073655378667348e-13,120.73655378667348
3520,3.921612596669618e-09,1.1454996066519963e-13,114.54996066519963
3521,3.9216045229413e-09,1.0647623234735183e-13,106.47623234735183
3522,3.92158277154179e-09,8.472483283767608e-14,84.72483283767608
3523,3.921599240762526e-09,1.0119405357311107e-13,101.19405357311108
3524,3.9216404769555884e-09,1.424302466357187e-13,142.4302466357187
3525,3.9216318038532046e-09,1.337571442518666e-13,133.75714425186658
3526,3.921622273472163e-09,1.242267632102302e-13,124.22676321023019
3527,3.92161284224141e-09,1.147955324572676e-13,114.7955324572676
3528,3.9215967732810116e-09,9.872657205885994e-14,98.72657205885994
3529,3.9215942050771155e-09,9.61583681627849e-14,96.1583681627849
3530,3.921648586354158e-09,1.5053964520504127e-13,150.53964520504127
3531,3.921646793924021e-09,1.4874721506843392e-13,148.74721506843392
3532,3.921623234780019e-09,1.2518807106646447e-13,125.18807106646447
3533,3.921622752011897e-09,1.2470530294411098e-13,124.70530294411098
3534,3.921610397853402e-09,1.1235114444929041e-13,112.3511444492904
3535,3.9215964283963005e-09,9.83816873477923e-14,98.3816873477923
3536,3.921645957570465e-09,1.479108615125786e-13,147.9108615125786
3537,3.92165902540504e-09,1.6097869608743777e-13,160.97869608743775
3538,3.921631357026384e-09,1.33310317431531e-13,133.310317431531
3539,3.921632090868625e-09,1.3404415967197781e-13,134.0441596719778
3540,3.92161872636923e-09,1.206796602776723e-13,120.67966027767231
3541,3.921606972289533e-09,1.0892558058026814e-13,108.92558058026815
3542,3.9216415379829395e-09,1.4349127398676732e-13,143.4912739867673
3543,3.921670065889973e-09,1.7201918101996628e-13,172.01918101996628
3544,3.921639406739624e-09,1.4136003067125825e-13,141.36003067125824
3545,3.921640897761557e-09,1.4285105260391463e-13,142.85105260391464
3546,3.921627416710429e-09,1.2937000147606693e-13,129.37000147606693
3547,3.921615842147506e-09,1.1779543855337206e-13,117.79543855337205
3548,3.921640393824387e-09,1.4234711543414337e-13,142.34711543414338
3549,3.921679810753309e-09,1.8176404435637462e-13,181.76404435637463
3550,3.921649306806501e-09,1.512600975486579e-13,151.26009754865788
3551,3.92164712758724e-09,1.4908087828701634e-13,149.08087828701633
3552,3.921635520037466e-09,1.374733285132236e-13,137.47332851322358
3553,3.921623981361635e-09,1.2593465268243799e-13,125.93465268243799
3554,3.921643406740909e-09,1.4536003195631765e-13,145.36003195631764
3555,3.921686150598408e-09,1.881038894549293e-13,188.1038894549293
3556,3.92165824196055e-09,1.6019525159759974e-13,160.19525159759974
3557,3.921653461225281e-09,1.5541451632813353e-13,155.41451632813354
3558,3.921642980893401e-09,1.4493418444801965e-13,144.93418444801966
3559,3.921631440672582e-09,1.3339396362913826e-13,133.39396362913826
3560,3.9216475292299345e-09,1.494825209818136e-13,149.4825209818136
3561,3.921692336107327e-09,1.9428939837423066e-13,194.28939837423067
3562,3.921666267008191e-09,1.6822029923790295e-13,168.22029923790294
3563,3.9216597257454335e-09,1.6167903648075478e-13,161.67903648075477
3564,3.9216499771144945e-09,1.5193040554179705e-13,151.93040554179706
3565,3.921638320911148e-09,1.4027420219551402e-13,140.27420219551402
3566,3.921652669351119e-09,1.5462264216640443e-13,154.62264216640443
3567,3.9216896948824145e-09,1.9164817346183872e-13,191.64817346183872
3568,3.921671900983465e-09,1.7385427451206093e-13,173.85427451206093
3569,3.925204828704454e-09,3.706781995501168e-12,3706.781995501168
3570,3.927901630931515e-09,6.403584222561939e-12,6403.584222561939
3571,3.92261425980465e-09,1.1162130956969353e-12,1116.2130956969354
3572,3.921426752111559e-09,-7.129459739347354e-14,-71.29459739347354
3573,3.9208601571364115e-09,-6.378895725412036e-13,-637.8895725412036
3574,3.921077745751723e-09,-4.2030095722992477e-13,-420.3009572299248
3575,3.9210665481930005e-09,-4.314985159521921e-13,-431.4985159521921
3576,3.921093762643312e-09,-4.042840656408507e-13,-404.2840656408507
3577,3.921104081103808e-09,-3.9396560514508893e-13,-393.96560514508894
3578,3.921112801477406e-09,-3.8524523154651645e-13,-385.24523154651644
3579,3.921111718955747e-09,-3.863277532056346e-13,-386.3277532056346
3580,3.9211205914971205e-09,-3.774552118321538e-13,-377.4552118321538
3581,3.92116943919601e-09,-3.2860751294288325e-13,-328.60751294288326
3582,3.921169259191344e-09,-3.2878751760857016e-13,-328.78751760857017
3583,3.921173930042723e-09,-3.2411666622928536e-13,-324.11666622928533
3584,3.9211673495047426e-09,-3.306972042101318e-13,-330.6972042101318
3585,3.9211722876661675e-09,-3.257590427852207e-13,-325.7590427852207
3586,3.92116892528418e-09,-3.291214247726414e-13,-329.1214247726414
3587,3.921176857307274e-09,-3.2118940167873743e-13,-321.18940167873745
3588,3.921171434209322e-09,-3.26612499630347e-13,-326.612499630347
3589,3.921181720469014e-09,-3.16326239939108e-13,-316.326239939108
3590,3.9212176652675835e-09,-2.803814413692073e-13,-280.38144136920727
3591,3.921232673390366e-09,-2.6537331858646806e-13,-265.37331858646803
3592,3.921218179613094e-09,-2.7986709585858015e-13,-279.86709585858017
3593,3.921212243145414e-09,-2.858035635388616e-13,-285.80356353886157
3594,3.921215163660806e-09,-2.828830481468374e-13,-282.8830481468374
3595,3.92120604779736e-09,-2.9199891159287826e-13,-291.99891159287824
3596,3.921215654289394e-09,-2.823924195587334e-13,-282.39241955873337
3597,3.921199913950674e-09,-2.981327582786607e-13,-298.1327582786607
3598,3.921260552104244e-09,-2.374946047090991e-13,-237.4946047090991
3599,3.9212604766708774e-09,-2.375700380752498e-13,-237.57003807524978
3600,3.921248247791944e-09,-2.4979891700903966e-13,-249.79891700903966
3601,3.921251669859261e-09,-2.4637684969202366e-13,-246.37684969202365
3602,3.9212431727499945e-09,-2.5487395895822705e-13,-254.87395895822706
3603,3.9212424052161715e-09,-2.5564149278118386e-13,-255.64149278118384
3604,3.9212317038425735e-09,-2.663428663792132e-13,-266.3428663792132
3605,3.92124286372527e-09,-2.5518298368243974e-13,-255.18298368243973
3606,3.92128829813888e-09,-2.0974857007258806e-13,-209.74857007258805
3607,3.921289191033579e-09,-2.0885567537343762e-13,-208.85567537343763
3608,3.921282385279702e-09,-2.1566142925056363e-13,-215.66142925056363
3609,3.921274845493849e-09,-2.2320121510351664e-13,-223.20121510351663
3610,3.921274043888973e-09,-2.240028199797438e-13,-224.0028199797438
3611,3.921265048263548e-09,-2.3299844540485603e-13,-232.99844540485603
3612,3.921256058113344e-09,-2.419885956089972e-13,-241.9885956089972
3613,3.921283571098723e-09,-2.1447561022946192e-13,-214.47561022946192
3614,3.9213129588864994e-09,-1.850878224532647e-13,-185.0878224532647
3615,3.921313966760839e-09,-1.8407994811372218e-13,-184.07994811372217
3616,3.9213039803372585e-09,-1.940663716941603e-13,-194.0663716941603
3617,3.921298108162767e-09,-1.9993854618561334e-13,-199.93854618561335
3618,3.921295260614181e-09,-2.0278609477142927e-13,-202.78609477142928
3619,3.921295529360795e-09,-2.0251734815792443e-13,-202.51734815792443
3620,3.921271570417242e-09,-2.2647629171099791e-13,-226.4762917109979
3621,3.921328590154481e-09,-1.6945655447188944e-13,-169.45655447188943
3622,3.9213419947693555e-09,-1.5605193959720197e-13,-156.05193959720197
3623,3.9213288989081545e-09,-1.6914780079821988e-13,-169.1478007982199
3624,3.921322679463707e-09,-1.7536724524552004e-13,-175.36724524552005
3625,3.921316080629815e-09,-1.819660791380272e-13,-181.9660791380272
3626,3.921322345502333e-09,-1.757012066196999e-13,-175.7012066196999
3627,3.921306152482101e-09,-1.918942268516942e-13,-191.8942268516942
3628,3.921306328719164e-09,-1.917179897885567e-13,-191.71798978855668
3629,3.921362428429545e-09,-1.356182794079651e-13,-135.6182794079651
3630,3.921364540265641e-09,-1.3350644331134353e-13,-133.50644331134353
3631,3.921348212885655e-09,-1.498338232975631e-13,-149.8338232975631
3632,3.921342101509059e-09,-1.5594519989332077e-13,-155.94519989332076
3633,3.921341560166915e-09,-1.5648654203804279e-13,-156.48654203804278
3634,3.9213344165756406e-09,-1.6363013331211528e-13,-163.63013331211528
3635,3.921328125248589e-09,-1.6992146036345123e-13,-169.92146036345122
3636,3.921358837470634e-09,-1.3920923831840003e-13,-139.20923831840003
3637,3.921379704106961e-09,-1.1834260199158108e-13,-118.34260199158108
3638,3.921369875597427e-09,-1.2817111152559667e-13,-128.17111152559667
3639,3.921359855048583e-09,-1.3819166036941376e-13,-138.19166036941377
3640,3.921365517755215e-09,-1.325289537376849e-13,-132.5289537376849
3641,3.921355807396613e-09,-1.422393123399539e-13,-142.2393123399539
3642,3.92133902023359e-09,-1.5902647536247027e-13,-159.02647536247028
3643,3.921358308759445e-09,-1.397379495078126e-13,-139.7379495078126
3644,3.92140513564101e-09,-9.291106794278347e-14,-92.91106794278346
3645,3.921404962927604e-09,-9.308378134886041e-14,-93.08378134886041
3646,3.921374175868504e-09,-1.2387084044886742e-13,-123.87084044886741
3647,3.9213801419349034e-09,-1.1790477404927712e-13,-117.90477404927712
3648,3.921380483241747e-09,-1.1756346720537868e-13,-117.56346720537869
3649,3.921364233300901e-09,-1.3381340805142849e-13,-133.8134080514285
3650,3.921365246189676e-09,-1.3280051927683821e-13,-132.8005192768382
3651,3.921410044312136e-09,-8.800239681696397e-14,-88.00239681696397
3652,3.921416713266804e-09,-8.133344214895132e-14,-81.33344214895132
3653,3.921403776620692e-09,-9.427008826093973e-14,-94.27008826093973
3654,3.9214021490163904e-09,-9.589769256227497e-14,-95.89769256227497
3655,3.9213918184670404e-09,-1.0622824191225998e-13,-106.22824191225997
3656,3.9213844418807195e-09,-1.1360482823319961e-13,-113.60482823319961
3657,3.921391364620011e-09,-1.0668208894166241e-13,-106.68208894166241
3658,3.921414737470975e-09,-8.330923797798028e-14,-83.30923797798027
3659,3.921439455220523e-09,-5.85914884294385e-14,-58.5914884294385
3660,3.921426033746305e-09,-7.201296264790812e-14,-72.01296264790813
3661,3.921407762039458e-09,-9.028466949510027e-14,-90.28466949510027
3662,3.921422226353536e-09,-7.582035541702547e-14,-75.82035541702547
3663,3.921399595774484e-09,-9.845093446836971e-14,-98.45093446836971
3664,3.921391950414445e-09,-1.060962945078685e-13,-106.09629450786849
3665,3.921443739580933e-09,-5.430712801959047e-14,-54.307128019590465
3666,3.92145294811656e-09,-4.50985923928564e-14,-45.098592392856396
3667,3.921435832575804e-09,-6.221413314836432e-14,-62.21413314836432
3668,3.921423474134711e-09,-7.457257424176621e-14,-74.5725742417662
3669,3.921421608683558e-09,-7.643802539469046e-14,-76.43802539469046
3670,3.921428517328221e-09,-6.952938073139557e-14,-69.52938073139558
3671,3.921400971898092e-09,-9.707481086094249e-14,-97.07481086094249
3672,3.921459368273934e-09,-3.867843501837486e-14,-38.678435018374856
3673,3.921472215988363e-09,-2.5830720589584567e-14,-25.830720589584566
3674,3.921446700808117e-09,-5.1345900835989434e-14,-51.34590083598943
3675,3.921456392138971e-09,-4.165456998184757e-14,-41.654569981847565
3676,3.921443754109242e-09,-5.429259971047916e-14,-54.29259971047916
3677,3.9214331561956365e-09,-6.48905133161991e-14,-64.89051331619909
3678,3.921423376041519e-09,-7.467066743332184e-14,-74.67066743332184
3679,3.92147977751247e-09,-1.8269196483073226e-14,-18.269196483073227
3680,3.921485942638388e-09,-1.210407056461459e-14,-12.10407056461459
3681,3.921468424262315e-09,-2.96224466373095e-14,-29.622446637309498
3682,3.92146436435886e-09,-3.368235009239872e-14,-33.682350092398714
3683,3.921458163833741e-09,-3.9882875211789005e-14,-39.882875211789006
3684,3.92144417716493e-09,-5.386954402277532e-14,-53.869544022775315
3685,3.921436531154369e-09,-6.151555458357759e-14,-61.51555458357759
3686,3.92149552289273e-09,-2.523816223043863e-15,-2.523816223043863
3687,3.92149454225897e-09,-3.5044499830026898e-15,-3.5044499830026896
3688,3.92147266354702e-09,-2.538316193278255e-14,-25.38316193278255
3689,3.921475512288228e-09,-2.2534420724576888e-14,-22.534420724576886
3690,3.921465459023584e-09,-3.258768536894873e-14,-32.587685368948726
3691,3.921458145998615e-09,-3.990071033752639e-14,-39.90071033752639
3692,3.921459277146742e-09,-3.8769562210972265e-14,-38.76956221097227
3693,3.9215032502997686e-09,5.2035908158577605e-15,5.20359081585776
3694,3.921499098320444e-09,1.0516114912702091e-15,1.051611491270209
3695,3.921492275734328e-09,-5.770974624583637e-15,-5.770974624583637
3696,3.921510331142842e-09,1.2284433889197654e-14,12.284433889197654
3697,3.921424466152594e-09,-7.358055635899629e-14,-73.58055635899629
3698,3.921410111776616e-09,-8.793493233678106e-14,-87.93493233678106
3699,3.92148145203562e-09,-1.6594673332723676e-14,-16.594673332723676
3700,3.921528905342095e-09,3.085863314251326e-14,30.85863314251326
3701,3.921508884112412e-09,1.0837403459689875e-14,10.837403459689876
3702,3.921498518787278e-09,4.720783250223949e-16,0.47207832502239483
3703,3.921495386852462e-09,-2.659856490636482e-15,-2.6598564906364817
3704,3.921486533094891e-09,-1.1513614061478984e-14,-11.513614061478984
3705,3.921473984701577e-09,-2.406200737550034e-14,-24.06200737550034
3706,3.921517228294962e-09,1.918158600946419e-14,19.18158600946419
3707,3.921537742809528e-09,3.9696100575714165e-14,39.69610057571416
3708,3.921512031117638e-09,1.39844086855463e-14,13.9844086855463
3709,3.921512533591135e-09,1.4486882182384707e-14,14.486882182384708
3710,3.921503127188612e-09,5.0804796591720314e-15,5.080479659172031
3711,3.921495040422763e-09,-3.0062861897999126e-15,-3.0062861897999125
3712,3.9214909180150526e-09,-7.128693900132922e-15,-7.128693900132922
3713,3.92154807422624e-09,5.002751728743716e-14,50.02751728743716
3714,3.9215391272814926e-09,4.108057253986953e-14,41.08057253986953
3715,3.92152093775717e-09,2.2891048217351783e-14,22.891048217351784
3716,3.92152423917989e-09,2.6192470937624456e-14,26.192470937624456
3717,3.921510021576017e-09,1.197486706389873e-14,11.97486706389873
3718,3.921500390933379e-09,2.3442244263617396e-15,2.3442244263617398
3719,3.921533337262421e-09,3.5290553468036566e-14,35.29055346803656
3720,3.921558327526185e-09,6.028081723263258e-14,60.28081723263258
3721,3.921538286211657e-09,4.02395027045639e-14,40.2395027045639
3722,3.92153333956635e-09,3.52928573976531e-14,35.2928573976531
3723,3.921526294312213e-09,2.8247603260625042e-14,28.24760326062504
3724,3.921517555751123e-09,1.9509042170609124e-14,19.509042170609124
3725,3.9215079085472976e-09,9.861838344887418e-15,9.861838344887419
3726,3.921568357019697e-09,7.031031074437267e-14,70.31031074437267
3727,3.921562669484836e-09,6.46227758828939e-14,64.6227758828939
3728,3.921542248997703e-09,4.420228875005273e-14,44.20228875005273
3729,3.921542282635075e-09,4.4235926122454093e-14,44.235926122454096
3730,3.9215309970933466e-09,3.295038439388954e-14,32.95038439388954
3731,3.921521288632098e-09,2.3241923145422404e-14,23.241923145422405
3732,3.9215435239652475e-09,4.547725629478706e-14,45.47725629478706
3733,3.921585942019993e-09,8.789531104056681e-14,87.89531104056681
3734,3.921558347854976e-09,6.030114602336668e-14,60.30114602336668
3735,3.921553867768969e-09,5.58210600163307e-14,55.821060016330705
3736,3.921545877226063e-09,4.783051711016685e-14,47.830517110166845
3737,3.921536832730225e-09,3.878602127212983e-14,38.78602127212983
3738,3.921531221523196e-09,3.317481424359404e-14,33.17481424359404
3739,3.921590121212792e-09,9.207450383968375e-14,92.07450383968376
3740,3.921579960232662e-09,8.191352370947548e-14,81.91352370947547
3741,3.9215619558087556e-09,6.390909980285532e-14,63.909099802855316
3742,3.921560341865402e-09,6.22951564488934e-14,62.295156448893394
3743,3.921549603601825e-09,5.1556892871945214e-14,51.556892871945216
3744,3.921536894882114e-09,3.8848173161667564e-14,38.84817316166757
3745,3.921568391605746e-09,7.034489679367496e-14,70.34489679367496
3746,3.921600683157991e-09,1.0263644903833148e-13,102.63644903833148
3747,3.9215723652338136e-09,7.431852486088865e-14,74.31852486088864
3748,3.921574245863797e-09,7.619915484422769e-14,76.19915484422769
3749,3.92156209263507e-09,6.404592611702299e-14,64.04592611702299
3750,3.9215526982400856e-09,5.465153113287059e-14,54.65153113287059
3751,3.921571580081705e-09,7.353337275262895e-14,73.53337275262895
3752,3.921591912775567e-09,9.386606661455311e-14,93.8660666145531
3753,3.921590423000467e-09,9.237629151439509e-14,92.37629151439509
3754,3.921580644337128e-09,8.259762817525952e-14,82.59762817525952
3755,3.921575191071251e-09,7.714436229820055e-14,77.14436229820055
3756,3.921565317865482e-09,6.727115652962424e-14,67.27115652962424
3757,3.921553397143911e-09,5.535043495830906e-14,55.35043495830906
3758,3.921616158436385e-09,1.181117274321404e-13,118.11172743214038
3759,3.921609544396557e-09,1.1149768760416413e-13,111.49768760416413
3760,3.921588966673004e-09,9.091996405125825e-14,90.91996405125825
3761,3.921586585548193e-09,8.853883924004558e-14,88.53883924004559
3762,3.921576082068596e-09,7.803535964354914e-14,78.03535964354914
3763,3.92156311338431e-09,6.506667535736378e-14,65.06667535736378
3764,3.92160424080479e-09,1.0619409583701679e-13,106.19409583701679
3765,3.921627250637761e-09,1.2920392880829646e-13,129.20392880829647
3766,3.921600170655624e-09,1.0212394667139758e-13,102.12394667139758
3767,3.921598037975741e-09,9.999126678800997e-14,99.99126678800997
3768,3.921580723212836e-09,8.267650388330784e-14,82.67650388330784
3769,3.9215691582451025e-09,7.111153614983946e-14,71.11153614983947
3770,3.921603400439686e-09,1.0535373073312327e-13,105.35373073312327
3771,3.921631072585944e-09,1.3302587699157943e-13,133.02587699157942
3772,3.921614017570775e-09,1.159708618223505e-13,115.97086182235051
3773,3.9216022523509e-09,1.0420564194762406e-13,104.20564194762406
3774,3.921601438792695e-09,1.0339208374244525e-13,103.39208374244525
3775,3.92158105207846e-09,8.3005369507277e-14,83.00536950727701
3776,3.921587086232756e-09,8.903952380329939e-14,89.03952380329939
3777,3.921650937907355e-09,1.528911984019994e-13,152.8911984019994
3778,3.9216209956314824e-09,1.2294892252973878e-13,122.94892252973878
3779,3.921609705021109e-09,1.1165831215601786e-13,111.65831215601786
3780,3.921608511910828e-09,1.1046520187530618e-13,110.46520187530618
3781,3.9215958854549576e-09,9.783874600486587e-14,97.83874600486587
3782,3.921584970086956e-09,8.692337800304218e-14,86.92337800304219
3783,3.921643774448076e-09,1.457277391231161e-13,145.7277391231161
3784,3.92164044011982e-09,1.423934108669085e-13,142.3934108669085
3785,3.921617791570117e-09,1.197448611645553e-13,119.7448611645553
3786,3.9216170091827245e-09,1.1896247377183545e-13,118.96247377183545
3787,3.92160504940277e-09,1.0700269381725648e-13,107.00269381725647
3788,3.921590637753812e-09,9.259104485971016e-14,92.59104485971015
3789,3.9216414906033045e-09,1.434438943518297e-13,143.4438943518297
3790,3.921653108425894e-09,1.5506171694120675e-13,155.06171694120675
3791,3.921625583947971e-09,1.2753723901864312e-13,127.53723901864312
3792,3.921626417265761e-09,1.2837055680841548e-13,128.37055680841547
3793,3.921613136141514e-09,1.150894325611741e-13,115.0894325611741
3794,3.921601352544412e-09,1.0330583545962403e-13,103.30583545962403
3795,3.921635117229254e-09,1.3707052030109091e-13,137.0705203010909
3796,3.921664938697899e-09,1.6689198894628233e-13,166.89198894628234
3797,3.921633969601254e-09,1.35922892301515e-13,135.92289230151502
3798,3.921634852277348e-09,1.3680556839518977e-13,136.80556839518977
3799,3.921621786313022e-09,1.2373960406907815e-13,123.73960406907814
3800,3.921610347492211e-09,1.1230078325837845e-13,112.30078325837846
3801,3.921632960263242e-09,1.3491355428903963e-13,134.91355428903964
3802,3.921673441011336e-09,1.7539430238291366e-13,175.39430238291365
3803,3.921644338531361e-09,1.46291822408406e-13,146.291822408406
3804,3.921640629448624e-09,1.4258273967127878e-13,142.58273967127877
3805,3.921629974533089e-09,1.3192782413634042e-13,131.92782413634043
3806,3.921619057430364e-09,1.2101072141104075e-13,121.01072141104075
3807,3.921633773170926e-09,1.3572646197291495e-13,135.72646197291493
3808,3.921679191077557e-09,1.8114436860469053e-13,181.14436860469053
3809,3.921653711242302e-09,1.556645333491087e-13,155.6645333491087
3810,3.9216466902742934e-09,1.486435653407443e-13,148.64356534074432
3811,3.921637582244208e-09,1.3953553525539964e-13,139.53553525539965
3812,3.921626179825485e-09,1.2813311653264115e-13,128.13311653264117
3813,3.9216509233790456e-09,1.528766700928881e-13,152.87667009288808
3814,3.921671537775737e-09,1.734910667842783e-13,173.4910667842783
3815,3.921659299003458e-09,1.6125229450566448e-13,161.25229450566448
3816,3.921653805052895e-09,1.55758343942083e-13,155.758343942083
3817,3.921647845464603e-09,1.497987556504733e-13,149.7987556504733
3818,3.921633087467262e-09,1.350407583089265e-13,135.04075830892648
3819,3.921639839824182e-09,1.4179311522905759e-13,141.79311522905758
3820,3.921692828850109e-09,1.94782141156571e-13,194.78214115657102
3821,3.9216658696751994e-09,1.6782296624674132e-13,167.82296624674132
3822,3.921660466797618e-09,1.6242008866564862e-13,162.42008866564862
3823,3.9216481729749744e-09,1.5012626602172686e-13,150.12626602172685
3824,3.925198593430655e-09,3.700546721702149e-12,3700.546721702149
3825,3.927847980135686e-09,6.349933426733395e-12,6349.933426733394
3826,3.922717703669452e-09,1.2196569604990488e-12,1219.6569604990489
3827,3.921430619352288e-09,-6.742735666443499e-14,-67.427356664435
3828,3.920871553863073e-09,-6.264928458798506e-13,-626.4928458798506
3829,3.921083376338865e-09,-4.146703700875558e-13,-414.6703700875558
3830,3.921076901375071e-09,-4.211453338818565e-13,-421.14533388185646
3831,3.92109469017827e-09,-4.0335653068228937e-13,-403.35653068228936
3832,3.921094285147444e-09,-4.0376156150887564e-13,-403.7615615088757
3833,3.921147912714241e-09,-3.501339947118769e-13,-350.1339947118769
3834,3.9211740378666295e-09,-3.2400884232323167e-13,-324.00884232323165
3835,3.921171609660339e-09,-3.264370486137845e-13,-326.4370486137845
3836,3.9211665121483e-09,-3.315345606529967e-13,-331.5345606529967
3837,3.9211707535743035e-09,-3.272931346491791e-13,-327.2931346491791
3838,3.921164376974751e-09,-3.33669734201381e-13,-333.669734201381
3839,3.92116702118122e-09,-3.3102552773301474e-13,-331.0255277330147
3840,3.921172620434919e-09,-3.254262740334306e-13,-325.4262740334306
3841,3.921178485941567e-09,-3.1956076738533833e-13,-319.56076738533835
3842,3.921218895159423e-09,-2.7915154952979403e-13,-279.151549529794
3843,3.921232773597752e-09,-2.652731112006761e-13,-265.27311120067606
3844,3.9212162768653865e-09,-2.817698435662379e-13,-281.7698435662379
3845,3.921210131390632e-09,-2.8791531832032024e-13,-287.91531832032024
3846,3.921218022756145e-09,-2.800239528078845e-13,-280.0239528078845
3847,3.921214726429175e-09,-2.833202797779465e-13,-283.3202797779465
3848,3.921204715339995e-09,-2.9333136895780864e-13,-293.33136895780865
3849,3.921201575273663e-09,-2.9647143528976115e-13,-296.47143528976113
3850,3.9212652636945195e-09,-2.3278301443318316e-13,-232.78301443318315
3851,3.921269882233144e-09,-2.281644758087208e-13,-228.16447580872077
3852,3.921250412997892e-09,-2.476337110604775e-13,-247.63371106047748
3853,3.921251129899474e-09,-2.4691680947897575e-13,-246.91680947897575
3854,3.921246160458816e-09,-2.5188625013656306e-13,-251.88625013656306
3855,3.921245517581138e-09,-2.5252912781473834e-13,-252.52912781473833
3856,3.921246606093014e-09,-2.514406159386172e-13,-251.4406159386172
3857,3.921225507762683e-09,-2.725389462696963e-13,-272.53894626969634
3858,3.921308624246214e-09,-1.8942246273886175e-13,-189.42246273886175
3859,3.921287759507241e-09,-2.1028720171187886e-13,-210.28720171187885
3860,3.921279212389149e-09,-2.1883431980328815e-13,-218.83431980328814
3861,3.921273022516316e-09,-2.2502419263633377e-13,-225.02419263633377
3862,3.921278319006559e-09,-2.197277023934162e-13,-219.7277023934162
3863,3.921275976316715e-09,-2.2207039223761426e-13,-222.07039223761424
3864,3.921264148050484e-09,-2.3389865846867074e-13,-233.89865846867073
3865,3.92126730776798e-09,-2.307389409723419e-13,-230.73894097234194
3866,3.92132003317015e-09,-1.7801353880306835e-13,-178.01353880306834
3867,3.921318304138735e-09,-1.797425702176396e-13,-179.7425702176396
3868,3.921306033653543e-09,-1.9201305540979862e-13,-192.01305540979862
3869,3.921300735564102e-09,-1.973111448509206e-13,-197.31114485092058
3870,3.921301289781147e-09,-1.9675692780540032e-13,-196.75692780540032
3871,3.9212948933949054e-09,-2.031533140472501e-13,-203.15331404725012
3872,3.921287375428621e-09,-2.1067128033148185e-13,-210.67128033148185
3873,3.921305736283992e-09,-1.9231042496065708e-13,-192.3104249606571
3874,3.921344004907288e-09,-1.5404180166435954e-13,-154.04180166435953
3875,3.921338690039819e-09,-1.5935666913410073e-13,-159.3566691341007
3876,3.921328860229242e-09,-1.691864797107233e-13,-169.1864797107233
3877,3.92132043023209e-09,-1.7761647686244985e-13,-177.61647686244984
3878,3.921317686197707e-09,-1.8036051124584772e-13,-180.36051124584773
3879,3.921316907171341e-09,-1.8113953761183287e-13,-181.13953761183288
3880,3.921298604781572e-09,-1.9944192738050636e-13,-199.44192738050637
3881,3.921362383651995e-09,-1.3566305695768876e-13,-135.66305695768875
3882,3.921369590289625e-09,-1.2845641932728623e-13,-128.45641932728623
3883,3.9213527081233875e-09,-1.4533858556516665e-13,-145.33858556516665
3884,3.921340732839342e-09,-1.5731386961081216e-13,-157.31386961081216
3885,3.921338975618671e-09,-1.5907109028186804e-13,-159.07109028186804
3886,3.921342031361179e-09,-1.5601534777388059e-13,-156.0153477738806
3887,3.921330013467988e-09,-1.6803324096490479e-13,-168.0332409649048
3888,3.921345628364516e-09,-1.5241834443633405e-13,-152.41834443633405
3889,3.9213888390794704e-09,-1.0920762948225015e-13,-109.20762948225014
3890,3.921374531595237e-09,-1.2351511371607492e-13,-123.51511371607492
3891,3.921361342411334e-09,-1.3670429761908952e-13,-136.70429761908952
3892,3.921365275164979e-09,-1.3277154397377854e-13,-132.77154397377853
3893,3.9213520473563735e-09,-1.4599935257918794e-13,-145.99935257918793
3894,3.9213516581006885e-09,-1.4638860826416454e-13,-146.38860826416453
3895,3.92135716855823e-09,-1.4087815072250697e-13,-140.87815072250697
3896,3.921395704491572e-09,-1.0234221738058312e-13,-102.34221738058312
3897,3.9214022763017255e-09,-9.577040722722517e-14,-95.77040722722518
3898,3.9213865733679805e-09,-1.1147334097220173e-13,-111.47334097220173
3899,3.921387132951827e-09,-1.1091375712592765e-13,-110.91375712592765
3900,3.9213797905991894e-09,-1.1825610976327105e-13,-118.25610976327104
3901,3.9213658024667055e-09,-1.3224424224719021e-13,-132.24424224719021
3902,3.921359792978009e-09,-1.3825373094378856e-13,-138.25373094378855
3903,3.9214233661481745e-09,-7.468056077814577e-14,-74.68056077814576
3904,3.921414663230231e-09,-8.338347872174122e-14,-83.38347872174123
3905,3.921407029308524e-09,-9.101740042832028e-14,-91.01740042832029
3906,3.9214029031332115e-09,-9.514357574120268e-14,-95.14357574120268
3907,3.921395448619859e-09,-1.025980890932897e-13,-102.5980890932897
3908,3.921388833495829e-09,-1.0921321312343845e-13,-109.21321312343845
3909,3.921373693263012e-09,-1.2435344594089503e-13,-124.35344594089503
3910,3.921425299361963e-09,-7.274734698944118e-14,-72.74734698944117
3911,3.921449631271064e-09,-4.8415437889032676e-14,-48.415437889032674
3912,3.921417078209255e-09,-8.09684996976927e-14,-80.96849969769269
3913,3.921408666453805e-09,-8.938025514786717e-14,-89.38025514786717
3914,3.921402657290369e-09,-9.538941858381377e-14,-95.38941858381376
3915,3.921419933997777e-09,-7.811271117536588e-14,-78.11271117536587
3916,3.921388141801948e-09,-1.0990490700442989e-13,-109.90490700442989
3917,3.921432820689274e-09,-6.522601967847473e-14,-65.22601967847473
3918,3.921460844306772e-09,-3.720240218075309e-14,-37.20240218075309
3919,3.921426842805071e-09,-7.120390388174512e-14,-71.20390388174512
3920,3.921440463393018e-09,-5.758331593429854e-14,-57.58331593429854
3921,3.92143066022671e-09,-6.738648224253229e-14,-67.38648224253228
3922,3.921423715288379e-09,-7.433142057355112e-14,-74.33142057355113
3923,3.921413988558324e-09,-8.405815062862464e-14,-84.05815062862465
3924,3.921442828824003e-09,-5.5217884949532604e-14,-55.2178849495326
3925,3.921466546397048e-09,-3.1500311905108703e-14,-31.500311905108703
3926,3.921462079863568e-09,-3.596684538498861e-14,-35.96684538498861
3927,3.92143893201166e-09,-5.911469729282569e-14,-59.11469729282569
3928,3.921439756330572e-09,-5.829037838108496e-14,-58.29037838108496
3929,3.921434036649116e-09,-6.401005983697793e-14,-64.01005983697793
3930,3.921429481400793e-09,-6.856530815962146e-14,-68.56530815962147
3931,3.921465761272044e-09,-3.228543690831408e-14,-32.28543690831408
3932,3.921481342802251e-09,-1.670390670160159e-14,-16.70390670160159
3933,3.9214619754548985e-09,-3.6071254054198966e-14,-36.07125405419897
3934,3.921461724760251e-09,-3.6321948701531926e-14,-36.32194870153192
3935,3.9214542051134536e-09,-4.3841595499131015e-14,-43.84159549913102
3936,3.921446786297458e-09,-5.126041149468895e-14,-51.26041149468895
3937,3.921424446528534e-09,-7.360018041831827e-14,-73.60018041831827
3938,3.921500792765809e-09,2.7460568565391797e-15,2.74605685653918
3939,3.921495166352845e-09,-2.8803561074657213e-15,-2.880356107465721
3940,3.921471933906063e-09,-2.6112802889810983e-14,-26.112802889810983
3941,3.921475138455319e-09,-2.290825363364989e-14,-22.90825363364989
3942,3.921465094325078e-09,-3.295238387471854e-14,-32.95238387471854
3943,3.921457735004677e-09,-4.0311704276061334e-14,-40.311704276061334
3944,3.921454885965313e-09,-4.316074363986443e-14,-43.16074363986443
3945,3.921510418014541e-09,1.2371305588268055e-14,12.371305588268054
3946,3.92150241988222e-09,4.3731732668968005e-15,4.3731732668968
3947,3.921484112667751e-09,-1.3934041201444248e-14,-13.934041201444249
3948,3.921485043238476e-09,-1.300347047679994e-14,-13.00347047679994
3949,3.921474708785998e-09,-2.3337922954605895e-14,-23.337922954605894
3950,3.9214669825173715e-09,-3.106419158122641e-14,-31.06419158122641
3951,3.921509886945212e-09,1.1840236259130342e-14,11.840236259130343
3952,3.921470808775258e-09,-2.7237933694307815e-14,-27.237933694307817
3953,3.921442050637894e-09,-5.5996071058834075e-14,-55.996071058834076
3954,3.9215074359164655e-09,9.389207512846675e-15,9.389207512846674
3955,3.921494419310443e-09,-3.627398509362546e-15,-3.627398509362546
3956,3.921485128727817e-09,-1.2917981135499458e-14,-12.917981135499458
3957,3.921473670526893e-09,-2.4376182060032326e-14,-24.376182060032328
3958,3.921517375366987e-09,1.932865803416185e-14,19.328658034161847
3959,3.921520549612792e-09,2.2502903839601972e-14,22.502903839601974
3960,3.921512121133524e-09,1.4074424570916909e-14,14.074424570916909
3961,3.921509818044164e-09,1.1771335211068889e-14,11.77133521106889
3962,3.921501960559969e-09,3.9138510165233165e-15,3.9138510165233167
3963,3.921493754233726e-09,-4.2924752270194665e-15,-4.292475227019467
3964,3.921484643981026e-09,-1.3402727926817727e-14,-13.402727926817727
3965,3.9215354711078215e-09,3.74243988687596e-14,37.4243988687596
3966,3.921539262671239e-09,4.121596228615866e-14,41.21596228615866
3967,3.921518685543997e-09,2.0638835044447644e-14,20.638835044447646
3968,3.921515795576001e-09,1.774886704863322e-14,17.74886704863322
3969,3.921525075750287e-09,2.702904133391427e-14,27.02904133391427
3970,3.921492668540775e-09,-5.3781681774921385e-15,-5.378168177492139
3971,3.921514999798712e-09,1.6953089759083172e-14,16.953089759083174
3972,3.921561698175214e-09,6.365146626161845e-14,63.65146626161845
3973,3.921538568158432e-09,4.0521449479518755e-14,40.52144947951876
3974,3.921530033617086e-09,3.19869081333103e-14,31.986908133310298
3975,3.921524869806084e-09,2.682309713125065e-14,26.82309713125065
3976,3.921515828047856e-09,1.778133890369916e-14,17.78133890369916
3977,3.921500394999137e-09,2.3482901845085603e-15,2.3482901845085604
3978,3.921550944272021e-09,5.2897563068332164e-14,52.89756306833216
3979,3.92156121678945e-09,6.317008049703489e-14,63.17008049703489
3980,3.9215395864140076e-09,4.153970505486283e-14,41.53970505486283
3981,3.921540846446667e-09,4.279973771467117e-14,42.79973771467117
3982,3.921529337776132e-09,3.12910671790091e-14,31.2910671790091
3983,3.921520395086878e-09,2.2348377924968476e-14,22.348377924968474
3984,3.921533110772587e-09,3.5064063634204344e-14,35.064063634204345
3985,3.921581570083153e-09,8.352337420023627e-14,83.52337420023626
3986,3.921558983197449e-09,6.093648849644319e-14,60.93648849644318
3987,3.921554043219986e-09,5.599651103289317e-14,55.99651103289317
3988,3.921539440941181e-09,4.1394232228369586e-14,41.39423222836959
3989,3.921534981346595e-09,3.6934637642393585e-14,36.93463764239358
3990,3.92152089051306e-09,2.2843804107685727e-14,22.843804107685727
3991,3.921583870299377e-09,8.58235904243272e-14,85.8235904243272
3992,3.9215807750377e-09,8.272832874715265e-14,82.72832874715264
3993,3.921558663113863e-09,6.061640491007115e-14,60.616404910071154
3994,3.9215665895804205e-09,6.854287146784111e-14,68.54287146784111
3995,3.9215421934594465e-09,4.414675049376716e-14,44.14675049376716
3996,3.921537037427595e-09,3.8990718642295096e-14,38.99071864229509
3997,3.9215587149116216e-09,6.066820266886165e-14,60.668202668861646
3998,3.921601574941383e-09,1.0352823243025512e-13,103.52823243025512
3999,3.921573185324337e-09,7.513861538415668e-14,75.13861538415668
4000,3.921569098505563e-09,7.105179661013551e-14,71.05179661013551
4001,3.921560312429313e-09,6.226572035991041e-14,62.26572035991041
4002,3.9215509340534156e-09,5.288734446285649e-14,52.88734446285649
4003,3.921548339855772e-09,5.029314681969611e-14,50.29314681969611
4004,3.921605886298427e-09,1.0783958947419804e-13,107.83958947419804
4005,3.921592466287881e-09,9.441957892866127e-14,94.41957892866127
4006,3.921576235483204e-09,7.818877425095584e-14,78.18877425095584
4007,3.92157325167751e-09,7.520496855711279e-14,75.20496855711279
4008,3.921561325236772e-09,6.327852781933775e-14,63.27852781933775
4009,3.921548298249514e-09,5.025154056132698e-14,50.251540561326976
4010,3.921601135975028e-09,1.0308926607567005e-13,103.08926607567005
4011,3.921615036070296e-09,1.169893613431834e-13,116.98936134318339
4012,3.921579793861839e-09,8.174715288610758e-14,81.74715288610757
4013,3.921584779755264e-09,8.673304631166235e-14,86.73304631166235
4014,3.921572810136175e-09,7.476342722236807e-14,74.76342722236807
4015,3.92156694855976e-09,6.890185080715106e-14,68.90185080715106
4016,3.9215862423711e-09,8.819566214739961e-14,88.19566214739962
4017,3.92161896093637e-09,1.2091422741768954e-13,120.91422741768955
4018,3.921588888312292e-09,9.084160333924186e-14,90.84160333924186
4019,3.921593921314302e-09,9.587460534919113e-14,95.87460534919113
4020,3.9215790246746075e-09,8.097796565483773e-14,80.97796565483773
4021,3.921569535113778e-09,7.148840482499542e-14,71.48840482499543
4022,3.921585447190122e-09,8.740048116904443e-14,87.40048116904443
4023,3.921628907894992e-09,1.3086118603904918e-13,130.8611860390492
4024,3.92160712795386e-09,1.0908124490718275e-13,109.08124490718275
4025,3.921603396455243e-09,1.0534974629013939e-13,105.3497462901394
4026,3.9215894036335845e-09,9.135692463182422e-14,91.35692463182421
4027,3.921584450130699e-09,8.640342174617245e-14,86.40342174617244
4028,3.921575273633246e-09,7.722692429363532e-14,77.22692429363532
4029,3.921629956155862e-09,1.319094469095168e-13,131.9094469095168
4030,3.921629229713302e-09,1.311830043488972e-13,131.18300434889719
4031,3.921605286056999e-09,1.0723934804645575e-13,107.23934804645575
4032,3.921605286951466e-09,1.0724024251324805e-13,107.24024251324805
4033,3.921592870695292e-09,9.482398633899837e-14,94.82398633899837
4034,3.9215804160312555e-09,8.236932230278838e-14,82.36932230278838
4035,3.921620465944511e-09,1.2241923555837099e-13,122.41923555837099
4036,3.921643416607149e-09,1.4536989819608727e-13,145.36989819608726
4037,3.921613535046598e-09,1.1548833764548584e-13,115.48833764548584
4038,3.921611958616639e-09,1.1391190768669191e-13,113.91190768669192
4039,3.921601205960279e-09,1.0315925132590399e-13,103.159251325904
4040,3.921588190302933e-09,9.014359398059569e-14,90.1435939805957
4041,3.92161232816695e-09,1.142814579971836e-13,114.2814579971836
4042,3.921653403735461e-09,1.553570265079375e-13,155.3570265079375
4043,3.921626223952514e-09,1.2817724356106131e-13,128.17724356106132
4044,3.921620979124504e-09,1.2293241555166269e-13,122.93241555166269
4045,3.921611259739919e-09,1.1321303096630776e-13,113.21303096630776
4046,3.921600752953506e-09,1.0270624455318523e-13,102.70624455318523
4047,3.921610918270445e-09,1.1287156149208345e-13,112.87156149208344
4048,3.921658520627614e-09,1.6047391866098283e-13,160.47391866098283
4049,3.9216380191505786e-09,1.39972441625857e-13,139.972441625857
4050,3.92162686075866e-09,1.2881404970707068e-13,128.81404970707067
4051,3.921620488387496e-09,1.2244167854334144e-13,122.44167854334144
4052,3.921609371601836e-09,1.1132489288292425e-13,111.32489288292425
4053,3.921610545060952e-09,1.1249835199925963e-13,112.49835199925963
4054,3.921663238289422e-09,1.651915804690647e-13,165.1915804690647
4055,3.92164894942636e-09,1.5090271740755235e-13,150.90271740755236
4056,3.92163301168153e-09,1.3496497257706975e-13,134.96497257706974
4057,3.921628706748384e-09,1.306600394309988e-13,130.6600394309988
4058,3.921617295439203e-09,1.1924873025042594e-13,119.24873025042594
4059,3.921611197018823e-09,1.1315030987062947e-13,113.15030987062947
4060,3.921667985034953e-09,1.6993832600042348e-13,169.93832600042347
4061,3.921658974989639e-09,1.609282806864172e-13,160.9282806864172
4062,3.921639398581003e-09,1.413518720499103e-13,141.3518720499103
4063,3.921636520078445e-09,1.384733694920699e-13,138.4733694920699
4064,3.9216245379639254e-09,1.2649125497273773e-13,126.49125497273774
4065,3.921612876746144e-09,1.1483003719140695e-13,114.83003719140696
4066,3.921672754358995e-09,1.7470765004202428e-13,174.70765004202428
4067,3.921668209573223e-09,1.7016286427034523e-13,170.16286427034524
4068,3.921645674160017e-09,1.476274510646909e-13,147.6274510646909
4069,3.921643759052405e-09,1.457123434522668e-13,145.71234345226682
4070,3.921631362013714e-09,1.3331530476152443e-13,133.31530476152443
4071,3.9216156637149335e-09,1.1761700598083525e-13,117.61700598083526
4072,3.921677631506942e-09,1.7958479798967876e-13,179.58479798967875
4073,3.921676482550795e-09,1.7843584184244155e-13,178.43584184244156
4074,3.9216518206376585e-09,1.5377392870578278e-13,153.7739287057828
4075,3.921650583129299e-09,1.5253642034610783e-13,152.53642034610783
4076,3.921637778240856e-09,1.397315319031307e-13,139.7315319031307
4077,3.921606449487245e-09,1.0840277829269563e-13,108.40277829269563
4078,3.921699525994034e-09,2.0147928508106828e-13,201.47928508106827
4079,3.92515353062734e-09,3.655483918386917e-12,3655.483918386917
4080,3.9279057929939194e-09,6.407746284966731e-12,6407.746284966731
4081,3.922678215210291e-09,1.1801685013384878e-12,1180.1685013384879
4082,3.921421677367766e-09,-7.63693411870635e-14,-76.3693411870635
4083,3.920849488044933e-09,-6.485586640195472e-13,-648.5586640195472
4084,3.921087624270082e-09,-4.104224388707033e-13,-410.4224388707033
4085,3.921118574610029e-09,-3.7947209892351995e-13,-379.47209892352
4086,3.921144160507362e-09,-3.538862015904147e-13,-353.8862015904147
4087,3.921138379541379e-09,-3.5966716757410743e-13,-359.66716757410745
4088,3.92114308370487e-09,-3.54963004083073e-13,-354.96300408307303
4089,3.9211512228105785e-09,-3.4682389837422433e-13,-346.8238983742243
4090,3.9211579706138495e-09,-3.4007609510321767e-13,-340.07609510321765
4091,3.921152690278219e-09,-3.453564307337652e-13,-345.3564307337652
4092,3.92114753318927e-09,-3.5051351968235544e-13,-350.5135196823554
4093,3.92121668788643e-09,-2.8135882252264864e-13,-281.35882252264867
4094,3.921204010202007e-09,-2.940365069457389e-13,-294.0365069457389
4095,3.921212567484494e-09,-2.8547922445896256e-13,-285.47922445896256
4096,3.9212007716088026e-09,-2.9727510015011603e-13,-297.27510015011603
4097,3.9212128343337534e-09,-2.8521237519925956e-13,-285.21237519925955
4098,3.921204318169634e-09,-2.937285393186444e-13,-293.7285393186444
4099,3.921203656047367e-09,-2.943906615853813e-13,-294.3906615853813
4100,3.921202761526365e-09,-2.9528518258779045e-13,-295.2851825877905
4101,3.921236393260915e-09,-2.616534480377246e-13,-261.6534480377246
4102,3.921251915051582e-09,-2.4613165737071606e-13,-246.13165737071606
4103,3.921250615987644e-09,-2.474307213087339e-13,-247.4307213087339
4104,3.921239231376942e-09,-2.588153320108093e-13,-258.8153320108093
4105,3.921250575384273e-09,-2.4747132468009346e-13,-247.47132468009346
4106,3.921240796422778e-09,-2.5725028617482647e-13,-257.2502861748265
4107,3.921237395903979e-09,-2.606508049736643e-13,-260.6508049736643
4108,3.921235055138594e-09,-2.629915703590062e-13,-262.99157035900623
4109,3.9212652781415135e-09,-2.327685674392348e-13,-232.7685674392348
4110,3.9212900679905065e-09,-2.0797871844622272e-13,-207.97871844622273
4111,3.92127389757589e-09,-2.2414913306292071e-13,-224.14913306292073
4112,3.9212659414021925e-09,-2.321053067602168e-13,-232.1053067602168
4113,3.921273682985175e-09,-2.243637237779099e-13,-224.3637237779099
4114,3.9212693470438466e-09,-2.2869966510611394e-13,-228.69966510611394
4115,3.921264953450068e-09,-2.330932588848399e-13,-233.09325888483988
4116,3.921263785601698e-09,-2.3426110725493264e-13,-234.26110725493265
4117,3.921290196902145e-09,-2.078498068079142e-13,-207.8498068079142
4118,3.921322635553519e-09,-1.754111554335057e-13,-175.4111554335057
4119,3.92130283062217e-09,-1.9521608678291823e-13,-195.21608678291824
4120,3.921301774798989e-09,-1.9627190996353893e-13,-196.27190996353892
4121,3.921294993548081e-09,-2.0305316087156676e-13,-203.05316087156677
4122,3.921292433150441e-09,-2.056135585119999e-13,-205.6135585119999
4123,3.921283835562738e-09,-2.142111462145384e-13,-214.2111462145384
4124,3.92129053891372e-09,-2.0750779523260364e-13,-207.50779523260366
4125,3.92132800576951e-09,-1.7004093944285913e-13,-170.04093944285913
4126,3.92134614186977e-09,-1.519048391823906e-13,-151.90483918239062
4127,3.921324940702863e-09,-1.7310600608952996e-13,-173.10600608952996
4128,3.921319317515401e-09,-1.7872919355207172e-13,-178.7291935520717
4129,3.921320044825323e-09,-1.7800188362971413e-13,-178.00188362971414
4130,3.9213088566178445e-09,-1.891900911082438e-13,-189.1900911082438
4131,3.921313541997533e-09,-1.845047114198477e-13,-184.5047114198477
4132,3.921324941461805e-09,-1.7310524714800922e-13,-173.10524714800923
4133,3.921355867109047e-09,-1.4217959990530426e-13,-142.17959990530426
4134,3.9213564974641905e-09,-1.4154924476222118e-13,-141.54924476222118
4135,3.921336730425707e-09,-1.6131628324570534e-13,-161.31628324570534
4136,3.921344710587377e-09,-1.5333612157534303e-13,-153.33612157534304
4137,3.921337461964018e-09,-1.6058474493487506e-13,-160.58474493487506
4138,3.9213209858314935e-09,-1.7706087745915965e-13,-177.06087745915966
4139,3.921337466436352e-09,-1.6058027260091355e-13,-160.58027260091356
4140,3.921381948351248e-09,-1.160983577046447e-13,-116.09835770464471
4141,3.921368353973888e-09,-1.2969273506457145e-13,-129.69273506457145
4142,3.921366937707695e-09,-1.3110900125743495e-13,-131.10900125743495
4143,3.921364335161695e-09,-1.3371154725732347e-13,-133.71154725732347
4144,3.921353635604136e-09,-1.4441110481671392e-13,-144.41110481671393
4145,3.9213483567592834e-09,-1.4968994966927428e-13,-149.68994966927428
4146,3.921351455327777e-09,-1.4659138117547365e-13,-146.59138117547366
4147,3.92137078776382e-09,-1.272589451328303e-13,-127.2589451328303
4148,3.921413505410731e-09,-8.454129822173849e-14,-84.54129822173849
4149,3.921389180413419e-09,-1.088662955332974e-13,-108.8662955332974
4150,3.921374698887632e-09,-1.233478213208604e-13,-123.3478213208604
4151,3.92136944020894e-09,-1.2860650001301254e-13,-128.60650001301255
4152,3.921376178715177e-09,-1.2186799377563494e-13,-121.86799377563494
4153,3.921376871195105e-09,-1.2117551384806845e-13,-121.17551384806845
4154,3.921378274396661e-09,-1.197723122913834e-13,-119.7723122913834
4155,3.921418067706368e-09,-7.99790025849738e-14,-79.9790025849738
4156,3.921408824855742e-09,-8.922185321046704e-14,-89.22185321046705
4157,3.921391119265059e-09,-1.0692744389329588e-13,-106.92744389329589
4158,3.921404439149534e-09,-9.360755941838815e-14,-93.60755941838815
4159,3.921385134875643e-09,-1.1291183330960118e-13,-112.91183330960118
4160,3.9213806136170586e-09,-1.174330918941373e-13,-117.4330918941373
4161,3.92137894237362e-09,-1.1910433533291508e-13,-119.10433533291508
4162,3.921441742399216e-09,-5.6304309736471704e-14,-56.3043097364717
4163,3.921417576589889e-09,-8.047011906405542e-14,-80.47011906405542
4164,3.921431967042694e-09,-6.60796662589812e-14,-66.07966625898119
4165,3.921411048960974e-09,-8.699774797888459e-14,-86.99774797888459
4166,3.92139674882221e-09,-1.0129788674299077e-13,-101.29788674299077
4167,3.921396181486318e-09,-1.0186522263479813e-13,-101.86522263479813
4168,3.921394559248817e-09,-1.0348746013537956e-13,-103.48746013537956
4169,3.921445465576582e-09,-5.258113237110217e-14,-52.58113237110217
4170,3.921448202997332e-09,-4.9843711620956456e-14,-49.843711620956455
4171,3.921433308011046e-09,-6.473869790699681e-14,-64.73869790699682
4172,3.921416028105241e-09,-8.201860371185353e-14,-82.01860371185353
4173,3.921431127463636e-09,-6.691924531629966e-14,-66.91924531629967
4174,3.921404390929643e-09,-9.365577931000945e-14,-93.65577931000945
4175,3.921419116807495e-09,-7.892990145782252e-14,-78.92990145782251
4176,3.9214591397512214e-09,-3.890695773128049e-14,-38.90695773128049
4177,3.921458678233462e-09,-3.936847549105326e-14,-39.36847549105326
4178,3.9214434403140284e-09,-5.460639492425078e-14,-54.60639492425078
4179,3.921447104592111e-09,-5.094211684190152e-14,-50.94211684190152
4180,3.921434579698879e-09,-6.346701007383425e-14,-63.46701007383425
4181,3.921427298441034e-09,-7.074826791875809e-14,-70.74826791875809
4182,3.921419644488692e-09,-7.840222026047382e-14,-78.40222026047383
4183,3.921488605493134e-09,-9.441215818881566e-15,-9.441215818881567
4184,3.921472569655112e-09,-2.5477053840919795e-14,-25.477053840919794
4185,3.921453908069163e-09,-4.413863978933773e-14,-44.13863978933773
4186,3.921455879745024e-09,-4.216696392856422e-14,-42.166963928564215
4187,3.9214461178055035e-09,-5.19289034491892e-14,-51.9289034491892
4188,3.921439109875026e-09,-5.893683392642944e-14,-58.93683392642944
4189,3.921443778964577e-09,-5.426774437567493e-14,-54.26774437567493
4190,3.921494792492831e-09,-3.2542161215930353e-15,-3.254216121593035
4191,3.921481953994121e-09,-1.60927148319172e-14,-16.0927148319172
4192,3.921461596065453e-09,-3.6450643499405956e-14,-36.450643499405956
4193,3.921479000139512e-09,-1.9046569440745332e-14,-19.046569440745333
4194,3.921457050493635e-09,-4.099621531766006e-14,-40.99621531766006
4195,3.9214492359709516e-09,-4.881073800112089e-14,-48.81073800112089
4196,3.921465289047788e-09,-3.275766116454014e-14,-32.757661164540146
4197,3.921510463388402e-09,1.2416679449186573e-14,12.416679449186573
4198,3.9214896215532e-09,-8.425155752936776e-15,-8.425155752936776
4199,3.921480224962706e-09,-1.7821746246488458e-14,-17.82174624648846
4200,3.921476849380557e-09,-2.119732839535914e-14,-21.19732839535914
4201,3.92146810702476e-09,-2.9939684192978756e-14,-29.939684192978756
4202,3.921456322912662e-09,-4.172379629056077e-14,-41.72379629056077
4203,3.921494586657049e-09,-3.4600519040394084e-15,-3.460051904039408
4204,3.921520151358229e-09,2.2104649276593734e-14,22.104649276593733
4205,3.921495032345457e-09,-3.0143634959849296e-15,-3.0143634959849295
4206,3.921504304659276e-09,6.2579503235456014e-15,6.257950323545601
4207,3.921443635226474e-09,-5.44114824786922e-14,-54.4114824786922
4208,3.921420876223675e-09,-7.717048527736735e-14,-77.17048527736735
4209,3.921462809721365e-09,-3.523698758752568e-14,-35.23698758752568
4210,3.921525418249753e-09,2.7371540800202442e-14,27.371540800202443
4211,3.921525496176784e-09,2.7449467831349838e-14,27.44946783134984
4212,3.9215024727370755e-09,4.426028122805469e-15,4.4260281228054685
4213,3.921504557712063e-09,6.511003110603718e-15,6.511003110603718
4214,3.921493812943273e-09,-4.2337656793793765e-15,-4.233765679379377
4215,3.921485775833884e-09,-1.2270875068851484e-14,-12.270875068851485
4216,3.92149096406654e-09,-7.0826424128566e-15,-7.0826424128566
4217,3.9215342539553576e-09,3.620724640487306e-14,36.20724640487306
4218,3.921527132075232e-09,2.908536627930459e-14,29.08536627930459
4219,3.9215131985323275e-09,1.5151823374770067e-14,15.151823374770068
4220,3.921511284400497e-09,1.3237691544301221e-14,13.23769154430122
4221,3.921501474701871e-09,3.42799291797825e-15,3.42799291797825
4222,3.921489792992668e-09,-8.253716284412506e-15,-8.253716284412505
4223,3.921525298608043e-09,2.7251899090468667e-14,27.251899090468665
4224,3.921554221408613e-09,5.617469965994116e-14,56.17469965994116
4225,3.921526495784082e-09,2.844907512932716e-14,28.44907512932716
4226,3.921525692796848e-09,2.7646087895330084e-14,27.646087895330083
4227,3.921516786076001e-09,1.8739367048361665e-14,18.739367048361665
4228,3.921508273679484e-09,1.0226970531526224e-14,10.226970531526224
4229,3.921503086449715e-09,5.039740762540889e-15,5.039740762540888
4230,3.921560904078438e-09,6.285736948543575e-14,62.857369485435754
4231,3.921551776776659e-09,5.373006770647516e-14,53.73006770647516
4232,3.9215333436592135e-09,3.529695026085423e-14,35.29695026085423
4233,3.921532663647611e-09,3.461693865827132e-14,34.61693865827132
4234,3.921521844068871e-09,2.3797359918386728e-14,23.79735991838673
4235,3.9215112707124446e-09,1.3224003491873592e-14,13.224003491873592
4236,3.921546793241373e-09,4.874653242064554e-14,48.746532420645536
4237,3.921570260770292e-09,7.221406133903997e-14,72.21406133903997
4238,3.921548134562091e-09,5.008785313833598e-14,50.08785313833598
4239,3.921544712386354e-09,4.6665677401102733e-14,46.665677401102734
4240,3.9215362556365135e-09,3.820892756077011e-14,38.208927560770114
4241,3.921527294732663e-09,2.924802371023173e-14,29.248023710231728
4242,3.921522046272576e-09,2.3999563623555275e-14,23.999563623555275
4243,3.921580428608001e-09,8.238189904798921e-14,82.38189904798921
4244,3.921570102856245e-09,7.205614729261746e-14,72.05614729261745
4245,3.921552108596734e-09,5.406188778136435e-14,54.06188778136435
4246,3.9215507034707185e-09,5.2656761765823134e-14,52.656761765823134
4247,3.9215398274050454e-09,4.1780696092752044e-14,41.780696092752045
4248,3.92152775500359e-09,2.970829463750614e-14,29.70829463750614
4249,3.921563891082528e-09,6.584437357568763e-14,65.84437357568763
4250,3.921591447544415e-09,9.340083546233958e-14,93.40083546233959
4251,3.921563395439505e-09,6.534873055253588e-14,65.34873055253588
4252,3.921563553434867e-09,6.550672591412133e-14,65.50672591412133
4253,3.9215524986113606e-09,5.4451902407861695e-14,54.451902407861695
4254,3.921543238711656e-09,4.5192002703206123e-14,45.19200270320612
4255,3.921546793214268e-09,4.8746505315591225e-14,48.74650531559123
4256,3.921599343870152e-09,1.0129716119971445e-13,101.29716119971445
4257,3.921587117539094e-09,8.907083014102991e-14,89.07083014102992
4258,3.9215731826138314e-09,7.513590487872547e-14,75.13590487872547
4259,3.921561067034025e-09,6.302032507196032e-14,63.02032507196032
4260,3.921554452641831e-09,5.640593287827801e-14,56.40593287827801
4261,3.921538565908713e-09,4.051919976001085e-14,40.51919976001085
4262,3.921601037827627e-09,1.029911186740058e-13,102.9911186740058
4263,3.921601072847357e-09,1.0302613840417708e-13,103.02613840417708
4264,3.92158031856148e-09,8.227185252748194e-14,82.27185252748194
4265,3.921572682525579e-09,7.463581662666653e-14,74.63581662666653
4266,3.9215647729454704e-09,6.672623651773303e-14,66.72623651773303
4267,3.921547208599226e-09,4.9161890272924734e-14,49.16189027292474
4268,3.92159045202998e-09,9.240532102756339e-14,92.40532102756339
4269,3.921612209013131e-09,1.1416230417842744e-13,114.16230417842745
4270,3.921593132042225e-09,9.5085333272676e-14,95.085333272676
4271,3.9215868808306544e-09,8.883412170172201e-14,88.83412170172201
4272,3.921566422125395e-09,6.837541644230073e-14,68.37541644230073
4273,3.9215571733116576e-09,5.912660270485882e-14,59.12660270485882
4274,3.921579579054283e-09,8.153234533068389e-14,81.53234533068388
4275,3.921614885393299e-09,1.1683868434626222e-13,116.83868434626223
4276,3.921611329454119e-09,1.1328274516599858e-13,113.28274516599858
4277,3.9215963091069565e-09,9.826239800376458e-14,98.26239800376459
4278,3.921582156121532e-09,8.410941257951899e-14,84.10941257951899
4279,3.9215750202280936e-09,7.697351914087115e-14,76.97351914087115
4280,3.9215548950505275e-09,5.684834157476072e-14,56.84834157476072
4281,3.921643319950525e-09,1.4527324157241018e-13,145.27324157241017
4282,3.921612632963286e-09,1.1458625433292359e-13,114.58625433292359
4283,3.921603855506443e-09,1.0580879748996975e-13,105.80879748996975
4284,3.921593413853475e-09,9.536714452235929e-14,95.3671445223593
4285,3.921585211105099e-09,8.716439614598571e-14,87.1643961459857
4286,3.921564525530535e-09,6.647882158197184e-14,66.47882158197183
4287,3.921631052067418e-09,1.3300535846546514e-13,133.00535846546515
4288,3.921627560502742e-09,1.2951379378919282e-13,129.51379378919282
4289,3.921610906967637e-09,1.1286025868443529e-13,112.8602586844353
4290,3.921603688403783e-09,1.0564169483013542e-13,105.64169483013542
4291,3.921594238389227e-09,9.619168027453452e-14,96.19168027453452
4292,3.92157725422667e-09,7.920751771727753e-14,79.20751771727753
4293,3.921617120774233e-09,1.1907406528043852e-13,119.07406528043852
4294,3.921641555330174e-09,1.435086212215271e-13,143.50862122152708
4295,3.921618721571636e-09,1.2067486268305906e-13,120.67486268305906
4296,3.921613494497437e-09,1.1544778848423488e-13,115.44778848423488
4297,3.921602215948812e-09,1.0416923985968286e-13,104.16923985968286
4298,3.921589142557701e-09,9.109584874868971e-14,91.0958487486897
4299,3.921605108952574e-09,1.0706224362158024e-13,107.06224362158024
4300,3.921654701823617e-09,1.5665511466400007e-13,156.65511466400008
4301,3.921626868185445e-09,1.288214764919522e-13,128.8214764919522
4302,3.9216227588694755e-09,1.2471216052285195e-13,124.71216052285196
4303,3.9216095382708146e-09,1.1149156186188959e-13,111.4915618618896
4304,3.921600352720274e-09,1.0230601132121221e-13,102.30601132121221
4305,3.921594900213338e-09,9.685350438567398e-14,96.85350438567399
4306,3.921666942113778e-09,1.6889540482565536e-13,168.89540482565536
4307,3.921635252890051e-09,1.3720618109792316e-13,137.20618109792315
4308,3.92163156695503e-09,1.335202460771785e-13,133.5202460771785
4309,3.9216176244674574e-09,1.1957775850472098e-13,119.57775850472098
4310,3.921609284350666e-09,1.1123764171309348e-13,111.23764171309348
4311,3.921586750319818e-09,8.870361086520907e-14,88.70361086520907
4312,3.921678206161199e-09,1.8015945224615039e-13,180.15945224615038
4313,3.921646169559095e-09,1.4812285014235383e-13,148.12285014235383
4314,3.921637307832638e-09,1.3926112368554356e-13,139.26112368554357
4315,3.9216257682081306e-09,1.2772149917785703e-13,127.72149917785703
4316,3.921617101800695e-09,1.1905509174242003e-13,119.05509174242003
4317,3.921594246249693e-09,9.619954074028504e-14,96.19954074028504
4318,3.9216748083529054e-09,1.7676164395274375e-13,176.76164395274375
4319,3.921656188752686e-09,1.5814204373345532e-13,158.14204373345532
4320,3.921643148673687e-09,1.4510196473421178e-13,145.10196473421178
4321,3.92163348580314e-09,1.3543909418709766e-13,135.43909418709765
4322,3.9216241851374335e-09,1.2613842848075664e-13,126.13842848075663
4323,3.921602925342294e-09,1.0487863334114013e-13,104.87863334114013
4324,3.921671229401534e-09,1.731826925813691e-13,173.1826925813691
4325,3.921665362783579e-09,1.6731607462605004e-13,167.31607462605004
4326,3.921647547986632e-09,1.495012776793976e-13,149.5012776793976
4327,3.9216413838093905e-09,1.4333710043783988e-13,143.3371004378399
4328,3.921630499585096e-09,1.3245287614342084e-13,132.45287614342084
4329,3.9216108527304235e-09,1.128060214707567e-13,112.8060214707567
4330,3.9216694284875155e-09,1.7138177856276205e-13,171.38177856276207
4331,3.921673854471834e-09,1.75807762881391e-13,175.807762881391
4332,3.921655018573281e-09,1.569718643286917e-13,156.9718643286917
4333,3.921647253463112e-09,1.492067541592419e-13,149.2067541592419
4334,3.925026839787446e-09,3.528793078493347e-12,3528.793078493347
4335,3.927917821295451e-09,6.419774586498611e-12,6419.774586498611
4336,3.922707419578165e-09,1.2093728692121548e-12,1209.372869212155
4337,3.921483258072494e-09,-1.4788636458851635e-14,-14.788636458851634
4338,3.9209027460072095e-09,-5.953007017431487e-13,-595.3007017431487
4339,3.9211145693232585e-09,-3.834773856941702e-13,-383.4773856941702
4340,3.921117370413781e-09,-3.806762951714453e-13,-380.6762951714453
4341,3.921131966729474e-09,-3.660799794788704e-13,-366.07997947887037
4342,3.921130248892447e-09,-3.677978165060107e-13,-367.79781650601075
4343,3.921141889971173e-09,-3.5615673778003386e-13,-356.15673778003384
4344,3.921198160849971e-09,-2.9988585898146113e-13,-299.8858589814611
4345,3.9212191943992225e-09,-2.7885230973018803e-13,-278.85230973018804
4346,3.921204462341418e-09,-2.9358436753475813e-13,-293.58436753475814
4347,3.9211995474090246e-09,-2.9849929992812373e-13,-298.4992999281237
4348,3.9212075064287526e-09,-2.905402802001249e-13,-290.54028020012487
4349,3.921207530498041e-09,-2.905162109118957e-13,-290.5162109118957
4350,3.921204312857043e-09,-2.9373385190928957e-13,-293.73385190928957
4351,3.921204995335206e-09,-2.9305137374676426e-13,-293.0513737467642
4352,3.921237971723753e-09,-2.6007498519985727e-13,-260.0749851998573
4353,3.921252584275373e-09,-2.454624335797494e-13,-245.4624335797494
4354,3.921257507610333e-09,-2.40539098619547e-13,-240.53909861954702
4355,3.921248950815737e-09,-2.4909589321534574e-13,-249.09589321534574
4356,3.921249489176326e-09,-2.4855753262659807e-13,-248.55753262659806
4357,3.921243958010523e-09,-2.540886984297501e-13,-254.0886984297501
4358,3.921249117864187e-09,-2.4892884476562004e-13,-248.92884476562003
4359,3.9212407368458685e-09,-2.5730986308420455e-13,-257.30986308420455
4360,3.9212529298919205e-09,-2.451168170322153e-13,-245.11681703221532
4361,3.9213079249087075e-09,-1.9012180024516922e-13,-190.12180024516923
4362,3.921284331585232e-09,-2.1371512372062628e-13,-213.71512372062628
4363,3.921280151579281e-09,-2.1789512967137258e-13,-217.8951296713726
4364,3.9212765195291086e-09,-2.215271798441447e-13,-221.5271798441447
4365,3.921273691577477e-09,-2.2435513147569296e-13,-224.35513147569296
4366,3.92127551712999e-09,-2.2252957896271618e-13,-222.5295789627162
4367,3.921259195035489e-09,-2.388516734633449e-13,-238.8516734633449
4368,3.921303664129695e-09,-1.943825792577657e-13,-194.38257925776568
4369,3.921325380726315e-09,-1.7266598263782672e-13,-172.66598263782672
4370,3.921312299583158e-09,-1.8574712579435314e-13,-185.74712579435314
4371,3.921301806213747e-09,-1.9624049520559116e-13,-196.24049520559117
4372,3.921305487432488e-09,-1.9255927646429681e-13,-192.5592764642968
4373,3.921293934472294e-09,-2.0411223665870492e-13,-204.11223665870492
4374,3.9213040581829745e-09,-1.9398852597817583e-13,-193.98852597817583
4375,3.921291183715857e-09,-2.068629930955722e-13,-206.8629930955722
4376,3.921335150905772e-09,-1.6289580318069085e-13,-162.89580318069085
4377,3.92134651865713e-09,-1.5152805182239758e-13,-151.52805182239757
4378,3.921339394120709e-09,-1.5865258824328864e-13,-158.65258824328865
4379,3.9213263866219854e-09,-1.7166008696724898e-13,-171.660086967249
4380,3.921323795704054e-09,-1.742510048988376e-13,-174.25100489883758
4381,3.921317860510311e-09,-1.8018619864156637e-13,-180.18619864156636
4382,3.9213137399186394e-09,-1.8430679031326046e-13,-184.30679031326045
4383,3.92133931218213e-09,-1.5873452682247423e-13,-158.73452682247424
4384,3.9213689714812355e-09,-1.2907522771723233e-13,-129.07522771723234
4385,3.9213527605445626e-09,-1.4528616439012697e-13,-145.28616439012697
4386,3.921353405861696e-09,-1.446408472570636e-13,-144.6408472570636
4387,3.921348782606792e-09,-1.492641021609763e-13,-149.26410216097628
4388,3.92134458956331e-09,-1.5345714564284673e-13,-153.45714564284674
4389,3.921332846325634e-09,-1.6520038331852604e-13,-165.20038331852604
4390,3.921333633890092e-09,-1.6441281886043256e-13,-164.41281886043257
4391,3.921380209507804e-09,-1.1783720114887696e-13,-117.83720114887696
4392,3.921386802188849e-09,-1.1124452010369866e-13,-111.24452010369866
4393,3.921367233911729e-09,-1.3081279722391192e-13,-130.81279722391193
4394,3.921366521916162e-09,-1.3152479279058315e-13,-131.52479279058315
4395,3.921367858276655e-09,-1.3018843229783183e-13,-130.18843229783184
4396,3.921359933192455e-09,-1.3811351649783187e-13,-138.11351649783188
4397,3.9213505452213686e-09,-1.475014875841123e-13,-147.50148758411228
4398,3.9213982149345974e-09,-9.983177435524725e-14,-99.83177435524725
4399,3.921400772730153e-09,-9.727397880002807e-14,-97.27397880002808
4400,3.921386353030994e-09,-1.116936779587051e-13,-111.6936779587051
4401,3.9213843685344425e-09,-1.1367817451016825e-13,-113.67817451016825
4402,3.92138496115935e-09,-1.1308554960268767e-13,-113.08554960268768
4403,3.921374077070581e-09,-1.2396963837183516e-13,-123.96963837183516
4404,3.921365540550566e-09,-1.325061583870084e-13,-132.5061583870084
4405,3.921395282303246e-09,-1.0276440570654898e-13,-102.76440570654898
4406,3.921412506182904e-09,-8.554052604895545e-14,-85.54052604895544
4407,3.921424601108659e-09,-7.344560029357615e-14,-73.44560029357615
4408,3.9213975617027885e-09,-1.0048500616416977e-13,-100.48500616416976
4409,3.921398882965766e-09,-9.916374318667031e-14,-99.1637431866703
4410,3.921400149476534e-09,-9.789723241888136e-14,-97.89723241888136
4411,3.921385168675646e-09,-1.1287803330687395e-13,-112.87803330687395
4412,3.921393735634637e-09,-1.0431107431570818e-13,-104.31107431570817
4413,3.9214465500226996e-09,-5.1496686253127856e-14,-51.496686253127855
4414,3.921425765189427e-09,-7.228151952603278e-14,-72.28151952603278
4415,3.921414180597634e-09,-8.386611131882315e-14,-83.86611131882314
4416,3.921418800599931e-09,-7.924610902142791e-14,-79.24610902142791
4417,3.921406785471456e-09,-9.126123749691227e-14,-91.26123749691227
4418,3.921397254575418e-09,-1.007921335345806e-13,-100.7921335345806
4419,3.921400263371972e-09,-9.778333698066176e-14,-97.78333698066176
4420,3.921464304375375e-09,-3.374233357759148e-14,-33.74233357759148
4421,3.9214386039862926e-09,-5.944272266011118e-14,-59.44272266011118
4422,3.92143407109964e-09,-6.39756093129472e-14,-63.9756093129472
4423,3.921430888017587e-09,-6.715869136609308e-14,-67.15869136609308
4424,3.921421815955908e-09,-7.623075304436554e-14,-76.23075304436554
4425,3.921415125561142e-09,-8.292114781033909e-14,-82.9211478103391
4426,3.9214248433194245e-09,-7.320338952824289e-14,-73.2033895282429
4427,3.921472609174281e-09,-2.54375346717327e-14,-25.4375346717327
4428,3.921457804230985e-09,-4.0242477967348135e-14,-40.24247796734814
4429,3.921444173370222e-09,-5.387333873037902e-14,-53.87333873037902
4430,3.921444181664369e-09,-5.3865044583759504e-14,-53.865044583759506
4431,3.921434671720538e-09,-6.337498841444455e-14,-63.374988414444545
4432,3.921427395883704e-09,-7.065082524850596e-14,-70.65082524850595
4433,3.921441892940688e-09,-5.615376826482209e-14,-56.15376826482209
4434,3.92148729347298e-09,-1.0753235972860587e-14,-10.753235972860587
4435,3.921468756760017e-09,-2.9289948936062505e-14,-29.289948936062505
4436,3.921457562508111e-09,-4.048420084170378e-14,-40.484200841703775
4437,3.92145597260694e-09,-4.2074102012490834e-14,-42.07410201249083
4438,3.921447042358906e-09,-5.100435004660219e-14,-51.00435004660219
4439,3.921437353006721e-09,-6.069370223177927e-14,-60.69370223177927
4440,3.921461566520944e-09,-3.6480188008606186e-14,-36.480188008606184
4441,3.921499303017814e-09,1.2563088614354723e-15,1.2563088614354723
4442,3.921489454369225e-09,-8.59233972793404e-15,-8.592339727934041
4443,3.921462930040701e-09,-3.5116668251434103e-14,-35.116668251434106
4444,3.921466411251247e-09,-3.163545770590902e-14,-31.635457705909023
4445,3.92145817573286e-09,-3.9870976092945977e-14,-39.87097609294597
4446,3.921445466172893e-09,-5.25805360599073e-14,-52.5805360599073
4447,3.92149100906093e-09,-7.037648022698452e-15,-7.037648022698452
4448,3.921508869502788e-09,1.0822793835415633e-14,10.822793835415633
4449,3.921484156876095e-09,-1.3889832857861152e-14,-13.889832857861151
4450,3.92148422672582e-09,-1.3819983132898773e-14,-13.819983132898773
4451,3.921475681071401e-09,-2.2365637551375207e-14,-22.365637551375208
4452,3.921467946291788e-09,-3.010041716504973e-14,-30.10041716504973
4453,3.9214618197092564e-09,-3.622699969627651e-14,-36.22699969627651
4454,3.921517307441721e-09,1.9260732768055632e-14,19.260732768055632
4455,3.9215137589564304e-09,1.5712247477727824e-14,15.712247477727825
4456,3.921492777042308e-09,-5.269666645080652e-15,-5.269666645080652
4457,3.921494375779726e-09,-3.670929226587839e-15,-3.670929226587839
4458,3.92148378027847e-09,-1.4266430482473992e-14,-14.266430482473991
4459,3.921475831043667e-09,-2.221566528586615e-14,-22.215665285866148
4460,3.9214839111958825e-09,-1.4135513070146367e-14,-14.135513070146366
4461,3.9215525769720726e-09,5.4530263119878085e-14,54.530263119878086
4462,3.921479246090775e-09,-1.8800618177916996e-14,-18.800618177916995
4463,3.921445795824563e-09,-5.2250884389363085e-14,-52.25088438936309
4464,3.92150191090351e-09,3.8641945570234804e-15,3.8641945570234806
4465,3.921492384534016e-09,-5.6621749365747164e-15,-5.662174936574717
4466,3.92148136982599e-09,-1.667688296245239e-14,-16.67688296245239
4467,3.921512539852403e-09,1.449314344993081e-14,14.49314344993081
4468,3.9215453545593006e-09,4.73078503478659e-14,47.307850347865894
4469,3.921519210108113e-09,2.1163399160550444e-14,21.163399160550444
4470,3.921515995963668e-09,1.7949254715162854e-14,17.949254715162855
4471,3.921508293845645e-09,1.0247136691934454e-14,10.247136691934454
4472,3.921503141364555e-09,5.0946556025772794e-15,5.094655602577279
4473,3.9214903884636065e-09,-7.658245346229154e-15,-7.658245346229155
4474,3.921550069808759e-09,5.202309980611398e-14,52.02309980611398
4475,3.921544747107928e-09,4.670039897567658e-14,46.700398975676585
4476,3.921524150980044e-09,2.610427109089276e-14,26.10427109089276
4477,3.921524540398359e-09,2.649368940619524e-14,26.49368940619524
4478,3.9215132614431585e-09,1.521473420582854e-14,15.214734205828538
4479,3.921504027401676e-09,5.980692722986746e-15,5.9806927229867455
4480,3.921521141695599e-09,2.3094986645996306e-14,23.094986645996308
4481,3.921566784465761e-09,6.873775680834538e-14,68.73775680834538
4482,3.921542401463633e-09,4.4354754680558505e-14,44.35475468055851
4483,3.921534665572712e-09,3.661886375965718e-14,36.61886375965718
4484,3.9215287567250824e-09,3.071001612971981e-14,30.710016129719808
4485,3.921519637066929e-09,2.1590357976075235e-14,21.590357976075236
4486,3.9215056742505656e-09,7.627541612883603e-15,7.627541612883602
4487,3.921568122723608e-09,7.007601465489855e-14,70.07601465489856
4488,3.921558451586019e-09,6.040487706621923e-14,60.40487706621923
4489,3.921550555314492e-09,5.250860553895299e-14,52.50860553895299
4490,3.92154985841644e-09,5.181170748753362e-14,51.81170748753362
4491,3.921531870472407e-09,3.382376345393524e-14,33.82376345393524
4492,3.921522639005904e-09,2.45922969512531e-14,24.5922969512531
4493,3.921539591292917e-09,4.1544583964639014e-14,41.54458396463902
4494,3.921585476761736e-09,8.743005278329897e-14,87.43005278329898
4495,3.921559787431516e-09,6.174072256293862e-14,61.74072256293862
4496,3.921552874070573e-09,5.4827361620193426e-14,54.82736162019343
4497,3.921545932113798e-09,4.7885404845148926e-14,47.885404845148926
4498,3.921536614100857e-09,3.856739190404813e-14,38.56739190404813
4499,3.9215372303071615e-09,3.918359820878027e-14,39.18359820878027
4500,3.921580677676345e-09,8.263096739206345e-14,82.63096739206345
4501,3.9215888626709106e-09,9.081596195786258e-14,90.81596195786258
4502,3.921555325153529e-09,5.727844457658572e-14,57.27844457658572
4503,3.921559632770076e-09,6.158606112303356e-14,61.586061123033566
4504,3.9215468017794654e-09,4.875507051275386e-14,48.75507051275386
4505,3.921536437050642e-09,3.839034168928125e-14,38.39034168928125
4506,3.9215789453381136e-09,8.089862916086611e-14,80.89862916086611
4507,3.921588562590854e-09,9.05158819015729e-14,90.5158819015729
4508,3.921570821817811e-09,7.27751088582469e-14,72.77510885824691
4509,3.921569789115242e-09,7.174240628895446e-14,71.74240628895446
4510,3.921559374946799e-09,6.132823784641651e-14,61.32823784641651
4511,3.921544613181855e-09,4.656647290232031e-14,46.56647290232031
4512,3.9215638183054576e-09,6.577159650485954e-14,65.77159650485955
4513,3.921599295135265e-09,1.0124842631206122e-13,101.24842631206123
4514,3.921588427688999e-09,9.038098004626139e-14,90.3809800462614
4515,3.921580175202848e-09,8.212849389522504e-14,82.12849389522503
4516,3.921566680273932e-09,6.863356497956953e-14,68.63356497956953
4517,3.921558957257912e-09,6.091054895946647e-14,60.91054895946647
4518,3.921552716237842e-09,5.466952888893385e-14,54.66952888893385
4519,3.921608814999545e-09,1.1076829059262451e-13,110.76829059262451
4520,3.921603051082641e-09,1.0500437368809413e-13,105.00437368809413
4521,3.921581607108657e-09,8.356039970442665e-14,83.56039970442664
4522,3.921581722521978e-09,8.367581302568773e-14,83.67581302568773
4523,3.92156597280491e-09,6.792609595696842e-14,67.92609595696842
4524,3.921551035561844e-09,5.2988852891255444e-14,52.98885289125544
4525,3.921603780208602e-09,1.0573349964909063e-13,105.73349964909063
4526,3.92161471888695e-09,1.1667217799762276e-13,116.67217799762275
4527,3.921596828358482e-09,9.87816495292222e-14,98.78164952922221
4528,3.921590105925542e-09,9.20592165890517e-14,92.0592165890517
4529,3.9215813557905935e-09,8.33090816408445e-14,83.30908164084451
4530,3.921571043753996e-09,7.299704504295469e-14,72.99704504295468
4531,3.9215771996099855e-09,7.915290103283857e-14,79.15290103283857
4532,3.9216261474891555e-09,1.2810078020284677e-13,128.10078020284678
4533,3.9216102696736e-09,1.1222296464744831e-13,112.22296464744831
4534,3.921595861629615e-09,9.78149206621255e-14,97.8149206621255
4535,3.921591887079976e-09,9.38403710230652e-14,93.8403710230652
4536,3.921580972850386e-09,8.292614143352263e-14,82.92614143352263
4537,3.9215716834874875e-09,7.363677853482976e-14,73.63677853482976
4538,3.921629051633095e-09,1.3100492414206645e-13,131.00492414206644
4539,3.921624792968276e-09,1.2674625932370632e-13,126.74625932370633
4540,3.921602610029197e-09,1.0456332024432703e-13,104.56332024432703
4541,3.921588951385753e-09,9.09046768006262e-14,90.9046768006262
4542,3.921585833274515e-09,8.778656556266652e-14,87.78656556266652
4543,3.921570736680835e-09,7.268997188265248e-14,72.68997188265249
4544,3.921643195511221e-09,1.4514880226806316e-13,145.14880226806315
4545,3.92162923394169e-09,1.3118723273736988e-13,131.1872327373699
4546,3.921614982863074e-09,1.1693615412156867e-13,116.93615412156866
4547,3.921606562135851e-09,1.0851542689841688e-13,108.51542689841688
4548,3.921597492730468e-09,9.944602151546701e-14,99.44602151546701
4549,3.921578622191656e-09,8.05754827033568e-14,80.5754827033568
4550,3.921630642266102e-09,1.3259555714931993e-13,132.59555714931994
4551,3.9216423716802e-09,1.4432497124730005e-13,144.32497124730006
4552,3.921621931569008e-09,1.238848600551369e-13,123.8848600551369
4553,3.921615690819988e-09,1.176441110351474e-13,117.64411103514739
4554,3.921605250088592e-09,1.0720337963938354e-13,107.20337963938354
4555,3.921596517870085e-09,9.847116113207667e-14,98.47116113207667
4556,3.921613434974738e-09,1.1538826578496543e-13,115.38826578496543
4557,3.9216545839708405e-09,1.565372618878509e-13,156.5372618878509
4558,3.921632763860018e-09,1.3471715106549388e-13,134.71715106549388
4559,3.92162254170378e-09,1.244949948277031e-13,124.49499482770311
4560,3.921615621051578e-09,1.1757434262534795e-13,117.57434262534795
4561,3.921604570727511e-09,1.0652401855810413e-13,106.52401855810413
4562,3.921606685301218e-09,1.0863859226521123e-13,108.63859226521123
4563,3.921664546813024e-09,1.6650010407103745e-13,166.50010407103744
4564,3.92163550965623e-09,1.3746294727742204e-13,137.46294727742205
4565,3.921632238808011e-09,1.3419209905841346e-13,134.19209905841345
4566,3.921618709103311e-09,1.2066239435807547e-13,120.66239435807547
4567,3.921609794684628e-09,1.1174797567568241e-13,111.74797567568241
4568,3.921603136355142e-09,1.0508964618896012e-13,105.08964618896012
4569,3.921676233319821e-09,1.7818661086804145e-13,178.18661086804144
4570,3.92164412857561e-09,1.4608186665770418e-13,146.08186665770418
4571,3.9216401655998295e-09,1.4211889087683517e-13,142.11889087683517
4572,3.921626076961804e-09,1.280302528515266e-13,128.0302528515266
4573,3.92161736642734e-09,1.1931971838766943e-13,119.31971838766943
4574,3.921597411984511e-09,9.936527555867115e-14,99.36527555867114
4575,3.921685829078253e-09,1.8778236930067872e-13,187.7823693006787
4576,3.9216534315994565e-09,1.5538489050377037e-13,155.38489050377038
4577,3.921645381560956e-09,1.4733485200339137e-13,147.33485200339138
4578,3.92163312644433e-09,1.3507973537702734e-13,135.07973537702733
4579,3.921624206577531e-09,1.2615986857871754e-13,126.15986857871754
4580,3.9216004498647886e-09,1.0240315583586691e-13,102.40315583586691
4581,3.9216877275433625e-09,1.8968083440975515e-13,189.68083440975514
4582,3.921661973106802e-09,1.6392639784893704e-13,163.92639784893706
4583,3.921650746383041e-09,1.5269967408822983e-13,152.69967408822984
4584,3.921639768022893e-09,1.4172131394018473e-13,141.72131394018473
4585,3.921630577241077e-09,1.325305321240251e-13,132.53053212402511
4586,3.9216117026365065e-09,1.1365592755376809e-13,113.65592755376808
4587,3.921686490522894e-09,1.8844381394105781e-13,188.4438139410578
4588,3.921669657145754e-09,1.7161043680093925e-13,171.61043680093925
4589,3.925018279198143e-09,3.5202324891899446e-12,3520.2324891899448
4590,3.927957968705587e-09,6.459921996634554e-12,6459.921996634554
4591,3.922673283852235e-09,1.175237143282209e-12,1175.237143282209
4592,3.921455237490762e-09,-4.280921819049032e-14,-42.80921819049032
4593,3.920931154624899e-09,-5.668920840539775e-13,-566.8920840539774
4594,3.9211381853336644e-09,-3.598613752882539e-13,-359.8613752882539
4595,3.9211392104197135e-09,-3.5883628923922316e-13,-358.83628923922316
4596,3.921137684107e-09,-3.6036260195259394e-13,-360.36260195259393
4597,3.921180096632315e-09,-3.1795007663789386e-13,-317.95007663789386
4598,3.9211748303642074e-09,-3.232163447452534e-13,-323.21634474525337
4599,3.921168503095854e-09,-3.2954361309860724e-13,-329.54361309860724
4600,3.9211844637444555e-09,-3.135829644972309e-13,-313.5829644972309
4601,3.921185677291947e-09,-3.1236941700556785e-13,-312.36941700556787
4602,3.9212466961360045e-09,-2.513505729481923e-13,-251.35057294819228
4603,3.921229761142016e-09,-2.6828556693692706e-13,-268.28556693692707
4604,3.921225081508599e-09,-2.72965200353809e-13,-272.965200353809
4605,3.92122679872221e-09,-2.712479867429178e-13,-271.2479867429178
4606,3.921228546483217e-09,-2.695002257358169e-13,-269.50022573581685
4607,3.9212266433831435e-09,-2.714033258091807e-13,-271.40332580918067
4608,3.921214535934853e-09,-2.835107740996522e-13,-283.51077409965217
4609,3.9212413018236206e-09,-2.5674488533212235e-13,-256.74488533212235
4610,3.921274974026017e-09,-2.2307268293596848e-13,-223.0726829359685
4611,3.921276610683406e-09,-2.21436025546493e-13,-221.436025546493
4612,3.921266446342249e-09,-2.3160036670343597e-13,-231.60036670343598
4613,3.92126299052914e-09,-2.350561798130706e-13,-235.05617981307057
4614,3.921260193504375e-09,-2.378532045776487e-13,-237.85320457764868
4615,3.921259727785332e-09,-2.3831892362083983e-13,-238.31892362083983
4616,3.921244405704705e-09,-2.5364100424767654e-13,-253.64100424767653
4617,3.921279845292168e-09,-2.1820141678509973e-13,-218.20141678509972
4618,3.9213061761719185e-09,-1.918705370342254e-13,-191.8705370342254
4619,3.921306744537802e-09,-1.9130217115035418e-13,-191.30217115035418
4620,3.921285344826372e-09,-2.1270188258032995e-13,-212.70188258032994
4621,3.9213112401550055e-09,-1.8680655394719735e-13,-186.80655394719736
4622,3.921286841486156e-09,-2.1120522279637665e-13,-211.20522279637666
4623,3.921280496409782e-09,-2.1755029917041356e-13,-217.55029917041355
4624,3.9212685993780284e-09,-2.2944733092425994e-13,-229.44733092425994
4625,3.9213111119209935e-09,-1.8693478795914808e-13,-186.93478795914808
4626,3.9213440598763385e-09,-1.5398683261421452e-13,-153.9868326142145
4627,3.9213272260655175e-09,-1.7082064343520208e-13,-170.82064343520207
4628,3.9213084014697724e-09,-1.896452391802532e-13,-189.6452391802532
4629,3.9213221466325495e-09,-1.7590007640318804e-13,-175.90007640318805
4630,3.921306352517402e-09,-1.9169419155087063e-13,-191.69419155087064
4631,3.9213125749163e-09,-1.8547179265265045e-13,-185.47179265265044
4632,3.921296895835003e-09,-2.0115087394983232e-13,-201.15087394983232
4633,3.921345164705457e-09,-1.5288200349539748e-13,-152.88200349539747
4634,3.921361270826885e-09,-1.3677588206752788e-13,-136.77588206752787
4635,3.9213419863125785e-09,-1.5606039637414736e-13,-156.06039637414736
4636,3.921335671946231e-09,-1.6237476272164863e-13,-162.37476272164864
4637,3.9213298825505755e-09,-1.681641583772324e-13,-168.1641583772324
4638,3.921335999727653e-09,-1.6204698129985195e-13,-162.04698129985195
4639,3.9213103074158765e-09,-1.8773929307618663e-13,-187.73929307618664
4640,3.921353318691841e-09,-1.4472801711173143e-13,-144.72801711173145
4641,3.9213797876718436e-09,-1.1825903710913676e-13,-118.25903710913676
4642,3.9213666253761544e-09,-1.3142133279827372e-13,-131.4213327982737
4643,3.921359078515882e-09,-1.389681930704022e-13,-138.96819307040218
4644,3.921358008869124e-09,-1.4003783982872208e-13,-140.03783982872207
4645,3.921349154433927e-09,-1.4889227502592238e-13,-148.89227502592237
4646,3.921358879917149e-09,-1.3916679180334722e-13,-139.16679180334722
4647,3.921339569707251e-09,-1.5847700170145461e-13,-158.4770017014546
4648,3.921397184996744e-09,-1.0086171220899986e-13,-100.86171220899986
4649,3.921397928732329e-09,-1.0011797662372911e-13,-100.1179766237291
4650,3.921374371946467e-09,-1.236747624859734e-13,-123.67476248597342
4651,3.921373678002866e-09,-1.2436870608647276e-13,-124.36870608647276
4652,3.921370216443485e-09,-1.2783026546762154e-13,-127.83026546762154
4653,3.9213621577855774e-09,-1.358889233752718e-13,-135.8889233752718
4654,3.921341790017775e-09,-1.5625669117747586e-13,-156.25669117747586
4655,3.9214134727762456e-09,-8.457393270713031e-14,-84.57393270713031
4656,3.921412180949357e-09,-8.586575959564679e-14,-85.86575959564678
4657,3.92140344878506e-09,-9.459792389284504e-14,-94.59792389284503
4658,3.921394322079592e-09,-1.0372462936061077e-13,-103.72462936061076
4659,3.92139170863736e-09,-1.0633807159233276e-13,-106.33807159233277
4660,3.921385157833624e-09,-1.128888753285988e-13,-112.8888753285988
4661,3.921380343352562e-09,-1.1770335639068362e-13,-117.70335639068362
4662,3.9214139573061964e-09,-8.408940275624654e-14,-84.08940275624653
4663,3.921421081083676e-09,-7.696562527687622e-14,-76.96562527687621
4664,3.921412415055711e-09,-8.563165324155285e-14,-85.63165324155285
4665,3.9214098844736305e-09,-8.816223532224264e-14,-88.16223532224265
4666,3.921395535816819e-09,-1.0251089213356756e-13,-102.51089213356755
4667,3.921403734255492e-09,-9.43124534608296e-14,-94.3124534608296
4668,3.921388758008253e-09,-1.0928870069969775e-13,-109.28870069969776
4669,3.92141265143889e-09,-8.53952700628967e-14,-85.3952700628967
4670,3.921452655625919e-09,-4.5391083033938674e-14,-45.39108303393867
4671,3.921430850856557e-09,-6.719585239555502e-14,-67.19585239555502
4672,3.921422438287955e-09,-7.560842099735886e-14,-75.60842099735886
4673,3.9214205294687155e-09,-7.751724023718253e-14,-77.51724023718253
4674,3.921412315200691e-09,-8.573150826163877e-14,-85.73150826163877
4675,3.921403459301821e-09,-9.458740713177193e-14,-94.58740713177193
4676,3.921425391763093e-09,-7.26549458592911e-14,-72.6549458592911
4677,3.9214665847778045e-09,-3.1461931148202716e-14,-31.461931148202716
4678,3.921444682836823e-09,-5.336387212952808e-14,-53.363872129528076
4679,3.9214288328581585e-09,-6.921385079414798e-14,-69.21385079414799
4680,3.921433839541161e-09,-6.42071677919358e-14,-64.20716779193579
4681,3.9214256907860526e-09,-7.23559229001196e-14,-72.3559229001196
4682,3.921416162763151e-09,-8.188394580203083e-14,-81.88394580203084
4683,3.9214402179025415e-09,-5.782880641120357e-14,-57.82880641120357
4684,3.921480589525687e-09,-1.7457183265990207e-14,-17.457183265990206
4685,3.921457088738867e-09,-4.095797008602563e-14,-40.95797008602563
4686,3.921449636068658e-09,-4.841064029441943e-14,-48.41064029441943
4687,3.92144625834521e-09,-5.178836374258077e-14,-51.78836374258077
4688,3.9214411561168915e-09,-5.689059206124324e-14,-56.89059206124324
4689,3.921426880291361e-09,-7.116641759163144e-14,-71.16641759163144
4690,3.921481208090131e-09,-1.6838618821532915e-14,-16.838618821532915
4691,3.921475162876973e-09,-2.2883831979714654e-14,-22.883831979714653
4692,3.921466700435071e-09,-3.1346273881452825e-14,-31.346273881452824
4693,3.921462866072773e-09,-3.518063617961075e-14,-35.18063617961075
4694,3.921457143897652e-09,-4.090281130050043e-14,-40.90281130050043
4695,3.9214493527124205e-09,-4.8693996532198515e-14,-48.69399653219851
4696,3.921435817451184e-09,-6.222925776867049e-14,-62.229257768670486
4697,3.921487957844966e-09,-1.0088863986615782e-14,-10.088863986615783
4698,3.921498807483211e-09,7.607742585009725e-16,0.7607742585009726
4699,3.921474393500006e-09,-2.365320894636468e-14,-23.65320894636468
4700,3.921476190998788e-09,-2.1855710164600962e-14,-21.85571016460096
4701,3.921466858322013e-09,-3.1188386940084624e-14,-31.188386940084623
4702,3.921459266386035e-09,-3.8780322917534183e-14,-38.780322917534185
4703,3.921455368299754e-09,-4.267840919837994e-14,-42.67840919837994
4704,3.9215092893871845e-09,1.1242678231764957e-14,11.242678231764957
4705,3.921504717415043e-09,6.670706090610833e-15,6.670706090610833
4706,3.921484231008418e-09,-1.3815700534317455e-14,-13.815700534317456
4707,3.92148585115883e-09,-1.2195550122918054e-14,-12.195550122918053
4708,3.921475358358625e-09,-2.2688350328015517e-14,-22.688350328015517
4709,3.921467553295605e-09,-3.0493413347521415e-14,-30.493413347521415
4710,3.92147498192363e-09,-2.3064785322302484e-14,-23.064785322302484
4711,3.921525173274272e-09,2.7126565319329342e-14,27.12656531932934
4712,3.921508737257228e-09,1.0690548275426713e-14,10.690548275426714
4713,3.921495344704103e-09,-2.7020048500918558e-15,-2.7020048500918556
4714,3.9214934307891126e-09,-4.615919840126205e-15,-4.615919840126205
4715,3.9214934936186285e-09,-4.55309032423067e-15,-4.55309032423067
4716,3.921457658920789e-09,-4.0387788163515504e-14,-40.3877881635155
4717,3.921487544763938e-09,-1.050194501433276e-14,-10.50194501433276
4718,3.921471744224893e-09,-2.6302484059887322e-14,-26.302484059887323
4719,3.9215119005254866e-09,1.3853816533870421e-14,13.853816533870422
4720,3.921507036740331e-09,8.990031377991824e-15,8.990031377991825
4721,3.921500709824343e-09,2.6631153903440386e-15,2.6631153903440388
4722,3.921492152243701e-09,-5.894465252029736e-15,-5.894465252029736
4723,3.921469540041876e-09,-2.850666707655035e-14,-28.506667076550354
4724,3.921537937830394e-09,3.9891121441489995e-14,39.89112144148999
4725,3.921538998207224e-09,4.095149827123513e-14,40.95149827123513
4726,3.921515818290037e-09,1.777158108414679e-14,17.771581084146792
4727,3.921517436759935e-09,1.939005098217884e-14,19.390050982178842
4728,3.921506271402017e-09,8.224693064434306e-15,8.224693064434307
4729,3.9214977935102344e-09,-2.5319871826178334e-16,-0.25319871826178336
4730,3.921505930284909e-09,7.883575955916055e-15,7.883575955916054
4731,3.921560044685586e-09,6.199797663341512e-14,61.99797663341512
4732,3.921534599355065e-09,3.655264611197263e-14,36.55264611197263
4733,3.9215180853838846e-09,2.0038674931868293e-14,20.038674931868293
4734,3.921522061153251e-09,2.4014444298372638e-14,24.014444298372638
4735,3.921512499736922e-09,1.4453027969548847e-14,14.453027969548847
4736,3.921498874839271e-09,8.281303184666345e-16,0.8281303184666345
4737,3.921546103390636e-09,4.8056681683347323e-14,48.05668168334732
4738,3.9215619323628836e-09,6.388565393087532e-14,63.88565393087532
4739,3.9215351192571114e-09,3.707254815873374e-14,37.07254815873374
4740,3.921537304331065e-09,3.9257622112106715e-14,39.257622112106716
4741,3.921525771293085e-09,2.7724584132618034e-14,27.724584132618034
4742,3.921517007090614e-09,1.8960381661222835e-14,18.960381661222836
4743,3.921520454609577e-09,2.240790062423793e-14,22.40790062423793
4744,3.921577202428911e-09,7.915571995848704e-14,79.15571995848704
4745,3.921557277964272e-09,5.923125531955798e-14,59.23125531955798
4746,3.921543321056811e-09,4.52743478582064e-14,45.2743478582064
4747,3.9215401877125324e-09,4.214100357972329e-14,42.14100357972329
4748,3.921530111462802e-09,3.206475384929476e-14,32.06475384929476
4749,3.921516182853017e-09,1.8136144064645042e-14,18.13614406464504
4750,3.921564597575769e-09,6.65508668163335e-14,66.5508668163335
4751,3.92157902340067e-09,8.097669171728506e-14,80.97669171728506
4752,3.921552533603986e-09,5.4486895032978665e-14,54.486895032978666
4753,3.921555398337176e-09,5.735162822322849e-14,57.35162822322849
4754,3.921539720285871e-09,4.1673576918110477e-14,41.67357691811048
4755,3.921532032045635e-09,3.398533668268989e-14,33.98533668268989
4756,3.921540729678093e-09,4.268296914069448e-14,42.68296914069448
4757,3.921592087223697e-09,9.404051474410603e-14,94.04051474410603
4758,3.921570668701359e-09,7.262199240643764e-14,72.62199240643764
4759,3.921562405237661e-09,6.435852870840487e-14,64.35852870840488
4760,3.921555586907039e-09,5.754019808607803e-14,57.54019808607803
4761,3.9215542807415765e-09,5.623403262383043e-14,56.23403262383043
4762,3.921531935904008e-09,3.388919505504474e-14,33.88919505504474
4763,3.921585152260026e-09,8.710555107307406e-14,87.10555107307405
4764,3.92159414986412e-09,9.610315516715108e-14,96.10315516715107
4765,3.9215616144477015e-09,6.356773874884826e-14,63.56773874884826
4766,3.9215673566534576e-09,6.930994450487461e-14,69.30994450487461
4767,3.921546434641505e-09,4.838793255209596e-14,48.387932552095954
4768,3.921549300729948e-09,5.125402099506139e-14,51.25402099506139
4769,3.921571078773726e-09,7.303206477312597e-14,73.03206477312597
4770,3.92160141130817e-09,1.0336459921737274e-13,103.36459921737274
4771,3.921578208297477e-09,8.016158852401046e-14,80.16158852401047
4772,3.921571668417077e-09,7.362170812463221e-14,73.6217081246322
4773,3.921570379219379e-09,7.233251042638401e-14,72.332510426384
4774,3.9215563089314755e-09,5.826222252284475e-14,58.26222252284475
4775,3.921556173216469e-09,5.812650751590388e-14,58.12650751590388
4776,3.92160809373405e-09,1.1004702509737852e-13,110.04702509737852
4777,3.921597762046288e-09,9.971533733511241e-14,99.71533733511241
4778,3.921579620606332e-09,8.157389737894439e-14,81.5738973789444
4779,3.9215777844828475e-09,7.973777389478588e-14,79.73777389478587
4780,3.921566589986996e-09,6.85432780436558e-14,68.5432780436558
4781,3.921552622074883e-09,5.457536593025348e-14,54.57536593025348
4782,3.921601450095503e-09,1.0340338655009341e-13,103.40338655009342
4783,3.92161642037963e-09,1.1837367067701289e-13,118.37367067701288
4784,3.921587353271751e-09,8.930656279838257e-14,89.30656279838257
4785,3.921588770080045e-09,9.072337109233232e-14,90.72337109233231
4786,3.921576134679507e-09,7.8087970553969e-14,78.087970553969
4787,3.921565367792992e-09,6.73210840396672e-14,67.3210840396672
4788,3.921588487726694e-09,9.044101774156278e-14,90.44101774156277
4789,3.9216274774528555e-09,1.2943074390278043e-13,129.43074390278042
4790,3.9216003739706365e-09,1.0232726168379292e-13,102.32726168379293
4791,3.921594734899612e-09,9.668819065942425e-14,96.68819065942425
4792,3.921586351523154e-09,8.830481420111459e-14,88.3048142011146
4793,3.921575875446767e-09,7.782873781452771e-14,77.82873781452771
4794,3.921581776786297e-09,8.373007734442063e-14,83.73007734442062
4795,3.921630896945192e-09,1.3285023623963678e-13,132.85023623963679
4796,3.921614792639803e-09,1.1674593085040609e-13,116.74593085040608
4797,3.921600345076649e-09,1.0229836769589619e-13,102.29836769589619
4798,3.9215966499801195e-09,9.860327116679403e-14,98.60327116679403
4799,3.92158355498628e-09,8.55082773275141e-14,85.50827732751411
4800,3.921572026230899e-09,7.397952194660674e-14,73.97952194660674
4801,3.9216498258682914e-09,1.5177915933873532e-13,151.77915933873533
4802,3.921618771987037e-09,1.2072527808407963e-13,120.72527808407963
4803,3.921611992226907e-09,1.1394551795403897e-13,113.94551795403896
4804,3.921605940752481e-09,1.0789404352831112e-13,107.89404352831112
4805,3.9215933467142555e-09,9.530000530282813e-14,95.30000530282813
4806,3.9215790466297015e-09,8.099992074883057e-14,80.99992074883056
4807,3.9216269594210575e-09,1.2891271210476686e-13,128.91271210476685
4808,3.921642839133967e-09,1.4479242501396717e-13,144.79242501396718
4809,3.921613413046749e-09,1.153663377960269e-13,115.36633779602691
4810,3.9216143402022365e-09,1.1629349328382789e-13,116.29349328382789
4811,3.921601074934446e-09,1.0302822549335911e-13,103.02822549335912
4812,3.921589586023495e-09,9.15393145422906e-14,91.5393145422906
4813,3.92161815212155e-09,1.2010541259701536e-13,120.10541259701536
4814,3.921643777483842e-09,1.4573077488919907e-13,145.73077488919907
4815,3.921623693695694e-09,1.2564698674102327e-13,125.64698674102327
4816,3.921621570367054e-09,1.2352365810137334e-13,123.52365810137334
4817,3.921609394803762e-09,1.1134809480941544e-13,111.34809480941544
4818,3.92159827983414e-09,1.0023312518763717e-13,100.23312518763717
4819,3.921614166160683e-09,1.1611945173008965e-13,116.11945173008965
4820,3.921658028508248e-09,1.5998179929489166e-13,159.98179929489166
4821,3.921633579098737e-09,1.3553238978404004e-13,135.53238978404005
4822,3.921625488294235e-09,1.274415852819756e-13,127.44158528197559
4823,3.921617223692124e-09,1.191769831716617e-13,119.1769831716617
4824,3.92160610988802e-09,1.0806317906721886e-13,108.06317906721885
4825,3.921612282928614e-09,1.1423621966153664e-13,114.23621966153664
4826,3.921661966764219e-09,1.63920055266228e-13,163.920055266228
4827,3.92164374406331e-09,1.456973543572322e-13,145.6973543572322
4828,3.9216304334216585e-09,1.323867127058449e-13,132.3867127058449
4829,3.921624690429856e-09,1.266437209032435e-13,126.6437209032435
4830,3.921613250497738e-09,1.1520378878531702e-13,115.20378878531702
4831,3.921611509296154e-09,1.1346258720135961e-13,113.46258720135961
4832,3.921666190951408e-09,1.681442424555031e-13,168.14424245550308
4833,3.921652092935034e-09,1.5404622608140251e-13,154.04622608140252
4834,3.921635538224957e-09,1.3749151600466703e-13,137.49151600466703
4835,3.921631615608602e-09,1.335688996496688e-13,133.5688996496688
4836,3.92161980653275e-09,1.217598237970653e-13,121.75982379706531
4837,3.921611553260552e-09,1.135065515994539e-13,113.5065515994539
4838,3.921669265667454e-09,1.7121895850150904e-13,171.21895850150904
4839,3.921661781311437e-09,1.6373460248462436e-13,163.73460248462436
4840,3.921640782998757e-09,1.4273628980395704e-13,142.73628980395705
4841,3.921638224064789e-09,1.4017735583645675e-13,140.17735583645674
4842,3.921625903272616e-09,1.2785656366349441e-13,127.85656366349441
4843,3.921612445640255e-09,1.143989313025724e-13,114.39893130257241
4844,3.925041294208179e-09,3.543247499226598e-12,3543.247499226598
4845,3.927938400048996e-09,6.4403533400435804e-12,6440.353340043581
4846,3.922734489206171e-09,1.2364424972183065e-12,1236.4424972183065
4847,3.921484757849359e-09,-1.3288859593652437e-14,-13.288859593652436
4848,3.920905958118776e-09,-5.920885901768346e-13,-592.0885901768346
4849,3.921132552036017e-09,-3.654946729360541e-13,-365.4946729360541
4850,3.921131180330533e-09,-3.6686637841962843e-13,-366.8663784196284
4851,3.921194900382988e-09,-3.0314632596466816e-13,-303.14632596466816
4852,3.921191608582562e-09,-3.0643812639066003e-13,-306.43812639066005
4853,3.921198570000766e-09,-2.994767081866194e-13,-299.4767081866194
4854,3.921199858981624e-09,-2.981877273288057e-13,-298.1877273288057
4855,3.921202315512696e-09,-2.957311962564967e-13,-295.7311962564967
4856,3.921210599305185e-09,-2.874474037677298e-13,-287.4474037677298
4857,3.921196757350259e-09,-3.012893586937436e-13,-301.2893586937436
4858,3.921212183514294e-09,-2.858631946583483e-13,-285.8631946583483
4859,3.921253997478695e-09,-2.4404923025802315e-13,-244.04923025802316
4860,3.92126956092983e-09,-2.2848577912253686e-13,-228.48577912253685
4861,3.921256000189843e-09,-2.4204651911006224e-13,-242.04651911006223
4862,3.921253582039527e-09,-2.444646694254653e-13,-244.46466942546527
4863,3.921247433339272e-09,-2.5061336968101077e-13,-250.61336968101077
4864,3.921250531365664e-09,-2.475153432882964e-13,-247.51534328829638
4865,3.921250952578208e-09,-2.4709413074428576e-13,-247.09413074428576
4866,3.921245583419315e-09,-2.5246328963781416e-13,-252.46328963781417
4867,3.921292807471241e-09,-2.0523923771194929e-13,-205.23923771194927
4868,3.921307895499724e-09,-1.9015120922909788e-13,-190.15120922909787
4869,3.921289589477878e-09,-2.084572310750492e-13,-208.4572310750492
4870,3.921284460849236e-09,-2.135858597166117e-13,-213.58585971661168
4871,3.921281967699235e-09,-2.1607900971729642e-13,-216.07900971729643
4872,3.921279945716394e-09,-2.1810099255887326e-13,-218.10099255887326
4873,3.9212701903905064e-09,-2.278563184462461e-13,-227.8563184462461
4874,3.921287388737203e-09,-2.106579717498146e-13,-210.65797174981458
4875,3.921319773449519e-09,-1.7827325943348725e-13,-178.27325943348725
4876,3.921334365862084e-09,-1.636808468687333e-13,-163.68084686873328
4877,3.921309796079027e-09,-1.882506299257851e-13,-188.25062992578512
4878,3.921312070030453e-09,-1.8597667849932264e-13,-185.97667849932265
4879,3.921305880862352e-09,-1.9216584660095614e-13,-192.16584660095614
4880,3.92131598600607e-09,-1.8206070288263087e-13,-182.06070288263086
4881,3.921295003414321e-09,-2.0304329463179715e-13,-203.04329463179715
4882,3.921322319481481e-09,-1.7572722747183954e-13,-175.72722747183954
4883,3.92135227783065e-09,-1.4576887830237183e-13,-145.76887830237183
4884,3.921341048369279e-09,-1.5699833967356457e-13,-156.99833967356457
4885,3.921330705351604e-09,-1.6734135734853316e-13,-167.34135734853317
4886,3.9213321158986306e-09,-1.6593081032212952e-13,-165.93081032212953
4887,3.921331388832654e-09,-1.666578762989983e-13,-166.6578762989983
4888,3.921327097018354e-09,-1.7094969059878217e-13,-170.94969059878215
4889,3.921319655732268e-09,-1.7839097668436487e-13,-178.39097668436486
4890,3.921369489404613e-09,-1.28557304339436e-13,-128.557304339436
4891,3.921368079887579e-09,-1.299668213737758e-13,-129.9668213737758
4892,3.921350300408518e-09,-1.4774630043465952e-13,-147.74630043465953
4893,3.921361625496521e-09,-1.3642121243185356e-13,-136.42121243185355
4894,3.921344302846045e-09,-1.5374386290736052e-13,-153.74386290736052
4895,3.921347038233916e-09,-1.5100847503628822e-13,-151.00847503628822
4896,3.921333873607193e-09,-1.6417310176009602e-13,-164.17310176009602
4897,3.921373049219816e-09,-1.2499748913640573e-13,-124.99748913640573
4898,3.921395660472964e-09,-1.0238623598878604e-13,-102.38623598878604
4899,3.921382441229556e-09,-1.156054793970328e-13,-115.6054793970328
4900,3.921378042485817e-09,-1.2000422313607805e-13,-120.00422313607805
4901,3.921356704004704e-09,-1.413427042483627e-13,-141.3427042483627
4902,3.9213736541504184e-09,-1.2439255853426744e-13,-124.39255853426744
4903,3.921356538745188e-09,-1.415079637645038e-13,-141.50796376450378
4904,3.9213752547038756e-09,-1.2279200507713571e-13,-122.79200507713571
4905,3.921409150956651e-09,-8.889575230203771e-14,-88.8957523020377
4906,3.9214041322932144e-09,-9.391441573825586e-14,-93.91441573825587
4907,3.921379621680491e-09,-1.1842502846174429e-13,-118.42502846174429
4908,3.921395482338547e-09,-1.025643704057254e-13,-102.5643704057254
4909,3.9213849239983205e-09,-1.1312271063214962e-13,-113.12271063214962
4910,3.921363686835901e-09,-1.343598730514155e-13,-134.3598730514155
4911,3.9213797936078505e-09,-1.182531011022424e-13,-118.2531011022424
4912,3.921432546142179e-09,-6.550056677360238e-14,-65.50056677360237
4913,3.9214269698735656e-09,-7.107683538712982e-14,-71.07683538712982
4914,3.9214061180908085e-09,-9.192861814418573e-14,-91.92861814418572
4915,3.921406705132075e-09,-9.134157687789345e-14,-91.34157687789344
4916,3.921397334454013e-09,-1.0071225493952273e-13,-100.71225493952272
4917,3.921392389516325e-09,-1.0565719262801187e-13,-105.65719262801187
4918,3.92138723185817e-09,-1.1081485078274266e-13,-110.81485078274265
4919,3.92144141244939e-09,-5.6634259562613355e-14,-56.63425956261335
4920,3.9214377785289686e-09,-6.026817998413302e-14,-60.26817998413302
4921,3.921417899627926e-09,-8.014708102676337e-14,-80.14708102676337
4922,3.9214213125066295e-09,-7.673420232315919e-14,-76.73420232315918
4923,3.921412221010627e-09,-8.582569832537345e-14,-85.82569832537345
4924,3.92140583955927e-09,-9.220714968229725e-14,-92.20714968229726
4925,3.92139923693067e-09,-9.88097782824081e-14,-98.8097782824081
4926,3.921454943129872e-09,-4.310357908032013e-14,-43.10357908032013
4927,3.921452636923431e-09,-4.540978552141405e-14,-45.40978552141405
4928,3.921431769013167e-09,-6.627769578578567e-14,-66.27769578578567
4929,3.921435123290743e-09,-6.292341820960433e-14,-62.923418209604336
4930,3.92142570959696e-09,-7.233711199242697e-14,-72.33711199242697
4931,3.921419008766748e-09,-7.90379422043107e-14,-79.0379422043107
4932,3.9214133484995715e-09,-8.469820938115146e-14,-84.69820938115146
4933,3.921468964140787e-09,-2.908256816552034e-14,-29.08256816552034
4934,3.92146509782163e-09,-3.2948887322712274e-14,-32.948887322712274
4935,3.921444815597379e-09,-5.323111157350723e-14,-53.23111157350723
4936,3.92144753596905e-09,-5.051073990252385e-14,-50.51073990252385
4937,3.921437850411573e-09,-6.019629738009723e-14,-60.19629738009723
4938,3.92143090723507e-09,-6.713947388258578e-14,-67.13947388258578
4939,3.92142961941973e-09,-6.842728922306406e-14,-68.42728922306407
4940,3.921483373106344e-09,-1.4673602608350923e-14,-14.673602608350922
4941,3.921475451952377e-09,-2.2594756575475706e-14,-22.594756575475706
4942,3.921457196020672e-09,-4.085068828105819e-14,-40.85068828105819
4943,3.92145866262095e-09,-3.938408800233705e-14,-39.38408800233705
4944,3.921448629712202e-09,-4.9416996750920473e-14,-49.416996750920475
4945,3.921441462946106e-09,-5.658376284642984e-14,-56.58376284642984
4946,3.921448071890184e-09,-4.9974818768664265e-14,-49.974818768664264
4947,3.921498029974728e-09,-1.6734224442694823e-17,-0.016734224442694824
4948,3.921474745865712e-09,-2.330084324030689e-14,-23.30084324030689
4949,3.921468985635095e-09,-2.9061073857450815e-14,-29.061073857450815
4950,3.921468681787436e-09,-2.936492151628988e-14,-29.36492151628988
4951,3.921458780121361e-09,-3.926658759189393e-14,-39.26658759189393
4952,3.921450221646252e-09,-4.782506270106001e-14,-47.825062701060006
4953,3.9214685989543904e-09,-2.944775456226777e-14,-29.44775456226777
4954,3.921512349927287e-09,1.4303218334365663e-14,14.303218334365663
4955,3.921489924560602e-09,-8.12214835078139e-15,-8.122148350781389
4956,3.9214811423603745e-09,-1.6904348578239848e-14,-16.904348578239848
4957,3.92147739698397e-09,-2.0649724983091023e-14,-20.649724983091023
4958,3.921468666527291e-09,-2.938018166186761e-14,-29.38018166186761
4959,3.921456065983852e-09,-4.198072510038552e-14,-41.98072510038552
4960,3.9214985735394874e-09,5.268305347329128e-16,0.5268305347329129
4961,3.921519457441734e-09,2.14107327811487e-14,21.4107327811487
4962,3.921494201168966e-09,-3.8455399864666295e-15,-3.8455399864666293
4963,3.921493603285678e-09,-4.443423274483761e-15,-4.443423274483761
4964,3.921485003177206e-09,-1.3043531747073279e-14,-13.04353174707328
4965,3.921476926629962e-09,-2.1120078990569547e-14,-21.120078990569546
4966,3.921468184653635e-09,-2.9862055317428794e-14,-29.862055317428794
4967,3.921526791174964e-09,2.8744466011220836e-14,28.744466011220837
4968,3.921522099588218e-09,2.405287926538725e-14,24.05287926538725
4969,3.92150133193955e-09,3.285230596916221e-15,3.285230596916221
4970,3.921502400800261e-09,4.354091308661056e-15,4.354091308661055
4971,3.9214664360794765e-09,-3.1610629476159103e-14,-31.610629476159104
4972,3.921490024713778e-09,-8.021995175098041e-15,-8.021995175098041
4973,3.921435051543664e-09,-6.299516528836856e-14,-62.99516528836856
4974,3.921541569067415e-09,4.352235846263276e-14,43.52235846263276
4975,3.9215243101680276e-09,2.6263459074867944e-14,26.263459074867946
4976,3.921511497581749e-09,1.3450872796466183e-14,13.450872796466184
4977,3.921508764443598e-09,1.0717734644901787e-14,10.717734644901787
4978,3.921503774132048e-09,5.727423095494132e-15,5.727423095494132
4979,3.921481446397769e-09,-1.66003111840206e-14,-16.6003111840206
4980,3.921526625454662e-09,2.8578745709156427e-14,28.578745709156426
4981,3.921549932819814e-09,5.188611086162044e-14,51.88611086162044
4982,3.9215274392839176e-09,2.939257496487836e-14,29.39257496487836
4983,3.921523854125489e-09,2.580741653606623e-14,25.807416536066228
4984,3.921513428572923e-09,1.538186397071718e-14,15.381863970717179
4985,3.9214976323164764e-09,-4.143924762560657e-16,-0.41439247625606573
4986,3.9214998671282045e-09,1.8204192517796803e-15,1.8204192517796802
4987,3.921557892598484e-09,5.984588953114002e-14,59.84588953114002
4988,3.921547552508155e-09,4.9505799202037136e-14,49.50579920203714
4989,3.921529628884415e-09,3.158217546232146e-14,31.58217546232146
4990,3.921528656571907e-09,3.060986295403646e-14,30.60986295403646
4991,3.921517852659888e-09,1.980595093554428e-14,19.80595093554428
4992,3.921506990146742e-09,8.94343778962926e-15,8.94343778962926
4993,3.9215382518966585e-09,4.0205187705804734e-14,40.20518770580473
4994,3.921570912131852e-09,7.286542289921495e-14,72.86542289921495
4995,3.921543466204377e-09,4.5419495424047894e-14,45.419495424047895
4996,3.921540150524398e-09,4.210381544520704e-14,42.10381544520704
4997,3.9215315235819215e-09,3.34768729688485e-14,33.476872968848504
4998,3.921522560021776e-09,2.451331282298753e-14,24.51331282298753
4999,3.92151669077463e-09,1.864406567740019e-14,18.64406567740019
5000,3.921574231471013e-09,7.618476206038794e-14,76.18476206038794
5001,3.921565118236757e-09,6.707152780461535e-14,67.07152780461534
5002,3.921545873973456e-09,4.782726450364939e-14,47.82726450364939
5003,3.921544386502286e-09,4.63397933331079e-14,46.339793333107906
5004,3.921534232244209e-09,3.618553525636904e-14,36.185535256369036
5005,3.921527698110081e-09,2.965140112850496e-14,29.65140112850496
5006,3.921547271808212e-09,4.922509925958064e-14,49.22509925958064
5007,3.921587866343324e-09,8.981963437145702e-14,89.81963437145703
5008,3.921560306222255e-09,6.225951330247293e-14,62.25951330247293
5009,3.921549547521467e-09,5.15008125145734e-14,51.500812514573404
5010,3.921545767477698e-09,4.7720768745257e-14,47.720768745257004
5011,3.921541650789154e-09,4.3604080201383854e-14,43.60408020138385
5012,3.921529949889573e-09,3.1903180620540105e-14,31.903180620540105
5013,3.92159528038883e-09,9.723367987745602e-14,97.23367987745603
5014,3.9215712379075e-09,7.319119854699253e-14,73.19119854699252
5015,3.921561894957909e-09,6.384824895592457e-14,63.84824895592457
5016,3.921550002100333e-09,5.195539138044226e-14,51.95539138044226
5017,3.921552486712242e-09,5.444000328901867e-14,54.44000328901867
5018,3.921528240021432e-09,3.019331247936753e-14,30.193312479367528
5019,3.921585843981012e-09,8.779727205911981e-14,87.7972720591198
5020,3.92159383045816e-09,9.578374920713685e-14,95.78374920713685
5021,3.921567532944731e-09,6.948623577812075e-14,69.48623577812076
5022,3.92157489123514e-09,7.684452618739969e-14,76.84452618739968
5023,3.921558218265711e-09,6.017155675870035e-14,60.17155675870035
5024,3.921548220918794e-09,5.017420984137445e-14,50.17420984137445
5025,3.921561595392848e-09,6.354868389566682e-14,63.54868389566683
5026,3.921603058184165e-09,1.0501147521232391e-13,105.01147521232392
5027,3.921592699608189e-09,9.465289923618015e-14,94.65289923618015
5028,3.92157470412895e-09,7.6657419997483e-14,76.657419997483
5029,3.921569720756295e-09,7.167404734197925e-14,71.67404734197925
5030,3.921559259099797e-09,6.121239084428643e-14,61.21239084428643
5031,3.921552198070518e-09,5.4151361565648714e-14,54.15136156564871
5032,3.9216076737141285e-09,1.0962700517575764e-13,109.62700517575765
5033,3.921596780816217e-09,9.873410726395871e-14,98.73410726395872
5034,3.921587372218184e-09,8.932550923134675e-14,89.32550923134676
5035,3.9215757912855736e-09,7.774457662088853e-14,77.74457662088852
5036,3.921568017583102e-09,6.997087414922177e-14,69.97087414922177
5037,3.921546909305216e-09,4.886259626321011e-14,48.86259626321011
5038,3.921617728740601e-09,1.1968203164865977e-13,119.68203164865977
5039,3.921609531928232e-09,1.1148521927918055e-13,111.48521927918054
5040,3.921593743288305e-09,9.569657935246901e-14,95.69657935246902
5041,3.9215864621388805e-09,8.841542992776242e-14,88.41542992776242
5042,3.921577138515193e-09,7.909180624041901e-14,79.09180624041902
5043,3.9215606904364e-09,6.264372744734748e-14,62.64372744734749
5044,3.921597594157581e-09,9.954744862870303e-14,99.54744862870302
5045,3.921624942317126e-09,1.268956081729662e-13,126.8956081729662
5046,3.921601261715375e-09,1.0321500642262405e-13,103.21500642262406
5047,3.921596739481009e-09,9.86927720561327e-14,98.69277205613271
5048,3.921584973529298e-09,8.692682034493982e-14,86.92682034493983
5049,3.921573799687498e-09,7.575297854519559e-14,75.75297854519559
5050,3.921578900045568e-09,8.085333661511053e-14,80.85333661511052
5051,3.9216396330668275e-09,1.415863578747646e-13,141.5863578747646
5052,3.921609834339323e-09,1.1178763037014107e-13,111.78763037014106
5053,3.921606664321906e-09,1.0861761295317364e-13,108.61761295317363
5054,3.921597884886394e-09,9.983817744125501e-14,99.83817744125501
5055,3.921586395650182e-09,8.834894122953475e-14,88.34894122953474
5056,3.92157213890661e-09,7.40921976573823e-14,74.0921976573823
5057,3.921631791628825e-09,1.3374491987237181e-13,133.7449198723718
5058,3.9216317264953796e-09,1.3367978642685975e-13,133.67978642685975
5059,3.921606927539088e-09,1.088808301355988e-13,108.8808301355988
5060,3.921606943016074e-09,1.0889630712161103e-13,108.89630712161103
5061,3.921594071774458e-09,9.602506550567781e-14,96.0250655056778
5062,3.921581714797038e-09,8.366808808520877e-14,83.66808808520877
5063,3.921619831903081e-09,1.2178519412790146e-13,121.78519412790146
5064,3.921644304433203e-09,1.4625772425008133e-13,146.25772425008134
5065,3.921614600952859e-09,1.1655424390631065e-13,116.55424390631065
5066,3.921610719563292e-09,1.1267285433892117e-13,112.67285433892117
5067,3.921601039860506e-09,1.0299315155307921e-13,102.99315155307922
5068,3.921583283881527e-09,8.52371725742841e-14,85.2371725742841
5069,3.9216277299635414e-09,1.296832545887523e-13,129.6832545887523
5070,3.92164698295467e-09,1.4893624571720677e-13,148.93624571720676
5071,3.9216246811870324e-09,1.2663447807972307e-13,126.63447807972307
5072,3.921618984544873e-09,1.2093783591999542e-13,120.93783591999542
5073,3.921607855128257e-09,1.0980841930426878e-13,109.80841930426878
5074,3.921593453318434e-09,9.540660948143776e-14,95.40660948143777
5075,3.92161679979618e-09,1.187530872272742e-13,118.7530872272742
5076,3.9216581268182796e-09,1.6008010932688178e-13,160.08010932688177
5077,3.921631410694392e-09,1.3336398543906903e-13,133.36398543906904
5078,3.921626755645259e-09,1.287089363064482e-13,128.7089363064482
5079,3.921624410163594e-09,1.26363454641656e-13,126.363454641656
5080,3.921593854419028e-09,9.580771007514878e-14,95.80771007514878
5081,3.9216057683101255e-09,1.077216011727773e-13,107.7216011727773
5082,3.921659125070325e-09,1.610783613721435e-13,161.0783613721435
5083,3.921647073837917e-09,1.4902712896431537e-13,149.02712896431538
5084,3.921629013008392e-09,1.3096629943967165e-13,130.96629943967164
5085,3.921625087627322e-09,1.2704091836913357e-13,127.04091836913356
5086,3.921613326988201e-09,1.1528027924858587e-13,115.28027924858587
5087,3.921604574169853e-09,1.0652746090000177e-13,106.52746090000177
5088,3.921662254674106e-09,1.6420796515313153e-13,164.20796515313154
5089,3.921640882365886e-09,1.4283565693306533e-13,142.83565693306534
5090,3.921640082549943e-09,1.4203584099042278e-13,142.03584099042277
5091,3.921627096545527e-09,1.2904983657453196e-13,129.04983657453195
5092,3.921618128458837e-09,1.2008174988460086e-13,120.08174988460087
5093,3.921594275089471e-09,9.622838051807315e-14,96.22838051807315
5094,3.9216856319974035e-09,1.8758528845077517e-13,187.58528845077515
5095,3.921655529855921e-09,1.5748314696818156e-13,157.48314696818156
5096,3.9216441386315855e-09,1.4609192263285399e-13,146.091922632854
5097,3.921633516675797e-09,1.354699668439592e-13,135.46996684395918
5098,3.921624323671366e-09,1.2627696241334597e-13,126.27696241334597
5099,3.924994537013709e-09,3.4964903047562053e-12,3496.490304756205
5100,3.927905060615352e-09,6.407013906399217e-12,6407.0139063992165
5101,3.922779565968589e-09,1.2815192596365095e-12,1281.5192596365096
5102,3.921490660029146e-09,-7.386679807075848e-15,-7.386679807075848
5103,3.920925773566886e-09,-5.722731420663489e-13,-572.2731420663489
5104,3.92113470718599e-09,-3.633395229626417e-13,-363.3395229626417
5105,3.921129235841042e-09,-3.6881086791092687e-13,-368.81086791092685
5106,3.921138633705473e-09,-3.594130034798225e-13,-359.4130034798225
5107,3.921201536947116e-09,-2.965097618365585e-13,-296.50976183655854
5108,3.921216934406899e-09,-2.8111230205367975e-13,-281.11230205367974
5109,3.921210859459496e-09,-2.871872494564419e-13,-287.1872494564419
5110,3.921221020331206e-09,-2.770263777464509e-13,-277.02637774645086
5111,3.9212132106603275e-09,-2.8483604862518984e-13,-284.83604862518985
5112,3.921217955996396e-09,-2.800907125566553e-13,-280.09071255665526
5113,3.92121681246126e-09,-2.8123424769303006e-13,-281.23424769303006
5114,3.921221799167837e-09,-2.762475411158459e-13,-276.24754111584593
5115,3.9212392740674024e-09,-2.587726415502677e-13,-258.7726415502677
5116,3.92128014325803e-09,-2.179034509230464e-13,-217.9034509230464
5117,3.921265260577438e-09,-2.3278613151442905e-13,-232.78613151442906
5118,3.921264651228712e-09,-2.333954802404202e-13,-233.39548024042023
5119,3.92125654020384e-09,-2.415065051130015e-13,-241.50650511300154
5120,3.921257946088797e-09,-2.4010062015593957e-13,-240.10062015593957
5121,3.921255291663723e-09,-2.427550452297815e-13,-242.75504522978153
5122,3.921257653435525e-09,-2.403932734273477e-13,-240.3932734273477
5123,3.921271997755528e-09,-2.2604895342471275e-13,-226.04895342471275
5124,3.921320748011747e-09,-1.7729869720569435e-13,-177.29869720569434
5125,3.921295433273377e-09,-2.0261343557546095e-13,-202.61343557546095
5126,3.92128546360072e-09,-2.1258310823233416e-13,-212.58310823233415
5127,3.921291799407166e-09,-2.06247301786872e-13,-206.247301786872
5128,3.921293715463455e-09,-2.04331245497547e-13,-204.331245497547
5129,3.921279919939487e-09,-2.181267694655241e-13,-218.12676946552412
5130,3.921273905111095e-09,-2.2414159785782194e-13,-224.14159785782195
5131,3.9213214404916746e-09,-1.7660621727812785e-13,-176.60621727812784
5132,3.921340943879295e-09,-1.5710282965793786e-13,-157.10282965793786
5133,3.92132094178578e-09,-1.7710492317241687e-13,-177.10492317241687
5134,3.921310525340513e-09,-1.8752136843951705e-13,-187.52136843951703
5135,3.921323463856874e-09,-1.745828520787811e-13,-174.5828520787811
5136,3.921308957177596e-09,-1.8908953135674577e-13,-189.08953135674577
5137,3.921305965863802e-09,-1.9208084515063327e-13,-192.08084515063328
5138,3.921313942772866e-09,-1.8410393608678842e-13,-184.10393608678842
5139,3.921356758350338e-09,-1.4128835861446686e-13,-141.28835861446686
5140,3.92135466329227e-09,-1.4338341668246922e-13,-143.38341668246923
5141,3.921331079265828e-09,-1.6696744312429722e-13,-166.96744312429723
5142,3.92134411034595e-09,-1.5393636300308532e-13,-153.93636300308532
5143,3.921332006475526e-09,-1.6604023342638762e-13,-166.04023342638763
5144,3.921325675791936e-09,-1.723709170165848e-13,-172.3709170165848
5145,3.92132218910617e-09,-1.7585760278308093e-13,-175.85760278308092
5146,3.921375793931826e-09,-1.2225277712665005e-13,-122.25277712665005
5147,3.92136643084318e-09,-1.3161586577307193e-13,-131.61586577307193
5148,3.921372490259386e-09,-1.2555644956643063e-13,-125.55644956643063
5149,3.921349682955381e-09,-1.4836375357189e-13,-148.36375357189002
5150,3.92135988329205e-09,-1.3816341690282051e-13,-138.1634169028205
5151,3.921355925466229e-09,-1.4212124272337022e-13,-142.12124272337022
5152,3.921348021822127e-09,-1.5002488682540937e-13,-150.02488682540937
5153,3.921361976019083e-09,-1.36070689869489e-13,-136.070689869489
5154,3.921388956227515e-09,-1.0909048143751309e-13,-109.09048143751309
5155,3.9213918513996814e-09,-1.0619530927127073e-13,-106.19530927127073
5156,3.921369438176061e-09,-1.2860853289208595e-13,-128.60853289208595
5157,3.921376449277829e-09,-1.2159743112349119e-13,-121.59743112349119
5158,3.921359200651257e-09,-1.388460576956717e-13,-138.8460576956717
5159,3.921366681564932e-09,-1.3136514402068466e-13,-131.36514402068465
5160,3.92136454449403e-09,-1.3350221492287083e-13,-133.50221492287082
5161,3.921410527513939e-09,-8.751919501374149e-14,-87.5191950137415
5162,3.9214134038751975e-09,-8.464283375519176e-14,-84.64283375519176
5163,3.9213904725384635e-09,-1.0757417048918349e-13,-107.57417048918349
5164,3.921381619377204e-09,-1.1642733174883112e-13,-116.42733174883112
5165,3.921395011198493e-09,-1.0303551045977898e-13,-103.03551045977898
5166,3.9213801284636914e-09,-1.1791824526127025e-13,-117.91824526127024
5167,3.921367220548937e-09,-1.308261600156878e-13,-130.8261600156878
5168,3.921425096236686e-09,-7.295047226645634e-14,-72.95047226645633
5169,3.921429375447136e-09,-6.867126181692761e-14,-68.67126181692761
5170,3.921407668852281e-09,-9.03778566718254e-14,-90.3778566718254
5171,3.921409004236992e-09,-8.904247196102931e-14,-89.0424719610293
5172,3.9214019464061094e-09,-9.61003028432582e-14,-96.1003028432582
5173,3.921395321171894e-09,-1.0272553705866537e-13,-102.72553705866537
5174,3.921393159218552e-09,-1.048874904007101e-13,-104.88749040071009
5175,3.92142249569646e-09,-7.555101249232575e-14,-75.55101249232575
5176,3.921445907903963e-09,-5.2138804989782396e-14,-52.13880498978239
5177,3.9214235961616654e-09,-7.445054728725297e-14,-74.45054728725297
5178,3.921422416278651e-09,-7.563043030146032e-14,-75.63043030146032
5179,3.921416370143921e-09,-8.167656503148867e-14,-81.67656503148866
5180,3.921409272929395e-09,-8.877377955763309e-14,-88.77377955763309
5181,3.921397011036505e-09,-1.0103567244757515e-13,-101.03567244757515
5182,3.921442367414664e-09,-5.567929428908812e-14,-55.67929428908812
5183,3.9214602422493056e-09,-3.780445964713429e-14,-37.804459647134294
5184,3.921437390628536e-09,-6.065608041639402e-14,-60.65608041639402
5185,3.921435502924134e-09,-6.254378481890853e-14,-62.543784818908534
5186,3.921429411632383e-09,-6.863507656942091e-14,-68.6350765694209
5187,3.921422056974051e-09,-7.598973490142201e-14,-75.98973490142201
5188,3.921409231296032e-09,-8.881541292105654e-14,-88.81541292105653
5189,3.921457768696259e-09,-4.027801269355135e-14,-40.27801269355135
5190,3.921472310422372e-09,-2.573628658036108e-14,-25.736286580361078
5191,3.9214489110355605e-09,-4.91356733922148e-14,-49.1356733922148
5192,3.9214485122660014e-09,-4.9534442951254965e-14,-49.53444295125497
5193,3.921441196611843e-09,-5.685009711010091e-14,-56.850097110100904
5194,3.921433824606276e-09,-6.422210267686178e-14,-64.22210267686178
5195,3.921419633104569e-09,-7.841360438328492e-14,-78.41360438328492
5196,3.921477572489196e-09,-2.0474219756419932e-14,-20.47421975641993
5197,3.921482242039533e-09,-1.5804669419742113e-14,-15.804669419742114
5198,3.921458336248991e-09,-3.97104599613095e-14,-39.710459961309496
5199,3.9214613660790675e-09,-3.6680629885244443e-14,-36.68062988524444
5200,3.92145167317612e-09,-4.6373532832536414e-14,-46.37353283253641
5201,3.92144433182637e-09,-5.371488258287026e-14,-53.71488258287026
5202,3.921436237200055e-09,-6.180950889759273e-14,-61.80950889759273
5203,3.921493593744699e-09,-4.452964253601633e-15,-4.452964253601634
5204,3.921490138798951e-09,-7.907910001498254e-15,-7.907910001498254
5205,3.921469128885307e-09,-2.891782364541117e-14,-28.91782364541117
5206,3.921471277611383e-09,-2.676909756987077e-14,-26.76909756987077
5207,3.921460997097963e-09,-3.704961098959557e-14,-37.04961098959557
5208,3.921445165035739e-09,-5.288167321331515e-14,-52.88167321331515
5209,3.9214559128674005e-09,-4.2133841552194785e-14,-42.13384155219479
5210,3.921507634108623e-09,9.587399669977025e-15,9.587399669977025
5211,3.921496169754851e-09,-1.876954101884699e-15,-1.8769541018846991
5212,3.921480017636146e-09,-1.8029072806922e-14,-18.029072806922
5213,3.921479767185444e-09,-1.827952350876615e-14,-18.27952350876615
5214,3.921469445553657e-09,-2.8601155295882464e-14,-28.601155295882464
5215,3.921461027509834e-09,-3.7019199118657354e-14,-37.019199118657355
5216,3.921478171754842e-09,-1.9874954110632882e-14,-19.87495411063288
5217,3.921522642502456e-09,2.4595793503259366e-14,24.595793503259365
5218,3.9215001496441856e-09,2.1029352328750906e-15,2.1029352328750908
5219,3.921491187168242e-09,-6.859540710813395e-15,-6.859540710813396
5220,3.921487113956205e-09,-1.0932752747569875e-14,-10.932752747569875
5221,3.921478222685239e-09,-1.9824023713580375e-14,-19.824023713580374
5222,3.921465052854345e-09,-3.299385460781611e-14,-32.99385460781611
5223,3.921510922060131e-09,1.2875351178256566e-14,12.875351178256565
5224,3.921528067118291e-09,3.00204093379104e-14,30.0204093379104
5225,3.921502411045972e-09,4.364337019191044e-15,4.364337019191043
5226,3.921477379690945e-09,-2.0667018007742167e-14,-20.66701800774217
5227,3.92150921471276e-09,1.1168003807135017e-14,11.168003807135017
5228,3.92142840690223e-09,-6.963980672266322e-14,-69.63980672266322
5229,3.921477835516643e-09,-2.021119230937495e-14,-20.211192309374947
5230,3.921536330365148e-09,3.8283656195508674e-14,38.28365619550868
5231,3.921530008978592e-09,3.1962269638940565e-14,31.962269638940565
5232,3.9215099107163445e-09,1.1864007391762087e-14,11.864007391762087
5233,3.921510373697777e-09,1.232698882446771e-14,12.32698882446771
5234,3.921499240865925e-09,1.1941569718977408e-15,1.1941569718977407
5235,3.921490687974457e-09,-7.358734496080034e-15,-7.358734496080034
5236,3.921505263283732e-09,7.216574779402972e-15,7.216574779402972
5237,3.921551549663409e-09,5.350295445639376e-14,53.50295445639376
5238,3.921527935577462e-09,2.98888685093336e-14,29.888868509333598
5239,3.921524416528261e-09,2.6369819307988772e-14,26.369819307988774
5240,3.921512280050457e-09,1.4233341504348972e-14,14.233341504348973
5241,3.92151174765298e-09,1.3700944027549965e-14,13.700944027549966
5242,3.921490686646309e-09,-7.360062643741328e-15,-7.360062643741329
5243,3.921547569936705e-09,4.952322775195984e-14,49.523227751959844
5244,3.921552830621171e-09,5.478391221813107e-14,54.78391221813107
5245,3.9215282926323425e-09,3.024592338978739e-14,30.245923389787386
5246,3.921525858652675e-09,2.7811943722666054e-14,27.811943722666054
5247,3.921524462471328e-09,2.6415762375047845e-14,26.415762375047844
5248,3.921515478988967e-09,1.7432280014267453e-14,17.43228001426745
5249,3.921516974212183e-09,1.8927503230342212e-14,18.92750323034221
5250,3.921567720294866e-09,6.967358591352625e-14,69.67358591352625
5251,3.921548806577703e-09,5.075986874989681e-14,50.75986874989681
5252,3.921539985915403e-09,4.1939206450369425e-14,41.939206450369426
5253,3.921528174996407e-09,3.012828745407271e-14,30.12828745407271
5254,3.921527409251517e-09,2.936254256470051e-14,29.36254256470051
5255,3.921501881440316e-09,3.834731362986187e-15,3.834731362986187
5256,3.9215600803287325e-09,6.203361977983558e-14,62.03361977983558
5257,3.921570008259606e-09,7.19615506530681e-14,71.9615506530681
5258,3.92154909727941e-09,5.105057045739448e-14,51.050570457394485
5259,3.921540395228828e-09,4.2348519875537015e-14,42.348519875537015
5260,3.9215339924457936e-09,3.5945736840869557e-14,35.94573684086956
5261,3.921529284216544e-09,3.123750759168832e-14,31.237507591688317
5262,3.921526211181012e-09,2.8164472059049716e-14,28.164472059049714
5263,3.921588172630438e-09,9.012592148518418e-14,90.12592148518418
5264,3.921563110185914e-09,6.506347696095495e-14,65.06347696095494
5265,3.921545595794284e-09,4.754908533124392e-14,47.54908533124392
5266,3.921545743056044e-09,4.7696347091321766e-14,47.69634709132177
5267,3.921542442446475e-09,4.4395737522678457e-14,44.39573752267846
5268,3.92150568644784e-09,7.639738887324065e-15,7.639738887324064
5269,3.92159025741569e-09,9.221070673760224e-14,92.21070673760224
5270,3.921587359018023e-09,8.931230906989674e-14,89.31230906989674
5271,3.92155867924137e-09,6.063253241738687e-14,60.63253241738688
5272,3.921554361677269e-09,5.6314968316006474e-14,56.31496831600647
5273,3.921546048828162e-09,4.800211920901699e-14,48.00211920901699
5274,3.921529345338442e-09,3.129862948916219e-14,31.298629489162188
5275,3.921568865998407e-09,7.081928945424599e-14,70.81928945424599
5276,3.9215934939489105e-09,9.544723995785166e-14,95.44723995785166
5277,3.9215707027995175e-09,7.265609056476231e-14,72.65609056476231
5278,3.92156666680272e-09,6.86200937675764e-14,68.62009376757639
5279,3.921560344467487e-09,6.229775853410736e-14,62.29775853410736
5280,3.921539216430016e-09,4.116972106350215e-14,41.16972106350215
5281,3.921539698954193e-09,4.1652245240366824e-14,41.652245240366824
5282,3.921607406837764e-09,1.0936012881100033e-13,109.36012881100034
5283,3.921587882606357e-09,8.98358974040443e-14,89.8358974040443
5284,3.9215770094409245e-09,7.896273197178462e-14,78.96273197178462
5285,3.9215656517997514e-09,6.760509079874978e-14,67.60509079874977
5286,3.9215579722873435e-09,5.99255783908177e-14,59.9255783908177
5287,3.9215374204762225e-09,3.9373767269834225e-14,39.373767269834225
5288,3.921604855953997e-09,1.0680924504463075e-13,106.80924504463076
5289,3.921600004555851e-09,1.019578468985728e-13,101.9578468985728
5290,3.921583420978892e-09,8.53742699389949e-14,85.3742699389949
5291,3.921576777502975e-09,7.873079402203565e-14,78.73079402203565
5292,3.9215673111982815e-09,6.926448932879315e-14,69.26448932879316
5293,3.921552119167705e-09,5.407245875254608e-14,54.07245875254608
5294,3.921580187725383e-09,8.214101643031725e-14,82.14101643031725
5295,3.921616645595526e-09,1.1859888657329244e-13,118.59888657329243
5296,3.921588263974471e-09,9.021726551821608e-14,90.21726551821608
5297,3.921584255651934e-09,8.620894298148286e-14,86.20894298148286
5298,3.921579485840002e-09,8.143913104890444e-14,81.43913104890444
5299,3.921568792977391e-09,7.074626843792909e-14,70.74626843792909
5300,3.921561702972809e-09,6.36562638562317e-14,63.656263856231696
5301,3.921617366589971e-09,1.193198810179953e-13,119.3198810179953
5302,3.921611775603313e-09,1.1372889435997636e-13,113.72889435997637
5303,3.921590268447447e-09,9.222173849470728e-14,92.22173849470728
5304,3.921589441743291e-09,9.139503433818709e-14,91.39503433818709
5305,3.921577390429568e-09,7.934372061519602e-14,79.34372061519602
5306,3.921564458391315e-09,6.641168236244067e-14,66.41168236244067
5307,3.9216083015485015e-09,1.1025483954878968e-13,110.25483954878969
5308,3.921626235960053e-09,1.281892511001216e-13,128.1892511001216
5309,3.921597381057644e-09,9.9334348691701e-14,99.334348691701
5310,3.921599090708945e-09,1.0104399999243908e-13,101.04399999243908
5311,3.921586009457368e-09,8.796274841569541e-14,87.96274841569542
5312,3.92157506606274e-09,7.701935378771297e-14,77.01935378771297
5313,3.921595596379553e-09,9.754967060062692e-14,97.54967060062692
5314,3.921636133533265e-09,1.3808682431252451e-13,138.08682431252453
5315,3.921609884429463e-09,1.118377205105099e-13,111.8377205105099
5316,3.9216034372212445e-09,1.0539051229182484e-13,105.39051229182485
5317,3.921594922520798e-09,9.687581184537287e-14,96.87581184537287
5318,3.921584179676467e-09,8.613296751424594e-14,86.13296751424593
5319,3.921589642889899e-09,9.159618094623746e-14,91.59618094623745
5320,3.921638993875437e-09,1.4094716648397577e-13,140.94716648397576
5321,3.921622527419417e-09,1.244807104640806e-13,124.48071046408062
5322,3.9216080460291545e-09,1.0999932020178916e-13,109.99932020178916
5323,3.921603421798469e-09,1.0537508951592124e-13,105.37508951592123
5324,3.921592254543197e-09,9.420783424437485e-14,94.20783424437485
5325,3.9215849549623354e-09,8.690825338273601e-14,86.908253382736
5326,3.921633390908345e-09,1.3534419939195087e-13,135.34419939195087
5327,3.921641084515381e-09,1.4303780642812526e-13,143.03780642812526
5328,3.92161340131026e-09,1.1535460130750975e-13,115.35460130750975
5329,3.921611618881889e-09,1.1357217293594358e-13,113.57217293594358
5330,3.921599457819801e-09,1.0141111084804267e-13,101.41111084804267
5331,3.9215841979452735e-09,8.615123632085232e-14,86.15123632085232
5332,3.921640321182841e-09,1.4227447388858684e-13,142.27447388858684
5333,3.921645715495225e-09,1.476687862725169e-13,147.6687862725169
5334,3.9216191615950875e-09,1.211148861347623e-13,121.1148861347623
5335,3.921619345611301e-09,1.212989023484874e-13,121.2989023484874
5336,3.921602729128806e-09,1.0468241985297456e-13,104.68241985297456
5337,3.921604009354731e-09,1.0596264577824544e-13,105.96264577824545
5338,3.921637695543335e-09,1.3964883438242438e-13,139.64883438242438
5339,3.921655934697012e-09,1.5788798805938765e-13,157.88798805938765
5340,3.921625190165742e-09,1.2714345678959639e-13,127.14345678959639
5341,3.921626582525277e-09,1.2853581632455658e-13,128.53581632455658
5342,3.921612960907338e-09,1.1491419838504614e-13,114.91419838504613
5343,3.9216014349708825e-09,1.0338826192978724e-13,103.38826192978723
5344,3.921622935377589e-09,1.248886686365326e-13,124.8886686365326
5345,3.92166368912779e-09,1.6564241883743848e-13,165.64241883743847
5346,3.921634659506202e-09,1.3661279724892185e-13,136.61279724892185
5347,3.921630891469971e-09,1.3284476101866572e-13,132.84476101866574
5348,3.9216187912858354e-09,1.2074457688274988e-13,120.74457688274988
5349,3.921608352289163e-09,1.10305580210462e-13,110.30558021046201
5350,3.92162189012538e-09,1.2384341642709363e-13,123.84341642709363
5351,3.9216671599571e-09,1.69113248147162e-13,169.113248147162
5352,3.9216435157574375e-09,1.4546904848476106e-13,145.46904848476106
5353,3.921634352704092e-09,1.3630599513916276e-13,136.30599513916275
5354,3.92486786598761e-09,3.3698192786573373e-12,3369.8192786573372
5355,3.927977250265443e-09,6.4792035564902535e-12,6479.2035564902535
5356,3.9227251061410996e-09,1.2270594321468565e-12,1227.0594321468566
5357,3.9215317481744016e-09,3.3701465448878875e-14,33.70146544887888
5358,3.920943461674809e-09,-5.545850341435514e-13,-554.5850341435514
5359,3.921152354609226e-09,-3.456920997263667e-13,-345.69209972636673
5360,3.92115571503965e-09,-3.423316693028565e-13,-342.33166930285654
5361,3.9211717349399e-09,-3.263117690527538e-13,-326.31176905275385
5362,3.921175365282454e-09,-3.2268142649840336e-13,-322.68142649840337
5363,3.9211732024888556e-09,-3.2484422009713175e-13,-324.84422009713177
5364,3.921239268809022e-09,-2.5877789993080423e-13,-258.7778999308042
5365,3.921241231079429e-09,-2.5681562952387703e-13,-256.815629523877
5366,3.921242550634788e-09,-2.5549607416479924e-13,-255.49607416479924
5367,3.921242193878063e-09,-2.558528308896556e-13,-255.8528308896556
5368,3.921238836049725e-09,-2.592106592279518e-13,-259.21065922795185
5369,3.921242357538381e-09,-2.556891705717189e-13,-255.6891705717189
5370,3.921240710743701e-09,-2.5733596525150714e-13,-257.33596525150716
5371,3.9212237822820305e-09,-2.742644269221527e-13,-274.26442692215267
5372,3.9212743335877934e-09,-2.2371312115925567e-13,-223.71312115925568
5373,3.921293407956614e-09,-2.046387523387182e-13,-204.63875233871818
5374,3.921285145983694e-09,-2.129007252587638e-13,-212.9007252587638
5375,3.921284791286953e-09,-2.1325542199949242e-13,-213.25542199949243
5376,3.921274857745334e-09,-2.2318896361896755e-13,-223.18896361896756
5377,3.921276362617949e-09,-2.2168409100355767e-13,-221.68409100355768
5378,3.92126831076341e-09,-2.297359455425756e-13,-229.7359455425756
5379,3.92126483982568e-09,-2.3320688327251636e-13,-233.20688327251636
5380,3.921308324382998e-09,-1.8972232595471693e-13,-189.72232595471692
5381,3.921329125804564e-09,-1.6892090438857298e-13,-168.92090438857298
5382,3.921318007717861e-09,-1.8003899109159715e-13,-180.03899109159715
5383,3.92129762284677e-09,-2.0042386218307217e-13,-200.42386218307217
5384,3.921306228755724e-09,-1.9181795322885985e-13,-191.81795322885986
5385,3.921305081127724e-09,-1.9296558122843576e-13,-192.96558122843575
5386,3.921302028610718e-09,-1.9601809823496007e-13,-196.01809823496006
5387,3.921290608275554e-09,-2.0743843339861888e-13,-207.43843339861888
5388,3.921345552361944e-09,-1.5249434700862529e-13,-152.49434700862528
5389,3.921351587058341e-09,-1.4645965061151666e-13,-146.45965061151665
5390,3.921328933494204e-09,-1.691132147489176e-13,-169.11321474891758
5391,3.921336195751406e-09,-1.6185095754706657e-13,-161.85095754706657
5392,3.921331085608411e-09,-1.6696110054158818e-13,-166.9611005415882
5393,3.921329893229967e-09,-1.6815347898583343e-13,-168.15347898583343
5394,3.921313419320057e-09,-1.8462738889566442e-13,-184.62738889566444
5395,3.921336055211699e-09,-1.61991497253675e-13,-161.991497253675
5396,3.921378535364124e-09,-1.1951134482846614e-13,-119.51134482846614
5397,3.9213535700099045e-09,-1.444766990481493e-13,-144.4766990481493
5398,3.921352100400965e-09,-1.4594630798789908e-13,-145.94630798789908
5399,3.921357944115149e-09,-1.4010259380347377e-13,-140.10259380347378
5400,3.921346058169363e-09,-1.5198853959010649e-13,-151.98853959010648
5401,3.9213321298577335e-09,-1.6591685121915877e-13,-165.91685121915876
5402,3.9213488483907585e-09,-1.4919831819416073e-13,-149.19831819416072
5403,3.921381750565667e-09,-1.1629614328596037e-13,-116.29614328596037
5404,3.921382789637924e-09,-1.1525707102890458e-13,-115.25707102890458
5405,3.9213702311615296e-09,-1.2781554742313005e-13,-127.81554742313006
5406,3.921373597500855e-09,-1.244492080977798e-13,-124.4492080977798
5407,3.921355030023655e-09,-1.43016685297626e-13,-143.016685297626
5408,3.92135412165197e-09,-1.4392505698278867e-13,-143.92505698278867
5409,3.921357031867441e-09,-1.4101484151140308e-13,-141.0148415114031
5410,3.921416667079791e-09,-8.13796291614992e-14,-81.3796291614992
5411,3.921392056693363e-09,-1.059900155899106e-13,-105.9900155899106
5412,3.9213939260476435e-09,-1.0412066130916541e-13,-104.12066130916541
5413,3.921378724584508e-09,-1.193221244443131e-13,-119.3221244443131
5414,3.921378351917117e-09,-1.1969479183605069e-13,-119.69479183605068
5415,3.921375409527946e-09,-1.2263718100690478e-13,-122.63718100690478
5416,3.921372031126871e-09,-1.2601558208142393e-13,-126.01558208142393
5417,3.92138770335059e-09,-1.1034335836298302e-13,-110.34335836298303
5418,3.9214291432110304e-09,-6.8903497922274e-14,-68.903497922274
5419,3.921399271326984e-09,-9.8775381968486e-14,-98.775381968486
5420,3.921400714454286e-09,-9.733225466679917e-14,-97.33225466679917
5421,3.921398692959335e-09,-9.935374961739839e-14,-99.35374961739839
5422,3.921390869166723e-09,-1.0717754222943398e-13,-107.17754222943398
5423,3.921382432854094e-09,-1.1561385485881525e-13,-115.61385485881524
5424,3.921402892887501e-09,-9.515382145173267e-14,-95.15382145173267
5425,3.921444393815629e-09,-5.36528933236584e-14,-53.652893323658404
5426,3.92142470638469e-09,-7.334032426262781e-14,-73.34032426262782
5427,3.9214146185611014e-09,-8.342814785124763e-14,-83.42814785124763
5428,3.9214136165143486e-09,-8.443019460411304e-14,-84.43019460411304
5429,3.921404990628969e-09,-9.30560799833534e-14,-93.0560799833534
5430,3.92139737267214e-09,-1.0067403681294261e-13,-100.67403681294262
5431,3.921413379751699e-09,-8.466695725352956e-14,-84.66695725352956
5432,3.921457348974493e-09,-4.06977344595748e-14,-40.6977344595748
5433,3.921435450828219e-09,-6.259588073329646e-14,-62.59588073329646
5434,3.921435833768427e-09,-6.221294052597458e-14,-62.21294052597458
5435,3.921427059428665e-09,-7.098728028768252e-14,-70.98728028768252
5436,3.9214180416042004e-09,-8.000510475227639e-14,-80.0051047522764
5437,3.921410349189787e-09,-8.769751916606105e-14,-87.69751916606104
5438,3.9214263385697456e-09,-7.170813920711382e-14,-71.70813920711382
5439,3.921470559625599e-09,-2.7487083353544984e-14,-27.487083353544985
5440,3.921451729554633e-09,-4.631715431956717e-14,-46.317154319567166
5441,3.9214405727619125e-09,-5.747394704014907e-14,-57.47394704014906
5442,3.921439244153465e-09,-5.880255548736712e-14,-58.802555487367115
5443,3.921430244272547e-09,-6.780243640600635e-14,-67.80243640600635
5444,3.921421453398702e-09,-7.65933102508447e-14,-76.5933102508447
5445,3.9214414625395305e-09,-5.6584169422244525e-14,-56.58416942224452
5446,3.92148377282458e-09,-1.427388437240983e-14,-14.27388437240983
5447,3.921462035790749e-09,-3.601091820330015e-14,-36.01091820330015
5448,3.921452967144308e-09,-4.5079564644729276e-14,-45.079564644729274
5449,3.921450105745039e-09,-4.794096391329871e-14,-47.94096391329871
5450,3.921441477203365e-09,-5.656950558786166e-14,-56.569505587861656
5451,3.921428184152894e-09,-6.986255605900037e-14,-69.86255605900037
5452,3.921468103528208e-09,-2.994318074498502e-14,-29.94318074498502
5453,3.9214944168980935e-09,-3.629810859196326e-15,-3.629810859196326
5454,3.9214703102590995e-09,-2.773644985321665e-14,-27.73644985321665
5455,3.921465051580407e-09,-3.299512854536878e-14,-32.99512854536878
5456,3.921457263647782e-09,-4.078306117054941e-14,-40.78306117054941
5457,3.921462050644319e-09,-3.5996064633537096e-14,-35.996064633537095
5458,3.921438246714572e-09,-5.979999438099947e-14,-59.799994380999465
5459,3.9214876546207235e-09,-1.0392088229205666e-14,-10.392088229205665
5460,3.921501065280025e-09,3.0185710725934113e-15,3.0185710725934114
5461,3.921476464542996e-09,-2.158216595648287e-14,-21.582165956482868
5462,3.92147737489335e-09,-2.0671815602355416e-14,-20.671815602355416
5463,3.921468258352278e-09,-2.978835667475409e-14,-29.78835667475409
5464,3.921466579926e-09,-3.146678295292459e-14,-31.46678295292459
5465,3.921452172613851e-09,-4.5874095101780966e-14,-45.874095101780966
5466,3.921509858484905e-09,1.1811775952102598e-14,11.811775952102598
5467,3.921505756460195e-09,7.709751242612316e-15,7.709751242612316
5468,3.9214847944682874e-09,-1.3252240665276739e-14,-13.252240665276739
5469,3.921486750206376e-09,-1.1296502576438762e-14,-11.296502576438762
5470,3.921475703026495e-09,-2.2343682457382375e-14,-22.343682457382375
5471,3.92146780268921e-09,-3.024401974279544e-14,-30.244019742795437
5472,3.921474167227013e-09,-2.3879481939762405e-14,-23.879481939762403
5473,3.921524611007025e-09,2.656429807267836e-14,26.56429807267836
5474,3.921508719611838e-09,1.0672902885069512e-14,10.672902885069512
5475,3.921494767285131e-09,-3.2794238221033233e-15,-3.279423822103323
5476,3.921492967672155e-09,-5.079036798103388e-15,-5.079036798103388
5477,3.9214831236585295e-09,-1.4923050423185525e-14,-14.923050423185526
5478,3.921472207965267e-09,-2.583874368566096e-14,-25.83874368566096
5479,3.9215013827615264e-09,3.336052573751479e-15,3.3360525737514792
5480,3.92154531449803e-09,4.726778907759256e-14,47.26778907759256
5481,3.92150413194587e-09,6.0852369174686605e-15,6.08523691746866
5482,3.921478743969644e-09,-1.9302739309049345e-14,-19.302739309049343
5483,3.921441418493817e-09,-5.662821513550175e-14,-56.62821513550175
5484,3.9214902247761835e-09,-7.821932769220153e-15,-7.821932769220154
5485,3.921475113979455e-09,-2.293272949769375e-14,-22.93272949769375
5486,3.92154591319447e-09,4.7866485517239054e-14,47.866485517239056
5487,3.921534605182651e-09,3.655847369864974e-14,36.55847369864974
5488,3.921506196944433e-09,8.150235480238864e-15,8.150235480238864
5489,3.921513926519876e-09,1.587981092348546e-14,15.87981092348546
5490,3.921503932561091e-09,5.885852137948576e-15,5.885852137948576
5491,3.9214954105422795e-09,-2.6361666731676735e-15,-2.6361666731676734
5492,3.921501755537338e-09,3.708828385706308e-15,3.708828385706308
5493,3.9215528249833195e-09,5.4778274366834144e-14,54.77827436683415
5494,3.921535382528504e-09,3.7335819551267534e-14,37.335819551267534
5495,3.921522153500171e-09,2.410679121841409e-14,24.10679121841409
5496,3.921519098191344e-09,2.1051482391295627e-14,21.05148239129563
5497,3.921509225961357e-09,1.1179252404674555e-14,11.179252404674555
5498,3.921496016177613e-09,-2.0305313396172708e-15,-2.0305313396172706
5499,3.921539094132011e-09,4.1047423058445786e-14,41.04742305844579
5500,3.92155898845583e-09,6.094174687697974e-14,60.94174687697974
5501,3.921531070846199e-09,3.302413724667287e-14,33.024137246672865
5502,3.921537051549328e-09,3.900484037559172e-14,39.00484037559172
5503,3.921517056692863e-09,1.9009983910614047e-14,19.009983910614046
5504,3.921513271824394e-09,1.5225115441630087e-14,15.225115441630088
5505,3.921513176523023e-09,1.512981407066861e-14,15.129814070668612
5506,3.9215671929660346e-09,6.914625708188361e-14,69.1462570818836
5507,3.9215514904930755e-09,5.344378412283036e-14,53.44378412283036
5508,3.921542791667995e-09,4.474495904243604e-14,44.74495904243604
5509,3.921530446264433e-09,3.239955548015828e-14,32.399555480158284
5510,3.921523839271919e-09,2.5792562966303178e-14,25.792562966303176
5511,3.921512472198187e-09,1.4425489234367716e-14,14.425489234367715
5512,3.921546602340476e-09,4.855563152312515e-14,48.55563152312515
5513,3.921587631396713e-09,8.958468776067941e-14,89.58468776067942
5514,3.921547054723832e-09,4.900801487959473e-14,49.00801487959473
5515,3.921541732619313e-09,4.36859103603522e-14,43.685910360352196
5516,3.9215411923884756e-09,4.314567952285698e-14,43.14567952285698
5517,3.921517057858381e-09,1.901114942794947e-14,19.01114942794947
5518,3.921533101014767e-09,3.5054305814651975e-14,35.054305814651975
5519,3.921587138437091e-09,8.909172813790457e-14,89.09172813790457
5520,3.921560680976736e-09,6.263426778339255e-14,62.63426778339255
5521,3.921556095397858e-09,5.804868890497373e-14,58.04868890497373
5522,3.921544346820486e-09,4.6300111533594933e-14,46.30011153359494
5523,3.9215371629239965e-09,3.911621504376029e-14,39.11621504376029
5524,3.921515926493414e-09,1.7879784460960845e-14,17.879784460960845
5525,3.921590381529734e-09,9.233482078129752e-14,92.33482078129752
5526,3.921578309643275e-09,8.026293432208354e-14,80.26293432208354
5527,3.921563376764123e-09,6.533005517011482e-14,65.33005517011482
5528,3.921556588953792e-09,5.854224483894345e-14,58.542244838943446
5529,3.921547604061968e-09,4.955735301533882e-14,49.55735301533882
5530,3.921532706419387e-09,3.4659710433975876e-14,34.659710433975874
5531,3.921559865385652e-09,6.181867669914033e-14,61.818676699140326
5532,3.921597402308007e-09,9.935559905428172e-14,99.35559905428171
5533,3.921572108250794e-09,7.406154184095527e-14,74.06154184095527
5534,3.921568569577533e-09,7.052286858028845e-14,70.52286858028846
5535,3.921555951470019e-09,5.790476106657628e-14,57.904761066576285
5536,3.921548721820198e-09,5.067511124506275e-14,50.67511124506275
5537,3.921530406582633e-09,3.235987368064531e-14,32.359873680645315
5538,3.921615886030589e-09,1.178393216363034e-13,117.83932163630341
5539,3.921586174012153e-09,8.81273032004244e-14,88.1273032004244
5540,3.921577012015905e-09,7.896530695194427e-14,78.96530695194427
5541,3.921567248612711e-09,6.920190375838643e-14,69.20190375838642
5542,3.921559103977571e-09,6.105726861845807e-14,61.05726861845807
5543,3.9215400619992905e-09,4.2015290337823595e-14,42.01529033782359
5544,3.921595719138344e-09,9.76724293916066e-14,97.6724293916066
5545,3.921603214417698e-09,1.0516770874537907e-13,105.16770874537907
5546,3.921583714147159e-09,8.566743820643497e-14,85.66743820643498
5547,3.921580732997761e-09,8.268628880791452e-14,82.68628880791452
5548,3.921570085915586e-09,7.203920663367237e-14,72.03920663367236
5549,3.921559829064879e-09,6.178235592636206e-14,61.782355926362065
5550,3.921565277750002e-09,6.723104104924228e-14,67.23104104924228
5551,3.9216140936275574e-09,1.1604691860475037e-13,116.04691860475037
5552,3.921599006466436e-09,1.0095975748363696e-13,100.95975748363696
5553,3.921583858346048e-09,8.581163709537555e-14,85.81163709537554
5554,3.921585687069852e-09,8.764036089970685e-14,87.64036089970685
5555,3.921549437176791e-09,5.139046783846869e-14,51.39046783846869
5556,3.921547803988849e-09,4.975727989594515e-14,49.757279895945146
5557,3.921635288831353e-09,1.3724212239994106e-13,137.24212239994105
5558,3.921604863651833e-09,1.068169428800554e-13,106.8169428800554
5559,3.921594360470392e-09,9.631376143915639e-14,96.31376143915638
5560,3.921585343106713e-09,8.729639776048582e-14,87.29639776048582
5561,3.921576898445727e-09,7.885173677437641e-14,78.8517367743764
5562,3.921556708568396e-09,5.866185944362291e-14,58.66185944362291
5563,3.9216194680719366e-09,1.2142136298386964e-13,121.42136298386964
5564,3.921619469101929e-09,1.214223929759335e-13,121.4223929759335
5565,3.921601436542976e-09,1.0338983402293734e-13,103.38983402293734
5566,3.921594789651822e-09,9.674294286913477e-14,96.74294286913478
5567,3.921584739693994e-09,8.669298504138901e-14,86.69298504138901
5568,3.921568957749016e-09,7.091104006309258e-14,70.91104006309257
5569,3.9216009853251365e-09,1.0293861618380319e-13,102.93861618380319
5570,3.92163318146759e-09,1.3513475863728098e-13,135.13475863728098
5571,3.921608281490761e-09,1.102347818085987e-13,110.2347818085987
5572,3.92160372941373e-09,1.0568270477730969e-13,105.68270477730968
5573,3.921591518397027e-09,9.347168807431151e-14,93.47168807431152
5574,3.921580648267361e-09,8.260155840813478e-14,82.60155840813478
5575,3.921583827798652e-09,8.578108969916577e-14,85.78108969916576
5576,3.921646213144022e-09,1.4816643506968775e-13,148.16643506968776
5577,3.921615925875019e-09,1.1787916606614225e-13,117.87916606614225
5578,3.92161234302052e-09,1.1429631156694665e-13,114.29631156694666
5579,3.9215987365543055e-09,1.0068984535279669e-13,100.6898453527967
5580,3.921590419124444e-09,9.237241549162846e-14,92.37241549162846
5581,3.921583423445452e-09,8.53767364989373e-14,85.3767364989373
5582,3.921647991750581e-09,1.499450416285959e-13,149.9450416285959
5583,3.921636235909055e-09,1.3818920010266146e-13,138.18920010266146
5584,3.921611891856891e-09,1.1384514793792112e-13,113.84514793792113
5585,3.921607167635659e-09,1.0912092670669572e-13,109.12092670669571
5586,3.921597840976206e-09,9.979426725326935e-14,99.79426725326935
5587,3.921576424757798e-09,7.83780488452175e-14,78.37804884521749
5588,3.921647785454013e-09,1.4973874506022623e-13,149.73874506022622
5589,3.921638316140659e-09,1.4026943170595508e-13,140.26943170595507
5590,3.921622525115487e-09,1.2447840653446408e-13,124.47840653446409
5591,3.9216143057788175e-09,1.1625906986485147e-13,116.25906986485147
5592,3.921604601573063e-09,1.0655486410991134e-13,106.55486410991134
5593,3.921585988396741e-09,8.794168778849488e-14,87.94168778849487
5594,3.921640162482748e-09,1.4211577379558927e-13,142.11577379558926
5595,3.921648962843362e-09,1.5091613440943686e-13,150.91613440943686
5596,3.921627899478551e-09,1.2985276959842041e-13,129.85276959842042
5597,3.921627072503344e-09,1.290257943913571e-13,129.0257943913571
5598,3.921603930397708e-09,1.0588368875503419e-13,105.88368875503419
5599,3.921595031889692e-09,9.698518073952235e-14,96.98518073952235
5600,3.9216259488091074e-09,1.279021001547388e-13,127.9021001547388
5601,3.92165904546278e-09,1.6099875382762875e-13,160.99875382762875
5602,3.9216335633507e-09,1.355166417474847e-13,135.5166417474847
5603,3.9216284880648055e-09,1.3044135585280848e-13,130.44135585280847
5604,3.921616219720913e-09,1.1817301195994013e-13,118.17301195994013
5605,3.921603483408257e-09,1.0543669930437273e-13,105.43669930437272
5606,3.921616927244145e-09,1.1888053519264986e-13,118.88053519264986
5607,3.9216725865244984e-09,1.7453981554572352e-13,174.5398155457235
5608,3.921639446882209e-09,1.4140017325669453e-13,141.40017325669453
5609,3.924853603768817e-09,3.355557059864214e-12,3355.557059864214
5610,3.927987942152272e-09,6.489895443319274e-12,6489.895443319274
5611,3.922714322666292e-09,1.2162759573393157e-12,1216.2759573393157
5612,3.92150842644357e-09,1.0379734617629431e-14,10.379734617629431
5613,3.920977150004713e-09,-5.208967042400818e-13,-520.8967042400818
5614,3.921175493272521e-09,-3.2255343643194144e-13,-322.55343643194146
5615,3.92116620041307e-09,-3.318462958826406e-13,-331.84629588264056
5616,3.9211915853264254e-09,-3.0646138252725984e-13,-306.46138252725984
5617,3.921195314006117e-09,-3.0273270283586494e-13,-302.7327028358649
5618,3.92120787676511e-09,-2.9016994384305815e-13,-290.16994384305815
5619,3.92119452955874e-09,-3.035171502127125e-13,-303.5171502127125
5620,3.921229305993944e-09,-2.6874071500893647e-13,-268.7407150089365
5621,3.921269835720871e-09,-2.282109880819204e-13,-228.21098808192042
5622,3.921256350820825e-09,-2.4169588812748043e-13,-241.69588812748043
5623,3.921257249949687e-09,-2.407967592658382e-13,-240.7967592658382
5624,3.9212573455763185e-09,-2.40701132634225e-13,-240.701132634225
5625,3.9212554795830645e-09,-2.4256712588823547e-13,-242.56712588823547
5626,3.92125948725508e-09,-2.3855945387280574e-13,-238.55945387280573
5627,3.92124093988983e-09,-2.5710681912235233e-13,-257.1068191223523
5628,3.921271361057802e-09,-2.2668565115050486e-13,-226.68565115050487
5629,3.921315586260729e-09,-1.8246044822362627e-13,-182.46044822362626
5630,3.921295156042882e-09,-2.028906660709655e-13,-202.8906660709655
5631,3.92129029431771e-09,-2.0775239124271637e-13,-207.75239124271639
5632,3.921297701261692e-09,-2.0034544726094715e-13,-200.34544726094714
5633,3.9212868121313825e-09,-2.112345775701967e-13,-211.2345775701967
5634,3.921281564728393e-09,-2.1648198055975497e-13,-216.48198055975496
5635,3.921293562292793e-09,-2.0448441615946488e-13,-204.48441615946487
5636,3.921314766170206e-09,-1.832805387468943e-13,-183.2805387468943
5637,3.921346167646677e-09,-1.5187906227573976e-13,-151.87906227573976
5638,3.9213065195658516e-09,-1.9152714310114493e-13,-191.52714310114493
5639,3.921314182517071e-09,-1.8386419188139757e-13,-183.86419188139757
5640,3.921324551284548e-09,-1.7349542440483244e-13,-173.49542440483245
5641,3.921312947258431e-09,-1.8509945052156461e-13,-185.09945052156462
5642,3.9213106307791745e-09,-1.8741592977824283e-13,-187.41592977824283
5643,3.921296775000671e-09,-2.0127170828195583e-13,-201.27170828195582
5644,3.921373152191918e-09,-1.2489451703507392e-13,-124.89451703507392
5645,3.921342971256042e-09,-1.550754529105529e-13,-155.0754529105529
5646,3.9213512563224685e-09,-1.4679038648423336e-13,-146.79038648423335
5647,3.9213388357023805e-09,-1.592110065722273e-13,-159.2110065722273
5648,3.921328616636119e-09,-1.6943007283382648e-13,-169.43007283382647
5649,3.921339829129726e-09,-1.5821757922663314e-13,-158.21757922663315
5650,3.92133021437065e-09,-1.6783233830234322e-13,-167.83233830234323
5651,3.9213580393081e-09,-1.4000740085272955e-13,-140.00740085272955
5652,3.921379747095577e-09,-1.1829961337544203e-13,-118.29961337544202
5653,3.921367812442008e-09,-1.3023426694467365e-13,-130.23426694467366
5654,3.921362012963272e-09,-1.3603374568046155e-13,-136.03374568046155
5655,3.921369301295536e-09,-1.2874541341636224e-13,-128.74541341636225
5656,3.9213521431998456e-09,-1.4590350910714022e-13,-145.90350910714022
5657,3.921345927983787e-09,-1.5211872516596768e-13,-152.11872516596767
5658,3.921342680364599e-09,-1.5536634435343076e-13,-155.36634435343078
5659,3.921404241987369e-09,-9.380472158345464e-14,-93.80472158345464
5660,3.921387134903391e-09,-1.1091180556201717e-13,-110.91180556201718
5661,3.921392430905743e-09,-1.0561580321007723e-13,-105.61580321007723
5662,3.9213807692542804e-09,-1.17277454672277e-13,-117.277454672277
5663,3.92137766255427e-09,-1.2038415468237128e-13,-120.38415468237127
5664,3.9213600787737016e-09,-1.3796793525112138e-13,-137.9679352511214
5665,3.921359185065851e-09,-1.3886164310190118e-13,-138.86164310190117
5666,3.921404761699681e-09,-9.328500927207372e-14,-93.28500927207372
5667,3.921418044558651e-09,-8.000215030135637e-14,-80.00215030135637
5668,3.921396809429111e-09,-1.0123727984154883e-13,-101.23727984154884
5669,3.921394880091345e-09,-1.0316661760748679e-13,-103.16661760748678
5670,3.921401105309169e-09,-9.694139978361814e-14,-96.94139978361814
5671,3.92136257078529e-09,-1.3547592366271776e-13,-135.47592366271775
5672,3.921372949961107e-09,-1.2509674784529678e-13,-125.09674784529678
5673,3.921404852528718e-09,-9.319418023507374e-14,-93.19418023507374
5674,3.92143693342048e-09,-6.111328847253116e-14,-61.11328847253116
5675,3.921414915686707e-09,-8.313102224587797e-14,-83.13102224587797
5676,3.921408316825709e-09,-8.972988324343944e-14,-89.72988324343943
5677,3.921405674570805e-09,-9.237213814789523e-14,-92.37213814789523
5678,3.921397843757984e-09,-1.0020295096899766e-13,-100.20295096899767
5679,3.921388739739446e-09,-1.0930696950630413e-13,-109.30696950630413
5680,3.92141162366944e-09,-8.642303951230433e-14,-86.42303951230433
5681,3.921451916064512e-09,-4.613064444084535e-14,-46.13064444084535
5682,3.921430470193174e-09,-6.757651577831468e-14,-67.57651577831469
5683,3.921421561710499e-09,-7.648499845381339e-14,-76.48499845381339
5684,3.921419690404654e-09,-7.835630429846906e-14,-78.35630429846906
5685,3.9214112289385344e-09,-8.6817770418252e-14,-86.817770418252
5686,3.921402472650739e-09,-9.557405821378805e-14,-95.57405821378805
5687,3.9214230237300234e-09,-7.5022978929271e-14,-75.022978929271
5688,3.921464826825297e-09,-3.3219883655725025e-14,-33.21988365572503
5689,3.921443756494487e-09,-5.4290214465699694e-14,-54.29021446569969
5690,3.921437247080169e-09,-6.07996287840311e-14,-60.7996287840311
5691,3.92143214753525e-09,-6.589917370231667e-14,-65.89917370231667
5692,3.921423634298477e-09,-7.441241047583579e-14,-74.41241047583578
5693,3.921414312355303e-09,-8.373435364981184e-14,-83.73435364981185
5694,3.921436852484788e-09,-6.11942241647072e-14,-61.1942241647072
5695,3.921477698690329e-09,-2.034801862354262e-14,-20.348018623542618
5696,3.921454848939809e-09,-4.319776914405481e-14,-43.19776914405481
5697,3.9214466268384235e-09,-5.141987052920726e-14,-51.41987052920726
5698,3.9214434992404165e-09,-5.454746853617619e-14,-54.54746853617619
5699,3.921435688756386e-09,-6.235795256654452e-14,-62.35795256654452
5700,3.921423539945783e-09,-7.450676316989634e-14,-74.50676316989635
5701,3.921455397600318e-09,-4.264910863466852e-14,-42.64910863466852
5702,3.921487980233741e-09,-1.0066475211753957e-14,-10.066475211753957
5703,3.921463955967007e-09,-3.4090741945719695e-14,-34.09074194571969
5704,3.921458670725362e-09,-3.937598359109772e-14,-39.37598359109772
5705,3.9214535642957595e-09,-4.448241319317857e-14,-44.48241319317857
5706,3.921445493223737e-09,-5.255348521570379e-14,-52.55348521570379
5707,3.921432567229911e-09,-6.547947904134753e-14,-65.47947904134753
5708,3.921478653303237e-09,-1.9393405715723445e-14,-19.393405715723446
5709,3.921495532948705e-09,-2.51376024789406e-15,-2.51376024789406
5710,3.921471153280499e-09,-2.6893428454000546e-14,-26.893428454000546
5711,3.921470727785356e-09,-2.7318923596592483e-14,-27.318923596592484
5712,3.921462508855262e-09,-3.553785369039041e-14,-35.537853690390406
5713,3.921454741983264e-09,-4.3304725688370506e-14,-43.3047256883705
5714,3.921442752523275e-09,-5.529418567742127e-14,-55.29418567742127
5715,3.921502146554852e-09,4.099845899213205e-15,4.0998458992132045
5716,3.921501165948197e-09,3.1192392443086903e-15,3.1192392443086905
5717,3.9214785862182275e-09,-1.9460490725145986e-14,-19.460490725145984
5718,3.921480913891872e-09,-1.7132817081036856e-14,-17.132817081036855
5719,3.921470353383241e-09,-2.769332571180604e-14,-27.69332571180604
5720,3.921462560924072e-09,-3.5485784881056793e-14,-35.485784881056794
5721,3.921463678953352e-09,-3.436775560078974e-14,-34.36775560078974
5722,3.9215167434126456e-09,1.869670369287436e-14,18.69670369287436
5723,3.921504942332784e-09,6.895623831292951e-15,6.8956238312929505
5724,3.92148825919896e-09,-9.787509992773437e-15,-9.787509992773437
5725,3.921489125151235e-09,-8.921557717609264e-15,-8.921557717609264
5726,3.921451913055851e-09,-4.6133653101873996e-14,-46.133653101873996
5727,3.921467539688868e-09,-3.050702008478611e-14,-30.50702008478611
5728,3.921485873601815e-09,-1.2173107137947604e-14,-12.173107137947603
5729,3.921530437265555e-09,3.239055660212665e-14,32.39055660212665
5730,3.9215074114134964e-09,9.364704543748502e-15,9.364704543748502
5731,3.9214985815896886e-09,5.348807358636177e-16,0.5348807358636177
5732,3.921494076946502e-09,-3.969762450379156e-15,-3.969762450379156
5733,3.921485052616825e-09,-1.299409212800794e-14,-12.99409212800794
5734,3.9214711981122585e-09,-2.684859669416827e-14,-26.848596694168272
5735,3.92152071327311e-09,2.266656415753866e-14,22.66656415753866
5736,3.92154858588835e-09,5.053917939768738e-14,50.539179397687384
5737,3.921495070373848e-09,-2.9763351047850006e-15,-2.9763351047850004
5738,3.921452389589811e-09,-4.5657119142012305e-14,-45.657119142012306
5739,3.921499191995512e-09,1.1452865589729567e-15,1.1452865589729566
5740,3.921497529235955e-09,-5.17472997805125e-16,-0.517472997805125
5741,3.921487956842079e-09,-1.0089866873625332e-14,-10.089866873625331
5742,3.921543642468545e-09,4.5595759592239725e-14,45.59575959223972
5743,3.921533715350823e-09,3.5668641870636574e-14,35.66864187063658
5744,3.921515493490171e-09,1.7446781218324446e-14,17.446781218324446
5745,3.921514927590847e-09,1.6880881894395637e-14,16.88088189439564
5746,3.921503931368468e-09,5.884659515558842e-15,5.884659515558842
5747,3.9214940570784975e-09,-3.989630455189953e-15,-3.989630455189953
5748,3.921515130553494e-09,1.7083844541084924e-14,17.083844541084925
5749,3.921552436405261e-09,5.438969630821534e-14,54.38969630821534
5750,3.921540288190969e-09,4.2241482016058384e-14,42.241482016058384
5751,3.9215278075873956e-09,2.9760878442871684e-14,29.760878442871686
5752,3.921513638420254e-09,1.5591711301201748e-14,15.591711301201748
5753,3.921509056419243e-09,1.1009710289952134e-14,11.009710289952134
5754,3.9215031504447485e-09,5.1037357957718455e-15,5.103735795771845
5755,3.921549270968598e-09,5.122425964542666e-14,51.22425964542666
5756,3.921553043883738e-09,5.499717478545897e-14,54.99717478545897
5757,3.921543168292725e-09,4.512158377210319e-14,45.12158377210319
5758,3.921530848123968e-09,3.280141501539003e-14,32.801415015390035
5759,3.921514562621291e-09,1.6515912338082705e-14,16.515912338082703
5760,3.9214949144384705e-09,-3.1322704822427282e-15,-3.132270482242728
5761,3.921538213678532e-09,4.016696957922462e-14,40.16696957922462
5762,3.921569316104939e-09,7.126939598615335e-14,71.26939598615336
5763,3.92154868552653e-09,5.06388175773388e-14,50.6388175773388
5764,3.92153325204413e-09,3.5205335177279206e-14,35.2053351772792
5765,3.921537826618356e-09,3.9779909403647295e-14,39.779909403647295
5766,3.921515593128351e-09,1.7546419397975864e-14,17.546419397975864
5767,3.9215105465738136e-09,1.2499864860870523e-14,12.499864860870524
5768,3.921579541513783e-09,8.149480483046157e-14,81.49480483046158
5769,3.921560350484809e-09,6.230377585616465e-14,62.303775856164656
5770,3.921544983599527e-09,4.693689057454998e-14,46.936890574549984
5771,3.921550576646169e-09,5.252993721669664e-14,52.529937216696645
5772,3.921534201344447e-09,3.61546354944532e-14,36.1546354944532
5773,3.921524405225453e-09,2.635851650034061e-14,26.35851650034061
5774,3.921541748042089e-09,4.3701333136255803e-14,43.701333136255805
5775,3.921583059289047e-09,8.501258009425373e-14,85.01258009425374
5776,3.921549570289713e-09,5.1523580760195596e-14,51.5235807601956
5777,3.921554110630256e-09,5.6063921302967456e-14,56.06392130296746
5778,3.921542364031553e-09,4.431732260055344e-14,44.317322600553446
5779,3.921534148218541e-09,3.610150958800141e-14,36.10150958800141
5780,3.92152185843455e-09,2.381172559717216e-14,23.81172559717216
5781,3.921600830907642e-09,1.0278419868938694e-13,102.78419868938694
5782,3.921571704331274e-09,7.36576223215958e-14,73.6576223215958
5783,3.9215683087998054e-09,7.026209085275138e-14,70.26209085275138
5784,3.9215456938603704e-09,4.7647151417745236e-14,47.647151417745235
5785,3.921546445104056e-09,4.839839510306044e-14,48.398395103060444
5786,3.921535970762393e-09,3.7924053439949544e-14,37.924053439949546
5787,3.921561853866646e-09,6.380715769358737e-14,63.80715769358737
5788,3.921598362450346e-09,1.0031574139318057e-13,100.31574139318057
5789,3.92157110324959e-09,7.305654063716983e-14,73.05654063716983
5790,3.921566000614695e-09,6.795390574269268e-14,67.95390574269268
5791,3.92155776328027e-09,5.971657131701681e-14,59.71657131701681
5792,3.921547696435993e-09,4.964972704043459e-14,49.649727040434584
5793,3.92154938177406e-09,5.133506510745468e-14,51.33506510745468
5794,3.9215998190217545e-09,1.0177231280180622e-13,101.77231280180622
5795,3.921588304767578e-09,9.025805862495585e-14,90.25805862495585
5796,3.921570750070732e-09,7.270336177948268e-14,72.70336177948268
5797,3.921568714697994e-09,7.066798904107564e-14,70.66798904107564
5798,3.92155746645282e-09,5.941974386724459e-14,59.41974386724459
5799,3.921540831105207e-09,4.27843962539305e-14,42.7843962539305
5800,3.921598518277303e-09,1.0047156835042105e-13,100.47156835042105
5801,3.921604903306527e-09,1.0685659757451406e-13,106.85659757451405
5802,3.921577534872402e-09,7.94881634496254e-14,79.4881634496254
5803,3.921579174023457e-09,8.112731450409761e-14,81.12731450409761
5804,3.921566492300381e-09,6.844559142791485e-14,68.44559142791485
5805,3.92155589693465e-09,5.785022569730026e-14,57.85022569730026
5806,3.921576055397223e-09,7.8008688270106e-14,78.00868827010599
5807,3.921616321391971e-09,1.1827468301866496e-13,118.27468301866496
5808,3.921591368207921e-09,9.332149896836795e-14,93.32149896836795
5809,3.9215839249702716e-09,8.587826131887478e-14,85.87826131887478
5810,3.92157641827969e-09,7.83715707372369e-14,78.3715707372369
5811,3.921565144203399e-09,6.709749444664638e-14,67.09749444664638
5812,3.921566194551359e-09,6.814784240629602e-14,68.14784240629602
5813,3.921618029986175e-09,1.1998327722228487e-13,119.98327722228487
5814,3.921606176349613e-09,1.0812964066039222e-13,108.12964066039223
5815,3.921588521987483e-09,9.047527853021332e-14,90.47527853021332
5816,3.921585885099379e-09,8.783839042651132e-14,87.83839042651132
5817,3.921574539357325e-09,7.649264837231952e-14,76.49264837231952
5818,3.921558917955583e-09,6.087124663071387e-14,60.87124663071387
5819,3.921618598243639e-09,1.2055153468593883e-13,120.55153468593883
5820,3.921620249185392e-09,1.2220247643903682e-13,122.20247643903681
5821,3.9215945294975105e-09,9.648278855784688e-14,96.48278855784687
5822,3.921595080597475e-09,9.703388852212126e-14,97.03388852212126
5823,3.92158202772489e-09,8.39810159372424e-14,83.9810159372424
5824,3.921570674203685e-09,7.2627494732463e-14,72.627494732463
5825,3.921600002360342e-09,1.0195565138917352e-13,101.95565138917351
5826,3.9216337556610605e-09,1.357089521078293e-13,135.7089521078293
5827,3.921603717866977e-09,1.0567115802417272e-13,105.67115802417271
5828,3.921601491484921e-09,1.0344477596802805e-13,103.44477596802804
5829,3.921590584465276e-09,9.25377563229325e-14,92.5377563229325
5830,3.921579740058306e-09,8.169334935329798e-14,81.69334935329799
5831,3.921591894669391e-09,9.38479604382726e-14,93.84796043827261
5832,3.921637313091019e-09,1.3926638206608012e-13,139.26638206608013
5833,3.921616122982974e-09,1.1807627402110011e-13,118.07627402110012
5834,3.921605303350024e-09,1.072566410711069e-13,107.2566410711069
5835,3.9215987659903945e-09,1.0071928144177967e-13,100.71928144177967
5836,3.921587425425406e-09,8.937871645296148e-14,89.37871645296148
5837,3.921587156949843e-09,8.911024088999976e-14,89.11024088999976
5838,3.921639231532553e-09,1.411848236001846e-13,141.1848236001846
5839,3.921627887769168e-09,1.2984106021495757e-13,129.84106021495757
5840,3.921609634710598e-09,1.1158800164513217e-13,111.58800164513217
5841,3.9216071083026955e-09,1.0906159374280645e-13,109.06159374280645
5842,3.921593924268753e-09,9.587755980011116e-14,95.87755980011116
5843,3.921581263226833e-09,8.321651788036856e-14,83.21651788036856
5844,3.921640606951429e-09,1.425602424761997e-13,142.5602424761997
5845,3.921639038896932e-09,1.4099218797918823e-13,140.99218797918823
5846,3.921614608542274e-09,1.1656183332151805e-13,116.56183332151805
5847,3.921614051397883e-09,1.1600468893013206e-13,116.00468893013206
5848,3.9216050267429445e-09,1.0698003399185153e-13,106.98003399185153
5849,3.92158757710529e-09,8.95303963368922e-14,89.53039633689221
5850,3.9216316835880786e-09,1.3363687912588363e-13,133.63687912588364
5851,3.921649573628656e-09,1.5152691970330657e-13,151.52691970330656
5852,3.921620204299422e-09,1.2215759046909592e-13,122.15759046909592
5853,3.921621086053944e-09,1.2303934499092407e-13,123.03934499092406
5854,3.921607553232162e-09,1.0950652320934019e-13,109.50652320934019
5855,3.921595855124402e-09,9.780841544909059e-14,97.80841544909059
5856,3.921621132024116e-09,1.2308531516303746e-13,123.08531516303745
5857,3.921658978486191e-09,1.6093177723842346e-13,160.93177723842345
5858,3.921628458330561e-09,1.3041162160822807e-13,130.41162160822807
5859,3.921625517703219e-09,1.2747099426590426e-13,127.47099426590425
5860,3.921614147675036e-09,1.1610096608304877e-13,116.10096608304877
5861,3.921602723301219e-09,1.0467659226629745e-13,104.67659226629745
5862,3.921617773436836e-09,1.1972672788322048e-13,119.72672788322049
5863,3.921662027642171e-09,1.6398093321821306e-13,163.98093321821307
5864,3.924850951376622e-09,3.3529046676694453e-12,3352.904667669445
5865,3.927980062441933e-09,6.482015732980192e-12,6482.015732980192
5866,3.922742084747121e-09,1.2440380381679795e-12,1244.0380381679795
5867,3.9214928343966025e-09,-5.2123123501561685e-15,-5.212312350156169
5868,3.920954687368578e-09,-5.433593403749081e-13,-543.359340374908
5869,3.921192514785843e-09,-3.0553192310984233e-13,-305.53192310984235
5870,3.921199111098965e-09,-2.989356099873862e-13,-298.9356099873862
5871,3.921198423416632e-09,-2.9962329232033945e-13,-299.62329232033943
5872,3.921210575208792e-09,-2.874715001610133e-13,-287.4715001610133
5873,3.921220382793224e-09,-2.7766391572892667e-13,-277.66391572892667
5874,3.921222030401055e-09,-2.7601630789750907e-13,-276.0163078975091
5875,3.921216334843098e-09,-2.8171186585506424e-13,-281.7118658550642
5876,3.921231609625405e-09,-2.664370835480022e-13,-266.4370835480022
5877,3.921287535700807e-09,-2.1051100814533418e-13,-210.5110081453342
5878,3.921272349497818e-09,-2.2569721113490414e-13,-225.69721113490414
5879,3.921270801148695e-09,-2.272455602574307e-13,-227.2455602574307
5880,3.921273927526975e-09,-2.241191819779058e-13,-224.1191819779058
5881,3.921272097095552e-09,-2.2594961340065877e-13,-225.94961340065876
5882,3.921268268750576e-09,-2.297779583767594e-13,-229.7779583767594
5883,3.921265346852826e-09,-2.326998561265535e-13,-232.69985612655353
5884,3.921273836697938e-09,-2.2421001101490578e-13,-224.21001101490577
5885,3.921316030404149e-09,-1.8201630480366758e-13,-182.0163048036676
5886,3.921317699424973e-09,-1.803472839793434e-13,-180.3472839793434
5887,3.9213019665943535e-09,-1.9608011459922624e-13,-196.08011459922625
5888,3.921308468744517e-09,-1.8957796443545049e-13,-189.5779644354505
5889,3.921302054089469e-09,-1.9599261948390666e-13,-195.99261948390665
5890,3.921297691341242e-09,-2.003553677108254e-13,-200.3553677108254
5891,3.9212893089405655e-09,-2.0873776838717982e-13,-208.7377683871798
5892,3.9213238309948346e-09,-1.742157141181232e-13,-174.2157141181232
5893,3.921352447643816e-09,-1.455990651371063e-13,-145.5990651371063
5894,3.9213375656137455e-09,-1.6048109520718544e-13,-160.48109520718543
5895,3.921328413185581e-09,-1.696335233714934e-13,-169.6335233714934
5896,3.92132867702618e-09,-1.6936968277281904e-13,-169.36968277281903
5897,3.921326631055365e-09,-1.7141565358746213e-13,-171.41565358746212
5898,3.921321823377672e-09,-1.762233312809146e-13,-176.2233312809146
5899,3.921312552120949e-09,-1.8549458800332696e-13,-185.49458800332695
5900,3.921364330065945e-09,-1.3371664300753415e-13,-133.71664300753415
5901,3.9213719199419385e-09,-1.2612676701421232e-13,-126.12676701421232
5902,3.921347023000876e-09,-1.5102370807681164e-13,-151.02370807681163
5903,3.921354269618461e-09,-1.437770904912987e-13,-143.7770904912987
5904,3.921338430264978e-09,-1.5961644397462825e-13,-159.61644397462825
5905,3.921341000718594e-09,-1.570459903590453e-13,-157.0459903590453
5906,3.92133772024808e-09,-1.603264608723347e-13,-160.3264608723347
5907,3.921359081063757e-09,-1.3896564519529685e-13,-138.96564519529684
5908,3.921399572816503e-09,-9.847389244937209e-14,-98.47389244937209
5909,3.9213706843038276e-09,-1.2736240512513973e-13,-127.36240512513973
5910,3.921374204816702e-09,-1.2384189225086205e-13,-123.84189225086205
5911,3.921362846308167e-09,-1.3520040078563488e-13,-135.20040078563488
5912,3.921365058812435e-09,-1.3298789651729802e-13,-132.98789651729803
5913,3.9213499218593295e-09,-1.4812484962318283e-13,-148.12484962318283
5914,3.921363345258007e-09,-1.3470145094585705e-13,-134.70145094585706
5915,3.9214098879701825e-09,-8.815873877023638e-14,-88.15873877023638
5916,3.921398472784979e-09,-9.957392397357589e-14,-99.57392397357589
5917,3.921383332172691e-09,-1.1471453626179283e-13,-114.71453626179283
5918,3.921385791034798e-09,-1.1225567415481296e-13,-112.25567415481295
5919,3.921377393482396e-09,-1.2065322655652787e-13,-120.65322655652787
5920,3.921367358296823e-09,-1.3068841212967352e-13,-130.6884121296735
5921,3.921377804693175e-09,-1.2024201577755843e-13,-120.24201577755844
5922,3.921421872578367e-09,-7.617413058590749e-14,-76.17413058590749
5923,3.921418117769403e-09,-7.992893954965928e-14,-79.92893954965929
5924,3.92139838596749e-09,-9.966074146253766e-14,-99.66074146253766
5925,3.921402298880236e-09,-9.574782871698316e-14,-95.74782871698316
5926,3.921393471089307e-09,-1.0457561964579464e-13,-104.57561964579463
5927,3.921387307156011e-09,-1.1073955294186354e-13,-110.73955294186354
5928,3.9213768631177984e-09,-1.2118359115425347e-13,-121.18359115425346
5929,3.921433733831449e-09,-6.431287750375313e-14,-64.31287750375313
5930,3.921435362194692e-09,-6.268451426089715e-14,-62.68451426089715
5931,3.921404845752454e-09,-9.320095649865178e-14,-93.20095649865178
5932,3.921420947482863e-09,-7.709922608958074e-14,-77.09922608958074
5933,3.921403209881111e-09,-9.483682784155222e-14,-94.83682784155222
5934,3.921401411677598e-09,-9.663503135472805e-14,-96.63503135472806
5935,3.921387782470243e-09,-1.102642387094459e-13,-110.26423870944589
5936,3.921444729349096e-09,-5.331735985632845e-14,-53.31735985632845
5937,3.921450333942492e-09,-4.771276646104482e-14,-47.71276646104482
5938,3.9214276590466765e-09,-7.038766227618941e-14,-70.38766227618942
5939,3.9214291297398184e-09,-6.891696913426714e-14,-68.91696913426713
5940,3.921421186549442e-09,-7.686015951054769e-14,-76.86015951054769
5941,3.921414190138613e-09,-8.385657033970527e-14,-83.85657033970527
5942,3.921400379164764e-09,-9.766754418864031e-14,-97.6675441886403
5943,3.921456790935635e-09,-4.125577331775309e-14,-41.25577331775309
5944,3.921462905808783e-09,-3.5140900169989154e-14,-35.14090016998915
5945,3.921437049972214e-09,-6.099673673898897e-14,-60.996736738988965
5946,3.921447791108926e-09,-5.02556000262837e-14,-50.2556000262837
5947,3.921432909973323e-09,-6.513673562957055e-14,-65.13673562957055
5948,3.9214257426651265e-09,-7.230404382616617e-14,-72.30404382616616
5949,3.9214105717222825e-09,-8.74749866701584e-14,-87.4749866701584
5950,3.921478241577462e-09,-1.9805131490724815e-14,-19.805131490724815
5951,3.921473198167111e-09,-2.484854184152995e-14,-24.848541841529947
5952,3.921449953143584e-09,-4.809356536907604e-14,-48.09356536907604
5953,3.921453360465751e-09,-4.468624320160585e-14,-44.68624320160585
5954,3.921443306875846e-09,-5.473983310662943e-14,-54.73983310662943
5955,3.921436077036289e-09,-6.196967266352315e-14,-61.96967266352315
5956,3.921428713108029e-09,-6.9333600924099e-14,-69.333600924099
5957,3.921485380642192e-09,-1.266606676072245e-14,-12.666066760722451
5958,3.921481622038521e-09,-1.642467043207795e-14,-16.42467043207795
5959,3.92146080085737e-09,-3.724585158281545e-14,-37.24585158281545
5960,3.921462944216645e-09,-3.5102492308028855e-14,-35.10249230802886
5961,3.921452711787591e-09,-4.5334921361403925e-14,-45.33492136140392
5962,3.921445326880019e-09,-5.271982893401738e-14,-52.71982893401738
5963,3.921446491014996e-09,-5.155569395636538e-14,-51.55569395636538
5964,3.921499097968078e-09,1.0512591255641513e-15,1.0512591255641512
5965,3.921488069436475e-09,-9.977272478012712e-15,-9.977272478012711
5966,3.9214711701127374e-09,-2.687659621527271e-14,-26.87659621527271
5967,3.921471406821177e-09,-2.663988777596481e-14,-26.639887775964812
5968,3.921460974573663e-09,-3.707213528972896e-14,-37.07213528972896
5969,3.921453076513202e-09,-4.49701957505798e-14,-44.9701957505798
5970,3.921466230026854e-09,-3.1816682099039973e-14,-31.816682099039973
5971,3.921512527492498e-09,1.4480783545164476e-14,14.480783545164476
5972,3.9214928144472826e-09,-5.232261670129902e-15,-5.232261670129902
5973,3.921481620330902e-09,-1.6426378050499614e-14,-16.426378050499615
5974,3.921478767740776e-09,-1.92789681764176e-14,-19.2789681764176
5975,3.921469518845724e-09,-2.8527863229022444e-14,-28.527863229022444
5976,3.921461383805773e-09,-3.6662903179724305e-14,-36.6629031797243
5977,3.9214856299002714e-09,-1.2416808681268033e-14,-12.416808681268034
5978,3.921519956635519e-09,2.1909926566415338e-14,21.909926566415336
5979,3.921495815817052e-09,-2.230891901092592e-15,-2.230891901092592
5980,3.921492534181021e-09,-5.512527931717405e-15,-5.512527931717405
5981,3.921485180552681e-09,-1.286615627165465e-14,-12.866156271654651
5982,3.921476796959382e-09,-2.1249749570398814e-14,-21.249749570398812
5983,3.9214636458038705e-09,-3.4400905082213485e-14,-34.400905082213484
5984,3.921524115201372e-09,2.6068492419200738e-14,26.068492419200737
5985,3.921522769218585e-09,2.472250963216861e-14,24.72250963216861
5986,3.9214999809423275e-09,1.934233374836346e-15,1.934233374836346
5987,3.921501617220246e-09,3.5705112935514694e-15,3.5705112935514696
5988,3.92149054491398e-09,-7.501794972739496e-15,-7.501794972739496
5989,3.921482321457342e-09,-1.572525161060755e-14,-15.72525161060755
5990,3.921499521349027e-09,1.4746400739197408e-15,1.4746400739197407
5991,3.921538628548493e-09,4.05818395405262e-14,40.5818395405262
5992,3.921493750845594e-09,-4.295863358808484e-15,-4.295863358808484
5993,3.921449030379115e-09,-4.9016329838078455e-14,-49.016329838078455
5994,3.921506408282541e-09,8.361573588710601e-15,8.361573588710602
5995,3.9214965903168735e-09,-1.4563920791775719e-15,-1.456392079177572
5996,3.921485475943563e-09,-1.2570765389760975e-14,-12.570765389760975
5997,3.921514702022585e-09,1.6655313632410028e-14,16.655313632410028
5998,3.92154884758765e-09,5.080087869707107e-14,50.80087869707107
5999,3.921522404872445e-09,2.4358163492104855e-14,24.358163492104854
6000,3.921518536276463e-09,2.0489567510350703e-14,20.489567510350703
6001,3.92150231268173e-09,4.265972777092296e-15,4.265972777092296
6002,3.9214985096528744e-09,4.629439217192045e-16,0.46294392171920445
6003,3.921486401147487e-09,-1.164556146587047e-14,-11.64556146587047
6004,3.921564991466418e-09,6.694475746559748e-14,66.94475746559748
6005,3.921537365317437e-09,3.9318608484309025e-14,39.318608484309024
6006,3.9215275500351695e-09,2.950332621679775e-14,29.503326216797753
6007,3.9215195341219325e-09,2.1487412979797737e-14,21.487412979797735
6008,3.921513157441065e-09,1.5110732112432866e-14,15.110732112432867
6009,3.921508326344605e-09,1.0279635652054707e-14,10.279635652054708
6010,3.921513093933923e-09,1.5047224970179528e-14,15.047224970179528
6011,3.921560013867139e-09,6.196715818666222e-14,61.96715818666222
6012,3.921536419730512e-09,3.837302155957579e-14,38.37302155957579
6013,3.921535166609641e-09,3.7119900688617046e-14,37.119900688617044
6014,3.921528325158408e-09,3.027844945496195e-14,30.27844945496195
6015,3.9215215358844036e-09,2.3489175450857723e-14,23.489175450857722
6016,3.921482768582318e-09,-1.5278126634674528e-14,-15.278126634674528
6017,3.921571603961258e-09,7.355725230547795e-14,73.55725230547795
6018,3.921558946334575e-09,6.089962562257868e-14,60.899625622578675
6019,3.921535798835033e-09,3.7752126080447656e-14,37.75212608044765
6020,3.92153500395221e-09,3.695724325768991e-14,36.95724325768991
6021,3.921526732655152e-09,2.868594619896093e-14,28.68594619896093
6022,3.921511215445239e-09,1.3168736286131143e-14,13.168736286131143
6023,3.921543460891786e-09,4.5414182833402715e-14,45.41418283340271
6024,3.921574950053108e-09,7.690334415525702e-14,76.90334415525703
6025,3.9215566502383194e-09,5.860352936674319e-14,58.60352936674319
6026,3.921544280900994e-09,4.6234192041507815e-14,46.23419204150782
6027,3.921540542761639e-09,4.249605268615798e-14,42.49605268615798
6028,3.921530314533869e-09,3.226782491620129e-14,32.26782491620129
6029,3.921516638976871e-09,1.8592267918609694e-14,18.592267918609693
6030,3.921574249306139e-09,7.620259718612533e-14,76.20259718612533
6031,3.921576471080336e-09,7.842437138303694e-14,78.42437138303694
6032,3.92155109340403e-09,5.3046695077157545e-14,53.046695077157544
6033,3.921552830621171e-09,5.478391221813107e-14,54.78391221813107
6034,3.921540724826289e-09,4.267811733597261e-14,42.67811733597261
6035,3.921530663918019e-09,3.2617209066284746e-14,32.617209066284744
6036,3.921549195697862e-09,5.1148988909601855e-14,51.148988909601854
6037,3.921589933564501e-09,9.188685554868082e-14,91.88685554868083
6038,3.921567390616091e-09,6.934390713792772e-14,69.34390713792772
6039,3.921558131312697e-09,6.008460374446701e-14,60.08460374446701
6040,3.9215523403720535e-09,5.4293663100787436e-14,54.293663100787434
6041,3.9215333541217645e-09,3.5307412811818716e-14,35.307412811818715
6042,3.9215324552639534e-09,3.440855500071961e-14,34.40855500071961
6043,3.9216054893449065e-09,1.0744263595379678e-13,107.44263595379678
6044,3.9215761799720524e-09,7.813326309972458e-14,78.13326309972459
6045,3.9215698498847734e-09,7.180317582072227e-14,71.80317582072227
6046,3.921558838402249e-09,6.079169329630775e-14,60.79169329630775
6047,3.921550955710354e-09,5.2909001401251886e-14,52.909001401251885
6048,3.921531042331682e-09,3.29956227295365e-14,32.9956227295365
6049,3.9215941437383776e-09,9.609702942487653e-14,96.09702942487654
6050,3.9215936705925495e-09,9.562388359680386e-14,95.62388359680386
6051,3.921575721598479e-09,7.767488952625202e-14,77.67488952625202
6052,3.921569785862635e-09,7.1739153682437e-14,71.739153682437
6053,3.921559760326461e-09,6.171361750862648e-14,61.713617508626484
6054,3.921545821470966e-09,4.777476201344678e-14,47.77476201344678
6055,3.9215668839684154e-09,6.883725946272524e-14,68.83725946272524
6056,3.921610463420528e-09,1.1241671157567147e-13,112.41671157567147
6057,3.921583732605701e-09,8.568589674842154e-14,85.68589674842154
6058,3.921580318371745e-09,8.227166279210175e-14,82.27166279210175
6059,3.921571869807631e-09,7.38230986781714e-14,73.82309867817139
6060,3.921562040674681e-09,6.399396572790662e-14,63.99396572790662
6061,3.921549132543086e-09,5.1085834133054574e-14,51.085834133054576
6062,3.921606747615738e-09,1.0870090678507483e-13,108.70090678507484
6063,3.921605729549898e-09,1.0768284094511095e-13,107.68284094511094
6064,3.921581590493259e-09,8.35437843061333e-14,83.5437843061333
6065,3.921581883526001e-09,8.383681704830182e-14,83.83681704830182
6066,3.921569129676375e-09,7.108296742259447e-14,71.08296742259446
6067,3.921557952934335e-09,5.990622538203883e-14,59.90622538203883
6068,3.921595404286033e-09,9.73575770807168e-14,97.35757708071681
6069,3.921617068461478e-09,1.190217525256161e-13,119.0217525256161
6070,3.921586618670569e-09,8.857196161641502e-14,88.57196161641502
6071,3.921586698332324e-09,8.865162337103839e-14,88.65162337103838
6072,3.92157639065964e-09,7.834395068689283e-14,78.34395068689282
6073,3.921561760056053e-09,6.371334710061306e-14,63.713347100613056
6074,3.921586808595685e-09,8.876188673198017e-14,88.76188673198017
6075,3.921626213002072e-09,1.281662931191192e-13,128.16629311911922
6076,3.921595897055921e-09,9.785034696811147e-14,97.85034696811147
6077,3.921592253160839e-09,9.420645188660494e-14,94.20645188660494
6078,3.9215873135357415e-09,8.926682678876098e-14,89.26682678876098
6079,3.921576406705832e-09,7.835999687904561e-14,78.35999687904561
6080,3.9215488429797905e-09,5.079627083783801e-14,50.79627083783801
6081,3.921640359102812e-09,1.4231239385956952e-13,142.3123938595695
6082,3.921609492896954e-09,1.1144618800097107e-13,111.44618800097106
6083,3.921603362926291e-09,1.0531621733795527e-13,105.31621733795528
6084,3.921591251222507e-09,9.320451355395677e-14,93.20451355395677
6085,3.92158283138975e-09,8.478468079759728e-14,84.78468079759728
6086,3.921560821462233e-09,6.277475327989236e-14,62.77475327989236
6087,3.9216383105570175e-09,1.4026384806476678e-13,140.2638480647668
6088,3.9216223535947035e-09,1.2430688575077687e-13,124.30688575077687
6089,3.921607870686558e-09,1.0982397760544394e-13,109.82397760544394
6090,3.921599523847713e-09,1.0147713876034704e-13,101.47713876034705
6091,3.921590069550559e-09,9.202284160616482e-14,92.02284160616482
6092,3.921571554630059e-09,7.350792110662986e-14,73.50792110662985
6093,3.921621667972355e-09,1.2362126340195135e-13,123.62126340195135
6094,3.921634520782534e-09,1.3647407358095233e-13,136.47407358095234
6095,3.921613328180824e-09,1.152814718709756e-13,115.28147187097561
6096,3.921607504009383e-09,1.0945730043070935e-13,109.45730043070935
6097,3.921597288629409e-09,9.924192045649661e-14,99.24192045649662
6098,3.921581854171227e-09,8.380746227448178e-14,83.80746227448178
6099,3.9216061376435955e-09,1.0809093464283449e-13,108.09093464283448
6100,3.921646151019238e-09,1.4810431028520433e-13,148.10431028520432
6101,3.921619451700484e-09,1.214049915310651e-13,121.40499153106511
6102,3.9216149380855245e-09,1.1689137657184502e-13,116.89137657184502
6103,3.921601933649672e-09,1.0388694071902195e-13,103.88694071902195
6104,3.921591602531116e-09,9.355582216289638e-14,93.55582216289639
6105,3.9215916618369744e-09,9.361512802173134e-14,93.61512802173134
6106,3.921657181285565e-09,1.5913457661225717e-13,159.13457661225718
6107,3.921625877793865e-09,1.27831084912441e-13,127.831084912441
6108,3.921622249131824e-09,1.242024228714579e-13,124.2024228714579
6109,3.921608249289957e-09,1.1020258100407588e-13,110.20258100407588
6110,3.921599550464876e-09,1.0150375592368156e-13,101.50375592368155
6111,3.921578846919661e-09,8.080021070865874e-14,80.80021070865874
6112,3.9216672550958405e-09,1.692083868877976e-13,169.20838688779762
6113,3.921635623497458e-09,1.3757678850553302e-13,137.57678850553302
6114,3.9216263161910136e-09,1.2826948206088552e-13,128.2694820608855
6115,3.92161547229904e-09,1.1742559008728294e-13,117.42559008728294
6116,3.921605636444036e-09,1.0758973508354875e-13,107.58973508354876
6117,3.921583829479165e-09,8.578277021253312e-14,85.78277021253312
6118,3.921655129704004e-09,1.5708299505137148e-13,157.08299505137148
6119,3.9248510528850505e-09,3.3530061760978442e-12,3353.006176097844
6120,3.927980002431343e-09,6.481955722389945e-12,6481.955722389945
6121,3.922752243179376e-09,1.2541964704230825e-12,1254.1964704230825
6122,3.92151314974323e-09,1.510303427700822e-14,15.10303427700822
6123,3.920932301141591e-09,-5.657455673616284e-13,-565.7455673616283
6124,3.921181533335719e-09,-3.16513373234079e-13,-316.513373234079
6125,3.921231608893568e-09,-2.6643781538446864e-13,-266.43781538446865
6126,3.921215606313448e-09,-2.8244039550486587e-13,-282.4403955048659
6127,3.921227474640949e-09,-2.7057206800353605e-13,-270.57206800353606
6128,3.921230757496707e-09,-2.672892122454672e-13,-267.2892122454672
6129,3.921237237583357e-09,-2.608091255959015e-13,-260.8091255959015
6130,3.921233883902092e-09,-2.64162806860888e-13,-264.162806860888
6131,3.921220316412946e-09,-2.777302960069371e-13,-277.73029600693707
6132,3.921259999188241e-09,-2.380475207120124e-13,-238.04752071201239
6133,3.921295248525327e-09,-2.0279818362565248e-13,-202.79818362565248
6134,3.921293047269656e-09,-2.049994392964498e-13,-204.9994392964498
6135,3.921287186804548e-09,-2.1085990440444001e-13,-210.85990440444002
6136,3.921277111937176e-09,-2.2093477177709863e-13,-220.93477177709863
6137,3.921281026801485e-09,-2.1701990746763366e-13,-217.01990746763366
6138,3.921285204910082e-09,-2.128417988706892e-13,-212.84179887068922
6139,3.921271923948465e-09,-2.261227604876047e-13,-226.1227604876047
6140,3.921310723505565e-09,-1.87323203387441e-13,-187.323203387441
6141,3.921331859159556e-09,-1.6618754939657409e-13,-166.1875493965741
6142,3.921323444503865e-09,-1.7460220508755996e-13,-174.60220508755995
6143,3.921319890760194e-09,-1.7815594875842432e-13,-178.15594875842433
6144,3.921316129202072e-09,-1.8191750688069984e-13,-181.91750688069985
6145,3.921304292180908e-09,-1.9375452804429915e-13,-193.75452804429915
6146,3.921304149310167e-09,-1.9389739878557842e-13,-193.89739878557842
6147,3.921308133780256e-09,-1.8991292869663988e-13,-189.91292869663988
6148,3.9213439665265314e-09,-1.5408018242126552e-13,-154.08018242126553
6149,3.921359121612919e-09,-1.389250960340459e-13,-138.92509603404588
6150,3.921339485302112e-09,-1.585614068405826e-13,-158.5614068405826
6151,3.921334854430688e-09,-1.63192278264757e-13,-163.19227826475702
6152,3.921325906266213e-09,-1.7214044273976869e-13,-172.14044273976867
6153,3.921344343530732e-09,-1.53703178220838e-13,-153.703178220838
6154,3.9213224300972075e-09,-1.756166117451917e-13,-175.6166117451917
6155,3.9213327891068645e-09,-1.6525760208817896e-13,-165.25760208817897
6156,3.921394683823647e-09,-1.0336288530576098e-13,-103.36288530576098
6157,3.921366876070802e-09,-1.3117063815094076e-13,-131.17063815094076
6158,3.9213569680892485e-09,-1.4107861970419954e-13,-141.07861970419953
6159,3.921359256541879e-09,-1.3879016707368007e-13,-138.79016707368007
6160,3.921351538052403e-09,-1.46508656549713e-13,-146.508656549713
6161,3.921346562106532e-09,-1.5148460242033522e-13,-151.48460242033522
6162,3.921343384770751e-09,-1.5466193820196693e-13,-154.66193820196693
6163,3.92139619013283e-09,-1.0185657612247255e-13,-101.85657612247256
6164,3.921394229407411e-09,-1.0381730154130396e-13,-103.81730154130396
6165,3.921374172507477e-09,-1.2387420147560212e-13,-123.87420147560212
6166,3.921379025504821e-09,-1.1902120413133975e-13,-119.02120413133976
6167,3.92137084015789e-09,-1.2720655106284494e-13,-127.20655106284494
6168,3.921365002759183e-09,-1.3304394976961552e-13,-133.04394976961552
6169,3.921343478716869e-09,-1.5456799208372106e-13,-154.56799208372107
6170,3.92140207656458e-09,-9.597014437245132e-14,-95.97014437245132
6171,3.921416041251192e-09,-8.200545776051215e-14,-82.00545776051214
6172,3.921394814198958e-09,-1.032325099945196e-13,-103.23250999451959
6173,3.921392795278988e-09,-1.0525142996495917e-13,-105.25142996495917
6174,3.921388116052147e-09,-1.0993065680602642e-13,-109.93065680602642
6175,3.9213812074887985e-09,-1.1683922015415836e-13,-116.83922015415837
6176,3.921370941042902e-09,-1.2710566605069517e-13,-127.10566605069516
6177,3.921402291399241e-09,-9.575530971197331e-14,-95.75530971197331
6178,3.921434801824799e-09,-6.324488415374628e-14,-63.244884153746284
6179,3.921412891616776e-09,-8.515509217663685e-14,-85.15509217663686
6180,3.9214061345706815e-09,-9.191213827116395e-14,-91.91213827116394
6181,3.921403563737595e-09,-9.448297135750726e-14,-94.48297135750727
6182,3.921395709912583e-09,-1.023367963697207e-13,-102.3367963697207
6183,3.921386790045785e-09,-1.112566631680305e-13,-111.2566631680305
6184,3.921408539954516e-09,-8.950675443634192e-14,-89.50675443634192
6185,3.9214493956468265e-09,-4.865106212616809e-14,-48.651062126168085
6186,3.921428569586766e-09,-6.947712218668177e-14,-69.47712218668177
6187,3.921419061567394e-09,-7.898514155851065e-14,-78.98514155851065
6188,3.921417465648901e-09,-8.0581060051355e-14,-80.58106005135501
6189,3.921408904409077e-09,-8.914229987606092e-14,-89.14229987606092
6190,3.9214005675177865e-09,-9.747919116622527e-14,-97.47919116622526
6191,3.921418644176663e-09,-7.940253228986326e-14,-79.40253228986326
6192,3.9214616879786925e-09,-3.63587302602335e-14,-36.3587302602335
6193,3.921441853421519e-09,-5.619328743400919e-14,-56.193287434009186
6194,3.921431495875535e-09,-6.655083341808908e-14,-66.55083341808908
6195,3.921429934082305e-09,-6.811262664755445e-14,-68.11262664755445
6196,3.921421077695544e-09,-7.696901340866523e-14,-76.96901340866523
6197,3.92141236201112e-09,-8.56846978328417e-14,-85.6846978328417
6198,3.921432006128182e-09,-6.60405807706631e-14,-66.0405807706631
6199,3.921474247214028e-09,-2.3799494924487287e-14,-23.799494924487288
6200,3.921453100013284e-09,-4.494669566849118e-14,-44.94669566849118
6201,3.921443463868321e-09,-5.458284063205353e-14,-54.58284063205353
6202,3.921441055421615e-09,-5.699128733801283e-14,-56.99128733801283
6203,3.921432361285709e-09,-6.568542324401116e-14,-65.68542324401116
6204,3.92142235090126e-09,-7.569580769246119e-14,-75.69580769246119
6205,3.9214473324914075e-09,-5.071421754524507e-14,-50.71421754524507
6206,3.921486309098722e-09,-1.1737610230314489e-14,-11.73761023031449
6207,3.921462270059734e-09,-3.577664921888034e-14,-35.776649218880344
6208,3.921455078194358e-09,-4.296851459468275e-14,-42.96851459468275
6209,3.921442691347168e-09,-5.5355361785003766e-14,-55.355361785003765
6210,3.921447055260912e-09,-5.099144804074961e-14,-50.99144804074961
6211,3.921424129751765e-09,-7.391695718806423e-14,-73.91695718806423
6212,3.9214683879144376e-09,-2.9658794515142074e-14,-29.658794515142073
6213,3.9214941164385664e-09,-3.930270386246372e-15,-3.9302703862463715
6214,3.9214697024553616e-09,-2.8344253591112024e-14,-28.344253591112025
6215,3.921466505495521e-09,-3.154121343206572e-14,-31.541213432065717
6216,3.92145989272963e-09,-3.815397932248931e-14,-38.153979322489306
6217,3.921451884107653e-09,-4.616260129987936e-14,-46.162601299879356
6218,3.9214375823696905e-09,-6.046433926218996e-14,-60.46433926218996
6219,3.921488181488769e-09,-9.865220183486335e-15,-9.865220183486334
6220,3.921509456869315e-09,1.1410160362359655e-14,11.410160362359655
6221,3.92147510880239e-09,-2.2937906563067368e-14,-22.93790656306737
6222,3.921478120255239e-09,-1.9926453713825943e-14,-19.926453713825943
6223,3.92146757825936e-09,-3.0468449592499936e-14,-30.468449592499937
6224,3.921459798349831e-09,-3.824835912160417e-14,-38.24835912160417
6225,3.9214544900688895e-09,-4.355664006314751e-14,-43.55664006314751
6226,3.9215107446304454e-09,1.2697921492729313e-14,12.697921492729312
6227,3.9215037074536146e-09,5.6607446618862734e-15,5.660744661886273
6228,3.921484135490207e-09,-1.3911218745713428e-14,-13.911218745713429
6229,3.9214849696482534e-09,-1.3077060699257393e-14,-13.077060699257393
6230,3.9214742903110646e-09,-2.3756397888130988e-14,-23.756397888130987
6231,3.921466155704795e-09,-3.1891004157963855e-14,-31.891004157963856
6232,3.921476097648981e-09,-2.1949059971651964e-14,-21.949059971651963
6233,3.92152437625015e-09,2.6329541197280936e-14,26.329541197280935
6234,3.921498681715759e-09,6.35006806492654e-16,0.6350068064926541
6235,3.9214922789056195e-09,-5.767803333229117e-15,-5.767803333229117
6236,3.9215006337404556e-09,2.5870315028898684e-15,2.5870315028898685
6237,3.9214631836897995e-09,-3.486301915318112e-14,-34.86301915318112
6238,3.921469681096579e-09,-2.836561237390999e-14,-28.36561237390999
6239,3.921503431198901e-09,5.384489948336967e-15,5.384489948336967
6240,3.9215329034731315e-09,3.4856764178825116e-14,34.85676417882512
6241,3.9215069413576446e-09,8.894648691867412e-15,8.894648691867411
6242,3.921503893692443e-09,5.846983490064971e-15,5.846983490064971
6243,3.921504994753959e-09,6.948045006332625e-15,6.948045006332625
6244,3.921485947679928e-09,-1.2099029024512532e-14,-12.099029024512532
6245,3.921476595243568e-09,-2.1451465384589742e-14,-21.451465384589742
6246,3.921550628010247e-09,5.258130129461814e-14,52.58130129461814
6247,3.921499164510987e-09,1.1178020339004492e-15,1.117802033900449
6248,3.921452702463453e-09,-4.53442455000873e-14,-45.3442455000873
6249,3.9215157451606e-09,1.7698451647612644e-14,17.698451647612643
6250,3.9214954235256005e-09,-2.6231833521521596e-15,-2.6231833521521595
6251,3.9214919006003764e-09,-6.146108576263621e-15,-6.146108576263622
6252,3.921495823433572e-09,-2.2232753808308813e-15,-2.223275380830881
6253,3.9215479286720985e-09,4.988196314578098e-14,49.88196314578098
6254,3.921525978755171e-09,2.7932046218323136e-14,27.932046218323137
6255,3.921522328219351e-09,2.428151039851013e-14,24.28151039851013
6256,3.921509732988503e-09,1.16862795506374e-14,11.686279550637401
6257,3.9215033271425975e-09,5.2804336448326706e-15,5.28043364483267
6258,3.9214983000765945e-09,2.5336764177775647e-16,0.25336764177775645
6259,3.921546953378034e-09,4.8906669081521647e-14,48.90666908152165
6260,3.9215350913118004e-09,3.704460284773793e-14,37.04460284773793
6261,3.921530471390818e-09,3.242468186550563e-14,32.42468186550563
6262,3.9215213317020294e-09,2.328499307672439e-14,23.28499307672439
6263,3.921516944098468e-09,1.8897389515001427e-14,18.89738951500143
6264,3.921513117867686e-09,1.5071158733137146e-14,15.071158733137146
6265,3.9214998332468866e-09,1.7865379338895083e-15,1.7865379338895082
6266,3.921568479371912e-09,7.043266295953766e-14,70.43266295953767
6267,3.921540380321048e-09,4.233361209566534e-14,42.33361209566534
6268,3.9215374833328435e-09,3.943662389078407e-14,39.43662389078407
6269,3.921530285639881e-09,3.2238930928304553e-14,32.238930928304555
6270,3.9215141312714565e-09,1.6084562503759347e-14,16.084562503759347
6271,3.921499252222942e-09,1.2055139896545265e-15,1.2055139896545264
6272,3.92155888887186e-09,6.084216290743695e-14,60.84216290743694
6273,3.9215621558982665e-09,6.410918931378752e-14,64.10918931378751
6274,3.921543620540556e-09,4.5573831603301206e-14,45.57383160330121
6275,3.921537806452196e-09,3.9759743243239064e-14,39.759743243239065
6276,3.921539645503026e-09,4.159879407326329e-14,41.59879407326329
6277,3.921521919231187e-09,2.3872522233994286e-14,23.872522233994285
6278,3.921520352016946e-09,2.230530799366649e-14,22.30530799366649
6279,3.921571714116199e-09,7.366740724620248e-14,73.66740724620247
6280,3.921563959631211e-09,6.591292225804303e-14,65.91292225804303
6281,3.921539054721262e-09,4.100801230947594e-14,41.00801230947594
6282,3.921543316991053e-09,4.5270282100059577e-14,45.270282100059575
6283,3.921531847758371e-09,3.380104941842167e-14,33.80104941842167
6284,3.9215120013020785e-09,1.3954593125802949e-14,13.95459312580295
6285,3.921575221239176e-09,7.717453022364996e-14,77.17453022364997
6286,3.92157461189045e-09,7.65651814976588e-14,76.5651814976588
6287,3.921556903507947e-09,5.88567989942358e-14,58.8567989942358
6288,3.921551348001805e-09,5.3301292852311454e-14,53.301292852311455
6289,3.921541324905086e-09,4.327819613338902e-14,43.278196133389024
6290,3.9215287488104066e-09,3.070210145386066e-14,30.702101453860664
6291,3.921541585438868e-09,4.353872991543729e-14,43.53872991543729
6292,3.9215938628487e-09,9.581613974703985e-14,95.81613974703986
6293,3.921565992591599e-09,6.794588264661628e-14,67.94588264661628
6294,3.921563146886157e-09,6.510017720449358e-14,65.10017720449358
6295,3.921555902274346e-09,5.785556539299975e-14,57.85556539299975
6296,3.921536275043732e-09,3.82283347796576e-14,38.2283347796576
6297,3.92152133218992e-09,2.328548096770201e-14,23.28548096770201
6298,3.921599863175888e-09,1.0181646693528069e-13,101.81646693528069
6299,3.921583057418798e-09,8.501070984550619e-14,85.0107098455062
6300,3.921568955797452e-09,7.09090884991821e-14,70.9090884991821
6301,3.9215616303583684e-09,6.358364941572948e-14,63.58364941572948
6302,3.921552482782009e-09,5.443607305614341e-14,54.43607305614341
6303,3.921527115703779e-09,2.906899482650006e-14,29.06899482650006
6304,3.921569881516372e-09,7.183480741910454e-14,71.83480741910454
6305,3.921600837819431e-09,1.0279111047823653e-13,102.79111047823653
6306,3.921576346342876e-09,7.829963392309248e-14,78.29963392309249
6307,3.92157239084809e-09,7.434413913721362e-14,74.34413913721362
6308,3.921559952772347e-09,6.190606339424266e-14,61.90606339424266
6309,3.921551406467407e-09,5.3359758454462735e-14,53.359758454462735
6310,3.921541704538477e-09,4.365782952408482e-14,43.657829524084825
6311,3.921617568251575e-09,1.195215426220776e-13,119.5215426220776
6312,3.9215873304764e-09,8.928376744770606e-14,89.28376744770607
6313,3.9215807828439555e-09,8.273613500279454e-14,82.73613500279454
6314,3.921569741898237e-09,7.169518928434272e-14,71.69518928434272
6315,3.921561621061335e-09,6.357435238210042e-14,63.574352382100415
6316,3.921541216511974e-09,4.3169803021194785e-14,43.16980302119479
6317,3.9216068138333855e-09,1.0876712443275939e-13,108.76712443275939
6318,3.9216034361912525e-09,1.0538948229976098e-13,105.38948229976099
6319,3.9215860669200835e-09,8.802021113083714e-14,88.02021113083714
6320,3.921579549536879e-09,8.150282792653797e-14,81.50282792653796
6321,3.921569623422045e-09,7.157671309194437e-14,71.57671309194437
6322,3.921554466113043e-09,5.641940409027114e-14,56.419404090271144
6323,3.921582725246358e-09,8.467853740491095e-14,84.67853740491094
6324,3.921618596861281e-09,1.205501523281689e-13,120.5501523281689
6325,3.921593018607573e-09,9.49718986203797e-14,94.9718986203797
6326,3.921588981607889e-09,9.093489893618424e-14,90.93489893618424
6327,3.921576165904529e-09,7.811919557653658e-14,78.11919557653658
6328,3.921567251187691e-09,6.920447873854608e-14,69.20447873854609
6329,3.921559753495988e-09,6.170678703493982e-14,61.70678703493982
6330,3.921633070716338e-09,1.350240073853616e-13,135.02400738536159
6331,3.921602526220369e-09,1.044795114163939e-13,104.4795114163939
6332,3.921596665538421e-09,9.861882946796919e-14,98.61882946796919
6333,3.921584616420207e-09,8.656971125437741e-14,86.56971125437741
6334,3.921574383801418e-09,7.633709246562216e-14,76.33709246562216
6335,3.921563202288888e-09,6.515557993550759e-14,65.15557993550759
6336,3.921609787068108e-09,1.117403591554207e-13,111.74035915542069
6337,3.9216252641625406e-09,1.2721745358786852e-13,127.21745358786852
6338,3.921596456639767e-09,9.840993081438555e-14,98.40993081438555
6339,3.921597836829133e-09,9.97901201799596e-14,99.7901201799596
6340,3.921576125816154e-09,7.807910720120893e-14,78.07910720120893
6341,3.92157256041731e-09,7.451370835699035e-14,74.51370835699035
6342,3.9215941911451176e-09,9.614443616486846e-14,96.14443616486847
6343,3.921634378264158e-09,1.363315552053791e-13,136.33155520537912
6344,3.921608025320893e-09,1.0997861194029469e-13,109.97861194029468
6345,3.921601392361737e-09,1.0334565278440856e-13,103.34565278440856
6346,3.921592775366816e-09,9.472865786298258e-14,94.72865786298257
6347,3.921581844792878e-09,8.379808392568978e-14,83.79808392568978
6348,3.921586867847333e-09,8.88211383807065e-14,88.8211383807065
6349,3.921636136867187e-09,1.380901582342049e-13,138.0901582342049
6350,3.921619867546227e-09,1.2182083727432192e-13,121.82083727432192
6351,3.92160497695096e-09,1.0693024200708013e-13,106.93024200708014
6352,3.921600430430465e-09,1.0238372151192511e-13,102.3837215119251
6353,3.9215891468403e-09,9.110013134727103e-14,91.10013134727103
6354,3.921580668189576e-09,8.26214806230542e-14,82.6214806230542
6355,3.92163717908363e-09,1.391323746775609e-13,139.1323746775609
6356,3.921631166423642e-09,1.3311971468960805e-13,133.11971468960806
6357,3.921609325848504e-09,1.1127913955124536e-13,111.27913955124536
6358,3.921608064216646e-09,1.1001750769323261e-13,110.0175076932326
6359,3.921595221082971e-09,9.717437401862107e-14,97.17437401862107
6360,3.92158052540015e-09,8.247869119693786e-14,82.47869119693786
6361,3.921632823762188e-09,1.347770532355237e-13,134.7770532355237
6362,3.921641921519458e-09,1.4387481050528407e-13,143.87481050528407
6363,3.921614342370641e-09,1.1629566168817286e-13,116.29566168817286
6364,3.921614888483275e-09,1.168417743224538e-13,116.8417743224538
6365,3.921601731852542e-09,1.0368514358966808e-13,103.68514358966809
6366,3.9215890727079764e-09,9.102599902372733e-14,91.02599902372734
6367,3.921619538165607e-09,1.2149145665432083e-13,121.49145665432083
6368,3.921652513741002e-09,1.5446703204959845e-13,154.46703204959846
6369,3.921621679546213e-09,1.2363283726014264e-13,123.63283726014264
6370,3.921619788507889e-09,1.2174179893594773e-13,121.74179893594773
6371,3.9216083275422486e-09,1.1028083329587502e-13,110.28083329587503
6372,3.9215966410083465e-09,9.859429939381671e-14,98.59429939381671
6373,3.921613725784865e-09,1.1567907591268035e-13,115.67907591268035
6374,3.9248463622198766e-09,3.3483155109238573e-12,3348.3155109238573
6375,3.927985949388679e-09,6.487902679726245e-12,6487.902679726245
6376,3.9227644954770765e-09,1.266448768123798e-12,1266.4487681237981
6377,3.9215398803683216e-09,4.183365936887796e-14,41.83365936887796
6378,3.920963940031233e-09,-5.341066777197538e-13,-534.1066777197539
6379,3.9211614541012196e-09,-3.3659260773313037e-13,-336.59260773313036
6380,3.92122805168045e-09,-2.6999502850228495e-13,-269.9950285022849
6381,3.921233127481341e-09,-2.649192276115768e-13,-264.9192276115768
6382,3.9212319249385015e-09,-2.661217704511891e-13,-266.1217704511891
6383,3.921243704171689e-09,-2.543425372633833e-13,-254.3425372633833
6384,3.921248168536765e-09,-2.4987817218784835e-13,-249.87817218784835
6385,3.921241921905948e-09,-2.561248030046236e-13,-256.1248030046236
6386,3.9212537583036954e-09,-2.4428840525727346e-13,-244.28840525727347
6387,3.921246210169486e-09,-2.518365394669546e-13,-251.8365394669546
6388,3.921298943621856e-09,-1.9910308709655033e-13,-199.10308709655033
6389,3.9213108533929855e-09,-1.8719331596717724e-13,-187.19331596717726
6390,3.921287656453824e-09,-2.103902551283736e-13,-210.3902551283736
6391,3.921297014094355e-09,-2.0103261459786847e-13,-201.03261459786847
6392,3.921292343947707e-09,-2.0570276124574115e-13,-205.70276124574116
6393,3.92129326882637e-09,-2.047778825825024e-13,-204.7778825825024
6394,3.921280172504383e-09,-2.178742045694436e-13,-217.8742045694436
6395,3.921299575549092e-09,-1.9847115986031715e-13,-198.47115986031716
6396,3.921336865490193e-09,-1.6118121876006796e-13,-161.18121876006796
6397,3.921336067192133e-09,-1.6197951681966903e-13,-161.97951681966904
6398,3.921317492748934e-09,-1.8055396001847345e-13,-180.55396001847345
6399,3.9213293760655306e-09,-1.6867064342210901e-13,-168.670643422109
6400,3.9213187155663545e-09,-1.7933114259823567e-13,-179.33114259823566
6401,3.921307496377799e-09,-1.905503311538441e-13,-190.5503311538441
6402,3.9213029297995635e-09,-1.9511690938919012e-13,-195.1169093891901
6403,3.921338270670418e-09,-1.5977603853441812e-13,-159.77603853441812
6404,3.921366310930419e-09,-1.3173577853334883e-13,-131.73577853334882
6405,3.921352998987725e-09,-1.450477212273431e-13,-145.0477212273431
6406,3.9213384884053196e-09,-1.5955830363312872e-13,-159.55830363312873
6407,3.92134549297477e-09,-1.5255373418262318e-13,-152.55373418262317
6408,3.921338621301401e-09,-1.594254075518363e-13,-159.42540755183632
6409,3.9213338680506565e-09,-1.6417865829623e-13,-164.17865829623
6410,3.921341601203967e-09,-1.564455049858142e-13,-156.4455049858142
6411,3.921393469137743e-09,-1.0457757120970511e-13,-104.57757120970511
6412,3.921376787982588e-09,-1.2125872636480671e-13,-121.25872636480672
6413,3.9213633430896025e-09,-1.3470361935020202e-13,-134.70361935020202
6414,3.921367456715275e-09,-1.3058999367746614e-13,-130.58999367746614
6415,3.9213596096123165e-09,-1.3843709663621017e-13,-138.43709663621016
6416,3.9213543166186256e-09,-1.4373009032712146e-13,-143.73009032712147
6417,3.9213422912173345e-09,-1.5575549161819012e-13,-155.75549161819012
6418,3.9213992490195245e-09,-9.879768942818489e-14,-98.79768942818488
6419,3.9214041178733255e-09,-9.392883562714992e-14,-93.92883562714992
6420,3.921383417607822e-09,-1.1462910113060098e-13,-114.62910113060097
6421,3.92138387825822e-09,-1.141684507325662e-13,-114.1684507325662
6422,3.9213781517462905e-09,-1.1989496266214582e-13,-119.89496266214582
6423,3.921371707248577e-09,-1.2633946037539966e-13,-126.33946037539965
6424,3.921361028019809e-09,-1.37018689144056e-13,-137.018689144056
6425,3.921397104277892e-09,-1.009424310607414e-13,-100.9424310607414
6426,3.921424719124066e-09,-7.33275848871011e-14,-73.32758488710111
6427,3.921403167190651e-09,-9.487951830209384e-14,-94.87951830209384
6428,3.9213974973011795e-09,-1.005494077732154e-13,-100.5494077732154
6429,3.921394709871604e-09,-1.0333683734856701e-13,-103.33683734856702
6430,3.921387076573314e-09,-1.109701356388969e-13,-110.97013563889689
6431,3.921378204194571e-09,-1.1984251438205184e-13,-119.84251438205183
6432,3.9214003139771084e-09,-9.7732731844261e-14,-97.732731844261
6433,3.921440792014697e-09,-5.725469425581818e-14,-57.25469425581819
6434,3.92142036694681e-09,-7.76797621428381e-14,-77.6797621428381
6435,3.9214107049707295e-09,-8.734173822315993e-14,-87.34173822315992
6436,3.921409488116421e-09,-8.855859253144903e-14,-88.55859253144904
6437,3.921400864670497e-09,-9.71820384558013e-14,-97.1820384558013
6438,3.921393159245657e-09,-1.0488746329565578e-13,-104.88746329565578
6439,3.921409455156675e-09,-8.859155227749259e-14,-88.5915522774926
6440,3.921453164956994e-09,-4.4881751958359296e-14,-44.881751958359295
6441,3.921435010479507e-09,-6.303622944565145e-14,-63.03622944565145
6442,3.92142344131049e-09,-7.460539846253821e-14,-74.6053984625382
6443,3.921414381825557e-09,-8.366488339560984e-14,-83.66488339560983
6444,3.9214133794264385e-09,-8.466728251418131e-14,-84.66728251418131
6445,3.9214169177744385e-09,-8.112893451416624e-14,-81.12893451416625
6446,3.9213925226563515e-09,-1.0552405260123065e-13,-105.52405260123065
6447,3.921465119288833e-09,-3.292742011969706e-14,-32.92742011969706
6448,3.921458089023791e-09,-3.9957685161690505e-14,-39.957685161690506
6449,3.92141670884868e-09,-8.13378602728042e-14,-81.33786027280419
6450,3.921434798301142e-09,-6.324840781080686e-14,-63.24840781080686
6451,3.9214254152631755e-09,-7.263144577720248e-14,-72.63144577720247
6452,3.921417615268801e-09,-8.0431440151552e-14,-80.43144015155201
6453,3.921433021808777e-09,-6.502490017547867e-14,-65.02490017547868
6454,3.92147746724027e-09,-2.0579468682313963e-14,-20.579468682313962
6455,3.921458312288123e-09,-3.973442082932143e-14,-39.73442082932143
6456,3.9214470869467204e-09,-5.095976223225872e-14,-50.95976223225872
6457,3.921445364583149e-09,-5.2682125803469194e-14,-52.68212580346919
6458,3.9214368781532744e-09,-6.116855567827361e-14,-61.168555678273606
6459,3.921426129183201e-09,-7.191752575167508e-14,-71.91752575167509
6460,3.921448350855403e-09,-4.9695853549683745e-14,-49.69585354968375
6461,3.921489824841107e-09,-8.221867845595744e-15,-8.221867845595744
6462,3.921476922401574e-09,-2.112430737904224e-14,-21.12430737904224
6463,3.921439442291412e-09,-5.860441754034539e-14,-58.60441754034539
6464,3.921454774319594e-09,-4.3272389358576125e-14,-43.27238935857613
6465,3.9214461322796025e-09,-5.191442935018652e-14,-51.91442935018652
6466,3.92143803385858e-09,-6.001285037251268e-14,-60.01285037251268
6467,3.921470210376974e-09,-2.7836331978356877e-14,-27.836331978356878
6468,3.9214978100443176e-09,-2.366646351313794e-16,-0.2366646351313794
6469,3.921473218685637e-09,-2.482802331541566e-14,-24.82802331541566
6470,3.921469398932963e-09,-2.864777598929934e-14,-28.64777598929934
6471,3.921462990810233e-09,-3.505589871966629e-14,-35.05589871966629
6472,3.9214548773459056e-09,-4.316936304713569e-14,-43.16936304713569
6473,3.921440530965919e-09,-5.751574303389838e-14,-57.51574303389838
6474,3.921488322706102e-09,-9.724002850520098e-15,-9.724002850520097
6475,3.921501637738772e-09,3.5910298196657576e-15,3.5910298196657577
6476,3.921478154163662e-09,-1.989254529088146e-14,-19.892545290881458
6477,3.9214807132331546e-09,-1.733347579810961e-14,-17.33347579810961
6478,3.921470259084757e-09,-2.7787624195757966e-14,-27.787624195757967
6479,3.921462353597511e-09,-3.5693111441490334e-14,-35.69311144149033
6480,3.921456775377334e-09,-4.1271331618928254e-14,-41.27133161892825
6481,3.921513089082118e-09,1.5042373165457655e-14,15.042373165457656
6482,3.921506203937537e-09,8.157228584251396e-15,8.157228584251396
6483,3.921486521033142e-09,-1.1525675810647885e-14,-11.525675810647884
6484,3.921487286642506e-09,-1.0760066446547246e-14,-10.760066446547246
6485,3.921476509700017e-09,-2.1537008935998848e-14,-21.53700893599885
6486,3.921468261875935e-09,-2.9784833017693514e-14,-29.784833017693515
6487,3.9214784664138875e-09,-1.9580295065205634e-14,-19.580295065205632
6488,3.92152652971961e-09,2.8483010657325957e-14,28.483010657325956
6489,3.921507846368303e-09,9.799659350295374e-15,9.799659350295375
6490,3.9214956186006764e-09,-2.4281082762677052e-15,-2.428108276267705
6491,3.921492696052405e-09,-5.350656547365319e-15,-5.350656547365319
6492,3.921483108100228e-09,-1.4938608724360692e-14,-14.938608724360693
6493,3.921470960834613e-09,-2.7085874339616723e-14,-27.085874339616723
6494,3.921507444834028e-09,9.398125075715368e-15,9.398125075715368
6495,3.921534007814359e-09,3.596110540666454e-14,35.96110540666454
6496,3.921513375582542e-09,1.532887358953695e-14,15.32887358953695
6497,3.921499279870098e-09,1.2331611450529068e-15,1.2331611450529067
6498,3.921497261166968e-09,-7.85541984952166e-16,-0.785541984952166
6499,3.9214936438619445e-09,-4.402847008178491e-15,-4.402847008178491
6500,3.921473329274259e-09,-2.471743469382214e-14,-24.71743469382214
6501,3.921567653806168e-09,6.960709721529857e-14,69.60709721529858
6502,3.921470094990758e-09,-2.7951718194563647e-14,-27.951718194563647
6503,3.921451123702459e-09,-4.692300649355207e-14,-46.923006493552066
6504,3.921512756042316e-09,1.470933336312442e-14,14.70933336312442
6505,3.921504530146223e-09,6.483437270368274e-15,6.483437270368274
6506,3.921492458395289e-09,-5.5883136635741414e-15,-5.588313663574142
6507,3.921494907065896e-09,-3.1396430570156297e-15,-3.1396430570156295
6508,3.921555385868851e-09,5.73391598982449e-14,57.33915989824491
6509,3.921530815950269e-09,3.2769241315921526e-14,32.769241315921526
6510,3.921521921779062e-09,2.3875070109099627e-14,23.875070109099628
6511,3.921498001351791e-09,-4.535716179631214e-17,-0.04535716179631214
6512,3.921502850744163e-09,4.80403521024254e-15,4.80403521024254
6513,3.92149886673486e-09,8.200259072273054e-16,0.8200259072273054
6514,3.9215304820431045e-09,3.24353341518503e-14,32.435334151850306
6515,3.921558200457691e-09,6.015374873801728e-14,60.15374873801728
6516,3.92152767740182e-09,2.963069286701049e-14,29.630692867010488
6517,3.9215231483369795e-09,2.5101628026832478e-14,25.10162802683248
6518,3.921520171307549e-09,2.2124598596567467e-14,22.124598596567466
6519,3.9215078715760035e-09,9.824867050805662e-15,9.824867050805663
6520,3.9215092125714605e-09,1.1165862507844359e-14,11.16586250784436
6521,3.921558689026295e-09,6.064231734199356e-14,60.642317341993554
6522,3.921549540284418e-09,5.149357546507206e-14,51.49357546507206
6523,3.9215308343546005e-09,3.278764564779947e-14,32.787645647799465
6524,3.9215304341484736e-09,3.2387439520880755e-14,32.387439520880754
6525,3.921519118682765e-09,2.1071973812355603e-14,21.071973812355605
6526,3.921509609552086e-09,1.1562843133299926e-14,11.562843133299927
6527,3.921537129123994e-09,3.908241504103306e-14,39.08241504103306
6528,3.921570818321259e-09,7.277161230624064e-14,72.77161230624064
6529,3.9215433293509575e-09,4.528264200482591e-14,45.28264200482591
6530,3.921539582212724e-09,4.153550377144445e-14,41.535503771444446
6531,3.9215313518442974e-09,3.33051353447268e-14,33.3051353447268
6532,3.921521719683777e-09,2.367297482414833e-14,23.67297482414833
6533,3.921521432288886e-09,2.3385579933276733e-14,23.385579933276734
6534,3.92157210410372e-09,7.405739476764551e-14,74.0573947676455
6535,3.92156340264945e-09,6.535594049698291e-14,65.35594049698291
6536,3.921544184298581e-09,4.6137589627939356e-14,46.137589627939356
6537,3.921543561776798e-09,4.551506784555249e-14,45.515067845552494
6538,3.921532108210838e-09,3.4061501885307e-14,34.061501885306996
6539,3.9215203006528684e-09,2.2253943915744988e-14,22.253943915744987
6540,3.921556027608117e-09,5.798089916413908e-14,57.980899164139075
6541,3.921582535321242e-09,8.44886122893458e-14,84.4886122893458
6542,3.921554834823097e-09,5.678811414407915e-14,56.788114144079145
6543,3.921552796387487e-09,5.474967853453484e-14,54.74967853453484
6544,3.921543170705075e-09,4.512399612193697e-14,45.12399612193697
6545,3.921533311485514e-09,3.5264776561385723e-14,35.26477656138572
6546,3.921537850525014e-09,3.98038160615506e-14,39.8038160615506
6547,3.921586350655792e-09,8.83039468393766e-14,88.30394683937661
6548,3.921573181529629e-09,7.513482067655298e-14,75.13482067655298
6549,3.921556673629981e-09,5.862692102861456e-14,58.62692102861456
6550,3.921554419682085e-09,5.637297313223445e-14,56.37297313223445
6551,3.921528874604964e-09,3.0827896010923294e-14,30.827896010923293
6552,3.921520424577177e-09,2.237786822406008e-14,22.37786822406008
6553,3.921600419561338e-09,1.0237285238514594e-13,102.37285238514593
6554,3.921582034094578e-09,8.398738562500575e-14,83.98738562500574
6555,3.921568215666839e-09,7.016895788613487e-14,70.16895788613488
6556,3.921560637391809e-09,6.259068285605863e-14,62.590682856058635
6557,3.921551701885394e-09,5.365517644141072e-14,53.655176441410724
6558,3.921535514259068e-09,3.746755011522452e-14,37.467550115224526
6559,3.921570770589258e-09,7.272388030559697e-14,72.72388030559696
6560,3.92159935522717e-09,1.0130851821747123e-13,101.30851821747123
6561,3.921575234710388e-09,7.718800143564309e-14,77.18800143564309
6562,3.921571269647518e-09,7.322293856559204e-14,73.22293856559205
6563,3.921559044021191e-09,6.099731223831962e-14,60.99731223831962
6564,3.921550052434419e-09,5.20057254662999e-14,52.0057254662999
6565,3.92154176118804e-09,4.371447908759719e-14,43.71447908759719
6566,3.921616156024035e-09,1.181093150823066e-13,118.10931508230661
6567,3.92158624242531e-09,8.819571635750823e-14,88.19571635750823
6568,3.921579811344599e-09,8.17646356461389e-14,81.7646356461389
6569,3.921568398761481e-09,7.035205252801336e-14,70.35205252801336
6570,3.92156029884968e-09,6.225214072770003e-14,62.25214072770003
6571,3.921539687488755e-09,4.164077980239279e-14,41.64077980239279
6572,3.921606346786195e-09,1.0830007724190694e-13,108.30007724190695
6573,3.921601917901635e-09,1.038711926824666e-13,103.8711926824666
6574,3.9215846395950285e-09,8.659288607581429e-14,86.59288607581429
6575,3.92157825256003e-09,8.020585107770218e-14,80.20585107770218
6576,3.9215681910825546e-09,7.014437360187377e-14,70.14437360187377
6577,3.921552857509385e-09,5.481080043200871e-14,54.81080043200871
6578,3.921581510099668e-09,8.34633907150435e-14,83.4633907150435
6579,3.921616003422579e-09,1.1795671362652927e-13,117.95671362652928
6580,3.921596627970815e-09,9.858126186269257e-14,98.58126186269257
6581,3.921584281320421e-09,8.623461146791645e-14,86.23461146791645
6582,3.9215777475928686e-09,7.970088391586706e-14,79.70088391586705
6583,3.921567886855425e-09,6.984014647227433e-14,69.84014647227433
6584,3.921561462876238e-09,6.341616728513478e-14,63.41616728513478
6585,3.921617403073374e-09,1.1935636442109944e-13,119.35636442109944
6586,3.921610125718657e-09,1.1207900970399655e-13,112.07900970399655
6587,3.9215887887554274e-09,9.074204647475338e-14,90.74204647475338
6588,3.921587628550683e-09,8.958184172997664e-14,89.58184172997665
6589,3.921575398424916e-09,7.73517159636884e-14,77.3517159636884
6590,3.92156168586952e-09,6.363916056696074e-14,63.63916056696074
6591,3.921607485035845e-09,1.0943832689269085e-13,109.43832689269085
6592,3.921623472382925e-09,1.2542567397256467e-13,125.42567397256467
6593,3.921594528277783e-09,9.648156883040283e-14,96.48156883040284
6594,3.921596002467477e-09,9.795575852433137e-14,97.95575852433137
6595,3.921582798267374e-09,8.475155842122785e-14,84.75155842122784
6596,3.921571827469536e-09,7.378076058333583e-14,73.78076058333583
6597,3.921591798338028e-09,9.375162907524727e-14,93.75162907524727
6598,3.921632228833351e-09,1.341821243984266e-13,134.1821243984266
6599,3.92160610479227e-09,1.0805808331700818e-13,108.05808331700818
6600,3.921599245885381e-09,1.0119917642837607e-13,101.19917642837606
6601,3.9215907301549426e-09,9.268344598986023e-14,92.68344598986023
6602,3.921579871761765e-09,8.182505281220066e-14,81.82505281220065
6603,3.921583927111571e-09,8.588040261816544e-14,85.88040261816543
6604,3.921633607477729e-09,1.3556076877590485e-13,135.56076877590485
6605,3.921618041776874e-09,1.1999506792091065e-13,119.99506792091064
6606,3.92160260918894e-09,1.0456247998764335e-13,104.56247998764336
6607,3.9215983278642966e-09,1.0028115534387828e-13,100.28115534387828
6608,3.9215869261232e-09,8.88794142474776e-14,88.8794142474776
6609,3.921577166839975e-09,7.91201310221752e-14,79.1201310221752
6610,3.9216342427117815e-09,1.361960028287641e-13,136.1960028287641
6611,3.921629769998349e-09,1.3172328939650103e-13,131.72328939650103
6612,3.921606911005005e-09,1.088642960524684e-13,108.8642960524684
6613,3.9216058531218404e-09,1.0780641288771998e-13,107.80641288771999
6614,3.921593395937034e-09,9.534922808145897e-14,95.34922808145897
6615,3.921579066226656e-09,8.101951770309824e-14,81.01951770309824
6616,3.921626984520338e-09,1.289378113850599e-13,128.9378113850599
6617,3.92164045760258e-09,1.4241089362693983e-13,142.41089362693984
6618,3.921612140518659e-09,1.1409380970618067e-13,114.09380970618066
6619,3.921612639305868e-09,1.1459259691563263e-13,114.59259691563263
6620,3.92159960974363e-09,1.015630346774622e-13,101.5630346774622
6621,3.921587739572985e-09,8.969286403243916e-14,89.69286403243916
6622,3.921613507616283e-09,1.1546090733052195e-13,115.46090733052195
6623,3.921649964781695e-09,1.5191807274208503e-13,151.91807274208503
6624,3.921620440140499e-09,1.2239343154666583e-13,122.39343154666584
6625,3.921616600059035e-09,1.1855335008204805e-13,118.55335008204804
6626,3.921606015508221e-09,1.07968799268104e-13,107.968799268104
6627,3.921594628620694e-09,9.658191174146636e-14,96.58191174146636
6628,3.9216080031489586e-09,1.0995644000586736e-13,109.95644000586736
6629,3.9248158296230264e-09,3.3177829140737326e-12,3317.7829140737326
6630,3.927991459087279e-09,6.493412378326382e-12,6493.412378326382
6631,3.92278281269331e-09,1.2847659843571803e-12,1284.7659843571803
6632,3.92153371383294e-09,3.5667123987595094e-14,35.6671239875951
6633,3.9209616910706666e-09,-5.363556382861405e-13,-536.3556382861406
6634,3.92117487419308e-09,-3.2317251587243067e-13,-323.17251587243067
6635,3.921224539515933e-09,-2.735071930198345e-13,-273.5071930198345
6636,3.921248606662863e-09,-2.4944004608994696e-13,-249.44004608994695
6637,3.9212470604550395e-09,-2.5098625391318285e-13,-250.98625391318285
6638,3.921250065348466e-09,-2.4798136048708496e-13,-247.98136048708497
6639,3.921258718393109e-09,-2.3932831584342383e-13,-239.32831584342384
6640,3.921253952240359e-09,-2.440944685936701e-13,-244.09446859367011
6641,3.921241244550641e-09,-2.568021583118839e-13,-256.8021583118839
6642,3.921261020588002e-09,-2.370261209503681e-13,-237.02612095036812
6643,3.921312731556409e-09,-1.853151525437806e-13,-185.3151525437806
6644,3.9213157202410125e-09,-1.8232646794016138e-13,-182.32646794016136
6645,3.921296382221329e-09,-2.0166448762399302e-13,-201.664487623993
6646,3.921306968642391e-09,-1.9107806656130143e-13,-191.07806656130143
6647,3.921304841573254e-09,-1.9320513569844643e-13,-193.20513569844644
6648,3.921286864118877e-09,-2.11182590076026e-13,-211.182590076026
6649,3.9212950121692534e-09,-2.0303453969925432e-13,-203.03453969925434
6650,3.921309493125835e-09,-1.8855358311783187e-13,-188.55358311783186
6651,3.921338005908248e-09,-1.6004080070493908e-13,-160.04080070493907
6652,3.921350938217551e-09,-1.471084914016406e-13,-147.1084914016406
6653,3.9213162936213315e-09,-1.8175308762124242e-13,-181.75308762124243
6654,3.921343299633775e-09,-1.5474707517756136e-13,-154.74707517756136
6655,3.921324058731501e-09,-1.739879774517926e-13,-173.9879774517926
6656,3.921328964122915e-09,-1.6908258603754488e-13,-169.08258603754487
6657,3.921305545220464e-09,-1.9250148848850334e-13,-192.50148848850333
6658,3.9213535669741385e-09,-1.4447973481423225e-13,-144.47973481423224
6659,3.92137594561171e-09,-1.2210109724271933e-13,-122.10109724271932
6660,3.921356802694207e-09,-1.412440147456122e-13,-141.2440147456122
6661,3.921351572882398e-09,-1.464738265549219e-13,-146.4738265549219
6662,3.921350584171332e-09,-1.4746253762106575e-13,-147.46253762106574
6663,3.921343510863463e-09,-1.5453584548930687e-13,-154.53584548930687
6664,3.921337814817615e-09,-1.6023189133783965e-13,-160.23189133783964
6665,3.921349551197712e-09,-1.4849551124090131e-13,-148.49551124090132
6666,3.921394914406344e-09,-1.0313230260872762e-13,-103.13230260872763
6667,3.9213832016889594e-09,-1.1484501999325146e-13,-114.84501999325147
6668,3.921368698885704e-09,-1.293478232484495e-13,-129.34782324844952
6669,3.921371564486256e-09,-1.264822226964617e-13,-126.48222269646169
6670,3.9213634978052525e-09,-1.3454890370018834e-13,-134.54890370018833
6671,3.921358215328323e-09,-1.3983138063002653e-13,-139.83138063002653
6672,3.921353214012121e-09,-1.448326968314849e-13,-144.8326968314849
6673,3.921406914816775e-09,-9.113189217773475e-14,-91.13189217773476
6674,3.92140589425727e-09,-9.215245168269536e-14,-92.15245168269536
6675,3.921385133710126e-09,-1.1291299882693661e-13,-112.9129988269366
6676,3.92138497370899e-09,-1.1307299996254116e-13,-113.07299996254116
6677,3.921389005043718e-09,-1.0904166523469693e-13,-109.04166523469692
6678,3.921379093755348e-09,-1.189529536045818e-13,-118.9529536045818
6679,3.921362612743914e-09,-1.3543396503864257e-13,-135.43396503864255
6680,3.9214153831404735e-09,-8.266356847921085e-14,-82.66356847921085
6681,3.921425305867176e-09,-7.274084177640626e-14,-72.74084177640626
6682,3.921403706743862e-09,-9.433996509095642e-14,-94.33996509095643
6683,3.921402928015651e-09,-9.511869330134414e-14,-95.11869330134414
6684,3.9213971539885616e-09,-1.0089272039113294e-13,-100.89272039113294
6685,3.921390318148074e-09,-1.0772856087854542e-13,-107.72856087854542
6686,3.921378824629264e-09,-1.19222079688847e-13,-119.222079688847
6687,3.921418377381613e-09,-7.966932733945763e-14,-79.66932733945762
6688,3.92144220077279e-09,-5.5845936162999145e-14,-55.845936162999145
6689,3.921419864554628e-09,-7.818215432451358e-14,-78.18215432451358
6690,3.921415636599836e-09,-8.241010911633805e-14,-82.41010911633805
6691,3.921411357172546e-09,-8.668953640630127e-14,-86.68953640630127
6692,3.921403745205934e-09,-9.43015030188875e-14,-94.3015030188875
6693,3.921392952244357e-09,-1.0509446459543758e-13,-105.09446459543757
6694,3.921425897245251e-09,-7.214946370142404e-14,-72.14946370142404
6695,3.9214565141930304e-09,-4.153251592228001e-14,-41.53251592228001
6696,3.921433610286611e-09,-6.443642234130785e-14,-64.43642234130786
6697,3.9214278801426045e-09,-7.01665663481653e-14,-70.1665663481653
6698,3.921422625583881e-09,-7.542112507206199e-14,-75.421125072062
6699,3.921417727104255e-09,-8.031960469746012e-14,-80.31960469746012
6700,3.921405140248869e-09,-9.29064600835504e-14,-92.9064600835504
6701,3.921437711335539e-09,-6.033537341377281e-14,-60.33537341377281
6702,3.921468591825761e-09,-2.945488319155186e-14,-29.45488319155186
6703,3.921445229708399e-09,-5.281700055372639e-14,-52.81700055372639
6704,3.9214397018494124e-09,-5.834485954025236e-14,-58.34485954025236
6705,3.921435176226914e-09,-6.287048203853273e-14,-62.87048203853273
6706,3.9214271839492845e-09,-7.086275966817256e-14,-70.86275966817256
6707,3.921415380538388e-09,-8.266617056442481e-14,-82.66617056442482
6708,3.921453536052293e-09,-4.451065665977182e-14,-44.51065665977182
6709,3.921478563097616e-09,-1.948361133647424e-14,-19.48361133647424
6710,3.921454716423198e-09,-4.333028575458685e-14,-43.33028575458685
6711,3.9214511512954044e-09,-4.689541354826231e-14,-46.89541354826231
6712,3.921445192222109e-09,-5.285448684384008e-14,-52.85448684384008
6713,3.921437326254032e-09,-6.072045492038535e-14,-60.72045492038535
6714,3.921423988398906e-09,-7.405831004630202e-14,-74.05831004630203
6715,3.921473079934864e-09,-2.4966774088439493e-14,-24.966774088439493
6716,3.921486528514137e-09,-1.1518194815657735e-14,-11.518194815657735
6717,3.9214623641955874e-09,-3.568251336525429e-14,-35.68251336525429
6718,3.9214624850028145e-09,-3.556170613818509e-14,-35.56170613818509
6719,3.921454069208711e-09,-4.3977500241452073e-14,-43.97750024145207
6720,3.9214463258910055e-09,-5.172081794723492e-14,-51.72081794723492
6721,3.921434005830669e-09,-6.404087828373083e-14,-64.04087828373083
6722,3.9214931767605436e-09,-4.869948409139558e-15,-4.869948409139559
6723,3.921492632680788e-09,-5.4140281643470966e-15,-5.414028164347097
6724,3.921469781629225e-09,-2.826507972746627e-14,-28.26507972746627
6725,3.921472260467757e-09,-2.578624119545835e-14,-25.78624119545835
6726,3.921465827489692e-09,-3.221921926062953e-14,-32.21921926062953
6727,3.921454656602343e-09,-4.339010660945374e-14,-43.39010660945374
6728,3.921452582225432e-09,-4.546448352101594e-14,-45.46448352101594
6729,3.9215065186001125e-09,8.471891159761001e-15,8.471891159761002
6730,3.921496933954752e-09,-1.1127542006082913e-15,-1.1127542006082913
6731,3.921478882015685e-09,-1.9164693267437628e-14,-19.164693267437627
6732,3.921479180279703e-09,-1.8866429249786866e-14,-18.866429249786865
6733,3.921468495928079e-09,-2.9550780873708206e-14,-29.550780873708206
6734,3.921460364682836e-09,-3.768202611680637e-14,-37.68202611680637
6735,3.921472843578791e-09,-2.5203130162041333e-14,-25.203130162041333
6736,3.921513148089821e-09,1.510138086869518e-14,15.101380868695179
6737,3.921509042107774e-09,1.0995398821275325e-14,10.995398821275325
6738,3.921488156362384e-09,-9.890346568833687e-15,-9.890346568833687
6739,3.921485101243292e-09,-1.2945465660571965e-14,-12.945465660571966
6740,3.921475674105402e-09,-2.2372603550333426e-14,-22.372603550333427
6741,3.921465654966021e-09,-3.2391742931326285e-14,-32.391742931326284
6742,3.921503076529265e-09,5.029820312662646e-15,5.029820312662646
6743,3.921526452958096e-09,2.8406249143513983e-14,28.406249143513982
6744,3.921500570639889e-09,2.523930936451212e-15,2.523930936451212
6745,3.921497545824248e-09,-5.008847045660968e-16,-0.5008847045660968
6746,3.921489932475278e-09,-8.114233674922245e-15,-8.114233674922245
6747,3.921480617172842e-09,-1.7429536110591827e-14,-17.429536110591826
6748,3.9214701021735975e-09,-2.794453535517093e-14,-27.94453535517093
6749,3.921529267384306e-09,3.122067535296048e-14,31.22067535296048
6750,3.921530642017135e-09,3.259530818240054e-14,32.59530818240054
6751,3.9214982516398624e-09,2.0493090972196656e-16,0.20493090972196656
6752,3.921504393672275e-09,6.346963321906661e-15,6.346963321906661
6753,3.921494880692678e-09,-3.1660162748613396e-15,-3.1660162748613394
6754,3.921489455941318e-09,-8.590767634783937e-15,-8.590767634783937
6755,3.92148791485635e-09,-1.0131852602754833e-14,-10.131852602754833
6756,3.921558264371409e-09,6.02176624560853e-14,60.21766245608529
6757,3.9214692951748155e-09,-2.8751534137206204e-14,-28.751534137206203
6758,3.9214575393061845e-09,-4.050740276819497e-14,-40.507402768194964
6759,3.9215091980431514e-09,1.1151334198733053e-14,11.151334198733053
6760,3.921493416721589e-09,-4.629987363314204e-15,-4.629987363314204
6761,3.921478264752283e-09,-1.9781956669287938e-14,-19.781956669287936
6762,3.921533264078774e-09,3.5217369821393795e-14,35.217369821393795
6763,3.921548325788249e-09,5.027907929650811e-14,50.27907929650811
6764,3.921525471348554e-09,2.742463960159992e-14,27.42463960159992
6765,3.921518362072279e-09,2.0315363326286594e-14,20.315363326286594
6766,3.921506523262182e-09,8.476553229102689e-15,8.47655322910269
6767,3.9215076085756615e-09,9.561866708814991e-15,9.561866708814991
6768,3.9214969985460965e-09,-1.0481628561824673e-15,-1.0481628561824674
6769,3.921549782983074e-09,5.173627412138294e-14,51.73627412138294
6770,3.921545630190598e-09,4.7583481645166025e-14,47.583481645166025
6771,3.921523847918431e-09,2.580120947862875e-14,25.80120947862875
6772,3.9215249768981535e-09,2.6930189200837905e-14,26.930189200837905
6773,3.921513267650216e-09,1.5220941263266018e-14,15.220941263266019
6774,3.9215040387857985e-09,5.9920768457978436e-15,5.992076845797843
6775,3.921523109712277e-09,2.5063003324437682e-14,25.06300332443768
6776,3.921563154773728e-09,6.510806477529841e-14,65.10806477529842
6777,3.921540471936132e-09,4.2425227179240365e-14,42.425227179240366
6778,3.921526326106442e-09,2.827939748933318e-14,28.279397489333178
6779,3.921530812047141e-09,3.276533818810058e-14,32.76533818810058
6780,3.921516464501637e-09,1.8417792684002464e-14,18.417792684002464
6781,3.92150658460092e-09,8.537891967011057e-15,8.537891967011056
6782,3.921561852728234e-09,6.380601928130626e-14,63.806019281306256
6783,3.92156133412723e-09,6.328741827715213e-14,63.28741827715213
6784,3.921537053527997e-09,3.9006819044556506e-14,39.00681904455651
6785,3.921538827445382e-09,4.0780736429068664e-14,40.78073642906866
6786,3.921515438629541e-09,1.739192058839668e-14,17.39192058839668
6787,3.921508081423334e-09,1.0034714381290232e-14,10.034714381290232
6788,3.921551293493541e-09,5.3246784588089745e-14,53.246784588089746
6789,3.921572982117745e-09,7.493540879197859e-14,74.93540879197859
6790,3.921550406399323e-09,5.2359690370562105e-14,52.359690370562106
6791,3.921546681487234e-09,4.8634778281716594e-14,48.63477828171659
6792,3.921534812536317e-09,3.676582736413759e-14,36.76582736413759
6793,3.921526568832203e-09,2.852212325069837e-14,28.52212325069837
6794,3.921514008187405e-09,1.596147845212793e-14,15.96147845212793
6795,3.9215929479175914e-09,9.490120863873365e-14,94.90120863873365
6796,3.9215639535054685e-09,6.590679651576848e-14,65.90679651576848
6797,3.921555586012572e-09,5.753930361928573e-14,57.53930361928573
6798,3.9215459224643985e-09,4.7875755445813805e-14,47.8757554458138
6799,3.921537902620929e-09,3.985591197593853e-14,39.855911975938525
6800,3.921519679161078e-09,2.1632452125421985e-14,21.632452125421985
6801,3.921570110798026e-09,7.206408907353091e-14,72.06408907353091
6802,3.921582779293836e-09,8.473258488320935e-14,84.73258488320936
6803,3.921561906477557e-09,6.385976860400723e-14,63.85976860400723
6804,3.921557253569723e-09,5.920686077067706e-14,59.20686077067706
6805,3.92154617264405e-09,4.8125935097114835e-14,48.125935097114834
6806,3.921535466066281e-09,3.741935732865754e-14,37.41935732865754
6807,3.9215372143693895e-09,3.916766043684473e-14,39.16766043684473
6808,3.92160104186628e-09,1.0299515732709831e-13,102.99515732709831
6809,3.9215785814798645e-09,8.053477091177997e-14,80.53477091177997
6810,3.921561197815912e-09,6.315110695901639e-14,63.15110695901639
6811,3.9215554235448764e-09,5.737683592373878e-14,57.376835923738774
6812,3.921547666268068e-09,4.961955911498518e-14,49.61955911498518
6813,3.921526772309846e-09,2.872560089341959e-14,28.72560089341959
6814,3.921596479624853e-09,9.843291590044224e-14,98.43291590044224
6815,3.921588801982694e-09,9.07552737412577e-14,90.7552737412577
6816,3.921572404481932e-09,7.435777297953262e-14,74.35777297953263
6817,3.92156581058116e-09,6.776387220691028e-14,67.76387220691028
6818,3.921556143644854e-09,5.809693590164934e-14,58.09693590164934
6819,3.921541212473321e-09,4.3165764368102276e-14,43.16576436810227
6820,3.921567963129048e-09,6.991642009510869e-14,69.91642009510869
6821,3.921605512411308e-09,1.0746570235501641e-13,107.46570235501642
6822,3.921579484538959e-09,8.143783000629746e-14,81.43783000629746
6823,3.921575879512525e-09,7.783280357267453e-14,77.83280357267454
6824,3.921561645239043e-09,6.359853009054684e-14,63.598530090546845
6825,3.921554790560543e-09,5.674385159038743e-14,56.74385159038743
6826,3.921539691039517e-09,4.164433056450768e-14,41.64433056450768
6827,3.921621409796712e-09,1.2336308775962824e-13,123.36308775962824
6828,3.9215913853925255e-09,9.333868357280185e-14,93.33868357280186
6829,3.921582744490946e-09,8.469778199347256e-14,84.69778199347256
6830,3.921572373284015e-09,7.432657506201935e-14,74.32657506201934
6831,3.9215639674916765e-09,6.592078272379355e-14,65.92078272379355
6832,3.921544019635376e-09,4.597292642299312e-14,45.97292642299312
6833,3.9216054069997515e-09,1.0736029079879651e-13,107.36029079879651
6834,3.92160637700833e-09,1.0833029937746498e-13,108.33029937746498
6835,3.921587783916854e-09,8.973720790129381e-14,89.73720790129381
6836,3.921581594044021e-09,8.35473350682482e-14,83.5473350682482
6837,3.921571231266761e-09,7.318455780868606e-14,73.18455780868605
6838,3.9215566577193144e-09,5.861101036173334e-14,58.61101036173334
6839,3.9215812953463224e-09,8.324863736972844e-14,83.24863736972844
6840,3.92162081467814e-09,1.2276796918715095e-13,122.76796918715095
6841,3.921594313036547e-09,9.626632759411014e-14,96.26632759411015
6842,3.9215967158454015e-09,9.866913644877252e-14,98.66913644877252
6843,3.921568947042519e-09,7.090033356663928e-14,70.90033356663929
6844,3.921570823444114e-09,7.277673516150563e-14,72.77673516150563
6845,3.921563062643648e-09,6.501593469569146e-14,65.01593469569146
6846,3.921618591060799e-09,1.2054435184654612e-13,120.54435184654612
6847,3.921613208674639e-09,1.151619656865134e-13,115.16196568651338
6848,3.921591137625224e-09,9.30909162713346e-14,93.0909162713346
6849,3.921590108473417e-09,9.206176446415705e-14,92.06176446415705
6850,3.9215777420363324e-09,7.969532737973307e-14,79.69532737973307
6851,3.9215641950386074e-09,6.614832965474394e-14,66.14832965474395
6852,3.921608133768215e-09,1.1008705926259755e-13,110.08705926259755
6853,3.921626046793879e-09,1.2800008492607718e-13,128.0000849260772
6854,3.9215966679778756e-09,9.862126892285728e-14,98.62126892285728
6855,3.921598524294625e-09,1.0047758567247834e-13,100.47758567247834
6856,3.921584731074587e-09,8.668436563411775e-14,86.68436563411775
6857,3.921573722573618e-09,7.567586466567756e-14,75.67586466567757
6858,3.921593399542006e-09,9.535283305368248e-14,95.35283305368249
6859,3.921633895604456e-09,1.3584889550324287e-13,135.84889550324286
6860,3.9216084971656785e-09,1.1045045672576038e-13,110.45045672576038
6861,3.9216008376296956e-09,1.0279092074285635e-13,102.79092074285634
6862,3.9215926495180485e-09,9.460280909581132e-14,94.60280909581132
6863,3.9215813238066295e-09,8.327709767675618e-14,83.27709767675618
6864,3.921586207514e-09,8.81608050475542e-14,88.1608050475542
6865,3.921624416343547e-09,1.2636963459403917e-13,126.36963459403917
6866,3.921616004859147e-09,1.1795815019440782e-13,117.95815019440782
6867,3.921608887017675e-09,1.1084030872193186e-13,110.84030872193186
6868,3.921595152425869e-09,9.710571691604842e-14,97.10571691604842
6869,3.9215888212543876e-09,9.077454543487363e-14,90.77454543487363
6870,3.9215748420394665e-09,7.679533051382316e-14,76.79533051382316
6871,3.9216500739066434e-09,1.520271976907457e-13,152.0271976907457
6872,3.9216181255585965e-09,1.2007884964378946e-13,120.07884964378947
6873,3.921608124742232e-09,1.1007803327951161e-13,110.07803327951162
6874,3.9216071178165696e-09,1.0907110761687001e-13,109.07110761687001
6875,3.921594455500712e-09,9.640879175957474e-14,96.40879175957474
6876,3.921580244944153e-09,8.219823519997017e-14,82.19823519997017
6877,3.9216277973738115e-09,1.297506648588266e-13,129.75066485882658
6878,3.921641792201244e-09,1.4374549229116086e-13,143.74549229116087
6879,3.9216112899620546e-09,1.1324325310186579e-13,113.24325310186579
6880,3.9216117660623336e-09,1.137193533808585e-13,113.7193533808585
6881,3.921599521489573e-09,1.0147478062062188e-13,101.47478062062189
6882,3.92158522173028e-09,8.717502132727607e-14,87.17502132727607
6883,3.921621918721212e-09,1.2387201225939294e-13,123.87201225939293
6884,3.924789745101114e-09,3.2916983921615013e-12,3291.6983921615015
6885,3.928001590089219e-09,6.503543380266521e-12,6503.543380266521
6886,3.922786160492778e-09,1.288113783825381e-12,1288.113783825381
6887,3.921554929365526e-09,5.688265657351988e-14,56.88265657351988
6888,3.920984096027246e-09,-5.139506817068905e-13,-513.9506817068905
6889,3.92120057311849e-09,-2.974735904628438e-13,-297.47359046284384
6890,3.921243445020265e-09,-2.5460168868766163e-13,-254.60168868766164
6891,3.921263118383681e-09,-2.349283252718802e-13,-234.92832527188023
6892,3.921255190778711e-09,-2.428559302419313e-13,-242.8559302419313
6893,3.9212664235468986e-09,-2.316231620541125e-13,-231.62316205411247
6894,3.9212763183825005e-09,-2.2172832645219508e-13,-221.7283264521951
6895,3.921274759245566e-09,-2.2328746338633786e-13,-223.28746338633786
6896,3.921266089395789e-09,-2.319573131636725e-13,-231.9573131636725
6897,3.921285554944753e-09,-2.1249176419930226e-13,-212.49176419930225
6898,3.921329106885236e-09,-1.6893982371648285e-13,-168.93982371648286
6899,3.921323675059457e-09,-1.7437164949558092e-13,-174.37164949558093
6900,3.921309669688159e-09,-1.883770207940426e-13,-188.3770207940426
6901,3.921320874863401e-09,-1.7717184555151354e-13,-177.17184555151354
6902,3.9213121095225175e-09,-1.8593718643518985e-13,-185.93718643518986
6903,3.921308518373872e-09,-1.8952833508100496e-13,-189.52833508100497
6904,3.921304954736856e-09,-1.9309197209669326e-13,-193.09197209669327
6905,3.921327937464773e-09,-1.7010924417972572e-13,-170.10924417972572
6906,3.92136728459818e-09,-1.3076211077234822e-13,-130.76211077234822
6907,3.921349243961921e-09,-1.488027470315294e-13,-148.8027470315294
6908,3.921343685853694e-09,-1.543608552586677e-13,-154.3608552586677
6909,3.921343838211204e-09,-1.5420849774837918e-13,-154.2084977483792
6910,3.921336973368309e-09,-1.6107334064390565e-13,-161.07334064390565
6911,3.9213325595541595e-09,-1.6548715479314845e-13,-165.48715479314845
6912,3.921340920568948e-09,-1.571261400046463e-13,-157.1261400046463
6913,3.921388128818627e-09,-1.099178903254454e-13,-109.9178903254454
6914,3.921379416278389e-09,-1.1863043056332167e-13,-118.63043056332167
6915,3.921363650325393e-09,-1.3439638355957394e-13,-134.39638355957393
6916,3.921367524559226e-09,-1.3052214972652286e-13,-130.52214972652285
6917,3.921359865240084e-09,-1.381814688689924e-13,-138.1814688689924
6918,3.921354768541196e-09,-1.432781677565752e-13,-143.2781677565752
6919,3.921345482349589e-09,-1.5256435936391354e-13,-152.56435936391352
6920,3.921401418562282e-09,-9.662814667093277e-14,-96.62814667093276
6921,3.9214042999921855e-09,-9.374671676722667e-14,-93.74671676722667
6922,3.9213837441966215e-09,-1.1430251233119403e-13,-114.30251233119402
6923,3.9213858167574944e-09,-1.1222995145827074e-13,-112.22995145827073
6924,3.9213792726216015e-09,-1.18774087351176e-13,-118.774087351176
6925,3.921373049084291e-09,-1.249976246616773e-13,-124.99762466167729
6926,3.921361630077275e-09,-1.364166316776748e-13,-136.41663167767481
6927,3.921403799795513e-09,-9.424691343950286e-14,-94.24691343950286
6928,3.921425304620344e-09,-7.274208860890462e-14,-72.74208860890462
6929,3.921401574253714e-09,-9.647245523896385e-14,-96.47245523896385
6930,3.921392251009497e-09,-1.0579569945554689e-13,-105.7956994555469
6931,3.921396168936678e-09,-1.0187777227494465e-13,-101.87777227494465
6932,3.921388863311389e-09,-1.091833975636951e-13,-109.1833975636951
6933,3.921379231421919e-09,-1.1881528703373044e-13,-118.81528703373044
6934,3.921405779819731e-09,-9.22668892220012e-14,-92.2668892220012
6935,3.921443287848098e-09,-5.4758860854756554e-14,-54.758860854756556
6936,3.921421063004605e-09,-7.698370434810241e-14,-76.9837043481024
6937,3.921413129951519e-09,-8.491675743407022e-14,-84.91675743407022
6938,3.9214110098754855e-09,-8.703683346720269e-14,-87.0368334672027
6939,3.9214028143099485e-09,-9.523239900418356e-14,-95.23239900418355
6940,3.921393998743399e-09,-1.0404796555350026e-13,-104.04796555350026
6941,3.921415017954077e-09,-8.302875487595828e-14,-83.02875487595828
6942,3.92145625430977e-09,-4.179239918302479e-14,-41.792399183024784
6943,3.92143546852782e-09,-6.257818113283064e-14,-62.578181132830636
6944,3.921425872715177e-09,-7.217399377557653e-14,-72.17399377557653
6945,3.921424090639171e-09,-7.395606978143664e-14,-73.95606978143664
6946,3.921415428189074e-09,-8.261851987894408e-14,-82.61851987894407
6947,3.921406638209696e-09,-9.140849925699012e-14,-91.40849925699011
6948,3.921426731457508e-09,-7.131525144485939e-14,-71.31525144485938
6949,3.921468634082541e-09,-2.941262641187924e-14,-29.41262641187924
6950,3.921447543992146e-09,-5.050271680644746e-14,-50.50271680644746
6951,3.921437894728336e-09,-6.015198061629689e-14,-60.15198061629689
6952,3.921435637744674e-09,-6.240896427875996e-14,-62.40896427875996
6953,3.921426917696336e-09,-7.112901261668069e-14,-71.12901261668068
6954,3.921417294101013e-09,-8.075260794009652e-14,-80.75260794009652
6955,3.921440357249626e-09,-5.768945932698487e-14,-57.689459326984874
6956,3.921480829784888e-09,-1.721692406456742e-14,-17.21692406456742
6957,3.921457349245544e-09,-4.0697463409031677e-14,-40.69746340903168
6958,3.921449370791492e-09,-4.867591746097232e-14,-48.67591746097232
6959,3.921445854127535e-09,-5.2192581417537677e-14,-52.192581417537674
6960,3.9214373322984594e-09,-6.071441049327374e-14,-60.71441049327374
6961,3.921426090937969e-09,-7.195577098330951e-14,-71.9557709833095
6962,3.921459352281952e-09,-3.869442700041902e-14,-38.69442700041902
6963,3.921489446102183e-09,-8.600606769499243e-15,-8.600606769499242
6964,3.9214655657090775e-09,-3.2480999875176154e-14,-32.48099987517615
6965,3.921460600361283e-09,-3.744634766956233e-14,-37.44634766956233
6966,3.9214548145706e-09,-4.32321383529226e-14,-43.232138352922604
6967,3.921446703112046e-09,-5.13435969063729e-14,-51.3435969063729
6968,3.92143321531176e-09,-6.483139719274432e-14,-64.83139719274432
6969,3.921482283185005e-09,-1.5763523947296288e-14,-15.763523947296289
6970,3.9214957448560194e-09,-2.3018529332817682e-15,-2.301852933281768
6971,3.921471137532462e-09,-2.6909176490555898e-14,-26.909176490555897
6972,3.9214716867079676e-09,-2.6360000985137678e-14,-26.360000985137678
6973,3.92146269970195e-09,-3.534700700297865e-14,-35.34700700297865
6974,3.921454807035395e-09,-4.3239673558021375e-14,-43.23967355802137
6975,3.921444361940085e-09,-5.3684768867529476e-14,-53.68476886752948
6976,3.921502868579289e-09,4.8218703359799265e-15,4.821870335979926
6977,3.921500275005062e-09,2.228296109068727e-15,2.228296109068727
6978,3.921478293998637e-09,-1.975271031568514e-14,-19.752710315685142
6979,3.921480150505122e-09,-1.78962038306839e-14,-17.8962038306839
6980,3.921469450812037e-09,-2.859589691534591e-14,-28.59589691534591
6981,3.921461506157988e-09,-3.6540550964559316e-14,-36.540550964559316
6982,3.921464197662776e-09,-3.3849046176418364e-14,-33.84904617641836
6983,3.921516202992073e-09,1.815628311999896e-14,18.15628311999896
6984,3.921503039341131e-09,4.9926321781463935e-15,4.992632178146393
6985,3.9214870428054376e-09,-1.1003903515139236e-14,-11.003903515139235
6986,3.921486110635515e-09,-1.193607343798796e-14,-11.936073437987961
6987,3.921475688362661e-09,-2.2358346291765242e-14,-22.35834629176524
6988,3.921466191591887e-09,-3.1855117066054585e-14,-31.855117066054586
6989,3.921486004356597e-09,-1.2042352355945852e-14,-12.042352355945852
6990,3.9215280556257476e-09,3.0008916794882056e-14,30.008916794882055
6991,3.921509238619418e-09,1.1191910465038323e-14,11.191910465038323
6992,3.9214901668797875e-09,-7.87982916523088e-15,-7.87982916523088
6993,3.9214911615268605e-09,-6.8851820921926776e-15,-6.885182092192678
6994,3.9214793457831645e-09,-1.8700925788156953e-14,-18.700925788156955
6995,3.921474884941746e-09,-2.3161767206631313e-14,-23.161767206631314
6996,3.9215220364334415e-09,2.398972448883997e-14,23.98972448883997
6997,3.921524129052055e-09,2.608234310195424e-14,26.08234310195424
6998,3.921498164659743e-09,1.1795079043431697e-16,0.11795079043431697
6999,3.921507254908913e-09,9.20819996015022e-15,9.20819996015022
7000,3.921497430898818e-09,-6.158101348495603e-16,-0.6158101348495603
7001,3.921480190945863e-09,-1.785576308965019e-14,-17.85576308965019
7002,3.921482987347211e-09,-1.5059361741321265e-14,-15.059361741321265
7003,3.921543805044661e-09,4.5758335708003927e-14,45.758335708003926
7004,3.921523427491934e-09,2.5380782981193183e-14,25.38078298119318
7005,3.921513702333972e-09,1.565562501926977e-14,15.655625019269769
7006,3.9215049131135354e-09,6.8664045827444665e-15,6.866404582744466
7007,3.921497189338574e-09,-8.573703788793307e-16,-0.8573703788793307
7008,3.921479647923205e-09,-1.8398785747739555e-14,-18.398785747739556
7009,3.92152750547446e-09,2.94587655075086e-14,29.4587655075086
7010,3.921543136579811e-09,4.508987085855799e-14,45.08987085855799
7011,3.9215327083167405e-09,3.4661607787777725e-14,34.661607787777726
7012,3.92147030784675e-09,-2.773886220305043e-14,-27.73886220305043
7013,3.921449046913198e-09,-4.899979575494805e-14,-48.99979575494805
7014,3.921501055034315e-09,3.0083253620634232e-15,3.0083253620634234
7015,3.9214792793757815e-09,-1.876733317122169e-14,-18.76733317122169
7016,3.921564669024692e-09,6.662231573950029e-14,66.6223157395003
7017,3.921540767489644e-09,4.2720780691459913e-14,42.720780691459915
7018,3.9215246150456785e-09,2.6568336725770868e-14,26.56833672577087
7019,3.921529233774038e-09,3.118706508561343e-14,31.18706508561343
7020,3.921514342338514e-09,1.6295629561687962e-14,16.295629561687964
7021,3.92150503508628e-09,6.988377327149086e-15,6.988377327149085
7022,3.921513651511995e-09,1.560480304243451e-14,15.604803042434511
7023,3.921559169761538e-09,6.112305258527363e-14,61.123052585273626
7024,3.921544617112088e-09,4.657040313519557e-14,46.57040313519557
7025,3.92152949896989e-09,3.1452260937003384e-14,31.452260937003384
7026,3.921527293946616e-09,2.9247237663656677e-14,29.247237663656676
7027,3.921517407378056e-09,1.9360669103304483e-14,19.360669103304485
7028,3.921503558538446e-09,5.511829493495389e-15,5.511829493495389
7029,3.921548747705525e-09,5.0700996571930844e-14,50.700996571930844
7030,3.921565692457333e-09,6.764574838021798e-14,67.64574838021798
7031,3.921538211835388e-09,4.0165126435531394e-14,40.16512643553139
7032,3.921538577347046e-09,4.053063809293057e-14,40.53063809293057
7033,3.921527962574096e-09,2.991586514342849e-14,29.915865143428487
7034,3.921518450380546e-09,2.040367159323554e-14,20.40367159323554
7035,3.921524605342069e-09,2.6558633116327123e-14,26.558633116327123
7036,3.921571662968961e-09,7.361626000871547e-14,73.61626000871547
7037,3.9215580795962535e-09,6.003288730083945e-14,60.032887300839455
7038,3.921542029365448e-09,4.398265649496148e-14,43.98265649496148
7039,3.921540021748285e-09,4.197503933217007e-14,41.97503933217007
7040,3.921529101501373e-09,3.10547924205702e-14,31.054792420570198
7041,3.921493644132995e-09,-4.4025759576353695e-15,-4.40257595763537
7042,3.92157649325227e-09,7.844654331746427e-14,78.44654331746426
7043,3.92157758103231e-09,7.953432335711897e-14,79.53432335711898
7044,3.9215497033755296e-09,5.165666657686819e-14,51.65666657686819
7045,3.92155098850747e-09,5.294179851696957e-14,52.94179851696957
7046,3.921539486260832e-09,4.143955187917948e-14,41.43955187917948
7047,3.92152955383052e-09,3.150712156693115e-14,31.50712156693115
7048,3.9215392874723635e-09,4.1240763410854263e-14,41.240763410854264
7049,3.921584644799199e-09,8.659809024624222e-14,86.59809024624222
7050,3.921567893279323e-09,6.984657037014631e-14,69.84657037014631
7051,3.921553936317651e-09,5.58896086986861e-14,55.8896086986861
7052,3.921550480775592e-09,5.243406663959461e-14,52.43406663959461
7053,3.9215397416175485e-09,4.169490859585413e-14,41.69490859585413
7054,3.921524976464473e-09,2.692975551996891e-14,26.92975551996891
7055,3.921583093332995e-09,8.504662404246978e-14,85.04662404246977
7056,3.921585641072575e-09,8.759436362253915e-14,87.59436362253915
7057,3.9215596980119415e-09,6.165130298876288e-14,61.65130298876288
7058,3.921561137507166e-09,6.309079821317188e-14,63.09079821317188
7059,3.921548695961976e-09,5.0649253023248974e-14,50.649253023248974
7060,3.921538349908535e-09,4.0303199582197423e-14,40.30319958219742
7061,3.9215483873438275e-09,5.0340634874850975e-14,50.34063487485098
7062,3.9215975962446706e-09,9.954953571788506e-14,99.54953571788506
7063,3.921574145954567e-09,7.609924561403315e-14,76.09924561403315
7064,3.92156547626742e-09,6.742955846702437e-14,67.42955846702438
7065,3.921558885971619e-09,6.083926266662555e-14,60.83926266662555
7066,3.921548513978641e-09,5.046726968859728e-14,50.467269688597284
7067,3.9215335951399075e-09,3.5548430954762244e-14,35.548430954762246
7068,3.921611113426836e-09,1.1306671788313084e-13,113.06671788313083
7069,3.921581298273668e-09,8.325156471559415e-14,83.25156471559416
7070,3.921575818499048e-09,7.777179009541791e-14,77.77179009541791
7071,3.9215640728219175e-09,6.602611296485051e-14,66.02611296485051
7072,3.921561043127367e-09,6.299641841405702e-14,62.99641841405702
7073,3.921547772899351e-09,4.972619039864913e-14,49.72619039864913
7074,3.921585020692092e-09,8.697398313944294e-14,86.97398313944295
7075,3.9216058531489455e-09,1.0780643999277429e-13,107.80643999277429
7076,3.9215767409382565e-09,7.869422930376858e-14,78.69422930376858
7077,3.921577425937189e-09,7.937922823634492e-14,79.37922823634493
7078,3.9215653599054216e-09,6.731319646886237e-14,67.31319646886237
7079,3.921554832763113e-09,5.6786054159951426e-14,56.786054159951426
7080,3.921567817574906e-09,6.977086595345251e-14,69.77086595345251
7081,3.9216119127548875e-09,1.1386604593479578e-13,113.86604593479578
7082,3.92159139260247e-09,9.334589351724888e-14,93.34589351724888
7083,3.921579878185663e-09,8.183147671007264e-14,81.83147671007264
7084,3.9215742925929106e-09,7.624588395786181e-14,76.24588395786182
7085,3.921563528172956e-09,6.548146400350242e-14,65.48146400350242
7086,3.9215570110879075e-09,5.896437895480068e-14,58.96437895480068
7087,3.921611765276287e-09,1.1371856733428344e-13,113.71856733428343
7088,3.921605464760622e-09,1.0741805166953567e-13,107.41805166953567
7089,3.921584081718801e-09,8.603500984796187e-14,86.03500984796187
7090,3.921570131153922e-09,7.208444496931933e-14,72.08444496931932
7091,3.921569976465377e-09,7.192975642435996e-14,71.92975642435995
7092,3.9215488594054534e-09,5.0812696500751163e-14,50.812696500751166
7093,3.921620013561155e-09,1.219668522019014e-13,121.9668522019014
7094,3.9216105058941485e-09,1.1245918519577859e-13,112.45918519577859
7095,3.9215942101186556e-09,9.616340970288696e-14,96.16340970288695
7096,3.921586890805314e-09,8.884409636170888e-14,88.84409636170888
7097,3.921576996132343e-09,7.894942339011736e-14,78.94942339011736
7098,3.921564927010599e-09,6.688030164644322e-14,66.88030164644321
7099,3.921586815670104e-09,8.876896115115563e-14,88.76896115115564
7100,3.9216309683128e-09,1.3292160384764063e-13,132.92160384764063
7101,3.921599693579563e-09,1.0164687061044965e-13,101.64687061044964
7102,3.921595194059232e-09,9.714735027947187e-14,97.14735027947187
7103,3.92158289617083e-09,8.484946187740329e-14,84.84946187740329
7104,3.921574786257265e-09,7.673954831204878e-14,76.73954831204878
7105,3.9215720315977e-09,7.398488874736054e-14,73.98488874736054
7106,3.921638705721604e-09,1.4065901265158344e-13,140.65901265158342
7107,3.92160758963425e-09,1.0954292529728139e-13,109.54292529728139
7108,3.921601889441328e-09,1.0384273237543885e-13,103.84273237543886
7109,3.9215902455165715e-09,9.219880761875921e-14,92.19880761875922
7110,3.9215818882693855e-09,8.384156043280645e-14,83.84156043280645
7111,3.921564002186146e-09,6.595547719331308e-14,65.95547719331309
7112,3.921635637781822e-09,1.3759107286915552e-13,137.5910728691555
7113,3.921622878728026e-09,1.2483201907302023e-13,124.83201907302023
7114,3.9216039727086975e-09,1.0592599974481543e-13,105.92599974481543
7115,3.9215995001578956e-09,1.0145344894287823e-13,101.45344894287823
7116,3.921588069360181e-09,9.002265122825493e-14,90.02265122825493
7117,3.9215786379125876e-09,8.059120363485784e-14,80.59120363485785
7118,3.921613637964489e-09,1.1559125553670902e-13,115.59125553670903
7119,3.921638149715625e-09,1.4010300667247856e-13,140.10300667247856
7120,3.921607787961932e-09,1.097412529796833e-13,109.7412529796833
7121,3.921607416161902e-09,1.0936945294968371e-13,109.3694529496837
7122,3.921595124914239e-09,9.70782052859216e-14,97.0782052859216
7123,3.921583645571372e-09,8.559886241902527e-14,85.59886241902527
7124,3.9216010821443905e-09,1.0303543543780614e-13,103.03543543780614
7125,3.9216424877440426e-09,1.4444103508986462e-13,144.4410350898646
7126,3.9216114651149155e-09,1.1341840596283083e-13,113.41840596283083
7127,3.9216087407588016e-09,1.1069404984886356e-13,110.69404984886356
7128,3.9216015677314385e-09,1.0352102248580809e-13,103.52102248580809
7129,3.921590421428374e-09,9.237471942124499e-14,92.37471942124499
7130,3.921598132843431e-09,1.0008613447810245e-13,100.08613447810245
7131,3.921636661133147e-09,1.3861442419471027e-13,138.61442419471027
7132,3.9216244631539755e-09,1.2641644502283623e-13,126.41644502283623
7133,3.92161557971637e-09,1.1753300741752194e-13,117.53300741752194
7134,3.9216190708202606e-09,1.2102411130787095e-13,121.02411130787095
7135,3.921596979279424e-09,9.893257047163219e-14,98.93257047163219
7136,3.921588756581728e-09,9.070987277528487e-14,90.70987277528486
7137,3.9216439864096005e-09,1.4593970064783702e-13,145.93970064783701
7138,3.9216378903473605e-09,1.398436384077657e-13,139.84363840776572
7139,3.9247194116051425e-09,3.2213648961897596e-12,3221.3648961897597
7140,3.928035200139726e-09,6.537153430773137e-12,6537.153430773137
7141,3.922767695310053e-09,1.2696486011005088e-12,1269.6486011005088
7142,3.921570115839566e-09,7.206913061363297e-14,72.06913061363296
7143,3.921027673094114e-09,-4.703736148387237e-13,-470.37361483872377
7144,3.9212490242433295e-09,-2.4902246562321416e-13,-249.02246562321417
7145,3.921235385007105e-09,-2.626617018480275e-13,-262.6617018480275
7146,3.921249680890375e-09,-2.483658185774483e-13,-248.36581857744832
7147,3.921259486875609e-09,-2.385598333435661e-13,-238.5598333435661
7148,3.9212532423318815e-09,-2.448043770711593e-13,-244.8043770711593
7149,3.921280584745154e-09,-2.174619637984103e-13,-217.4619637984103
7150,3.921276147268293e-09,-2.218994406600676e-13,-221.8994406600676
7151,3.92131558428206e-09,-1.8246242689259106e-13,-182.46242689259105
7152,3.921329533816947e-09,-1.6851289200601237e-13,-168.51289200601238
7153,3.9213011701394376e-09,-1.968765695151341e-13,-196.8765695151341
7154,3.921325407858474e-09,-1.7263885047846027e-13,-172.63885047846028
7155,3.921312102664939e-09,-1.8594404401393082e-13,-185.94404401393084
7156,3.921314030024036e-09,-1.8401668491695765e-13,-184.01668491695764
7157,3.9213033285420175e-09,-1.9471816693520426e-13,-194.71816693520427
7158,3.921326346940186e-09,-1.7169976876676195e-13,-171.69976876676196
7159,3.921370064709391e-09,-1.2798199956166089e-13,-127.98199956166088
7160,3.921347356528569e-09,-1.5069018038350078e-13,-150.69018038350077
7161,3.921353536209902e-09,-1.4451049905087653e-13,-144.51049905087652
7162,3.9213458664824185e-09,-1.5218022653420192e-13,-152.18022653420192
7163,3.921339110385001e-09,-1.589363239518281e-13,-158.9363239518281
7164,3.921334949162853e-09,-1.6309754609993609e-13,-163.0975460999361
7165,3.921338412456957e-09,-1.5963425199531133e-13,-159.63425199531133
7166,3.92138831218432e-09,-1.0973452463302379e-13,-109.7345246330238
7167,3.921383064320544e-09,-1.1498238840850538e-13,-114.98238840850537
7168,3.921365496748798e-09,-1.3254996015477681e-13,-132.5499601547768
7169,3.921370247939558e-09,-1.2779876939451084e-13,-127.79876939451084
7170,3.921362543354975e-09,-1.3550335397768164e-13,-135.50335397768163
7171,3.9213573528454945e-09,-1.4069386345823874e-13,-140.69386345823875
7172,3.9213447916857e-09,-1.5325502325284112e-13,-153.2550232528411
7173,3.9214011569442975e-09,-9.688976465515352e-14,-96.88976465515353
7174,3.921408173006291e-09,-8.987370266161964e-14,-89.87370266161963
7175,3.921383164853191e-09,-1.1488185576206166e-13,-114.88185576206166
7176,3.9213969160875e-09,-1.0113062145283057e-13,-101.13062145283057
7177,3.921381890861428e-09,-1.1615584752484075e-13,-116.15584752484075
7178,3.9213755510976445e-09,-1.224956113082325e-13,-122.49561130823248
7179,3.921364984653007e-09,-1.3306205594589603e-13,-133.06205594589602
7180,3.921400564753071e-09,-9.74819558817651e-14,-97.4819558817651
7181,3.921428940492329e-09,-6.910621662347448e-14,-69.10621662347448
7182,3.9214073787197795e-09,-9.066798917318252e-14,-90.66798917318252
7183,3.921401653671523e-09,-9.639303742982929e-14,-96.39303742982929
7184,3.921398801460868e-09,-9.92452480849869e-14,-99.2452480849869
7185,3.921391144337235e-09,-1.0690237171805716e-13,-106.90237171805715
7186,3.921382116890476e-09,-1.1592981847693184e-13,-115.92981847693183
7187,3.9214051863003564e-09,-9.286040859627408e-14,-92.86040859627408
7188,3.921449362931026e-09,-4.868377792672284e-14,-48.68377792672284
7189,3.9214197439371365e-09,-7.830277181620259e-14,-78.3027718162026
7190,3.921415083656728e-09,-8.296305222430566e-14,-82.96305222430566
7191,3.921413442147534e-09,-8.460456141850302e-14,-84.60456141850302
7192,3.921405009846453e-09,-9.30368624998461e-14,-93.0368624998461
7193,3.9213967457322335e-09,-1.0130097671918236e-13,-101.30097671918236
7194,3.921415279626271e-09,-8.27670826816289e-14,-82.7670826816289
7195,3.921457867494182e-09,-4.0179214770583605e-14,-40.179214770583606
7196,3.921438239992518e-09,-5.980671643446888e-14,-59.806716434468875
7197,3.921427717241228e-09,-7.032946772458125e-14,-70.32946772458125
7198,3.921426287070142e-09,-7.175963881030688e-14,-71.75963881030688
7199,3.921417434993085e-09,-8.061171586778203e-14,-80.61171586778202
7200,3.921409014265862e-09,-8.903244309093382e-14,-89.03244309093382
7201,3.9214273056780834e-09,-7.074103086925675e-14,-70.74103086925675
7202,3.921470219619798e-09,-2.782708915483644e-14,-27.82708915483644
7203,3.921449753081178e-09,-4.829362777495393e-14,-48.29362777495393
7204,3.921439598931521e-09,-5.844777743147555e-14,-58.447777431475544
7205,3.921437617985732e-09,-6.042872322082381e-14,-60.42872322082381
7206,3.921432597939938e-09,-6.544876901481188e-14,-65.44876901481189
7207,3.921419247752012e-09,-7.879895694044058e-14,-78.79895694044058
7208,3.921441280989877e-09,-5.676571907602722e-14,-56.765719076027224
7209,3.921482391334172e-09,-1.565537478059086e-14,-15.65537478059086
7210,3.921459299589727e-09,-3.8747119226001815e-14,-38.747119226001814
7211,3.921450965544467e-09,-4.708116448546339e-14,-47.08116448546339
7212,3.921447449368402e-09,-5.059734055105113e-14,-50.59734055105113
7213,3.9214389342884844e-09,-5.911242046826347e-14,-59.11242046826347
7214,3.921427738572906e-09,-7.03081360468376e-14,-70.3081360468376
7215,3.92146020441065e-09,-3.784229830295404e-14,-37.842298302954035
7216,3.921491093466069e-09,-6.953242883570455e-15,-6.953242883570455
7217,3.921466854988091e-09,-3.1191720861765016e-14,-31.191720861765017
7218,3.921461883514554e-09,-3.6163194398425736e-14,-36.16319439842574
7219,3.921456268079137e-09,-4.177862981543422e-14,-41.77862981543422
7220,3.921448037033084e-09,-5.0009675868509674e-14,-50.009675868509675
7221,3.921434531370567e-09,-6.35153383856728e-14,-63.51533838567279
7222,3.921483466239311e-09,-1.4580469641734418e-14,-14.580469641734418
7223,3.921497029147703e-09,-1.017561249864064e-15,-1.017561249864064
7224,3.921472345198157e-09,-2.5701510795678607e-14,-25.701510795678608
7225,3.921472846912712e-09,-2.519979624036094e-14,-25.19979624036094
7226,3.92146384513444e-09,-3.4201574512802025e-14,-34.201574512802026
7227,3.921455933223296e-09,-4.211348565640637e-14,-42.11348565640637
7228,3.921445669867376e-09,-5.237684157675159e-14,-52.37684157675159
7229,3.921504036454764e-09,5.989745811127e-15,5.989745811126999
7230,3.9215011312266224e-09,3.084517669734842e-15,3.084517669734842
7231,3.921479251593101e-09,-1.8795115851891632e-14,-18.79511585189163
7232,3.921481044619549e-09,-1.7002089404089417e-14,-17.002089404089418
7233,3.921470311153566e-09,-2.773555538642435e-14,-27.73555538642435
7234,3.921462376094706e-09,-3.567061424641126e-14,-35.67061424641126
7235,3.921465555002581e-09,-3.249170637162945e-14,-32.49170637162945
7236,3.921517220244761e-09,1.9173535808333485e-14,19.173535808333487
7237,3.921502043745381e-09,3.997036428207267e-15,3.997036428207267
7238,3.921488411773311e-09,-9.634935642050414e-15,-9.634935642050413
7239,3.9214858550348525e-09,-1.2191674100151418e-14,-12.191674100151419
7240,3.921481074326688e-09,-1.6972382264563314e-14,-16.972382264563315
7241,3.9214610581656505e-09,-3.6988543302230327e-14,-36.988543302230326
7242,3.921486867056265e-09,-1.1179652687299136e-14,-11.179652687299136
7243,3.921528679014892e-09,3.063230593900691e-14,30.63230593900691
7244,3.921503551599552e-09,5.504890599591482e-15,5.504890599591482
7245,3.9214960802268564e-09,-1.9664820962776896e-15,-1.9664820962776897
7246,3.921490498943808e-09,-7.547765144852881e-15,-7.547765144852882
7247,3.921479743305891e-09,-1.8303403061615143e-14,-18.303403061615143
7248,3.92147519873696e-09,-2.2847971992859696e-14,-22.847971992859694
7249,3.92151349918159e-09,1.5452472637200297e-14,15.452472637200298
7250,3.9215305394516096e-09,3.249274265688341e-14,32.49274265688341
7251,3.921507327685984e-09,9.280977030978309e-15,9.28097703097831
7252,3.921499784186738e-09,1.7374777855845392e-15,1.7374777855845391
7253,3.921499400243644e-09,1.35353469125311e-15,1.3535346912531099
7254,3.9214803778623176e-09,-1.766884663511369e-14,-17.668846635113688
7255,3.921491973214817e-09,-6.073494135761405e-15,-6.073494135761405
7256,3.921535164766498e-09,3.711805754492382e-14,37.11805754492382
7257,3.921521922483793e-09,2.3875774840511742e-14,23.875774840511742
7258,3.921514905554438e-09,1.685884548523987e-14,16.85884548523987
7259,3.9215091966065835e-09,1.114989763085451e-14,11.14989763085451
7260,3.92149759661912e-09,-4.500898327851509e-16,-0.45008983278515097
7261,3.921488073502233e-09,-9.973206719865891e-15,-9.97320671986589
7262,3.921510951848586e-09,1.2905139632945605e-14,12.905139632945605
7263,3.921548018579564e-09,4.997187061093434e-14,49.971870610934346
7264,3.921524958683557e-09,2.691197460434015e-14,26.91197460434015
7265,3.921516396440845e-09,1.8349731892624687e-14,18.349731892624686
7266,3.921517294268664e-09,1.9247559711659933e-14,19.24755971165993
7267,3.92145360934436e-09,-4.44373645929118e-14,-44.4373645929118
7268,3.921448993678871e-09,-4.905303008161709e-14,-49.05303008161709
7269,3.921544632263813e-09,4.6585554860556054e-14,46.58555486055605
7270,3.921549096574679e-09,5.104986572598237e-14,51.049865725982364
7271,3.9215228893481856e-09,2.4842639232880003e-14,24.842639232880003
7272,3.921525595869174e-09,2.754916022110988e-14,27.54916022110988
7273,3.921509557971168e-09,1.1511262214943928e-14,11.511262214943928
7274,3.921498060278179e-09,1.3569226278275026e-17,0.013569226278275026
7275,3.921523450802281e-09,2.540409332790162e-14,25.40409332790162
7276,3.921562414995481e-09,6.436828652795724e-14,64.36828652795724
7277,3.9215368106125005e-09,3.876390354781113e-14,38.763903547811125
7278,3.92153423289473e-09,3.618618577767253e-14,36.18618577767253
7279,3.921521992333518e-09,2.394562456547412e-14,23.94562456547412
7280,3.921521588386894e-09,2.3541677941060334e-14,23.541677941060335
7281,3.921502645287851e-09,4.598578898556537e-15,4.598578898556537
7282,3.921549949977314e-09,5.190326836100002e-14,51.90326836100002
7283,3.921564649996944e-09,6.660328799137317e-14,66.60328799137316
7284,3.921537243697058e-09,3.919698810561046e-14,39.196988105610465
7285,3.921538166407317e-09,4.011969836450425e-14,40.11969836450425
7286,3.921526033534486e-09,2.7986825533087966e-14,27.986825533087966
7287,3.92151742917052e-09,1.9382461566971442e-14,19.382461566971443
7288,3.921524709506793e-09,2.6662797840048668e-14,26.66279784004867
7289,3.921571231971493e-09,7.318526254009817e-14,73.18526254009817
7290,3.921551275170524e-09,5.322846157137474e-14,53.22846157137474
7291,3.921547075730249e-09,4.9029021296686636e-14,49.029021296686636
7292,3.9215343926519205e-09,3.634594296778827e-14,36.34594296778827
7293,3.921527237784944e-09,2.919107599112193e-14,29.191075991121927
7294,3.921505689293871e-09,7.642584918026839e-15,7.642584918026839
7295,3.921583409676084e-09,8.536296713134673e-14,85.36296713134674
7296,3.921567418913767e-09,6.937220481462959e-14,69.37220481462958
7297,3.921552847805775e-09,5.4801096822564964e-14,54.801096822564965
7298,3.921546010393195e-09,4.796368424200238e-14,47.96368424200238
7299,3.9215367981170705e-09,3.875140811777323e-14,38.75140811777323
7300,3.921522120025429e-09,2.40733164763386e-14,24.0733164763386
7301,3.921548209778617e-09,5.016306966405216e-14,50.16306966405216
7302,3.921586244458189e-09,8.819774923658165e-14,88.19774923658164
7303,3.921560342651448e-09,6.229594249546845e-14,62.295942495468445
7304,3.9215606407257304e-09,6.259401677773902e-14,62.59401677773902
7305,3.921544736808008e-09,4.669009905503797e-14,46.69009905503797
7306,3.9215370122469995e-09,3.896553804683912e-14,38.96553804683912
7307,3.921514951036719e-09,1.6904327766375636e-14,16.904327766375637
7308,3.921603168908312e-09,1.0512219935918899e-13,105.122199359189
7309,3.9215751864091816e-09,7.713970022885886e-14,77.13970022885887
7310,3.9215637104815515e-09,6.566377259880586e-14,65.66377259880586
7311,3.9215552833033254e-09,5.723659437272778e-14,57.23659437272778
7312,3.921546529997086e-09,4.848328813316606e-14,48.483288133166056
7313,3.921529219028889e-09,3.1172319936067626e-14,31.172319936067627
7314,3.921572329943033e-09,7.428323408017424e-14,74.28323408017424
7315,3.921592556872973e-09,9.451016402017244e-14,94.51016402017244
7316,3.921568812059349e-09,7.076535039616484e-14,70.76535039616483
7317,3.921569088693533e-09,7.104198458047451e-14,71.04198458047452
7318,3.9215574093695756e-09,5.936266062286323e-14,59.362660622863224
7319,3.921547044559437e-09,4.899785048422768e-14,48.997850484227676
7320,3.921543322954165e-09,4.527624521200825e-14,45.27624521200825
7321,3.921596130078073e-09,9.808336912003291e-14,98.08336912003291
7322,3.921588509519158e-09,9.046281020522974e-14,90.46281020522974
7323,3.921568161321205e-09,7.011461225223904e-14,70.11461225223904
7324,3.921567132819919e-09,6.908611096636498e-14,69.08611096636497
7325,3.921555237062103e-09,5.719035315007127e-14,57.19035315007127
7326,3.921542277159854e-09,4.423045090148304e-14,44.23045090148304
7327,3.921583200370855e-09,8.515366190194841e-14,85.15366190194841
7328,3.921604200553784e-09,1.0615384483136326e-13,106.15384483136326
7329,3.9215752437634765e-09,7.719705452378335e-14,77.19705452378335
7330,3.921575676902244e-09,7.76301932916913e-14,77.63019329169131
7331,3.921563674296304e-09,6.562758735129915e-14,65.62758735129916
7332,3.921553230908613e-09,5.518419966021272e-14,55.18419966021272
7333,3.921565698637285e-09,6.765192833260115e-14,67.65192833260114
7334,3.921610322420036e-09,1.1227571108313973e-13,112.27571108313973
7335,3.921585116562669e-09,8.706985371654497e-14,87.06985371654497
7336,3.9215812120795956e-09,8.316537064288155e-14,83.16537064288156
7337,3.921568200298273e-09,7.015358932033989e-14,70.15358932033989
7338,3.921559700776657e-09,6.165406770430272e-14,61.65406770430272
7339,3.921549597205032e-09,5.155049607912755e-14,51.55049607912755
7340,3.921625499461517e-09,1.274527525643522e-13,127.4527525643522
7341,3.921595156437417e-09,9.710972846408662e-14,97.10972846408661
7342,3.921587982596902e-09,8.993588794940178e-14,89.93588794940179
7343,3.921576673826142e-09,7.862711718929173e-14,78.62711718929172
7344,3.921568181921046e-09,7.013521209351626e-14,70.13521209351626
7345,3.921547304198752e-09,4.9257489799483644e-14,49.25748979948364
7346,3.9216164183196456e-09,1.1837161069288516e-13,118.37161069288517
7347,3.921609018585608e-09,1.1097187665556297e-13,110.97187665556297
7348,3.921592144659307e-09,9.409795035419345e-14,94.09795035419344
7349,3.921585265342312e-09,8.72186333596643e-14,87.2186333596643
7350,3.921572047101791e-09,7.400039283842709e-14,74.00039283842709
7351,3.921565931225756e-09,6.78845168036536e-14,67.88451680365361
7352,3.9215805657324704e-09,8.251902351775432e-14,82.51902351775432
7353,3.921618134394844e-09,1.2008768589149522e-13,120.08768589149523
7354,3.921606839041086e-09,1.0879233213326967e-13,108.79233213326968
7355,3.921591653244672e-09,9.360653571951439e-14,93.6065357195144
7356,3.9215848811281675e-09,8.683441921478975e-14,86.83441921478975
7357,3.921573811044516e-09,7.576433556295238e-14,75.76433556295238
7358,3.921571895909798e-09,7.384920084547398e-14,73.84920084547399
7359,3.921623990956824e-09,1.2594424787166448e-13,125.94424787166449
7360,3.921614015158425e-09,1.1596844947251673e-13,115.96844947251674
7361,3.9215943977398415e-09,9.635103088883557e-14,96.35103088883558
7362,3.921592462222123e-09,9.441551317051445e-14,94.41551317051446
7363,3.921580496316426e-09,8.244960747366093e-14,82.44960747366093
7364,3.921564055908364e-09,6.600919941095974e-14,66.00919941095974
7365,3.921622311581869e-09,1.2426487291659306e-13,124.26487291659306
7366,3.9216259683247465e-09,1.2792161579384355e-13,127.92161579384354
7367,3.92159919777391e-09,1.0115106495697202e-13,101.15106495697202
7368,3.921599760068261e-09,1.0171335930867732e-13,101.71335930867733
7369,3.921586487048425e-09,8.844033947267528e-14,88.44033947267528
7370,3.921574692229831e-09,7.664552087863997e-14,76.64552087863997
7371,3.92160323271361e-09,1.0518600465703977e-13,105.18600465703976
7372,3.92163743842479e-09,1.3939171583721944e-13,139.39171583721944
7373,3.921607126679922e-09,1.0907997096963008e-13,109.07997096963008
7374,3.921604195186983e-09,1.0614847803060946e-13,106.14847803060945
7375,3.921593369889077e-09,9.5323180124265e-14,95.32318012426501
7376,3.921582252805261e-09,8.420609630825039e-14,84.2060963082504
7377,3.921595031889692e-09,9.698518073952235e-14,96.98518073952235
7378,3.9216387542667566e-09,1.4070755780385647e-13,140.70755780385647
7379,3.92161778777541e-09,1.197410664569516e-13,119.7410664569516
7380,3.92160640945308e-09,1.083627441274766e-13,108.3627441274766
7381,3.9215999792126255e-09,1.0193250367279095e-13,101.93250367279096
7382,3.921588685647801e-09,9.063893884815001e-14,90.63893884815
7383,3.921588435657885e-09,9.038894893222916e-14,90.38894893222916
7384,3.921632727268195e-09,1.346805592421725e-13,134.68055924217248
7385,3.921628194462857e-09,1.301477539044994e-13,130.1477539044994
7386,3.921609533446115e-09,1.1148673716222203e-13,111.48673716222203
7387,3.921606431679225e-09,1.0838497027201256e-13,108.38497027201255
7388,3.921594376191323e-09,9.632948237065743e-14,96.32948237065743
7389,3.921581657822214e-09,8.361111326104466e-14,83.61111326104465
7390,3.921639241019322e-09,1.4119431036919384e-13,141.19431036919383
7391,3.9216379338238676e-09,1.3988711491488238e-13,139.88711491488237
7392,3.9216131848764015e-09,1.1513816744882733e-13,115.13816744882733
7393,3.921612568344836e-09,1.1452163588344345e-13,114.52163588344345
7394,3.924702414405054e-09,3.2043676961013785e-12,3204.3676961013784
7395,3.928010596556666e-09,6.512549847713358e-12,6512.549847713358
7396,3.9228176549666906e-09,1.3196082577378805e-12,1319.6082577378804
7397,3.921585404499661e-09,8.735779070850281e-14,87.35779070850282
7398,3.921016552134275e-09,-4.81494574677505e-13,-481.494574677505
7399,3.921224481755062e-09,-2.7356495389057366e-13,-273.56495389057363
7400,3.921229761629907e-09,-2.6828507904594944e-13,-268.28507904594943
7401,3.921240161080305e-09,-2.57885628647903e-13,-257.885628647903
7402,3.921244524777209e-09,-2.535219317440833e-13,-253.52193174408333
7403,3.921278169088504e-09,-2.1987762044881664e-13,-219.87762044881663
7404,3.9213023648218114e-09,-1.9568188714127232e-13,-195.6818871412723
7405,3.921310359105215e-09,-1.8768760373761339e-13,-187.6876037376134
7406,3.92131101526437e-09,-1.8703144458282516e-13,-187.03144458282515
7407,3.9212890838872996e-09,-2.089628216531335e-13,-208.9628216531335
7408,3.921305539528403e-09,-1.9250718054990889e-13,-192.5071805499089
7409,3.921305419453012e-09,-1.9262725594051166e-13,-192.62725594051165
7410,3.921291615309637e-09,-2.0643139931576003e-13,-206.43139931576005
7411,3.921347712092672e-09,-1.5033461628103416e-13,-150.33461628103416
7412,3.921358255958799e-09,-1.3979075015361263e-13,-139.79075015361263
7413,3.921336443789758e-09,-1.616029191950562e-13,-161.6029191950562
7414,3.921340295580606e-09,-1.5775112834697557e-13,-157.75112834697558
7415,3.9213352135726576e-09,-1.6283313629512118e-13,-162.8331362951212
7416,3.9213303042781155e-09,-1.6774243083718986e-13,-167.74243083718986
7417,3.9213237311127094e-09,-1.7431559624326342e-13,-174.31559624326343
7418,3.921341430252389e-09,-1.5661645656336086e-13,-156.61645656336086
7419,3.921392116080537e-09,-1.0593062841591271e-13,-105.93062841591271
7420,3.921370569405502e-09,-1.2747730345036889e-13,-127.47730345036888
7421,3.921358974676419e-09,-1.39072032533472e-13,-139.072032533472
7422,3.9213613298616935e-09,-1.3671684725923604e-13,-136.71684725923603
7423,3.921353901098143e-09,-1.4414561080972653e-13,-144.14561080972652
7424,3.921349113207139e-09,-1.4893350181353114e-13,-148.93350181353114
7425,3.921348026077621e-09,-1.5002063133188236e-13,-150.02063133188236
7426,3.921400162107489e-09,-9.788460146357191e-14,-97.88460146357191
7427,3.9213969299110776e-09,-1.0111679787513138e-13,-101.11679787513138
7428,3.921377624010883e-09,-1.2042269806960314e-13,-120.42269806960314
7429,3.921382371081675e-09,-1.156756272775926e-13,-115.67562727759261
7430,3.921374203868025e-09,-1.2384284092776298e-13,-123.84284092776298
7431,3.9213685328130365e-09,-1.2951389591621997e-13,-129.51389591621998
7432,3.921355729469582e-09,-1.423172393711013e-13,-142.3172393711013
7433,3.921410982038595e-09,-8.706467035798126e-14,-87.06467035798126
7434,3.921418789893435e-09,-7.925681551788121e-14,-79.25681551788121
7435,3.92139749028097e-09,-1.0055642798228225e-13,-100.55642798228224
7436,3.921397307809745e-09,-1.0073889920791156e-13,-100.73889920791156
7437,3.9213915489885905e-09,-1.0649772036223125e-13,-106.49772036223125
7438,3.921384889791742e-09,-1.1315691721069153e-13,-113.15691721069153
7439,3.921384363818163e-09,-1.1368289078961856e-13,-113.68289078961857
7440,3.921393081969147e-09,-1.0496473980549969e-13,-104.96473980549969
7441,3.9214372410086365e-09,-6.080570031619702e-14,-60.80570031619702
7442,3.921415245338377e-09,-8.280137057533376e-14,-82.80137057533375
7443,3.921410507971195e-09,-8.753873775790054e-14,-87.53873775790055
7444,3.9214066465580524e-09,-9.140015090026198e-14,-91.40015090026198
7445,3.9213990828113315e-09,-9.896389762122692e-14,-98.96389762122692
7446,3.9213888575922225e-09,-1.0918911673015496e-13,-109.18911673015495
7447,3.921418095272208e-09,-7.995143674473836e-14,-79.95143674473836
7448,3.9214526899680226e-09,-4.5356740930125196e-14,-45.3567409301252
7449,3.921429971812541e-09,-6.807489641195196e-14,-68.07489641195195
7450,3.921423103825459e-09,-7.494288349377863e-14,-74.94288349377864
7451,3.921419868403546e-09,-7.817830540680125e-14,-78.17830540680126
7452,3.921411776541947e-09,-8.627016700598388e-14,-86.27016700598388
7453,3.921401706309538e-09,-9.634039941435512e-14,-96.34039941435512
7454,3.921428238091952e-09,-6.980861700091922e-14,-69.80861700091921
7455,3.921465525702017e-09,-3.252100693534087e-14,-32.52100693534087
7456,3.921442270134624e-09,-5.5776574329014384e-14,-55.77657432901439
7457,3.921438813806518e-09,-5.923290243468092e-14,-59.23290243468092
7458,3.921431573124939e-09,-6.647358401329949e-14,-66.47358401329949
7459,3.921423211324104e-09,-7.48353848483767e-14,-74.83538484837669
7460,3.921412507483946e-09,-8.553922500634846e-14,-85.53922500634846
7461,3.921442709128083e-09,-5.5337580869375004e-14,-55.337580869375
7462,3.921475863569732e-09,-2.2183139220691584e-14,-22.183139220691583
7463,3.921452300088921e-09,-4.574662003135098e-14,-45.746620031350986
7464,3.921446224789153e-09,-5.1821919799819195e-14,-51.82191979981919
7465,3.921441739498975e-09,-5.63072099772831e-14,-56.3072099772831
7466,3.921433577326865e-09,-6.446938208735141e-14,-64.46938208735142
7467,3.921421522868956e-09,-7.652383999664269e-14,-76.52383999664268
7468,3.92146029187866e-09,-3.775483029268877e-14,-37.754830292688766
7469,3.921484534585027e-09,-1.3512123926021514e-14,-13.512123926021514
7470,3.921460388860544e-09,-3.765784840835994e-14,-37.65784840835994
7471,3.921457209817144e-09,-4.083689180841331e-14,-40.83689180841331
7472,3.921450721517663e-09,-4.7325191289435565e-14,-47.325191289435566
7473,3.921442763663453e-09,-5.528304550009898e-14,-55.283045500098986
7474,3.9214288313402755e-09,-6.921536867718946e-14,-69.21536867718946
7475,3.921481532727367e-09,-1.6513981586036442e-14,-16.513981586036444
7476,3.921495184702967e-09,-2.862005985696404e-15,-2.862005985696404
7477,3.9214666017455685e-09,-3.144496338420332e-14,-31.44496338420332
7478,3.921468113340237e-09,-2.993336871532403e-14,-29.93336871532403
7479,3.921458556342032e-09,-3.949036692029494e-14,-39.49036692029494
7480,3.921450752824001e-09,-4.7293884951705046e-14,-47.293884951705046
7481,3.921441501570809e-09,-5.6545138144035046e-14,-56.54513814403504
7482,3.921499177358782e-09,1.1306498296444024e-15,1.1306498296444023
7483,3.92149578261336e-09,-2.2640955926249606e-15,-2.2640955926249604
7484,3.921474253095825e-09,-2.3793613127701553e-14,-23.79361312770155
7485,3.921475995354506e-09,-2.205135444662597e-14,-22.05135444662597
7486,3.921465326832234e-09,-3.271987671882902e-14,-32.71987671882902
7487,3.921457446417163e-09,-4.0600291789322663e-14,-40.60029178932266
7488,3.921460276997985e-09,-3.776971096750613e-14,-37.769710967506136
7489,3.9215120272958256e-09,1.3980586872888289e-14,13.980586872888288
7490,3.921498804555865e-09,7.578469126352617e-16,0.7578469126352617
7491,3.921487033210248e-09,-1.1013498704365733e-14,-11.013498704365732
7492,3.921476786442621e-09,-2.1260266331471923e-14,-21.26026633147192
7493,3.9214762476212466e-09,-2.1799087706142907e-14,-21.799087706142906
7494,3.9214569957956354e-09,-4.105091331726195e-14,-41.05091331726195
7495,3.9214920259341476e-09,-6.020774805124297e-15,-6.020774805124297
7496,3.921517742071267e-09,1.9695362313950758e-14,19.69536231395076
7497,3.9215003951617675e-09,2.348452814834433e-15,2.3484528148344332
7498,3.921484829298282e-09,-1.3217410670485642e-14,-13.217410670485641
7499,3.92148509034706e-09,-1.2956361892405445e-14,-12.956361892405445
7500,3.92147614220969e-09,-2.190449926236281e-14,-21.90449926236281
7501,3.92147088214864e-09,-2.716456031228486e-14,-27.16456031228486
7502,3.921504228575389e-09,6.181866436091431e-15,6.181866436091431
7503,3.921527209731213e-09,2.9163022259908865e-14,29.163022259908864
7504,3.921503352919504e-09,5.3062105514835135e-15,5.306210551483513
7505,3.921495205113073e-09,-2.8415958797993645e-15,-2.8415958797993643
7506,3.921493152094944e-09,-4.8946140085636035e-15,-4.894614008563604
7507,3.921472295406172e-09,-2.5751302780450004e-14,-25.751302780450004
7508,3.921487496625362e-09,-1.0550083590791116e-14,-10.550083590791116
7509,3.921527711852344e-09,2.9665143391041214e-14,29.665143391041216
7510,3.921519559221213e-09,2.1512512260090776e-14,21.512512260090777
7511,3.921505015706166e-09,6.968997213315907e-15,6.968997213315907
7512,3.92150925203642e-09,1.1205327466922831e-14,11.205327466922832
7513,3.9214935435190335e-09,-4.503189919242024e-15,-4.503189919242025
7514,3.921484384558551e-09,-1.3662150401639196e-14,-13.662150401639195
7515,3.921500943740962e-09,2.8970320090577862e-15,2.8970320090577864
7516,3.921533583918415e-09,3.553720946227702e-14,35.53720946227702
7517,3.921517429522885e-09,1.93828139326775e-14,19.3828139326775
7518,3.921514769839431e-09,1.6723130478298997e-14,16.723130478298998
7519,3.921503000689323e-09,4.953980370697285e-15,4.953980370697285
7520,3.9214965827816684e-09,-1.4639272842763461e-15,-1.4639272842763462
7521,3.921506489462179e-09,8.442753226375454e-15,8.442753226375453
7522,3.9214827663597036e-09,-1.5280349249128123e-14,-15.280349249128124
7523,3.921484048076407e-09,-1.3998632545870072e-14,-13.998632545870072
7524,3.921520655647765e-09,2.2608938812071054e-14,22.608938812071056
7525,3.921519759608879e-09,2.171289992662041e-14,21.71289992662041
7526,3.921510571564674e-09,1.2524855720946314e-14,12.524855720946315
7527,3.921501305783172e-09,3.2590742195050083e-15,3.2590742195050084
7528,3.921502167236008e-09,4.120527055653366e-15,4.1205270556533655
7529,3.921551562077524e-09,5.3515368571268717e-14,53.515368571268716
7530,3.921542931638496e-09,4.4884929542903916e-14,44.88492954290392
7531,3.92152382710175e-09,2.5780392796917028e-14,25.780392796917027
7532,3.921523581828113e-09,2.5535119160446495e-14,25.535119160446495
7533,3.921512157264561e-09,1.4110555608314989e-14,14.11055560831499
7534,3.921501580221847e-09,3.5335128944154016e-15,3.5335128944154017
7535,3.921535887061985e-09,3.7840353032233663e-14,37.840353032233665
7536,3.92156409133467e-09,6.60446257169457e-14,66.0446257169457
7537,3.921536939632559e-09,3.8892923606336903e-14,38.8929236063369
7538,3.921531623924833e-09,3.3577215879912036e-14,33.57721587991204
7539,3.9215243211184695e-09,2.6274409516810048e-14,26.27440951681005
7540,3.921514651932445e-09,1.6605223492041198e-14,16.605223492041198
7541,3.921510673750728e-09,1.2627041775703073e-14,12.627041775703074
7542,3.9215628515765905e-09,6.480486763776284e-14,64.80486763776284
7543,3.921557307969567e-09,5.926126061468152e-14,59.26126061468152
7544,3.921536077773147e-09,3.8031064194373864e-14,38.03106419437386
7545,3.92153638614735e-09,3.8339438397283053e-14,38.339438397283054
7546,3.921524383297464e-09,2.633658851140209e-14,26.33658851140209
7547,3.92151414040586e-09,1.6093696907062537e-14,16.093696907062537
7548,3.921540407751363e-09,4.236104241062922e-14,42.361042410629224
7549,3.921574838298969e-09,7.679159001632808e-14,76.79159001632809
7550,3.921549255952398e-09,5.1209243445337737e-14,51.209243445337734
7551,3.921543179541322e-09,4.513283236964273e-14,45.13283236964273
7552,3.921535967618206e-09,3.7920909253649336e-14,37.920909253649334
7553,3.921525974635203e-09,2.792792625006769e-14,27.927926250067692
7554,3.92152266182836e-09,2.461511940698392e-14,24.61511940698392
7555,3.921583168034525e-09,8.512132557215403e-14,85.12132557215402
7556,3.921560228403644e-09,6.218169469154279e-14,62.18169469154279
7557,3.9215472280064445e-09,4.9181297491812225e-14,49.181297491812224
7558,3.921547131404031e-09,4.9084695078243766e-14,49.08469507824377
7559,3.921517538268363e-09,1.9491559410577796e-14,19.491559410577796
7560,3.921515352760729e-09,1.7306051776335828e-14,17.306051776335828
7561,3.921574702936328e-09,7.665622737509327e-14,76.65622737509327
7562,3.921577936867463e-09,7.989015851012872e-14,79.89015851012871
7563,3.921558767007536e-09,6.072029858324958e-14,60.72029858324957
7564,3.921553795886365e-09,5.5749177412294914e-14,55.74917741229491
7565,3.921548731849068e-09,5.0685140115158244e-14,50.68514011515824
7566,3.921523895298066e-09,2.5848589113566366e-14,25.848589113566366
7567,3.921536861380267e-09,3.881467131453776e-14,38.81467131453776
7568,3.921599994499876e-09,1.01947790923423e-13,101.947790923423
7569,3.921566932350937e-09,6.888564198467241e-14,68.8856419846724
7570,3.9215697216507615e-09,7.167494180877155e-14,71.67494180877155
7571,3.921543025530404e-09,4.497882145104116e-14,44.97882145104116
7572,3.921544534821143e-09,4.648811219030392e-14,46.48811219030392
7573,3.921530958956535e-09,3.2912247582472364e-14,32.91224758247236
7574,3.921577496708486e-09,7.944999953315391e-14,79.44999953315391
7575,3.9215925940882124e-09,9.4547379259743e-14,94.547379259743
7576,3.921563997822232e-09,6.595111327956883e-14,65.95111327956883
7577,3.921554535339352e-09,5.648863039898434e-14,56.48863039898434
7578,3.921551966159674e-09,5.3919450720954064e-14,53.91945072095407
7579,3.9215366583634104e-09,3.861165445773985e-14,38.61165445773985
7580,3.921568382444238e-09,7.033573528531746e-14,70.33573528531745
7581,3.921598934285677e-09,1.0088757672400373e-13,100.88757672400374
7582,3.921575047034992e-09,7.700032603958585e-14,77.00032603958586
7583,3.921571372158834e-09,7.332544988100055e-14,73.32544988100055
7584,3.9215583460660425e-09,6.029935708978208e-14,60.29935708978208
7585,3.921550414937415e-09,5.236822846267043e-14,52.36822846267043
7586,3.921536645976401e-09,3.8599267447919204e-14,38.5992674479192
7587,3.92161645277017e-09,1.184060612169159e-13,118.40606121691589
7588,3.921586476287719e-09,8.842957876611336e-14,88.42957876611335
7589,3.921578052877095e-09,8.000616814258466e-14,80.00616814258467
7590,3.921567586748264e-09,6.954003931093035e-14,69.54003931093034
7591,3.921559139132827e-09,6.109242387390091e-14,61.09242387390091
7592,3.921539363203885e-09,4.1316494932602376e-14,41.316494932602374
7593,3.921599850680458e-09,1.018039715052428e-13,101.8039715052428
7594,3.921601555669689e-09,1.0350896073663919e-13,103.50896073663918
7595,3.921582549280345e-09,8.450257139231655e-14,84.50257139231655
7596,3.921576570989566e-09,7.852428061323148e-14,78.52428061323148
7597,3.9215661179253705e-09,6.807121641775561e-14,68.07121641775561
7598,3.921551974751976e-09,5.392804302317101e-14,53.928043023171014
7599,3.921566533825324e-09,6.848711637112105e-14,68.48711637112105
7600,3.92162319290271e-09,1.2514619375755221e-13,125.14619375755221
7601,3.9215889275333055e-09,9.088082435283152e-14,90.88082435283152
7602,3.921583838342518e-09,8.579163356529319e-14,85.7916335652932
7603,3.921574882263367e-09,7.683555441442237e-14,76.83555441442236
7604,3.921565001007397e-09,6.695429844471535e-14,66.95429844471535
7605,3.9215458256180395e-09,4.777890908675654e-14,47.778909086756535
7606,3.921630422227271e-09,1.32375518318414e-13,132.375518318414
7607,3.9216004831769e-09,1.0243646794761653e-13,102.43646794761652
7608,3.9215879139669046e-09,8.986725795188345e-14,89.86725795188345
7609,3.921583136050561e-09,8.50893416080657e-14,85.08934160806571
7610,3.921572139313186e-09,7.409260423319698e-14,74.09260423319698
7611,3.921556004108035e-09,5.795739908205045e-14,57.95739908205045
7612,3.921596058032838e-09,9.801132388567125e-14,98.01132388567125
7613,3.921630620988634e-09,1.325742796816849e-13,132.5742796816849
7614,3.921592843834183e-09,9.479712523017504e-14,94.79712523017504
7615,3.921591484868075e-09,9.34381591221274e-14,93.43815912212739
7616,3.921579845795123e-09,8.179908617016963e-14,81.79908617016963
7617,3.921567625508491e-09,6.95787995385967e-14,69.5787995385967
7618,3.921584310458354e-09,8.6263749401302e-14,86.26374940130201
7619,3.921625898014236e-09,1.2785130528295786e-13,127.85130528295787
7620,3.921603584374584e-09,1.0553766563168544e-13,105.53766563168544
7621,3.921594956375011e-09,9.690966605820873e-14,96.90966605820873
7622,3.921587314294683e-09,8.926758573028172e-14,89.26758573028172
7623,3.921576151864111e-09,7.810515515840289e-14,78.1051551584029
7624,3.921573669041136e-09,7.562233218341109e-14,75.62233218341109
7625,3.921625723403476e-09,1.2767669452307907e-13,127.67669452307906
7626,3.921616446563112e-09,1.183998541594784e-13,118.39985415947841
7627,3.92159630322516e-09,9.825651620697885e-14,98.25651620697884
7628,3.92159532269982e-09,9.727599086723727e-14,97.27599086723727
7629,3.921582406707759e-09,8.43599988066347e-14,84.3599988066347
7630,3.921567152904764e-09,6.910619581161027e-14,69.10619581161028
7631,3.921623305984997e-09,1.2525927604414245e-13,125.25927604414245
7632,3.9216278353208876e-09,1.2978861193486358e-13,129.78861193486358
7633,3.921598891947582e-09,1.0084523862916818e-13,100.84523862916818
7634,3.921599432042894e-09,1.0138533394139183e-13,101.38533394139183
7635,3.921587670780357e-09,8.962407140459495e-14,89.62407140459496
7636,3.921572756712113e-09,7.471000316031885e-14,74.71000316031885
7637,3.921613478261509e-09,1.154315525567019e-13,115.43155255670192
7638,3.921635017021868e-09,1.3697031291529894e-13,136.97031291529893
7639,3.921607778312533e-09,1.0973160358034818e-13,109.73160358034818
7640,3.921606189088989e-09,1.0814238003591893e-13,108.14238003591893
7641,3.921593664792068e-09,9.561808311518106e-14,95.61808311518107
7642,3.921582002381664e-09,8.395567271146055e-14,83.95567271146055
7643,3.921595989429946e-09,9.794272099320723e-14,97.94272099320723
7644,3.921645727367239e-09,1.4768065828630562e-13,147.68065828630563
7645,3.9216146181916735e-09,1.1657148272085317e-13,116.57148272085317
7646,3.921611118522586e-09,1.1307181363334152e-13,113.07181363334152
7647,3.9215988722693124e-09,1.0082556035973756e-13,100.82556035973757
7648,3.921588591810103e-09,9.054510115012139e-14,90.54510115012138
