offset_frequency_hz,phase_noise_dbc_per_hz
33333.93328043847,-78.26690338917186
66667.86656087694,-87.1339804607639
100001.7998413154,-105.5580350491835
133335.73312175387,-109.21237502704867
166669.66640219235,-123.00798807178212
200003.5996826308,-129.95629085150372
233337.53296306927,-124.34692123797112
266671.46624350775,-131.55079030161482
300005.3995239462,-129.26972274165027
333339.3328043847,-137.52605093171664
366673.2660848232,-132.76096687761105
400007.1993652616,-135.1369115735337
433341.13264570007,-133.38590100476986
466675.06592613854,-131.8187927767566
500008.999206577,-132.59369230897696
533342.9324870155,-133.77681984622387
566676.8657674539,-137.9662214227709
600010.7990478924,-141.2014976841126
633344.7323283309,-142.01941655356237
666678.6656087694,-147.03622105340318
700012.5988892078,-146.16040630652188
733346.5321696464,-151.30231997342383
766680.4654500848,-145.0259295313533
800014.3987305232,-167.01320639188617
833348.3320109617,-163.84401984205485
866682.2652914001,-136.99124922759322
900016.1985718387,-136.43757705216888
933350.1318522771,-121.94870197191372
966684.0651327156,-97.40722093335603
1000017.998413154,-92.31550943767729
1033351.9316935926,-99.33647421448363
1066685.864974031,-121.93526357155415
1100019.7982544694,-135.8994916689115
1133353.7315349078,-138.49522137805724
1166687.6648153465,-151.41561153512686
1200021.598095785,-154.19265793599422
1233355.5313762233,-148.43730928060236
1266689.4646566617,-159.43135066552358
1300023.3979371004,-152.99320357308252
1333357.3312175388,-169.97106184340748
1366691.2644979772,-157.5963802459428
1400025.1977784156,-157.65448237317648
1433359.131058854,-152.1134689706319
1466693.0643392927,-149.44295216006557
1500026.9976197311,-148.70187703892523
1533360.9309001695,-151.460032884628
1566694.864180608,-159.09315479692336
1600028.7974610464,-168.02727705702011
1633362.730741485,-160.2912632111715
1666696.6640219234,-160.02905368874292
1700030.5973023619,-159.67455187623415
1733364.5305828003,-161.6080256250171
1766698.463863239,-158.54536899609954
1800032.3971436773,-165.85054756491687
1833366.3304241158,-165.54902438108132
1866700.2637045542,-148.9426750268293
1900034.1969849926,-150.04374974989082
1933368.1302654312,-133.89477491409397
1966702.0635458697,-106.57330041877108
2000035.996826308,-101.59839533944238
2033369.9301067465,-108.96865315614868
2066703.8633871851,-134.68773520133155
2100037.7966676233,-144.66334713263683
2133371.729948062,-149.93358035585115
2166705.6632285006,-157.90034045734322
2200039.596508939,-161.63999400917527
2233373.5297893775,-165.75488231076196
2266707.4630698157,-170.06311044682917
2300041.3963502543,-158.202060598788
2333375.329630693,-161.1447726903145
2366709.262911131,-158.29065557711863
2400043.19619157,-160.9424381200044
2433377.129472008,-163.73505460137744
2466711.0627524466,-162.0600062868839
2500044.9960328853,-159.76017935773362
2533378.9293133235,-159.29745445935694
2566712.862593762,-161.027440018694
2600046.7958742008,-162.02937003107152
2633380.729154639,-163.54401897492164
2666714.6624350776,-170.07308281043004
2700048.595715516,-177.00624693802152
2733382.5289959544,-175.04947466602823
2766716.462276393,-172.29137605606218
2800050.3955568313,-171.45556594793672
2833384.32883727,-169.62523452925993
2866718.262117708,-157.4129898798122
2900052.1953981468,-155.16410657974217
2933386.1286785854,-140.658529587577
2966720.0619590236,-111.16451541231947
3000053.9952394622,-106.05166405642399
3033387.9285199004,-113.20834244364791
3066721.861800339,-142.0706492595686
3100055.7950807777,-151.35013545939907
3133389.728361216,-160.0326569770081
3166723.6616416546,-166.07801348121765
3200057.5949220927,-173.058429528129
3233391.5282025314,-164.50490148520984
3266725.46148297,-176.13384953977854
3300059.394763408,-172.37347825245627
3333393.328043847,-171.2911042389216
3366727.2613242855,-180.602325725632
3400061.1946047237,-180.29822082500914
3433395.1278851624,-168.2398776343783
3466729.0611656005,-161.49013888037902
3500062.994446039,-161.95335173963662
3533396.927726478,-168.26117833883401
3566730.861006916,-190.4623895382578
3600064.7942873547,-187.9326543497571
3633398.727567793,-177.2613207233019
3666732.6608482315,-174.1247766114421
3700066.59412867,-167.78481716877604
3733400.5274091084,-175.0029420797099
3766734.460689547,-177.51343059191598
3800068.393969985,-169.83900071692264
3833402.327250424,-172.19116309210793
3866736.2605308625,-164.45386871537838
3900070.1938113007,-159.20500628501094
3933404.1270917393,-146.1290874746263
3966738.060372178,-114.30395873777884
4000071.993652616,-109.0615060145638
4033405.926933055,-116.05650772061765
4066739.860213493,-146.57817034686178
4100073.7934939316,-154.9763501833636
4133407.7267743703,-161.06134959829518
4166741.6600548085,-170.93220823049538
4200075.593335247,-173.47088993617655
4233409.526615686,-164.53132906901953
4266743.459896124,-192.76202118010042
4300077.393176562,-190.91016328963437
4333411.326457001,-181.95244851209839
4366745.259737439,-169.28080454193534
4400079.193017878,-170.53558780713263
4433413.126298317,-170.0139082043576
4466747.059578755,-172.02511444444417
4500080.992859193,-168.43014135319012
4533414.926139631,-165.7809738897973
4566748.85942007,-170.97684262768792
4600082.792700509,-175.67304675423435
4633416.725980947,-176.46764379183736
4666750.659261386,-178.12507705866074
4700084.592541824,-174.73594334947785
4733418.525822262,-173.63886289192106
4766752.459102701,-179.67474316733148
4800086.39238314,-178.1053982932699
4833420.325663578,-186.42757453673053
4866754.258944016,-162.95654772345316
4900088.192224455,-167.45234277957587
4933422.125504893,-148.2969284006667
4966756.058785331,-116.42036812514587
5000089.992065771,-111.06798552239731
5033423.925346209,-117.88948920073467
5066757.858626647,-149.88198759047467
5100091.791907086,-169.27304838797465
5133425.725187524,-163.1471148667461
5166759.658467962,-164.39325046079637
5200093.5917484015,-167.46046512229174
5233427.52502884,-180.16631099983076
5266761.458309278,-180.29034445680924
5300095.391589716,-171.44242755692974
5333429.324870155,-179.4149005617508
5366763.258150593,-170.62559832511005
5400097.191431032,-177.01902181023462
5433431.124711471,-173.17417094188556
5466765.057991909,-176.14056553197483
5500098.991272347,-186.1599126100648
5533432.924552786,-179.8201650544104
5566766.857833224,-177.7341759425819
5600100.7911136625,-172.81376517454706
5633434.724394101,-174.56227224640497
5666768.65767454,-171.62743023350947
5700102.590954978,-172.177538067219
5733436.524235416,-178.4618156971922
5766770.457515855,-178.72375437978363
5800104.3907962935,-168.69562764202874
5833438.324076732,-172.1117154504719
5866772.257357171,-167.87862288930376
5900106.190637609,-164.76329868966604
5933440.123918047,-153.51472368684023
5966774.057198486,-118.31197156492614
6000107.9904789245,-112.87760839030693
6033441.923759363,-119.61121875110413
6066775.857039801,-153.09519671262268
6100109.79032024,-163.57371577168522
6133443.723600678,-171.00654278154863
6166777.656881116,-175.5758335516228
6200111.590161555,-174.01547720637433
6233445.523441994,-168.77526124016822
6266779.456722432,-180.87179320731133
6300113.390002871,-186.33944169686717
6333447.323283309,-186.62102482282788
6366781.256563747,-171.80480907518574
6400115.1898441855,-173.31641428300915
6433449.123124625,-177.4058940977255
6466783.056405063,-175.12605336454723
6500116.989685501,-173.14392055488946
6533450.92296594,-170.1061480475696
6566784.856246378,-172.03512075853862
6600118.789526816,-178.3760842562378
6633452.722807256,-182.8433811153677
6666786.656087694,-181.4328771413163
6700120.589368132,-194.09058061534634
6733454.522648571,-182.4013843418605
6766788.455929009,-175.73529078793314
6800122.389209447,-187.2939279484355
6833456.322489886,-180.98183145479854
6866790.255770325,-169.86838831347774
6900124.189050763,-168.24291773017248
6933458.122331201,-154.59983027375924
6966792.05561164,-119.64596209627578
7000125.988892078,-114.14742061522344
7033459.922172517,-120.76839482413624
7066793.855452956,-156.2999775294248
7100127.788733394,-169.03153189068013
7133461.722013832,-173.4453759919957
7166795.655294271,-174.63505531469448
7200129.588574709,-178.04807826018558
7233463.521855148,-173.13528689109174
7266797.455135586,-178.54879374571286
7300131.388416025,-179.1395366035401
7333465.321696463,-176.1601919525736
7366799.254976901,-176.49983853211182
7400133.18825734,-185.557857771916
7433467.1215377785,-182.6623759708805
7466801.054818217,-179.61338310048046
7500134.988098656,-175.47244917774862
7533468.921379094,-174.71995299039696
7566802.854659532,-180.21844139224666
7600136.78793997,-197.26947771179098
7633470.7212204095,-178.56301805652646
7666804.654500848,-177.95072235202963
7700138.587781286,-187.25616934284756
7733472.521061725,-186.3489115983699
7766806.454342163,-188.3282740133282
7800140.387622601,-178.72384708856416
7833474.3209030405,-180.80254396486126
7866808.254183479,-169.11445309292094
7900142.187463917,-169.6536385769777
7933476.120744356,-158.203409928889
7966810.054024794,-121.0258572146484
8000143.987305232,-115.47395086713746
8033477.9205856705,-122.05859799557535
8066811.85386611,-158.16321322506036
8100145.787146548,-165.68344896503592
8133479.720426986,-173.2345926227973
8166813.653707425,-181.0112321231046
8200147.586987863,-177.53721169476427
8233481.5202683015,-174.1010290899317
8266815.453548741,-180.15580863164251
8300149.386829179,-190.62196439504757
8333483.320109617,-178.21291365700603
8366817.253390055,-177.97603359763076
8400151.186670493,-172.25840732803132
8433485.119950933,-172.76181016184375
8466819.053231372,-175.64919995424108
8500152.98651181,-186.04532909388595
8533486.919792248,-180.0958881238307
8566820.853072686,-177.4117098737741
8600154.786353124,-188.63368725071444
8633488.719633562,-180.5388781086144
8666822.652914003,-191.48288197519992
8700156.58619444,-183.91427859551612
8733490.519474879,-174.540267612056
8766824.452755317,-174.8467882127733
8800158.386035755,-176.59392907380914
8833492.319316193,-184.8053446449177
8866826.252596634,-174.6129014518107
8900160.185877072,-175.67821566869196
8933494.11915751,-157.32386815653388
8966828.052437948,-121.98286195982658
9000161.985718386,-116.39090931173934
9033495.918998824,-122.90469437711548
9066829.852279263,-160.1370778062001
9100163.785559703,-172.29849802119088
9133497.71884014,-175.75826323300052
9166831.652120579,-175.0825560815103
9200165.585401017,-175.2147340851316
9233499.518681455,-174.0971983563196
9266833.451961894,-178.00801664120624
9300167.385242334,-183.16472211358428
9333501.318522772,-185.89478991334076
9366835.25180321,-183.78583348135277
9400169.185083648,-187.73181148843904
9433503.118364086,-197.07995874275767
9466837.051644525,-178.37037678680989
9500170.984924963,-175.5306717013837
9533504.918205403,-183.8203354307813
9566838.851485841,-177.71099708115642
9600172.78476628,-179.32222953803608
9633506.718046717,-177.32074218016623
9666840.651327156,-185.339919659568
9700174.584607594,-182.81535081152612
9733508.517888032,-179.56722044086013
9766842.451168472,-181.53850601666133
9800176.38444891,-187.75247709824075
9833510.317729348,-199.83515412546652
9866844.251009787,-171.91954069998386
9900178.184290225,-174.23190255692145
9933512.117570663,-162.16315622483762
9966846.050851103,-123.07946541884539
10000179.984131541,-117.45322427498334
10033513.91741198,-123.94406731256686
10066847.850692417,-161.61419529951723
10100181.783972856,-169.15055380400855
10133515.717253294,-181.22774846196106
10166849.650533732,-179.76453017915395
10200183.583814172,-181.1230248617845
10233517.51709461,-174.3174520134039
10266851.450375048,-173.13373259044764
10300185.383655487,-173.76602401519222
10333519.316935925,-181.94993309273195
10366853.250216363,-180.17101526756935
10400187.183496803,-182.49235651139944
10433521.116777241,-173.68842807885272
10466855.05005768,-180.85909162099
10500188.983338118,-179.3650501521522
10533522.916618556,-181.33977316758845
10566856.849898994,-189.49092887014172
10600190.783179432,-186.78353200186694
10633524.716459872,-187.26968219215595
10666858.64974031,-178.50206119680928
10700192.583020749,-179.11582259914132
10733526.516301187,-182.74863718088798
10766860.449581625,-186.05522485858364
10800194.382862063,-179.3602662774276
10833528.316142503,-184.74612167371356
10866862.249422941,-178.3860273468727
10900196.18270338,-174.99248712984866
10933530.115983818,-160.6669355773047
10966864.049264256,-123.81137933507895
11000197.982544694,-118.172135252847
11033531.915825132,-124.61711137835098
11066865.849105572,-163.16662991592983
11100199.78238601,-178.38861728167078
11133533.715666449,-177.16447381673055
11166867.648946887,-182.03006299143038
11200201.582227325,-182.20522540920865
11233535.515507763,-180.54207784180008
11266869.448788201,-182.62888732801383
11300203.382068641,-179.47157832996817
11333537.31534908,-179.16489050229347
11366871.248629518,-177.59602467935662
11400205.181909956,-175.3867486651132
11433539.115190394,-178.83029620436224
11466873.048470832,-175.58451287035587
11500206.981751272,-176.23775857222876
11533540.91503171,-178.27988246344
11566874.848312149,-182.78212851932074
11600208.781592587,-183.1972119505086
11633542.714873025,-196.90473344300986
11666876.648153463,-184.76276488245878
11700210.581433902,-181.48546567493145
11733544.514714342,-183.3794671559587
11766878.44799478,-177.48111141981843
11800212.381275218,-188.8678648787483
11833546.314555656,-185.23060083686997
11866880.247836094,-173.9864859397353
11900214.181116533,-174.60432094073425
11933548.114396973,-164.13496220796617
11966882.04767741,-124.75411178447138
12000215.980957849,-119.07359045366204
12033549.914238287,-125.49961330466886
12066883.847518725,-165.14403660258554
12100217.780799164,-170.1509350640552
12133551.714079602,-176.61695895229946
12166885.647360042,-177.50278187164398
12200219.58064048,-173.75251340254772
12233553.513920918,-174.86915484559665
12266887.447201356,-182.07758272776226
12300221.380481794,-196.2377344540735
12333555.313762233,-205.6632930733644
12366889.247042673,-180.8380808033781
12400223.18032311,-175.4158241351696
12433557.11360355,-179.34059526562714
12466891.046883987,-185.28465189746458
12500224.980164425,-195.77877043079783
12533558.913444864,-195.00424818856058
12566892.846725302,-194.04461208934467
12600226.780005742,-184.45358366297535
12633560.71328618,-182.9003047794309
12666894.646566618,-187.62204125451007
12700228.579847056,-188.77653086523222
12733562.513127495,-199.6589351774452
12766896.446407933,-188.60332879909353
12800230.379688371,-184.84851763036392
12833564.312968811,-185.7508785175812
12866898.24624925,-176.86715926541066
12900232.179529687,-180.09306140142226
12933566.112810126,-163.68477238226285
12966900.046090564,-125.34335065431517
13000233.979371002,-119.65798463809563
13033567.912651442,-126.060961640447
13066901.84593188,-166.0734749589933
13100235.779212318,-174.57603719447505
13133569.712492757,-176.66809221052682
13166903.645773195,-181.90373740715216
13200237.579053633,-182.16399425404882
13233571.512334071,-194.3386586690207
13266905.445614511,-180.37484895717017
13300239.37889495,-182.62608820998514
13333573.312175388,-180.84812760497857
13366907.245455826,-183.3753117774275
13400241.178736264,-185.36845577089477
13433575.112016702,-180.92682765101296
13466909.045297142,-182.51782812348677
13500242.97857758,-205.89477378442962
13533576.911858018,-191.24666115731728
13566910.845138457,-183.82170426735087
13600244.778418895,-179.4453049614826
13633578.711699333,-184.34967379860794
13666912.644979771,-193.71519658040384
13700246.578260211,-184.97987657210572
13733580.51154065,-185.08380587224792
13766914.444821088,-181.13871781909143
13800248.378101526,-176.03740183147636
13833582.311381964,-180.0950679679049
13866916.244662402,-173.14682234880928
13900250.177942842,-178.37292001254767
13933584.11122328,-166.97345882714012
13966918.044503719,-126.15850797901642
14000251.977784157,-120.44902142433523
14033585.911064595,-126.83804843040541
14066919.844345033,-167.21535340416614
14100253.777625471,-172.98431839675868
14133587.710905911,-182.1628550537497
14166921.64418635,-184.64809658527457
14200255.577466788,-184.2349330114315
14233589.510747226,-181.36072908816163
14266923.444027664,-192.30443351994518
14300257.377308102,-192.0151811859293
14333591.310588542,-185.76366193578798
14366925.24386898,-176.40493067863062
14400259.177149419,-184.4460806339584
14433593.110429857,-182.27864028834657
14466927.043710295,-185.0107070161337
14500260.976990733,-184.61991677674428
14533594.910271171,-178.4574641896607
14566928.843551612,-177.9827384767063
14600262.77683205,-185.91137552595728
14633596.710112488,-176.60437113360697
14666930.643392926,-186.73737826308565
14700264.576673364,-180.87254860742252
14733598.509953802,-189.72634045722887
14766932.44323424,-178.54065532170284
14800266.37651468,-184.0254529494854
14833600.309795119,-181.6587567293895
14866934.243075557,-176.23430313977107
14900268.176355995,-176.72273664826477
14933602.109636433,-167.01209133770647
14966936.042916872,-126.65814690866144
15000269.976197312,-120.94714229245538
15033603.90947775,-127.31782046546846
15066937.842758188,-168.12441099439116
15100271.776038626,-177.02467721386242
15133605.709319064,-179.07409439980705
15166939.642599503,-179.47048254583473
15200273.57587994,-182.19326525123347
15233607.50916038,-190.32773324443377
15266941.442440819,-192.5461192905523
15300275.375721257,-181.94249545478766
15333609.309001695,-180.88454363239032
15366943.242282134,-187.36563680590893
15400277.175562572,-186.11640121671616
15433611.108843012,-185.5914740994354
15466945.04212345,-186.7619236043549
15500278.975403888,-185.4076261083588
15533612.908684326,-187.78378665694004
15566946.841964765,-186.49111387293567
15600280.775245203,-178.1257410476336
15633614.70852564,-177.1493114729296
15666948.641806081,-181.93526058400334
15700282.57508652,-186.7122995761599
15733616.508366957,-188.1694841839727
15766950.441647395,-184.56343111016778
15800284.374927834,-191.8844573418989
15833618.308208272,-187.85320238030604
15866952.241488712,-175.72539396964595
15900286.17476915,-177.54625640417996
15933620.108049588,-167.75037525069342
15966954.041330026,-127.37883245749677
16000287.974610465,-121.65215046044125
16033621.907890903,-128.01111189975776
16066955.841171341,-169.1990911056444
16100289.774451781,-173.7887739021846
16133623.70773222,-177.20869437904938
16166957.641012657,-179.69718524755427
16200291.574293096,-182.34719444382438
16233625.507573534,-182.78710134301295
16266959.440853972,-216.54854293025403
16300293.37413441,-187.16599589267116
16333627.30741485,-192.25184984283266
16366961.240695288,-177.5253576792552
16400295.173975727,-182.1590518172771
16433629.107256165,-191.1925116974862
16466963.040536603,-201.32930095719058
16500296.973817041,-186.2911469237613
16533630.907097481,-192.6575371601333
16566964.84037792,-188.2744626924504
16600298.773658358,-190.606586382324
16633632.706938796,-192.0865912302217
16666966.640219234,-181.48803611377713
16700300.573499672,-180.97287796990756
16733634.50678011,-197.27240270981255
16766968.44006055,-182.39456323296994
16800302.373340987,-185.099732770361
16833636.306621425,-185.72467726739094
16866970.239901867,-180.1546157160737
16900304.173182305,-183.85152586021573
16933638.106462743,-167.3210331714623
16966972.03974318,-127.82546612804622
17000305.97302362,-122.08816716872406
17033639.906304058,-128.41766887078168
17066973.839584496,-171.80913267840242
17100307.772864934,-177.74325438257148
17133641.706145372,-182.52472912029162
17166975.63942581,-178.03541501562935
17200309.57270625,-181.6658757361351
17233643.505986687,-181.20555509138472
17266977.439267125,-182.57013451492855
17300311.372547567,-182.7275426150697
17333645.305828005,-181.6671727048487
17366979.239108443,-180.77153421338727
17400313.17238888,-188.57777823545376
17433647.10566932,-180.9841723308349
17466981.038949758,-178.73695314361862
17500314.972230196,-188.75137467866682
17533648.905510634,-180.8703960268417
17566982.838791072,-188.21334785540694
17600316.77207151,-181.11046165181622
17633650.70535195,-178.91464976595873
17666984.638632387,-179.2461572346004
17700318.571912825,-180.4724654181919
17733652.505193267,-188.84481646566923
17766986.438473705,-193.74711224355363
17800320.371754143,-199.3521472692855
17833654.30503458,-188.69294705263397
17866988.23831502,-176.0638791671654
17900322.171595458,-181.35777848391564
17933656.104875896,-171.14754226636535
17966990.038156334,-128.49160221183328
18000323.971436772,-122.7394792045148
18033657.90471721,-129.0705186360682
18066991.83799765,-171.3748787568619
18100325.771278087,-172.98412313047393
18133659.704558525,-182.2345926449466
18166993.637838967,-188.2175583928688
18200327.571119405,-185.45265058550794
18233661.504399844,-183.1776573879261
18266995.43768028,-179.2848992026881
18300329.37096072,-184.46039958386535
18333663.304241158,-202.4039214150437
18366997.237521596,-192.91880262905198
18400331.170802034,-186.9153966880026
18433665.104082473,-185.8191418053362
18466999.03736291,-181.84927554799657
18500332.97064335,-181.26825342053252
18533666.903923787,-193.3911573107764
18567000.837204225,-188.27556335619295
18600334.770484667,-188.03585575869903
18633668.703765105,-186.0466222508535
18667002.637045544,-186.1044738405695
18700336.57032598,-179.38559698044463
18733670.50360642,-181.4887161998703
18767004.43688686,-185.2350689327795
18800338.370167296,-181.90215094750198
18833672.303447735,-186.39233599800716
18867006.236728173,-178.86896615588466
18900340.17000861,-181.6055829997063
18933674.10328905,-169.32392708017375
18967008.036569487,-128.85034168089976
19000341.969849925,-123.10563314364029
19033675.903130364,-129.43818037410216
19067009.836410806,-170.36003757690463
19100343.769691244,-184.2913457397446
19133677.702971682,-186.53613033498343
19167011.63625212,-181.4545470632405
19200345.56953256,-184.14632617550137
19233679.502812997,-182.07124956319714
19267013.436093435,-189.5300848256018
19300347.369373873,-181.96570601766555
19333681.30265431,-179.01982432746718
19367015.23593475,-188.92573997463484
19400349.169215187,-196.60736848119555
19433683.102495626,-183.84505762335016
19467017.035776064,-181.49483206176623
19500350.969056506,-185.14099260170028
19533684.902336944,-191.19231574723142
19567018.835617382,-189.7835336961235
19600352.76889782,-179.51306436208708
19633686.70217826,-184.66403385543938
19667020.635458697,-193.38997814187104
19700354.568739135,-181.06657191129474
19733688.502019573,-180.41408377412
19767022.43530001,-179.84587841547196
19800356.36858045,-189.02173789910313
19833690.301860888,-184.8519415235961
19867024.235141326,-175.17441799811775
19900358.168421764,-179.7325839677248
19933692.101702206,-171.37763581468909
19967026.034982644,-129.46899260363497
20000359.968263082,-123.71788044734359
20033693.90154352,-130.041427000387
20067027.83482396,-175.46131446432693
20100361.768104397,-175.48087123300388
20133695.701384835,-180.6794067256821
20167029.634665273,-178.32420846054336
20200363.56794571,-182.06574011192345
20233697.50122615,-185.07633771536246
20267031.434506588,-180.68492085737427
20300365.367787026,-180.01753879495166
20333699.301067464,-180.8779260829715
20367033.234347906,-179.80309576857525
20400367.167628344,-188.62381338148455
20433701.100908782,-184.7009941133463
20467035.03418922,-191.87727075434265
20500368.96746966,-180.38441684004397
20533702.900750097,-181.7578949149745
20567036.834030535,-180.75713370224744
20600370.767310973,-180.9466379588343
20633704.70059141,-186.29742157843393
20667038.63387185,-197.35745367917275
20700372.567152288,-185.69327750247896
20733706.500432726,-182.89925940266266
20767040.433713164,-180.1292132250613
20800374.366993606,-181.49000148518923
20833708.300274044,-187.96735546364027
20867042.233554482,-180.51456965571649
20900376.16683492,-198.18458874311315
20933710.10011536,-169.2568486664831
20967044.033395797,-129.79296204409997
21000377.966676235,-124.03951741120123
21033711.899956673,-130.34006426685073
21067045.83323711,-175.8782174368605
21100379.76651755,-177.2809556712485
21133713.699797988,-187.83235065209846
21167047.633078426,-181.79564529327217
21200381.566358864,-184.38519722289885
21233715.499639306,-185.17510533475757
21267049.432919744,-182.86491336115347
21300383.366200183,-187.09888913273682
21333717.29948062,-186.12169236939417
21367051.23276106,-178.65482219304326
21400385.166041497,-181.23791479864366
21433719.099321935,-199.43364237780727
21467053.032602374,-187.3275355355349
21500386.96588281,-187.3739201439349
21533720.89916325,-181.241020718868
21567054.832443688,-183.86846777516195
21600388.765724126,-201.64038770078147
21633722.699004564,-204.49771009098612
21667056.632285006,-187.8740456717705
21700390.565565445,-183.920038077944
21733724.498845883,-180.77022725128413
21767058.43212632,-179.72380032633617
21800392.36540676,-186.37011734128623
21833726.298687197,-186.24704933432804
21867060.231967635,-175.00035041304062
21900394.165248074,-178.06471264014328
21933728.09852851,-174.05931911909425
21967062.03180895,-130.38265600513438
22000395.96508939,-124.62430597969465
22033729.898369826,-130.96142730792548
22067063.831650265,-170.6999157748677
22100397.764930706,-175.69399778131097
22133731.698211145,-187.62304151204134
22167065.631491583,-178.56832820720655
22200399.56477202,-179.1238260670502
22233733.49805246,-179.5929747308174
22267067.431332897,-178.36259947468218
22300401.364613336,-181.75863884537364
22333735.297893774,-186.21248519175742
22367069.231174212,-183.43569910270733
22400403.16445465,-183.19926837605576
22433737.09773509,-187.82293643402656
22467071.031015527,-184.74977699474508
22500404.964295965,-180.64769256309827
22533738.897576403,-179.87805255128188
22567072.830856845,-179.659806348223
22600406.764137283,-177.70292362723302
22633740.69741772,-181.86178994255744
22667074.63069816,-195.54561310234877
22700408.563978598,-179.1132203614839
22733742.497259036,-184.58386755380968
22767076.430539474,-179.46002379887375
22800410.363819912,-179.17864718656176
22833744.29710035,-188.07934567967945
22867078.23038079,-183.9635408191904
22900412.163661227,-187.16619578170224
22933746.096941665,-170.6596979435343
22967080.030222103,-130.66059844042525
23000413.963502545,-124.91453672013787
23033747.896782983,-131.2450704687912
23067081.83006342,-173.12399384285115
23100415.76334386,-181.348569871577
23133749.696624298,-184.22524737201286
23167083.629904736,-184.94727794114453
23200417.563185174,-182.86281227913466
23233751.496465612,-177.56029528430037
23267085.42974605,-176.82856397727437
23300419.36302649,-185.6146444457454
23333753.296306927,-186.84327642422105
23367087.229587365,-184.61236218287837
23400421.162867803,-180.66380315077922
23433755.096148245,-188.02831524314783
23467089.029428683,-179.78674375521456
23500422.96270912,-182.27729770587243
23533756.89598956,-183.83630220121134
23567090.829269998,-193.2038762269114
23600424.762550436,-184.28639157231757
23633758.695830874,-188.69828740685963
23667092.629111312,-185.42010304933385
23700426.56239175,-181.3398766046511
23733760.49567219,-183.314152433044
23767094.428952627,-184.04519611106656
23800428.362233065,-182.18661693906853
23833762.295513503,-185.86606759258243
23867096.228793945,-176.10995385665322
23900430.162074383,-179.95353867009587
23933764.09535482,-171.38447818086306
23967098.02863526,-131.19743831090142
24000431.961915698,-125.46135957057453
24033765.895196136,-131.7949638668735
24067099.828476574,-177.21130630939183
24100433.761757012,-174.62176128419532
24133767.69503745,-181.09240053971382
24167101.62831789,-177.88052558269302
24200435.561598327,-176.62765804212398
24233769.494878765,-177.94572791684334
24267103.428159203,-178.6916858668641
24300437.361439645,-182.69639891232612
24333771.294720083,-186.5003834317596
24367105.22800052,-176.74984370543228
24400439.16128096,-179.19699057350502
24433773.094561398,-194.4901375785052
24467107.027841836,-184.18388068641661
24500440.961122274,-191.9138528014493
24533774.894402713,-184.29498202619627
24567108.82768315,-181.5102921561101
24600442.76096359,-182.69702843480235
24633776.694244027,-183.48366571564983
24667110.627524465,-181.14897886867664
24700444.560804904,-177.3026119168906
24733778.494085345,-181.28936710466843
24767112.427365784,-184.07274677614208
24800446.36064622,-181.24689902602344
24833780.29392666,-190.58306145645975
24867114.2272071,-179.25823295572155
24900448.160487536,-202.53623575991494
24933782.093767975,-171.22609605132453
24967116.027048413,-131.48018767577125
25000449.96032885,-125.73379883957006
25033783.89360929,-132.0724634017817
25067117.826889727,-173.68787381239719
25100451.760170165,-175.53700664009497
25133785.693450604,-180.5007285032184
25167119.626731046,-179.78308196743234
25200453.560011484,-183.11073456501384
25233787.493291922,-182.74350828127498
25267121.42657236,-174.22034659836845
25300455.3598528,-175.43316621418353
25333789.293133236,-183.42381148233417
25367123.226413675,-179.53282941789854
25400457.159694113,-179.0364694364364
25433791.09297455,-194.47616365848353
25467125.02625499,-187.70049837004723
25500458.959535427,-183.35638079671784
25533792.892815866,-179.94437174295544
25567126.826096304,-186.50804700513405
25600460.759376742,-179.36099247656603
25633794.692657184,-181.57470264482808
25667128.625937622,-200.29917573635035
25700462.55921806,-179.56298861057118
25733796.4924985,-181.50536792410674
25767130.425778937,-181.71231715523888
25800464.359059375,-176.91416369259366
25833798.292339813,-190.53930731388147
25867132.22562025,-177.94482848999576
25900466.15890069,-184.06190984372682
25933800.092181128,-171.86059147710066
25967134.025461566,-131.99851547073519
26000467.958742004,-126.25711170997118
26033801.892022442,-132.6024007502286
26067135.825302884,-172.74261244633243
26100469.758583322,-176.50877516278985
26133803.69186376,-182.34691123688438
26167137.6251442,-175.4900726835419
26200471.558424637,-176.14092013197322
26233805.491705075,-180.25846556887518
26267139.424985513,-176.87216754222814
26300473.35826595,-176.94805916841239
26333807.29154639,-185.62260294804906
26367141.224826828,-178.29984126614096
26400475.158107266,-178.5235697837304
26433809.091387704,-195.4753507898361
26467143.024668142,-178.39929450463828
26500476.957948584,-177.34910940891834
26533810.891229022,-180.7564826842377
26567144.82450946,-181.30493100359925
26600478.7577899,-180.71274444456043
26633812.691070337,-180.56320997652645
26667146.624350775,-182.08158453707733
26700480.557631213,-175.42290922825177
26733814.49091165,-177.43052189329865
26767148.42419209,-182.99618587641254
26800482.357472528,-173.44474801014377
26833816.290752966,-175.85473228457693
26867150.224033404,-180.88123166207146
26900484.157313842,-183.67919072953427
26933818.090594284,-168.95782390232336
26967152.023874722,-132.2307128699751
27000485.95715516,-126.49636905218374
27033819.8904356,-132.8387216385981
27067153.823716037,-172.4333012874163
27100487.756996475,-178.32212171431854
27133821.690276913,-179.22026838973167
27167155.62355735,-173.02664763890985
27200489.55683779,-173.65597276611223
27233823.490118228,-177.690180096256
27267157.423398666,-174.4536933461514
27300491.356679104,-174.36308165861473
27333825.289959542,-190.17885135111698
27367159.223239984,-179.48821822893734
27400493.156520423,-180.03243123895007
27433827.08980086,-179.4180125045796
27467161.0230813,-181.7676818222576
27500494.956361737,-175.69728953711353
27533828.889642175,-176.8120046656965
27567162.822922613,-182.09033022628978
27600496.75620305,-177.84998033282562
27633830.68948349,-177.60122277642722
27667164.622763928,-187.65256395879214
27700498.556044366,-172.79766996394858
27733832.489324804,-173.5034882285197
27767166.422605243,-188.56364631631553
27800500.355885684,-174.33958177473696
27833834.289166123,-187.29976828704537
27867168.22244656,-176.5905824140559
27900502.155727,-185.52146381922796
27933836.089007437,-170.45647803913496
27967170.022287875,-132.7177961210762
28000503.955568314,-127.00066469663831
28033837.88884875,-133.36052916198128
28067171.82212919,-169.57077145251915
28100505.75540963,-178.39436358216597
28133839.688690066,-182.53195130566252
28167173.621970505,-174.1224989162746
28200507.555250943,-174.61463004225743
28233841.488531385,-178.33028988606586
28267175.421811823,-174.75995930749764
28300509.35509226,-171.37286237757237
28333843.2883727,-177.4906500143595
28367177.221653137,-177.79167127703994
28400511.154933576,-173.08661341920254
28433845.088214014,-176.73218764370947
28467179.021494452,-180.48447342069034
28500512.95477489,-171.86207259346924
28533846.88805533,-175.73811864149147
28567180.821335766,-183.3469715672805
28600514.754616205,-175.02050612802705
28633848.687896643,-173.3702122502857
28667182.621177085,-185.51058802524244
28700516.554457523,-171.8110076906599
28733850.48773796,-173.3894442166311
28767184.4210184,-180.87311142656222
28800518.354298837,-169.96669360522128
28833852.287579276,-176.85173433778814
28867186.220859714,-177.3813492959096
28900520.154140152,-174.77110806819036
28933854.08742059,-168.3706967632421
28967188.02070103,-132.91480345418518
29000521.953981467,-127.21710994727769
29033855.887261905,-133.5676262249117
29067189.820542343,-167.9774017062682
29100523.75382278,-173.74369458939952
29133857.687103223,-175.74607644351775
29167191.62038366,-171.47070697183895
29200525.5536641,-171.41367527327444
29233859.486944538,-173.09667320469634
29267193.420224976,-173.72147703461192
29300527.353505414,-169.94473691246313
29333861.286785852,-174.24505785642648
29367195.22006629,-179.2323935848236
29400529.15334673,-173.10695504847698
29433863.086627167,-172.91814692192378
29467197.019907605,-178.68243270339977
29500530.953188043,-170.96230388908964
29533864.88646848,-174.20351491808603
29567198.819748923,-190.72276821151223
29600532.75302936,-170.86760373377004
29633866.6863098,-170.6274008460582
29667200.619590238,-185.8216189837199
29700534.552870676,-171.12778091918275
29733868.486151114,-169.9283716472577
29767202.419431552,-191.54082095412807
29800536.35271199,-169.81871743336444
29833870.28599243,-173.8106474254047
29867204.219272867,-176.9321724033582
29900538.152553305,-176.3278356881992
29933872.085833743,-170.12594584528478
29967206.01911418,-133.38483531726428
30000539.952394623,-127.69266211701735
30033873.88567506,-134.03236652055367
30067207.8189555,-167.43522629117592
30100541.752235938,-172.24478776712263
30133875.685516376,-174.22129942308888
30167209.618796814,-172.60368591603458
30200543.552077252,-170.39308637470685
30233877.48535769,-169.89091975461645
30267211.41863813,-169.90649749399455
30300545.351918567,-167.5354953482368
30333879.285199005,-170.4204232790085
30367213.218479443,-177.13709418474843
30400547.15175988,-170.47743850976954
30433881.085040323,-170.23428039342116
30467215.01832076,-181.59876274824944
30500548.9516012,-171.34346149739943
30533882.884881638,-169.87727461625218
30567216.818162076,-183.6705406495019
30600550.751442514,-171.95191133113212
30633884.684722953,-169.37242873752217
30667218.61800339,-181.02686811599597
30700552.55128383,-169.94828036687284
30733886.484564267,-167.7683665919172
30767220.417844705,-184.18072705602486
30800554.351125143,-167.84236945788928
30833888.28440558,-168.6442486710232
30867222.217686024,-180.39781835150086
30900556.15096646,-170.51949592586288
30933890.0842469,-167.89380261990993
30967224.017527338,-133.58428102766234
31000557.950807776,-127.87086102477372
31033891.884088214,-134.18050243451967
31067225.817368653,-166.71941104241054
31100559.75064909,-168.33007258752704
31133893.68392953,-168.12456522349896
31167227.617209967,-168.40290043736434
31200561.550490405,-167.46712540900518
31233895.483770844,-167.17982515134577
31267229.41705128,-168.88190386419794
31300563.350331724,-167.38792092457157
31333897.283612162,-167.5270109686068
31367231.2168926,-172.05160667202574
31400565.15017304,-171.03676778833903
31433899.083453476,-168.34409366669462
31467233.016733915,-172.7582990765741
31500566.950014353,-170.494377728395
31533900.88329479,-168.2958640288963
31567234.81657523,-173.43019884476234
31600568.749855667,-173.54501796114909
31633902.683136106,-167.59944220754414
31667236.616416544,-172.53976272123438
31700570.549696982,-172.1215509869014
31733904.482977424,-166.28901064024694
31767238.416257862,-174.2809513423149
31800572.3495383,-168.07968963230732
31833906.28281874,-164.7476424376622
31867240.216099177,-179.70359335204765
31900574.149379615,-168.1948252807516
31933908.082660053,-179.05232992895435
31967242.01594049,-134.20151980148887
32000575.94922093,-128.36871341478945
32033909.882501367,-134.5752926798212
32067243.815781806,-167.8766803413117
32100577.749062244,-164.63075651598507
32133911.682342682,-164.80326813760968
32167245.615623124,-167.1416633187838
32200579.548903562,-168.0899219900558
32233913.482184,-165.61416311959843
32267247.41546444,-165.0252787603901
32300581.348744877,-165.90593791738812
32333915.282025315,-165.7855836571005
32367249.215305753,-167.13176104552565
32400583.14858619,-169.18593285032864
32433917.08186663,-165.6190881961138
32467251.015147068,-167.28189844525792
32500584.948427506,-169.46347446851598
32533918.881707944,-165.61159864369563
32567252.814988382,-167.2612843993701
32600586.74826882,-173.67834372636844
32633920.681549262,-167.4843838798353
32667254.6148297,-167.51852729002633
32700588.54811014,-176.01422307392107
32733922.481390577,-165.80463343028958
32767256.414671015,-167.62118711183336
32800590.347951453,-170.1542188647808
32833924.28123189,-163.76219726533196
32867258.21451233,-172.83977351124793
32900592.147792768,-168.2270274793546
32933926.081073206,-185.24243697194066
32967260.014353644,-134.48750412820385
33000593.947634082,-128.61542180762882
33033927.88091452,-134.75368985689008
33067261.814194962,-172.37853537385558
33100595.7474754,-165.94713696681447
33133929.68075584,-165.35775964516787
33167263.614036277,-165.49709535458604
33200597.547316715,-167.61064077244203
33233931.480597153,-166.28659546341208
33267265.41387759,-164.77748480131783
33300599.34715803,-166.27676375641363
33333933.280438468,-165.7105966556745
33367267.213718906,-165.0095539209691
33400601.146999344,-167.7669804109928
33433935.080279782,-166.1876875483161
33467269.01356022,-164.21773230662887
33500602.946840663,-167.408486328952
33533936.8801211,-166.45252465118332
33567270.813401535,-164.61999791533538
33600604.74668197,-168.9774359704671
33633938.67996241,-169.21493141643535
33667272.61324285,-165.0526735627648
33700606.546523295,-168.27179876787955
33733940.47980373,-166.84405033930148
33767274.41308417,-162.96600124117464
33800608.34636461,-167.87582595559365
33833942.27964505,-163.40291046644273
33867276.212925486,-166.16810678761
33900610.146205924,-169.68149025979673
33933944.07948636,-166.86867572921344
33967278.0127668,-134.86609790132786
34000611.94604724,-129.10777898987254
34033945.87932768,-135.4227423252132
34067279.812608115,-169.96422664197823
34100613.74588855,-168.10280092430537
34133947.67916899,-166.27930957299927
34167281.61244943,-165.816237650447
34200615.54572987,-167.46336198618235
34233949.47901031,-166.1768155823377
34267283.412290744,-163.81325569724422
34300617.34557118,-164.44665092203778
34333951.27885162,-165.0027490592512
34367285.21213206,-164.12669005739164
34400619.1454125,-166.7476350982162
34433953.078692935,-168.7638163034926
34467287.01197337,-163.85035702317214
34500620.94525381,-165.3125052410883
34533954.87853425,-168.4589260540078
34567288.81181469,-164.1655212831626
34600622.745095134,-165.06946660432618
34633956.67837557,-170.79867824783048
34667290.61165601,-164.38343363375768
34700624.54493645,-164.07570989087202
34733958.47821689,-170.49169629777137
34767292.411497325,-161.85374056541067
34800626.34477776,-163.48078167200694
34833960.2780582,-165.30899662362987
34867294.21133864,-161.92426966162498
34900628.14461908,-177.42202975052706
34933962.077899516,-163.2829620896432
34967296.011179954,-134.93239445360587
35000629.94446039,-129.14261117815582
35033963.87774083,-135.5599895352642
35067297.81102127,-165.42167349306123
35100631.74430171,-173.12915592704792
35133965.677582145,-166.29625634111216
35167299.61086258,-166.48605883270292
35200633.54414302,-167.50546533890187
35233967.47742346,-168.2658196142353
35267301.4107039,-165.49003807806716
35300635.343984336,-165.62912188577707
35333969.277264774,-167.19144730391858
35367303.21054521,-167.1541302757945
35400637.14382565,-167.67912107597527
35433971.07710609,-172.27306416286086
35467305.010386534,-166.86456405111818
35500638.94366697,-166.36399704883527
35533972.87694741,-172.68847324622777
35567306.81022785,-167.47415611147102
35600640.74350829,-166.27534057192491
35633974.676788725,-171.92461015960518
35667308.61006916,-167.67049191029776
35700642.5433496,-164.4648009711555
35733976.47663004,-169.0862564265335
35767310.40991048,-162.78561461934578
35800644.343190916,-161.56643201716213
35833978.276471354,-166.97766294245758
35867312.20975179,-161.43901488593275
35900646.14303223,-168.93874999910295
35933980.07631267,-167.9181244550474
35967314.00959311,-135.58556860264704
36000647.942873545,-129.6576602546433
36033981.87615398,-135.92986131180092
36067315.80943442,-167.84013592255516
36100649.74271486,-167.15968663486768
36133983.6759953,-164.94658542606075
36167317.609275736,-165.45584692383704
36200651.542556174,-165.42277772397375
36233985.47583661,-166.34697670837585
36267319.40911705,-163.48573101426297
36300653.34239749,-163.58137212564907
36333987.275677934,-165.82771354007508
36367321.20895837,-164.68664212501187
36400655.14223881,-164.31512891912686
36433989.07551925,-168.83514326359705
36467323.00879969,-166.45156025685324
36500656.942080125,-164.59998651107352
36533990.87536056,-170.344454214677
36567324.808641,-167.93051676556914
36600658.74192144,-164.7376773069014
36633992.67520188,-169.43079033888793
36667326.608482316,-169.2134244233205
36700660.541762754,-164.22463947622964
36733994.47504319,-167.19231357260242
36767328.40832363,-166.8201426571757
36800662.34160407,-162.36429683283717
36833996.27488451,-168.08543337624087
36867330.208164945,-163.57853528613575
36900664.14144538,-165.51535792077516
36933998.07472582,-171.9493435455101
36967332.00800626,-135.47848224295436
37000665.9412867,-129.9573535151951
37033999.874567136,-136.42549604040963
37067333.807847574,-171.64845352072007
37100667.74112801,-167.88721624713932
37134001.67440845,-168.9895781222506
37167335.60768889,-166.000192228949
37200669.540969335,-165.88946541714492
37234003.47424977,-167.0573946066702
37267337.40753021,-165.63708737592793
37300671.34081065,-164.19362759961098
37334005.27409109,-165.89698048101616
37367339.207371525,-165.43208865933894
37400673.14065196,-164.08285811062535
37434007.0739324,-166.66071864764643
37467341.00721284,-166.28921936501155
37500674.94049328,-162.85344390214755
37534008.87377372,-165.4799504439723
37567342.807054155,-167.79878128352146
37600676.74033459,-163.24060623788006
37634010.67361503,-165.494296362422
37667344.60689547,-168.25960195894456
37700678.54017591,-162.1625223690384
37734012.473456345,-163.18154857918455
37767346.40673678,-165.11328386264867
37800680.34001722,-159.64181391020952
37834014.27329766,-162.85977441872018
37867348.2065781,-162.72731731618876
37900682.13985854,-161.56363328122
37934016.073138975,-171.6918943506718
37967350.00641941,-136.27664650145746
38000683.93969985,-130.27859695562125
38034017.87298029,-136.33509034791638
38067351.80626073,-168.29697932798794
38100685.73954117,-164.0662356031475
38134019.67282161,-165.93162401353854
38167353.60610205,-164.12822919656145
38200687.53938249,-165.2007539848052
38234021.472662926,-165.335768987228
38267355.405943364,-164.47430878561232
38300689.3392238,-163.1652885884476
38334023.27250424,-166.23364538777795
38367357.20578468,-166.1113559836363
38400691.13906512,-164.62425071083476
38434025.072345555,-166.7150903757599
38467359.00562599,-169.1985149285644
38500692.93890643,-165.67992076314724
38534026.87218687,-168.01191101850173
38567360.80546731,-172.0092847811381
38600694.738747746,-166.39236884662355
38634028.672028184,-167.7970490329909
38667362.60530862,-176.18953798348596
38700696.53858906,-166.0618296601997
38734030.4718695,-163.62227552378187
38767364.40514994,-167.5446474232422
38800698.338430375,-161.4216716232441
38834032.27171081,-161.50262095692366
38867366.20499125,-164.85089995289064
38900700.13827169,-162.16436234672568
38934034.07155213,-188.4025535184725
38967368.00483257,-135.9961517420322
39000701.93811301,-130.51149420099478
39034035.87139345,-137.1433799951725
39067369.80467389,-172.31649915348794
39100703.737954326,-165.58015925647285
39134037.671234764,-169.33551208080954
39167371.6045152,-165.01363015310716
39200705.53779564,-166.92666506284283
39234039.47107608,-165.22619065262438
39267373.40435652,-164.55712224219405
39300707.337636955,-162.73174632136315
39334041.27091739,-165.66460338709555
39367375.20419783,-166.29404961536738
39400709.13747827,-163.9735933181807
39434043.07075871,-164.11503143297904
39467377.004039146,-165.9746106097815
39500710.937319584,-162.46781109977545
39534044.87060002,-162.83164195410973
39567378.80388046,-166.84957363774603
39600712.7371609,-163.35057069508096
39634046.67044134,-162.93842572888047
39667380.603721775,-166.0858612825132
39700714.53700221,-161.0270430541125
39734048.47028265,-160.3714691153307
39767382.40356309,-162.87701255579466
39800716.33684353,-158.0304450366591
39834050.27012397,-159.8612546153269
39867384.20340441,-162.31410615224354
39900718.13668485,-161.12720822234695
39934052.06996529,-172.32832877872025
39967386.003245726,-137.0438037202229
40000719.936526164,-130.93215185837425
40034053.8698066,-137.14464691800433
40067387.80308704,-168.31543317422222
40100721.73636748,-161.58051382854293
40134055.66964792,-163.86052370646883
40167389.602928355,-162.8923752259322
40200723.53620879,-163.56661637896178
40234057.46948923,-162.41035529586208
40267391.40276967,-161.36112967640102
40300725.33605011,-160.98345002540742
40334059.269330546,-164.49122461902962
40367393.202610984,-163.51442546036535
40400727.13589142,-161.71065578752388
40434061.06917186,-163.61652846304028
40467395.0024523,-163.76668267788386
40500728.93573274,-160.95260509646764
40534062.869013175,-163.40580670048814
40567396.80229361,-167.12394655402522
40600730.73557405,-161.93136665640463
40634064.66885449,-162.91725055232706
40667398.60213493,-167.44964435165122
40700732.535415374,-160.44769839015265
40734066.46869581,-160.7561238290086
40767400.40197625,-165.1723174769647
40800734.33525669,-158.63271879446398
40834068.26853713,-162.62952240480246
40867402.201817565,-164.15509181451904
40900736.135098,-162.5916877661753
40934070.06837844,-167.98050816776342
40967404.00165888,-136.97072415666992
41000737.93493932,-131.02803764296402
41034071.868219756,-137.06209113704685
41067405.801500194,-163.74420317459987
41100739.73478063,-162.86818896923532
41134073.66806107,-163.6489053988919
41167407.60134151,-162.92097801551319
41200741.53462195,-164.14294268149533
41234075.467902385,-164.23363214986895
41267409.40118282,-162.27663078798585
41300743.33446326,-162.49277624092542
41334077.2677437,-167.22363254943392
41367411.20102414,-164.95679649794496
41400745.134304576,-163.1696479741222
41434079.067585014,-167.63046212345913
41467413.00086545,-165.7943317788459
41500746.93414589,-162.37319510092078
41534080.86742633,-166.55235736559405
41567414.80070677,-168.0732770217528
41600748.73398721,-163.5061153416748
41634082.66726765,-166.85617035189594
41667416.60054809,-172.4123586488017
41700750.53382853,-162.7857649764295
41734084.467108965,-163.97823495425487
41767418.4003894,-169.4761459501463
41800752.33366984,-161.89633496766908
41834086.26695028,-168.53619089239902
41867420.20023072,-168.0730359487038
41900754.133511156,-166.34315758102383
41934088.066791594,-169.29656338095367
41967422.00007203,-137.1974877586908
42000755.93335247,-131.49734633744075
42034089.86663291,-137.82655749895196
42067423.79991335,-164.4667751145405
42100757.733193785,-166.5861244213038
42134091.66647422,-166.62128627115467
42167425.59975466,-166.03358067770557
42200759.5330351,-167.24733885453543
42234093.46631554,-168.42333913075032
42267427.399595976,-165.6837350853755
42300761.332876414,-166.838432691952
42334095.26615685,-173.9174759518161
42367429.19943729,-169.09846217507547
42400763.13271773,-168.19255024322106
42434097.06599817,-177.74107177515492
42467430.99927861,-169.71115599210773
42500764.93255905,-166.0196699508461
42534098.86583949,-172.57619704293916
42567432.79911993,-172.4762548346888
42600766.732400365,-167.71355326240777
42634100.6656808,-173.66500408263738
42667434.59896124,-173.87565907307848
42700768.53224168,-166.81261287618295
42734102.46552212,-170.56582124250065
42767436.398802556,-172.04480307497744
42800770.332082994,-166.11380683421856
42834104.26536343,-176.8425989630215
42867438.19864387,-171.12623418002755
42900772.13192431,-172.29913292187132
42934106.06520475,-167.1749015340157
42967439.998485185,-137.30604648611472
43000773.93176562,-131.6909059655295
43034107.86504606,-138.1377786253624
43067441.7983265,-168.02663975658757
43100775.73160694,-172.75309856503964
43134109.664887376,-169.27503521581917
43167443.598167814,-169.50527697662548
43200777.53144825,-173.59258468373463
43234111.46472869,-173.9287079820866
43267445.39800913,-169.1032316619156
43300779.33128957,-171.9409160207127
43334113.26457001,-186.15158488481023
43367447.19785045,-177.01718987728836
43400781.13113089,-174.12396420556703
43434115.06441133,-180.5745789146162
43467448.997691765,-173.53032892081
43500782.9309722,-172.10593033094145
43534116.86425264,-180.21757987293546
43567450.79753308,-178.35197209764712
43600784.73081352,-173.3166976732086
43634118.66409396,-181.74824891439468
43667452.597374395,-174.13886336819138
43700786.53065483,-169.63991547450445
43734120.46393527,-175.1672724905348
43767454.39721571,-173.24098994569167
43800788.33049615,-170.2045493081406
43834122.263776585,-187.89278458595982
43867456.19705702,-173.84993715996075
43900790.13033746,-180.8944657916344
43934124.0636179,-172.6267960886263
43967457.99689834,-137.840270904892
44000791.93017878,-132.18266809706006
44034125.863459215,-138.650706461808
44067459.79673965,-171.110796105705
44100793.73002009,-189.54847049465602
44134127.66330053,-177.645689302783
44167461.59658097,-174.4586432828389
44200795.52986141,-174.0033965834486
44234129.46314185,-174.57711742762348
44267463.39642229,-172.06009333119496
44300797.32970273,-176.14894662765568
44334131.262983166,-189.5768700174936
44367465.196263604,-178.15484735020775
44400799.12954404,-175.41979998473806
44434133.06282448,-188.88238691631383
44467466.99610492,-177.42919248900816
44500800.92938536,-174.8406729334387
44534134.862665795,-186.1646603547882
44567468.79594623,-178.30982174210348
44600802.72922667,-177.1337906224366
44634136.66250711,-197.6090699145034
44667470.59578755,-176.08363863940838
44700804.529067986,-173.99992327548426
44734138.462348424,-182.51397899004627
44767472.39562886,-176.96899556381769
44800806.3289093,-173.35673911710447
44834140.26218974,-181.48180809721464
44867474.19547018,-180.66983343627723
44900808.128750615,-184.07189237102557
44934142.06203105,-172.33570585588984
44967475.99531149,-137.95640506080824
45000809.92859193,-132.31586813446322
45034143.86187237,-138.75035719377078
45067477.795152806,-174.9598102483891
45100811.72843325,-189.82388170374423
45134145.66171369,-178.97842482105744
45167479.59499413,-175.1027055467182
45200813.528274566,-179.1124359903692
45234147.461555004,-181.854960446131
45267481.39483544,-179.28715349903905
45300815.32811588,-180.76968515000482
45334149.26139632,-181.25798563440395
45367483.19467676,-178.14432237295907
45400817.127957195,-180.79328552069393
45434151.06123763,-191.08997402892282
45467484.99451807,-179.4409547178144
45500818.92779851,-180.09845057683197
45534152.86107895,-190.76448136392924
45567486.794359386,-177.5192447089323
45600820.727639824,-178.00730549380447
45634154.66092026,-195.20921166645383
45667488.5942007,-180.82748063818417
45700822.52748114,-176.7855975747477
45734156.46076158,-180.5506368847257
45767490.394042015,-177.9141151523268
45800824.32732245,-177.66437281552615
45834158.26060289,-189.63533635626038
45867492.19388333,-181.58402858716258
45900826.12716377,-187.2594212449664
45934160.060444206,-176.6612779751727
45967493.99372465,-138.45076044018634
46000827.92700509,-132.78074994961833
46034161.86028553,-139.19022114946605
46067495.793565966,-176.16070472810804
46100829.726846404,-191.41961850647365
46134163.66012684,-185.34124336826747
46167497.59340728,-189.77265854081818
46200831.52668772,-187.26055011672472
46234165.45996816,-184.13610784297404
46267499.393248595,-190.5139731965026
46300833.32652903,-184.00136805611237
46334167.25980947,-187.2236849006978
46367501.19308991,-180.41849838417406
46400835.12637035,-179.69371537110734
46434169.059650786,-183.87468103768666
46467502.992931224,-182.71499981349388
46500836.92621166,-179.37052904649494
46534170.8594921,-200.09113311776053
46567504.79277254,-179.19577023156552
46600838.72605298,-182.6041440786849
46634172.659333415,-191.96184470358605
46667506.59261385,-178.52708038381468
46700840.52589429,-176.90081755974938
46734174.45917473,-190.23505525363498
46767508.39245517,-179.83074907551804
46800842.325735606,-178.55401985623956
46834176.25901605,-186.72759760429113
46867510.19229649,-186.9997416604814
46900844.12557693,-199.2186453406195
46934178.05885737,-176.0071218249793
46967511.992137805,-138.61078252420654
47000845.92541824,-132.9306361251989
47034179.85869868,-139.31027244696912
47067513.79197912,-180.38668350463493
47100847.72525956,-188.56644449238195
47134181.658539996,-184.34123999671652
47167515.591820434,-186.1537082026213
47200849.52510087,-192.76645334137012
47234183.45838131,-184.37645523676133
47267517.39166175,-179.16886987016215
47300851.32494219,-180.7355779144206
47334185.258222625,-183.31992239011578
47367519.19150306,-182.82569308174595
47400853.1247835,-182.58280056064496
47434187.05806394,-183.7799927123952
47467520.99134438,-179.6376671186536
47500854.924624816,-179.1015221419394
47534188.857905254,-186.37786947276476
47567522.79118569,-184.24194672529853
47600856.72446613,-181.11683150477975
47634190.65774657,-185.7530771266194
47667524.59102701,-182.41555810093163
47700858.52430745,-177.60885472495062
47734192.45758789,-178.29349696841416
47767526.39086833,-183.3029626247859
47800860.32414877,-181.82121290817193
47834194.257429205,-188.68736561402503
47867528.19070964,-187.26879522090624
47900862.12399008,-183.65873330013287
47934196.05727052,-175.7056684639515
47967529.99055096,-139.03352596521972
48000863.923831396,-133.37054211585163
48034197.857111834,-139.7821790219293
48067531.79039227,-179.39165280901565
48100865.72367271,-188.1183791807901
48134199.65695315,-193.40529966789174
48167533.59023359,-183.9815132585039
48200867.523514025,-184.1295239610634
48234201.45679446,-185.55850874759915
48267535.3900749,-185.62320990792819
48300869.32335534,-192.44691573312997
48334203.25663578,-188.94665138673872
48367537.189916216,-184.02286551993643
48400871.123196654,-181.79587154972148
48434205.05647709,-184.46443517112033
48467538.98975753,-181.95276992280026
48500872.92303797,-184.01307092761743
48534206.85631841,-200.17327241821545
48567540.789598845,-183.26500468841854
48600874.72287929,-183.15697846187925
48634208.65615973,-183.5998499884002
48667542.58944017,-178.01836811568137
48700876.522720605,-179.1044878140968
48734210.45600104,-188.49819792737858
48767544.38928148,-188.68905213904824
48800878.32256192,-185.4075635600787
48834212.25584236,-186.559673725435
48867546.189122796,-189.4725194424869
48900880.122403234,-188.4612867227221
48934214.05568367,-176.08963647613427
48967547.98896411,-139.1449401240195
49000881.92224455,-133.4906523608211
49034215.85552499,-139.89300020322017
49067549.788805425,-178.37618223976875
49100883.72208586,-195.9592995585487
49134217.6553663,-182.8295203080986
49167551.58864674,-180.23523657040874
49200885.52192718,-183.001080380831
49234219.455207616,-184.0478436624902
49267553.388488054,-187.28078418228066
49300887.32176849,-186.4593382847335
49334221.25504893,-185.8045919296614
49367555.18832937,-184.1469576860662
49400889.12160981,-188.14663446530756
49434223.054890245,-193.58715330745991
49467556.98817069,-181.20266967564936
49500890.92145113,-180.86512912934148
49534224.85473157,-183.03405852210616
49567558.788012005,-191.85433004800694
49600892.72129244,-189.48127737829864
49634226.65457288,-194.0192436932389
49667560.58785332,-186.72188875938355
49700894.52113376,-187.8802538258248
49734228.4544142,-183.6201311627509
49767562.387694634,-180.67779058673733
49800896.32097507,-193.841301220541
49834230.25425551,-186.11118119816706
49867564.18753595,-186.95971277393272
49900898.12081639,-188.09770661655057
49934232.054096825,-181.18209353297777
49967565.98737726,-139.62687325036833
50000899.9206577,-133.94842917278595
50034233.85393814,-140.378595198446
50067567.78721858,-176.32762508516592
50100901.72049902,-191.43987254778494
50134235.653779455,-188.24114854544322
50167569.58705989,-184.43114944821002
50200903.52034033,-188.85834735900272
50234237.45362077,-192.06729241428047
50267571.38690121,-188.26447002531924
50300905.320181645,-189.34608258109606
50334239.25346209,-183.85621885846513
50367573.18674253,-184.37100633657295
50400907.12002297,-187.6132815558899
50434241.053303406,-217.05995428965122
50467574.986583844,-185.72307327770625
50500908.91986428,-185.7463353051003
50534242.85314472,-190.32878303053707
50567576.78642516,-196.94275882952087
50600910.7197056,-193.4788033360487
50634244.652986035,-199.18562838009012
50667578.58626647,-191.97350212358162
50700912.51954691,-183.9349207114878
50734246.45282735,-184.06672224093708
50767580.38610779,-186.99236048305966
50800914.319388226,-187.1647293225311
50834248.252668664,-200.02083157645308
50867582.1859491,-198.77400894464856
50900916.11922954,-202.48310282360433
50934250.05250998,-175.2842452752364
50967583.98579042,-139.7156678401991
51000917.919070855,-134.05633453612634
51034251.85235129,-140.43963818929416
51067585.78563173,-187.104839031001
51100919.71891217,-183.88510582128274
51134253.65219261,-190.93290781563041
51167587.585473046,-191.2325002376795
51200921.518753484,-200.83748065480142
51234255.45203393,-188.9927052177633
51267589.38531437,-181.22660057987684
51300923.318594806,-179.80951613020824
51334257.251875244,-180.1062801154447
51367591.18515568,-182.60564048174277
51400925.11843612,-193.09417083596043
51434259.05171656,-188.48026928906702
51467592.984997,-190.89246409065407
51500926.918277435,-191.09652514514792
51534260.85155787,-185.70951332185135
51567594.78483831,-181.995776153918
51600928.71811875,-187.62118184714427
51634262.65139919,-188.52856304647048
51667596.584679626,-184.16891155277733
51700930.517960064,-182.40635365519606
51734264.4512405,-181.66593874539157
51767598.38452094,-182.49080512702335
51800932.31780138,-193.52953478443365
51834266.25108182,-185.02170706412218
51867600.184362255,-188.7374458522498
51900934.11764269,-183.5182813004118
51934268.05092313,-180.09159453296814
51967601.98420357,-140.1724643416731
52000935.91748401,-134.54068245673471
52034269.850764446,-140.99387233638564
52067603.784044884,-180.93862877685814
52100937.71732533,-185.03860200639025
52134271.65060577,-192.08232105137586
52167605.583886206,-191.34129559982927
52200939.517166644,-189.06808755099286
52234273.45044708,-192.46311949931186
52267607.38372752,-187.02270020094056
52300941.31700796,-181.45081900313232
52334275.2502884,-185.69281988129742
52367609.183568835,-185.56967342892438
52400943.11684927,-180.91676371500944
52434277.05012971,-184.02757823454462
52467610.98341015,-182.9581297253731
52500944.91669059,-181.668785020486
52534278.849971026,-183.34814566389537
52567612.783251464,-188.82084889269498
52600946.7165319,-184.27187933704846
52634280.64981234,-186.15082513589581
52667614.58309278,-190.5728058736129
52700948.51637322,-186.32574216169934
52734282.449653655,-181.41372061431764
52767616.38293409,-178.81312605802526
52800950.31621453,-202.53489802933558
52834284.24949497,-185.15924415387667
52867618.18277541,-188.8940926575239
52900952.116055846,-184.90084677773356
52934286.049336284,-175.72693883126948
52967619.98261673,-140.28288154664233
53000953.91589717,-134.65630387125844
53034287.84917761,-141.11450893401678
53067621.782458045,-181.555783445355
53100955.71573848,-182.01256864052476
53134289.64901892,-194.20425996910683
53167623.58229936,-193.41047629880183
53200957.5155798,-185.62230179355115
53234291.448860236,-190.5647464001103
53267625.38214067,-203.97759458700764
53300959.31542111,-182.84165953147624
53334293.24870155,-183.65537769012144
53367627.18198199,-188.3179058006326
53400961.11526243,-183.9260602167131
53434295.048542865,-180.21301025336757
53467628.9818233,-177.8045146516415
53500962.91510374,-179.77375100370082
53534296.84838418,-182.22546885492662
53567630.78166462,-190.02332647801023
53600964.714945056,-193.95598318654282
53634298.648225494,-187.96116699819817
53667632.58150593,-189.16327037771526
53700966.51478637,-185.17222014240954
53734300.44806681,-181.76207412418484
53767634.38134725,-181.46751758894243
53800968.314627685,-187.09608597281414
53834302.24790813,-180.9073333880116
53867636.18118857,-180.08148465597822
53900970.11446901,-185.8524227053584
53934304.047749445,-179.29012311916796
53967637.98102988,-140.71365633151171
54000971.91431032,-135.0854396661526
54034305.84759076,-141.56789367749406
54067639.7808712,-177.13834494462048
54100973.714151636,-185.22499676202364
54134307.647432074,-189.93217730290877
54167641.58071251,-189.51781247497993
54200975.51399295,-191.21932349625067
54234309.44727339,-189.39862555703326
54267643.38055383,-189.51748753642653
54300977.313834265,-187.6034066679017
54334311.2471147,-183.02659914405152
54367645.18039514,-182.59748268118244
54400979.11367558,-185.71218552178988
54434313.04695602,-204.450598142659
54467646.980236456,-187.0292801701346
54500980.913516894,-186.42573737076629
54534314.84679733,-184.2539828602439
54567648.78007777,-195.9175679582935
54600982.71335821,-186.23615482400072
54634316.64663865,-201.03935703928852
54667650.579919085,-187.468571523508
54700984.51319952,-200.77114715004782
54734318.44647997,-183.68583670231834
54767652.37976041,-179.23883806698558
54800986.313040845,-183.04125173955612
54834320.24632128,-204.55190386942434
54867654.17960172,-184.23874990828378
54900988.11288216,-203.9788001205677
54934322.0461626,-177.12360465293898
54967655.979443036,-140.8784729456747
55000989.912723474,-135.21436787728868
55034323.84600391,-141.63762804397643
55067657.77928435,-183.11881573134684
55100991.71256479,-181.2555872027214
55134325.64584523,-190.62044888021714
55167659.579125665,-198.98274799728324
55200993.5124061,-188.31595945806959
55234327.44568654,-198.8790644451425
55267661.37896698,-194.7787798885568
55300995.31224742,-186.8699841445577
55334329.245527856,-190.29407582719818
55367663.178808294,-180.6959092998322
55400997.11208873,-182.15158271225056
55434331.04536917,-185.25414693848523
55467664.97864961,-187.70559932750308
55500998.91193005,-190.39890720501626
55534332.845210485,-182.80467677350867
55567666.77849092,-186.61169674155514
55601000.71177137,-189.33081359114053
55634334.64505181,-193.5926375171457
55667668.578332245,-191.405219068274
55701002.51161268,-185.85911317398487
55734336.44489312,-184.67042046605897
55767670.37817356,-180.0972073800926
55801004.311454,-192.57064840015568
55834338.244734436,-185.00584649488187
55867672.178014874,-187.24658684858065
55901006.11129531,-179.4865718243436
55934340.04457575,-182.25801928726497
55967673.97785619,-141.33423567866893
56001007.91113663,-135.6892977533291
56034341.844417065,-142.14625192494324
56067675.7776975,-179.0181179488815
56101009.71097794,-183.0423961495491
56134343.64425838,-191.75329565675509
56167677.57753882,-195.3675034533569
56201011.51081926,-186.5646779979432
56234345.444099694,-200.16751583003497
56267679.37738013,-189.1339986341166
56301013.31066057,-187.92529832833364
56334347.24394101,-182.98995413858137
56367681.17722145,-182.35935977265538
56401015.110501885,-184.14116231128224
56434349.04378232,-189.370221954065
56467682.97706277,-183.55122961539968
56501016.91034321,-185.59768287278047
56534350.843623646,-187.05038441071883
56567684.776904084,-205.5236653396816
56601018.71018452,-181.5545315338019
56634352.64346496,-186.50590196010282
56667686.5767454,-184.17638519039158
56701020.51002584,-183.8436934369513
56734354.443306275,-187.1029863307861
56767688.37658671,-180.6055270728811
56801022.30986715,-182.88351284129283
56834356.24314759,-186.30015946053052
56867690.17642803,-187.52529009607574
56901024.109708466,-187.77959324885626
56934358.042988904,-179.34773616823279
56967691.97626934,-141.42751686551935
57001025.90954978,-135.81188316316073
57034359.84283022,-142.29327032120483
57067693.77611066,-180.09293336618236
57101027.709391095,-180.79566882363142
57134361.64267153,-190.6632461076833
57167695.57595197,-182.3615218547457
57201029.50923241,-178.33544910256842
57234363.44251285,-180.17633204387496
57267697.375793286,-189.75930122772493
57301031.309073724,-189.3044135389671
57334365.24235417,-189.81937621773955
57367699.17563461,-183.76109812822727
57401033.108915046,-182.87800846696697
57434367.042195484,-181.11433241327714
57467700.97547592,-187.22181538545635
57501034.90875636,-182.16883578890386
57534368.8420368,-181.31104443374394
57567702.77531724,-185.25845490818523
57601036.708597675,-181.55894497278965
57634370.64187811,-183.57443803435746
57667704.57515855,-195.7012828835924
57701038.50843899,-194.46826735927758
57734372.44171943,-190.7914635631126
57767706.374999866,-198.45605715263886
57801040.308280304,-183.07722392822424
57834374.24156074,-190.6491539645707
57867708.17484118,-184.56962346508473
57901042.10812162,-183.9692242140666
57934376.04140206,-177.43489152109646
57967709.974682495,-141.84874219319147
58001043.90796293,-136.2443477657413
58034377.84124337,-142.72177449972654
58067711.77452381,-179.05549434201276
58101045.70780425,-187.0777194239235
58134379.641084686,-180.64029970479848
58167713.574365124,-178.4881442488445
58201047.50764556,-179.4170841640046
58234381.44092601,-181.2773427794463
58267715.374206446,-182.91611213176628
58301049.307486884,-185.03186362345667
58334383.24076732,-187.17753791118938
58367717.17404776,-186.1695521736186
58401051.1073282,-181.89113232321617
58434385.04060864,-178.87842222449873
58467718.973889075,-183.29215051319682
58501052.90716951,-184.3138957622249
58534386.84044995,-185.529694791626
58567720.77373039,-193.9712779564473
58601054.70701083,-183.18278588731104
58634388.640291266,-185.88951345898235
58667722.573571704,-181.79986085317293
58701056.50685214,-181.7522982699188
58734390.44013258,-183.1246426164314
58767724.37341302,-179.54166117774355
58801058.30669346,-181.45411288641174
58834392.239973895,-186.2039454349358
58867726.17325433,-186.8369393792402
58901060.10653477,-178.88970944726697
58934394.03981521,-173.53391925495262
58967727.97309565,-141.92280522209887
59001061.906376086,-136.35598860519846
59034395.839656524,-142.80192402038716
59067729.77293696,-183.95377344089508
59101063.70621741,-183.14296676673882
59134397.63949785,-177.60633178866817
59167731.572778285,-180.28187660768114
59201065.50605872,-186.15200865688522
59234399.43933916,-186.75040070007086
59267733.3726196,-194.34966833886787
59301067.30590004,-191.29701858816932
59334401.239180475,-190.13344211018915
59367735.17246091,-186.6273130884183
59401069.10574135,-183.58679716078296
59434403.03902179,-180.11932984441043
59467736.97230223,-180.99807571994845
59501070.90558267,-185.8096877200736
59534404.838863105,-187.4913286237236
59567738.77214354,-191.19747030841683
59601072.70542398,-183.96458113042428
59634406.63870442,-181.67380159043302
59667740.57198486,-188.0832478816049
59701074.505265296,-182.20775142847626
59734408.43854573,-198.06058723833326
59767742.37182617,-180.55453353531374
59801076.30510661,-179.0131034031732
59834410.23838705,-183.06078229548166
59867744.17166749,-185.85451740163626
59901078.104947925,-189.69577344108728
59934412.03822836,-178.26040870811806
59967745.97150881,-142.3841829480154
60001079.90478925,-136.81208563352027
60034413.838069685,-143.3290856272466
60067747.77135012,-177.45359749958402
60101081.70463056,-186.22639910356463
60134415.637911,-181.52004467240823
60167749.57119144,-181.73978909467934
60201083.504471876,-186.54287324956732
60234417.437752314,-184.11165170693752
60267751.37103275,-185.52045499838778
60301085.30431319,-185.00878006721447
60334419.23759363,-192.0220509996101
60367753.17087407,-192.79132674291094
60401087.104154505,-189.48893664520733
60434421.03743494,-181.5688231099975
60467754.97071538,-181.10319989631964
60501088.90399582,-182.3128301928237
60534422.83727626,-180.49747520860421
60567756.770556696,-186.0539302568333
60601090.703837134,-185.76207699147471
60634424.63711757,-178.70396698071278
60667758.57039801,-185.75299493001822
60701092.50367845,-187.5005330974952
60734426.43695889,-182.16818411115682
60767760.370239325,-179.7838888479521
60801094.30351976,-182.2475536838763
60834428.23680021,-179.72129022871823
60867762.17008065,-179.34891608031646
60901096.103361085,-184.3209698036941
60934430.03664152,-173.26500388640514
60967763.96992196,-142.42476416955571
61001097.9032024,-136.94108496363376
61034431.83648284,-143.44777702723718
61067765.769763276,-184.88704428005602
61101099.703043714,-188.20998622545028
61134433.63632415,-178.84818701623465
61167767.56960459,-180.1691951175378
61201101.50288503,-189.0541616029287
61234435.43616547,-177.81906277241598
61267769.369445905,-180.74027150810366
61301103.30272634,-189.9356181372104
61334437.23600678,-188.30332954950833
61367771.16928722,-186.24575842216325
61401105.10256766,-191.78314069150264
61434439.035848096,-179.125626296574
61467772.969128534,-179.24103510571373
61501106.90240897,-184.0501842152014
61534440.83568941,-178.1156508732567
61567774.76896985,-182.26070250234218
61601108.70225029,-186.37752442145174
61634442.635530725,-175.5815972419892
61667776.56881116,-178.82635412983714
61701110.5020916,-194.31348719091602
61734444.43537205,-209.30136878430002
61767778.368652485,-180.10933236776134
61801112.30193292,-179.44299227144396
61834446.23521336,-184.8056689475652
61867780.1684938,-180.85909020818013
61901114.10177424,-186.86714073473453
61934448.035054676,-179.4068904729605
61967781.968335114,-142.93700005177624
62001115.90161555,-137.35864498068563
62034449.83489599,-143.86782909651916
62067783.76817643,-181.4421722678981
62101117.70145687,-193.50137133092633
62134451.634737305,-181.36889879540809
62167785.56801774,-182.3278321446799
62201119.50129818,-196.62837189968116
62234453.43457862,-181.26666646631762
62267787.36785906,-179.507445667425
62301121.301139496,-181.7232493447226
62334455.234419934,-188.19132267637167
62367789.16770037,-205.04790353499388
62401123.10098081,-191.2711817040368
62434457.03426125,-181.36874615669507
62467790.96754169,-176.19600981129918
62501124.900822125,-180.65145926248402
62534458.83410256,-181.8405583960514
62567792.767383,-191.5106700433111
62601126.70066345,-182.36567549111896
62634460.633943886,-178.81113781734913
62667794.567224324,-180.32689185409896
62701128.50050476,-199.0680650571265
62734462.4337852,-199.7300744824218
62767796.36706564,-181.36541522283565
62801130.30034608,-180.40210706823166
62834464.233626515,-181.87129782344343
62867798.16690695,-180.44513343576938
62901132.10018739,-186.69666925845505
62934466.03346783,-177.55587302948172
62967799.96674827,-143.09420575640473
63001133.900028706,-137.48021441578632
63034467.833309144,-144.00958956558642
63067801.76658958,-180.58531255667418
63101135.69987002,-185.6720601625581
63134469.63315046,-182.03975009812578
63167803.5664309,-180.7046671667658
63201137.499711335,-183.53625384538714
63234471.43299177,-182.14667491915424
63267805.36627221,-176.57092321689498
63301139.29955265,-179.42395460065325
63334473.23283309,-182.70472682218173
63367807.166113526,-189.80449132408583
63401141.099393964,-186.1765897131299
63434475.0326744,-180.58690334875567
63467808.96595485,-176.0024549429395
63501142.899235286,-175.26170358135434
63534476.832515724,-177.80576838687625
63567810.76579616,-183.19780844167994
63601144.6990766,-192.24000739232616
63634478.63235704,-177.93031249880687
63667812.56563748,-176.36208758399985
63701146.498917915,-188.0181128906927
63734480.43219835,-190.93586523593586
63767814.36547879,-177.91013639666363
63801148.29875923,-176.34435483511507
63834482.23203967,-178.76252033743046
63867816.165320106,-179.42878881685434
63901150.098600544,-180.8937643559669
63934484.03188098,-187.55256900977187
63967817.96516142,-143.67835593906602
64001151.89844186,-137.98889084778256
64034485.8317223,-144.45109425166294
64067819.765002735,-179.5147130973933
64101153.69828317,-181.50585670159364
64134487.63156361,-176.68526710185432
64167821.56484405,-177.37442386914722
64201155.49812449,-176.45981504474736
64234489.431404926,-184.3734313850803
64267823.364685364,-183.3102552454595
64301157.2979658,-177.00808962695436
64334491.23124625,-177.08493016426476
64367825.164526686,-182.4432874010144
64401159.097807124,-186.84067564121847
64434493.03108756,-182.29419898572252
64467826.964368,-175.9533463887114
64501160.89764844,-175.71946168849283
64534494.83092888,-181.5732814413634
64567828.764209315,-180.4687997046025
64601162.69748975,-186.13361063608852
64634496.63077019,-186.11541055809838
64667830.56405063,-177.06357345402938
64701164.49733107,-180.85932791986727
64734498.430611506,-188.58679249711236
64767832.363891944,-184.08659126904783
64801166.29717238,-177.62940700512945
64834500.23045282,-181.23926564117562
64867834.16373326,-183.73011166906477
64901168.0970137,-184.05411696638626
64934502.030294135,-182.52526923111185
64967835.96357457,-143.68629605146458
65001169.89685501,-138.13843861362938
65034503.83013545,-144.62316395086364
65067837.76341589,-186.77594910524786
65101171.696696326,-185.77572678120717
65134505.629976764,-179.45822604427758
65167839.5632572,-175.85222044695033
65201173.49653764,-174.12827450833757
65234507.42981809,-179.56597411110167
65267841.363098525,-182.63465033957044
65301175.29637896,-175.55365100064375
65334509.2296594,-176.1293165173115
65367843.16293984,-178.69290170585953
65401177.09622028,-185.13981713176034
65434511.029500715,-189.1805414954344
65467844.96278115,-178.63992200542484
65501178.89606159,-174.38817938554894
65534512.82934203,-178.17346157018082
65567846.76262247,-180.62143514980974
65601180.69590291,-182.68361936310495
65634514.629183345,-184.1488594555796
65667848.56246378,-176.0197834084042
65701182.49574422,-177.6680998460411
65734516.42902466,-190.3053174985003
65767850.3623051,-196.74223731906832
65801184.295585535,-178.06241609989524
65834518.22886597,-178.44484097518333
65867852.16214641,-183.85726442189824
65901186.09542685,-177.6061127507108
65934520.02870729,-185.39749777859768
65967853.96198773,-144.03311670632218
66001187.895268165,-138.57577196586516
66034521.8285486,-145.28568361828877
66067855.76182904,-175.52207130862524
66101189.69510949,-200.35195042282157
66134523.628389925,-183.13015872273337
66167857.56167036,-176.7522571593969
66201191.4949508,-175.47141857038872
66234525.42823124,-177.1011465656801
66267859.36151168,-178.18087124936352
66301193.294792116,-176.6469659383233
66334527.228072554,-175.61752757522382
66367861.16135299,-179.29114100203606
66401195.09463343,-184.69877021099703
66434529.02791387,-189.71472067619942
66467862.96119431,-180.07841534354853
66501196.894474745,-174.7272738116668
66534530.82775518,-176.23410139304855
66567864.76103562,-180.16065317714234
66601198.69431606,-181.04960892591896
66634532.6275965,-186.18901119136092
66667866.560876936,-176.59405725521881
66701200.494157374,-175.94820362617043
66734534.42743781,-186.16643389038387
66767868.36071825,-185.44857136011106
66801202.29399869,-177.75258873232133
66834536.22727913,-173.89860464406274
66867870.160559565,-178.82494801113737
66901204.09384,-178.3436417178442
66934538.02712044,-186.40463728839774
66967871.96040089,-144.07270026559544
67001205.893681325,-138.56114389050487
67034539.82696176,-145.10485401050997
67067873.7602422,-178.6282491696983
67101207.69352264,-186.03666946407853
67134541.62680307,-185.07027773342742
67167875.56008351,-181.32450093995504
67201209.49336395,-180.52818405744125
67234543.42664438,-176.88846285145905
67267877.35992482,-176.78015003230826
67301211.29320526,-178.4757946951262
67334545.2264857,-175.2772113228305
67367879.15976614,-174.6541159616568
67401213.09304659,-177.06016497740674
67434547.02632703,-183.01068268529417
67467880.95960747,-180.57417761089448
67501214.8928879,-174.84590551099961
67534548.82616834,-173.5816498158216
67567882.75944878,-175.84057381511406
67601216.69272922,-178.7819108418567
67634550.62600966,-186.92098215977055
67667884.5592901,-181.6741324421489
67701218.49257053,-174.85621299215154
67734552.42585097,-179.48194287028736
67767886.35913141,-181.45288574273337
67801220.29241185,-191.02670695880988
67834554.22569229,-176.52634598653543
67867888.15897273,-177.04108900696727
67901222.09225316,-178.84881424453528
67934556.0255336,-177.5847737204377
67967889.95881404,-144.6114417122434
68001223.89209448,-139.08958684439855
68034557.82537492,-145.5019731915522
68067891.75865535,-188.96193570748449
68101225.6919358,-184.079181923237
68134559.62521623,-185.11196121535545
68167893.55849667,-181.22584782504094
68201227.4917771,-185.89895351025856
68234561.42505755,-184.4588290346838
68267895.35833798,-181.80457743131933
68301229.29161842,-178.3340945732292
68334563.22489886,-176.88748762098754
68367897.1581793,-174.56540084732393
68401231.09145974,-175.94673626000633
68434565.02474017,-183.52908318520178
68467898.95802061,-207.29089014404917
68501232.89130105,-177.80593279599623
68534566.82458149,-171.35840244238094
68567900.75786193,-172.2675632683783
68601234.69114237,-180.0111815867261
68634568.6244228,-185.01476868329945
68667902.55770324,-181.3106025643033
68701236.49098368,-174.929049109743
68734570.42426412,-175.27630728755256
68767904.35754456,-197.19227893925807
68801238.290825,-183.85285022221495
68834572.22410543,-180.54072831670697
68867906.15738587,-176.4816366538157
68901240.09066631,-182.02441926533012
68934574.02394675,-173.15729235135777
68967907.95722719,-144.6036074527704
69001241.89050762,-139.22124061038662
69034575.82378806,-145.79309742710512
69067909.7570685,-180.87825478198647
69101243.69034894,-182.28714458047392
69134577.62362938,-195.56852205460626
69167911.55690983,-182.18340883124338
69201245.49019027,-180.87768506407593
69234579.4234707,-183.30729088227753
69267913.35675114,-197.23725431159895
69301247.29003158,-179.48188488545583
69334581.22331202,-176.61212715653454
69367915.15659246,-176.541699753576
69401249.0898729,-179.65152821279514
69434583.02315333,-185.58487582733423
69467916.95643377,-186.4577921513719
69501250.88971421,-191.42390911129667
69534584.82299465,-173.97510073615894
69567918.75627509,-172.0182473836814
69601252.68955553,-177.39282119830494
69634586.62283596,-179.45330399154105
69667920.5561164,-186.866107754082
69701254.48939684,-177.83260761104557
69734588.42267728,-174.65836010235154
69767922.35595772,-181.54621519002313
69801256.28923815,-187.0307214871827
69834590.2225186,-178.2179402535124
69867924.15579903,-174.3977166728153
69901258.08907947,-183.31193975446692
69934592.02235991,-182.112566063483
69967925.95564035,-145.2745755486387
70001259.88892078,-139.6787675988128
70034593.82220122,-146.44109319237475
70067927.75548166,-171.74383378944475
70101261.6887621,-185.39402844954336
70134595.62204254,-187.67866473992765
70167929.55532297,-180.10798786125486
70201263.48860341,-175.2060166234903
70234597.42188385,-175.79419811293465
70267931.35516429,-175.67218802856127
70301265.28844473,-185.46428233476138
70334599.22172517,-180.7349564232224
70367933.1550056,-181.02075024859352
70401267.08828604,-186.26399502783516
70434601.02156648,-185.01480099933772
70467934.95484692,-185.20740407218437
70501268.88812736,-194.64781998457656
70534602.8214078,-177.8831822073554
70567936.75468823,-173.27999920835342
70601270.68796867,-176.10695083791524
70634604.62124911,-181.5086825564832
70667938.55452955,-181.87371134927264
70701272.48780999,-181.24123010488643
70734606.42109042,-176.41165253354117
70767940.35437086,-177.9315122152526
70801274.2876513,-187.4666063547681
70834608.22093174,-188.22987552670443
70867942.15421218,-176.17154402327927
70901276.08749263,-176.9359382158204
70934610.02077307,-186.34175061467755
70967943.9540535,-145.30659949574732
71001277.88733394,-139.68748197949418
71034611.82061438,-146.181625881606
71067945.75389482,-174.34827166468153
71101279.68717526,-179.60023692216032
71134613.6204557,-182.92352599958963
71167947.55373614,-182.8459201992946
71201281.48701657,-180.93505725314492
71234615.42029701,-178.95419962784928
71267949.35357745,-175.2818166846809
71301283.28685789,-178.2674013766191
71334617.22013833,-183.85508594868094
71367951.15341876,-179.5680436891916
71401285.0866992,-176.39933202217338
71434619.01997964,-175.28477232108375
71467952.95326008,-177.13526535173048
71501286.88654052,-181.08999315469615
71534620.81982096,-181.08171699811476
71567954.7531014,-173.5665173532283
71601288.68638183,-175.99596372962426
71634622.61966227,-176.12362002948845
71667956.55294271,-175.8313593875078
71701290.48622315,-187.0144237658006
71734624.41950358,-178.18567764846347
71767958.35278402,-175.22605359497913
71801292.28606446,-197.57158471550693
71834626.2193449,-190.07259784306686
71867960.15262534,-176.43627393170263
71901294.08590578,-180.132983354453
71934628.01918621,-176.0999749966338
71967961.95246665,-145.43633825735978
72001295.88574709,-140.1086504390056
72034629.81902753,-146.83176092472928
72067963.75230797,-178.1991851837753
72101297.6855884,-179.39406747458335
72134631.61886884,-199.36032302316053
72167965.55214928,-215.10399089400838
72201299.48542972,-183.27872715560972
72234633.41871016,-179.90007136618794
72267967.3519906,-177.93816983715863
72301301.28527103,-179.3356900689129
72334635.21855147,-185.39231677343935
72367969.15183191,-181.20733001027742
72401303.08511235,-178.03994198810892
72434637.01839279,-177.52148320911573
72467970.95167322,-177.60986432701742
72501304.88495366,-180.86384962944481
72534638.8182341,-187.0908806707928
72567972.75151454,-174.6597852917219
72601306.68479498,-173.40526328853898
72634640.61807542,-174.68314038388567
72667974.55135587,-175.83260522879354
72701308.4846363,-189.22061012332688
72734642.41791674,-175.45163231113526
72767976.35119718,-171.5938392584573
72801310.28447762,-181.26314099449115
72834644.21775806,-195.08879951906255
72867978.1510385,-175.52059484035135
72901312.08431894,-172.7934748505496
72934646.01759937,-178.05315520511203
72967979.95087981,-145.76251711835414
73001313.88416025,-140.34135708782748
73034647.81744069,-146.94039077066668
73067981.75072113,-174.15374191844262
73101315.68400156,-175.6161827697435
73134649.617282,-181.60930683575103
73167983.55056244,-192.89288822970298
73201317.48384288,-185.165983092447
73234651.41712332,-180.8397657476308
73267985.35040376,-179.57507366705192
73301319.2836842,-175.90448137788945
73334653.21696463,-178.1976030889233
73367987.15024507,-179.26624127360276
73401321.08352551,-174.9045148829801
73434655.01680595,-174.93635316462428
73467988.95008639,-176.78901017864303
73501322.88336682,-179.46322025744746
73534656.81664726,-186.47188710374581
73567990.7499277,-176.0031954001435
73601324.68320814,-171.59790371919405
73634658.61648858,-175.79184694866026
73667992.54976901,-178.45141687572496
73701326.48304945,-188.04840351364507
73734660.41632989,-177.7638475469195
73767994.34961033,-172.39395470121343
73801328.28289077,-176.42835808249998
73834662.2161712,-182.73297204633465
73867996.14945164,-181.2665693443313
73901330.08273208,-173.72049277091574
73934664.01601252,-180.20111943814538
73967997.94929296,-146.2230957220411
74001331.8825734,-140.67726712075807
74034665.81585383,-147.22096259633412
74067999.74913427,-184.52511501963158
74101333.68241471,-176.06835506945873
74134667.61569515,-179.56419494239313
74168001.54897559,-193.26767238080117
74201335.48225603,-183.60547762736476
74234669.41553646,-180.69792590618454
74268003.3488169,-178.85069855349485
74301337.28209734,-174.41242432922377
74334671.21537778,-178.09774193918312
74368005.14865822,-176.33608069610077
74401339.08193867,-174.38611296321938
74434673.0152191,-173.43757651583215
74468006.94849955,-173.79581773134757
74501340.88177998,-173.7369280887587
74534674.81506042,-181.37764519338094
74568008.74834086,-176.80920091599475
74601342.6816213,-171.67670837253155
74634676.61490174,-173.307799255642
74668010.54818217,-175.53427631775267
74701344.48146261,-184.19391283635392
74734678.41474305,-185.9904543287604
74768012.34802349,-175.3006124081797
74801346.28130393,-178.69853494167808
74834680.21458437,-182.58483183211408
74868014.1478648,-196.05544557116258
74901348.08114524,-174.85647868997575
74934682.01442568,-173.86202278227506
74968015.94770612,-146.1129377588945
75001349.88098656,-140.73700686707653
75034683.814267,-147.49132891024198
75068017.74754743,-176.79523507726887
75101351.68082787,-178.36477984211746
75134685.61410831,-177.04661164003366
75168019.54738875,-184.9053479295257
75201353.48066919,-186.5754386019175
75234687.41394962,-176.3154005575657
75268021.34723006,-175.47358817503348
75301355.2805105,-175.89759375075562
75334689.21379094,-181.49738849444412
75368023.14707138,-177.72680213052757
75401357.08035181,-179.82689807638758
75434691.01363225,-175.4050393744203
75468024.94691269,-173.74120518592053
75501358.88019313,-174.55034514511152
75534692.81347357,-176.85866146239928
75568026.746754,-181.51544632545517
75601360.68003444,-170.3311511108889
75634694.61331488,-170.55572702443305
75668028.54659532,-177.28022406651033
75701362.47987576,-180.47552314581782
75734696.4131562,-179.84220851487876
75768030.34643663,-173.27265057085086
75801364.27971707,-172.52246811592116
75834698.21299751,-186.0422276353043
75868032.14627795,-188.36382305504998
75901366.07955839,-170.74049913463926
75934700.01283883,-172.94986866259404
75968033.94611926,-146.75345436920415
76001367.8793997,-141.29844858210572
76034701.81268014,-147.90300299585374
76068035.74596058,-185.68909573520676
76101369.67924102,-173.9530629059285
76134703.61252145,-176.858198033177
76168037.54580191,-189.79784352303878
76201371.47908235,-184.9747784695012
76234705.41236278,-176.70626283046818
76268039.34564322,-175.386862278925
76301373.27892366,-175.1610265321368
76334707.2122041,-179.33096258697108
76368041.14548454,-178.72575404487645
76401375.07876498,-174.11773365385642
76434709.01204541,-172.74447546432293
76468042.94532585,-173.6467851253204
76501376.87860629,-175.1492282371585
76534710.81188673,-179.24565369696637
76568044.74516717,-182.29514319870276
76601378.6784476,-172.93446903239843
76634712.61172804,-174.0222580086746
76668046.54500848,-174.65798721178908
76701380.47828892,-175.98994403746215
76734714.41156936,-187.1898492172431
76768048.3448498,-178.6147530008663
76801382.27813023,-175.20666547598728
76834716.21141067,-210.2896381893925
76868050.14469111,-188.7226127297427
76901384.07797155,-176.5984382150509
76934718.01125199,-172.18448817721764
76968051.94453242,-146.72604949763925
77001385.87781286,-141.23940273630288
77034719.8110933,-147.96197422995374
77068053.74437374,-178.2420540376057
77101387.67765418,-183.1410152477756
77134721.61093462,-175.06767834568322
77168055.54421505,-183.0945600743009
77201389.47749549,-189.06960610126518
77234723.41077593,-175.9293414922202
77268057.34405637,-176.2502851877556
77301391.2773368,-178.94396958332896
77334725.21061724,-176.40568873059453
77368059.14389768,-179.31401232323367
77401393.07717812,-181.08477530238264
77434727.01045856,-175.12598081496674
77468060.943739,-175.509690218141
77501394.87701944,-177.87988625029362
77534728.81029987,-174.27869547818364
77568062.74358031,-178.07867476477995
77601396.67686075,-176.77978567162643
77634730.61014119,-171.6242253587841
77668064.54342163,-175.66528225891153
77701398.47670206,-176.54697053914902
77734732.4099825,-189.75144900665265
77768066.34326294,-173.17834493651958
77801400.27654338,-171.19170164494764
77834734.20982382,-180.56602282109608
77868068.14310426,-193.3075967975858
77901402.07638471,-173.2849415456759
77934736.00966515,-171.6652088474657
77968069.94294558,-147.25712854694396
78001403.87622602,-141.8324709019472
78034737.80950646,-148.3817435700258
78068071.7427869,-181.10761775716384
78101405.67606734,-179.81522627027766
78134739.60934778,-175.3470764124404
78168073.54262821,-182.9637963490249
78201407.47590865,-184.83564199285115
78234741.40918909,-184.70388802349535
78268075.34246953,-177.86028743394564
78301409.27574997,-174.44015028925008
78334743.2090304,-174.7334258314436
78368077.14231084,-177.8258012579655
78401411.07559128,-176.88551316126757
78434745.00887172,-173.85143800685594
78468078.94215216,-173.30577605845176
78501412.8754326,-173.57692509126903
78534746.80871303,-175.71316200942445
78568080.74199347,-185.2991686349722
78601414.67527391,-174.5580759872562
78634748.60855435,-171.63469610012038
78668082.54183479,-174.31010123444565
78701416.47511522,-178.0074874853116
78734750.40839566,-189.57209698222266
78768084.3416761,-176.89792702812923
78801418.27495654,-172.33413169493838
78834752.20823698,-180.84615521509204
78868086.14151742,-187.99860633765434
78901420.07479785,-178.57933506292792
78934754.00807829,-177.12863290780987
78968087.94135873,-147.272884577991
79001421.87463917,-141.8607431464353
79034755.8079196,-148.71597627472286
79068089.74120004,-180.99245737923226
79101423.67448048,-179.10947630626328
79134757.60776092,-172.68996236635135
79168091.54104136,-180.2154024432392
79201425.4743218,-189.16730295919749
79234759.40760224,-177.28654353805882
79268093.34088267,-176.9553216194279
79301427.27416311,-176.5919286341533
79334761.20744355,-174.0630336225988
79368095.14072399,-179.41253645053854
79401429.07400443,-178.94027435371265
79434763.00728486,-178.1061768295983
79468096.9405653,-178.6112223810352
79501430.87384574,-177.4942708220519
79534764.80712618,-173.49873994847695
79568098.74040662,-178.65391239485854
79601432.67368706,-176.69355815878822
79634766.6069675,-172.40537539616966
79668100.54024795,-174.40525559025457
79701434.47352839,-174.1508645774616
79734768.40680882,-189.87769507557854
79768102.34008926,-177.20133563711047
79801436.2733697,-171.85347476831754
79834770.20665014,-185.66546900103847
79868104.13993058,-182.79086649399827
79901438.07321101,-177.07779533572162
79934772.00649145,-172.42545601676164
79968105.93977189,-147.62647319170517
80001439.87305233,-142.19660927052556
80034773.80633277,-148.88295960819522
80068107.7396132,-176.45235935488677
80101441.67289364,-181.83113271892253
80134775.60617408,-172.7704958092093
80168109.53945452,-177.060439357698
80201443.47273496,-199.96575623146614
80234777.4060154,-178.48990549957688
80268111.33929583,-178.45412476704178
80301445.27257627,-177.8942632468844
80334779.20585671,-175.45377985145197
80368113.13913715,-182.4347029902737
80401447.07241759,-181.55352973316272
80434781.00569803,-173.69241329890366
80468114.93897846,-171.4408653827937
80501448.8722589,-171.75862679390517
80534782.80553934,-173.0436734167017
80568116.73881978,-176.89060924530622
80601450.67210022,-174.20311610438372
80634784.60538065,-169.38219029500246
80668118.53866109,-172.3187217826989
80701452.47194153,-176.56486994641557
80734786.40522197,-182.6218849374952
80768120.3385024,-172.71489466225466
80801454.27178285,-169.24346426906627
80834788.20506328,-177.90737071779787
80868122.13834372,-183.39780172261786
80901456.07162416,-171.01468004943982
80934790.0049046,-170.1203239017205
80968123.93818504,-147.6910859347212
81001457.87146547,-142.35323913359096
81034791.80474591,-148.92008310675612
81068125.73802635,-185.84872921239236
81101459.67130679,-174.37260259202307
81134793.60458723,-173.32656291475726
81168127.53786767,-186.7533856467947
81201461.4711481,-182.13176729130663
81234795.40442854,-176.72414210011374
81268129.33770898,-176.261576426249
81301463.27098942,-174.46095726864698
81334797.20426986,-174.20472102398946
81368131.1375503,-179.10510057059963
81401465.07083075,-180.05513097773616
81434799.00411119,-173.9046026010888
81468132.93739162,-171.50637283117106
81501466.87067206,-171.04181776653607
81534800.8039525,-173.1316216159907
81568134.73723294,-189.04879148990125
81601468.67051338,-172.6293423306077
81634802.60379381,-170.55138211031274
81668136.53707425,-174.9158229628638
81701470.47035469,-182.49260231896915
81734804.40363513,-179.7735005289952
81768138.33691557,-170.09103063083052
81801472.270196,-170.98451453157276
81834806.20347644,-182.84630450618732
81868140.13675688,-186.48649445046314
81901474.07003732,-172.6416801316968
81934808.00331776,-178.24139551154215
81968141.9365982,-148.21486820693247
82001475.86987863,-142.85415410540895
82034809.80315907,-149.65203927316108
82068143.73643951,-179.7525590172609
82101477.66971995,-171.46711920201278
82134811.60300039,-171.35032876598393
82168145.53628083,-181.9389043214352
82201479.46956126,-184.77963197483913
82234813.4028417,-176.47067863693627
82268147.33612214,-174.01163444446803
82301481.26940258,-172.39117956482087
82334815.20268302,-174.6074183481193
82368149.13596345,-176.77847827685272
82401483.0692439,-172.95377614303507
82434817.00252433,-171.4599593722583
82468150.93580477,-171.676180945768
82501484.86908521,-172.34058322769854
82534818.80236565,-174.07642949849563
82568152.73564608,-181.9061021961686
82601486.66892652,-174.03355192551697
82634820.60220696,-175.91380011569456
82668154.5354874,-176.1026498999929
82701488.46876784,-184.23657103248306
82734822.40204827,-177.37262976289753
82768156.33532871,-173.31268850771437
82801490.26860915,-177.01655625920122
82834824.20188959,-187.95772333734365
82868158.13517003,-179.47674452536788
82901492.06845047,-172.5443497553416
82934826.0017309,-180.04412340401646
82968159.93501134,-148.33220873186815
83001493.86829178,-142.92198709181463
83034827.80157222,-149.68274258774778
83068161.73485266,-175.5212308694376
83101495.6681331,-173.31785282207025
83134829.60141353,-176.67501402396135
83168163.53469399,-189.85796831950813
83201497.46797442,-177.77756920529666
83234831.40125486,-174.59035834137478
83268165.3345353,-175.04708990648737
83301499.26781574,-173.4029617663974
83334833.20109618,-175.97498215192928
83368167.13437662,-179.00701078011298
83401501.06765705,-172.64856728574486
83434835.00093749,-172.9452770030703
83468168.93421793,-177.35892694642627
83501502.86749837,-177.9490690035613
83534836.8007788,-179.72562216243173
83568170.73405924,-179.7591556930853
83601504.66733968,-174.18405234212642
83634838.60062012,-180.47082693226304
83668172.53390056,-176.2391939493753
83701506.467181,-177.19020810050785
83734840.40046144,-176.24939682689475
83768174.33374187,-175.25418696449574
83801508.26702231,-184.10792434009647
83834842.20030275,-197.78273761687555
83868176.13358319,-177.55178946967357
83901510.06686363,-176.38429943994623
83934844.00014406,-191.1604110236089
83968177.9334245,-148.57737075613687
84001511.86670494,-143.2251761125027
84034845.79998538,-149.9946393094811
84068179.73326582,-172.6647050304445
84101513.66654626,-172.07365210517324
84134847.5998267,-176.36036925713347
84168181.53310713,-186.8212423760696
84201515.46638757,-177.5022505310187
84234849.39966801,-175.4121335218775
84268183.33294845,-176.5890240110155
84301517.26622888,-175.33790503411157
84334851.19950932,-177.76348438792726
84368185.13278976,-177.18803106345297
84401519.0660702,-175.44008612403462
84434852.99935064,-175.5835888799817
84468186.93263108,-179.65510357467218
84501520.86591151,-181.224150339129
84534854.79919195,-181.4482799382665
84568188.73247239,-177.663075533999
84601522.66575283,-176.38267937351452
84634856.59903327,-198.80724388049444
84668190.5323137,-182.70122031923674
84701524.46559414,-181.9738901772162
84734858.39887458,-177.87523595138885
84768192.33215502,-177.8591567343953
84801526.26543546,-183.73574814008944
84834860.1987159,-180.53822994290408
84868194.13199633,-180.86619747165406
84901528.06527679,-178.51838005768516
84934861.99855722,-176.65272373928048
84968195.93183766,-148.5722054155262
85001529.8651181,-143.30133822982205
85034863.79839854,-150.06092100009155
85068197.73167898,-176.6881404156627
85101531.66495942,-178.6527999176023
85134865.59823985,-179.32268183039238
85168199.53152029,-188.72688041391214
85201533.46480073,-178.9057874824509
85234867.39808117,-178.42199342449035
85268201.3313616,-178.9284887955004
85301535.26464204,-176.39780580856421
85334869.19792248,-182.65236644172444
85368203.13120292,-189.0580153962885
85401537.06448336,-184.4698056682
85434870.9977638,-182.70320820345913
85468204.93104424,-181.48764587214418
85501538.86432467,-179.32659298751602
85534872.79760511,-181.20390796121396
85568206.73088555,-185.84227058513764
85601540.66416599,-182.51643610123352
85634874.59744643,-184.71829186300687
85668208.53072686,-177.75291807209186
85701542.4640073,-182.38552926485005
85734876.39728774,-182.94677036554174
85768210.33056818,-179.18766830500067
85801544.26384862,-189.9831666157155
85834878.19712906,-183.40914499283681
85868212.1304095,-177.7797223843294
85901546.06368993,-183.3197272307885
85934879.99697037,-180.58764139086384
85968213.93025081,-148.93697528794684
86001547.86353125,-143.7122126562932
86034881.79681168,-150.71960512641394
86068215.73009212,-172.87477224348063
86101549.66337256,-177.52869176278347
86134883.596653,-182.84663281614868
86168217.52993344,-186.46496461791116
86201551.46321388,-176.3624213133304
86234885.39649431,-179.2684818807329
86268219.32977475,-188.37105259430683
86301553.26305519,-179.9781403084053
86334887.19633563,-185.98435039878473
86368221.12961607,-186.9062776863203
86401555.0628965,-184.60302177326625
86434888.99617694,-188.5453467909129
86468222.92945738,-195.9614712034982
86501556.86273782,-183.40934737267716
86534890.79601826,-186.12140820416033
86568224.7292987,-182.37912532147027
86601558.66257913,-181.7383238133793
86634892.59585957,-192.94251259656744
86668226.52914003,-182.10035696708337
86701560.46242046,-183.72107898703405
86734894.3957009,-183.1098746731937
86768228.32898134,-188.09024563574116
86801562.26226178,-184.4845763237435
86834896.19554222,-186.04877361026612
86868230.12882265,-179.55242047329335
86901564.0621031,-183.83964693731738
86934897.99538353,-182.09903988100262
86968231.92866397,-149.11975493322143
87001565.8619444,-143.78982614274523
87034899.79522485,-150.66869486658572
87068233.72850528,-178.81009104764897
87101567.66178572,-195.30427837153093
87134901.59506616,-192.90386213162736
87168235.5283466,-185.01553527498663
87201569.46162704,-177.26276904636347
87234903.39490747,-178.9818338284115
87268237.32818791,-183.45569293177454
87301571.26146835,-186.11084664934975
87334905.19474879,-190.23203457600528
87368239.12802923,-193.017822236865
87401573.06130967,-184.65975450679684
87434906.9945901,-184.9979480111402
87468240.92787054,-181.78888307412268
87501574.86115098,-181.1977235231254
87534908.79443142,-179.19939087988084
87568242.72771186,-186.41703645490222
87601576.6609923,-193.70448133095164
87634910.59427273,-182.44968897119315
87668244.52755317,-180.96784886865532
87701578.46083361,-184.55491806169323
87734912.39411405,-183.44742165876573
87768246.32739449,-184.17643662259493
87801580.26067492,-183.7641364019231
87834914.19395536,-196.64622141385138
87868248.1272358,-188.76866068675383
87901582.06051624,-192.53257912700496
87934915.99379668,-190.61796112883758
87968249.92707711,-149.49697218243244
88001583.86035755,-144.173273771206
88034917.79363799,-151.04787805448183
88068251.72691843,-175.94884715543884
88101585.66019887,-181.69153423907701
88134919.5934793,-195.43710640606434
88168253.52675974,-186.02441247535359
88201587.46004018,-181.53570236456656
88234921.39332062,-182.80555206466855
88268255.32660106,-181.16338638306107
88301589.2598815,-182.57625020795774
88334923.19316193,-196.75476495247233
88368257.12644237,-191.10927109409766
88401591.05972283,-183.9826867974134
88434924.99300326,-190.3903415058085
88468258.9262837,-203.83362038023049
88501592.85956414,-180.38387003702863
88534926.79284458,-178.67587574139515
88568260.72612502,-193.76369983873644
88601594.65940545,-192.81944910052744
88634928.5926859,-185.64071105776367
88668262.52596633,-183.37170257331863
88701596.45924677,-184.58029306745937
88734930.39252721,-182.80355750655448
88768264.32580765,-187.46533031802687
88801598.25908808,-189.6018241543493
88834932.19236852,-195.15584139489027
88868266.12564896,-188.22533934964216
88901600.0589294,-193.48407141583377
88934933.99220984,-181.56427985039218
88968267.92549028,-149.54330079772114
89001601.85877071,-144.30536457435468
89034935.79205115,-151.15726856783877
89068269.72533159,-181.087666984713
89101603.65861203,-185.47291853208122
89134937.59189247,-193.84274212326287
89168271.5251729,-186.75029017195675
89201605.45845334,-180.52030872531054
89234939.39173378,-178.76475708527775
89268273.32501422,-177.81753425021657
89301607.25829466,-182.84141305243537
89334941.1915751,-189.9455051920591
89368275.12485553,-188.74714924483624
89401609.05813597,-201.66307828584752
89434942.99141641,-196.2629997312945
89468276.92469685,-199.54340053878548
89501610.85797729,-181.91281060906758
89534944.79125772,-180.86539045795692
89568278.72453816,-190.13166469948544
89601612.6578186,-186.30382071261926
89634946.59109904,-189.77029753834574
89668280.52437948,-193.6355166218698
89701614.45765992,-189.91328979042748
89734948.39094035,-192.25029618115633
89768282.32422079,-193.6313101390147
89801616.25750123,-189.18638675710503
89834950.19078167,-192.16946243975832
89868284.1240621,-186.41938876267102
89901618.05734254,-196.8906567667466
89934951.99062298,-180.45798982970712
89968285.92390342,-149.70828473512927
90001619.85718386,-144.56336829416148
90034953.7904643,-151.55822120618
90068287.72374474,-176.4978674020826
90101621.65702517,-186.3712504023998
90134955.59030561,-185.46300600545496
90168289.52358606,-197.79594408178218
90201623.4568665,-182.31668630590798
90234957.39014694,-181.42905601203432
90268291.32342738,-181.38885469047906
90301625.25670782,-184.4857482414687
90334959.18998826,-195.4399690495683
90368293.1232687,-187.70114275479773
90401627.05654913,-186.69598685768474
90434960.98982957,-187.26313948573625
90468294.92311001,-192.90775404640854
90501628.85639045,-195.49632208558216
90534962.78967088,-195.64537078361113
90568296.72295132,-188.7911861382059
90601630.65623176,-191.1693561821432
90634964.5895122,-184.63139254739707
90668298.52279264,-185.40103098532344
90701632.45607308,-184.4400144407693
90734966.38935351,-184.1351799301778
90768300.32263395,-191.94134059316303
90801634.25591439,-189.86188089375224
90834968.18919483,-191.04311136641684
90868302.12247527,-185.30625909806642
90901636.0557557,-191.0055550027494
90934969.98903614,-178.51672316907576
90968303.92231658,-149.76637495230932
91001637.85559702,-144.6478571119405
91034971.78887746,-151.5844933802832
91068305.7221579,-186.25253439395422
91101639.65543833,-189.22932672605626
91134973.58871877,-184.44334218016417
91168307.52199921,-186.25257735335117
91201641.45527965,-184.1319916545065
91234975.38856009,-181.74950217120002
91268309.32184052,-184.01332094540925
91301643.25512096,-189.75039073274291
91334977.1884014,-194.45667333246735
91368311.12168184,-197.93225397584484
91401645.05496228,-184.7876941797278
91434978.98824272,-182.2456495841571
91468312.92152315,-189.59669205581176
91501646.85480359,-201.03559719268944
91534980.78808403,-190.30855336868905
91568314.72136447,-191.20210562508862
91601648.6546449,-183.58960976900192
91634982.58792534,-191.49874234894884
91668316.52120578,-185.70960065360057
91701650.45448622,-183.6934738503841
91734984.38776666,-187.13840960720134
91768318.3210471,-184.8380055079898
91801652.25432754,-190.30318074468252
91834986.18760797,-186.45872228848577
91868320.12088841,-180.94230393906284
91901654.05416887,-184.63358840046982
91934987.9874493,-188.71423634630904
91968321.92072974,-150.21824284254922
92001655.85401018,-144.98513219538634
92034989.78729062,-151.95096408805986
92068323.72057106,-180.1677146026102
92101657.6538515,-189.5179437632305
92134991.58713193,-190.03143008378115
92168325.52041237,-200.80069683529146
92201659.45369281,-189.75073364537306
92234993.38697325,-189.02174956888447
92268327.32025369,-204.45408051378786
92301661.25353412,-184.6598746880615
92334995.18681456,-181.2215109785669
92368329.120095,-188.43423083607433
92401663.05337544,-191.0596479114272
92434996.98665588,-182.85490322501312
92468330.91993631,-190.33686559779025
92501664.85321675,-185.2841383230783
92534998.78649719,-185.91125547951077
92568332.71977763,-188.57619229490888
92601666.65305807,-193.6187367957855
92635000.5863385,-189.45880244859612
92668334.51961894,-190.57359270932926
92701668.45289938,-188.2710387061259
92735002.38617982,-182.81345829436458
92768336.31946026,-184.41758030777476
92801670.2527407,-181.8803118321793
92835004.18602113,-184.31449510736093
92868338.11930157,-190.46388084229795
92901672.05258201,-191.15751176687996
92935005.98586245,-186.0045467768769
92968339.91914289,-150.48061443631573
93001673.85242333,-145.17561191273995
93035007.78570376,-152.0543226419692
93068341.7189842,-183.9717973695326
93101675.65226464,-188.30890921307008
93135009.58554508,-192.3282008762612
93168343.51882552,-186.65514656323668
93201677.45210595,-192.0751348683642
93235011.38538639,-193.5780765034991
93268345.31866683,-188.2270039454752
93301679.25194727,-193.42867156932363
93335013.1852277,-183.6475035538153
93368347.11850815,-181.1447750059543
93401681.05178858,-184.47177317347848
93435014.98506902,-187.69926853860517
93468348.91834946,-188.85063743689014
93501682.8516299,-185.3364305604946
93535016.78491034,-185.06355571290098
93568350.71819077,-187.4226923539262
93601684.65147121,-196.17102003772996
93635018.58475165,-199.850658059485
93668352.5180321,-202.56111531436432
93701686.45131254,-187.88720747480593
93735020.38459298,-192.05644027668643
93768354.31787342,-193.62103132740455
93801688.25115386,-195.43445075410094
93835022.1844343,-185.76079965213626
93868356.11771473,-183.46119236032087
93901690.05099517,-190.31007292690202
93935023.98427561,-183.01408361231984
93968357.91755605,-150.7414633776408
94001691.85083649,-145.5272151687813
94035025.78411692,-152.52279063505898
94068359.71739736,-179.64944798025834
94101693.6506778,-196.53476256083417
94135027.58395824,-183.7118726511796
94168361.51723868,-196.70702107762696
94201695.45051911,-181.57344979697677
94235029.38379955,-180.0525434838272
94268363.31707999,-184.50953188463873
94301697.25036043,-188.5023616278911
94335031.18364087,-188.72760658483443
94368365.1169213,-184.9854177885697
94401699.05020174,-187.55020262330646
94435032.98348218,-185.3383045878934
94468366.91676262,-183.1426136260365
94501700.85004306,-184.9349204723386
94535034.7833235,-184.9552530959986
94568368.71660393,-182.50500795583667
94601702.64988437,-183.79614450364636
94635036.58316481,-187.21382113767328
94668370.51644525,-188.82030555274798
94701704.44972569,-188.07481846489762
94735038.38300613,-196.70227373621628
94768372.31628656,-187.59773670624492
94801706.249567,-187.63845109607118
94835040.18284744,-187.27730237517306
94868374.11612788,-188.54586834793133
94901708.04940832,-186.8878884063238
94935041.98268875,-184.03046883977362
94968375.9159692,-150.75783557165022
95001709.84924963,-145.5849417625487
95035043.78253007,-152.5070995056879
95068377.71581051,-183.11347106564364
95101711.64909095,-183.70202722966388
95135045.58237138,-191.0653465203416
95168379.51565182,-181.8170379156173
95201713.44893226,-180.9022536198347
95235047.3822127,-183.1583486917731
95268381.31549314,-187.40709996120157
95301715.24877357,-186.18395788917084
95335049.18205401,-187.11948980276333
95368383.11533445,-186.0375992454849
95401717.0486149,-194.0135651486925
95435050.98189534,-187.86105493199673
95468384.91517578,-184.66008225086426
95501718.84845622,-184.81223436742192
95535052.78173666,-193.089190223843
95568386.7150171,-192.20384227098998
95601720.64829753,-196.3431134621344
95635054.58157797,-197.03274708983642
95668388.51485841,-189.52206736294448
95701722.44813885,-185.8204795746604
95735056.38141929,-195.70298993159446
95768390.31469972,-185.0502676585846
95801724.24798016,-185.769420088219
95835058.1812606,-187.7937428417934
95868392.11454104,-196.62107205247207
95901726.04782148,-187.4485315506953
95935059.98110192,-191.89607464170035
95968393.91438235,-151.2250146022846
96001727.84766279,-145.99176583899344
96035061.78094323,-153.00875618049847
96068395.71422367,-180.90112522952668
96101729.6475041,-192.19276529581947
96135063.58078454,-193.7319475279391
96168397.51406498,-187.85457226647534
96201731.44734542,-187.05173894864558
96235065.38062586,-190.5427559022547
96268399.3139063,-196.5691151635173
96301733.24718674,-193.28356431359902
96335067.18046717,-183.92474534632794
96368401.11374761,-185.59334557007736
96401735.04702805,-192.70589900634604
96435068.98030849,-194.6986393597989
96468402.91358893,-182.66310063805986
96501736.84686936,-181.29519801976758
96535070.7801498,-197.324047066366
96568404.71343024,-188.8029811014427
96601738.64671068,-193.47977202755095
96635072.57999112,-187.49518727990787
96668406.51327156,-187.26889361446794
96701740.446552,-185.59630906136547
96735074.37983243,-183.642301486434
96768408.31311287,-191.95336632133592
96801742.24639331,-182.96341597710352
96835076.17967375,-186.5474473686818
96868410.11295418,-196.30841121673328
96901744.04623462,-194.4789139644958
96935077.97951506,-189.6561017025025
96968411.9127955,-151.27797996419795
97001745.84607594,-146.04199764702383
97035079.77935638,-153.0972040888276
97068413.71263681,-181.6650947854032
97101747.64591725,-185.02117316122977
97135081.57919769,-187.13971074894238
97168415.51247814,-189.46851718075808
97201749.44575858,-182.58913199996806
97235083.37903902,-180.5707249180469
97268417.31231946,-182.7321368518017
97301751.2455999,-194.52259685505777
97335085.17888033,-189.77863558471245
97368419.11216077,-183.83407723013352
97401753.04544121,-185.82418761890196
97435086.97872165,-189.55013208874078
97468420.91200209,-184.8969184799115
97501754.84528252,-181.28427784069143
97535088.77856296,-185.08662596956788
97568422.7118434,-192.59479504055253
97601756.64512384,-193.8593027217113
97635090.57840428,-195.44273883394155
97668424.51168472,-195.99314905256986
97701758.44496515,-199.37127662666882
97735092.37824559,-189.14916280350542
97768426.31152603,-183.9718666791379
97801760.24480647,-185.54770470755898
97835094.1780869,-193.18116586787156
97868428.11136734,-196.28744018184764
97901762.04464778,-184.19093060601583
97935095.97792822,-188.48692115714599
97968429.91120866,-151.44114250737726
98001763.8444891,-146.2597368945465
98035097.77776954,-153.21433735696016
98068431.71104997,-183.04611644118665
98101765.64433041,-198.80490203427652
98135099.57761085,-194.6368713782903
98168433.51089129,-195.33943448514418
98201767.44417173,-188.95074848976606
98235101.37745216,-182.09012001119746
98268435.3107326,-181.53652289457085
98301769.24401304,-184.62164244887603
98335103.17729348,-186.60570545911492
98368437.11057392,-185.5632841658375
98401771.04385436,-184.5039516404063
98435104.9771348,-185.3040451955005
98468438.91041523,-182.25617068881007
98501772.84369567,-181.05860435830078
98535106.77697611,-185.29447697860905
98568440.71025655,-183.6728600676125
98601774.64353698,-181.37035374471657
98635108.57681742,-185.92357301558397
98668442.51009786,-182.006716011325
98701776.4433783,-179.82580702440202
98735110.37665874,-182.8372878795638
98768444.30993918,-187.74901698937322
98801778.24321961,-182.54748822106293
98835112.17650005,-181.14583759363853
98868446.10978049,-178.05539421567718
98901780.04306094,-181.0231662992473
98935113.97634138,-179.99236748580597
98968447.90962182,-151.51392466938972
99001781.84290226,-146.39092657080377
99035115.7761827,-153.2848883891235
99068449.70946313,-197.03624892132262
99101783.64274357,-184.2173607936003
99135117.57602401,-181.42385464848874
99168451.50930445,-191.76186768587357
99201785.44258489,-185.3797508811975
99235119.37586533,-185.2277881118259
99268453.30914576,-181.74519872042896
99301787.2424262,-182.7584902490504
99335121.17570664,-189.54549145942178
99368455.10898708,-195.3910096267261
99401789.04226752,-187.94214947144948
99435122.97554795,-185.59224253249468
99468456.9088284,-189.3877149469411
99501790.84210883,-190.11713903155288
99535124.77538927,-187.62329330181646
99568458.7086697,-186.33558179437597
99601792.64195015,-180.34705523741084
99635126.57523058,-181.6915833092264
99668460.50851102,-182.7900296174659
99701794.44179146,-181.87590166557783
99735128.3750719,-183.77991340716835
99768462.30835234,-184.93526730644442
99801796.24163277,-182.5743490794235
99835130.17491321,-179.81969236521266
99868464.10819365,-179.59908281180262
99901798.04147409,-185.23113747426393
99935131.97475453,-187.3482969925577
99968465.90803497,-151.75289861344237
100001799.8413154,-146.6407219030106
100035133.77459584,-153.57323906516626
100068467.70787628,-179.57960561638333
100101801.64115672,-191.42849229891308
100135135.57443716,-183.35453801188942
100168469.5077176,-186.64368352220916
100201803.44099803,-184.03685376108075
100235137.37427847,-180.46313364846537
100268471.30755891,-187.8108609485056
100301805.24083935,-199.81453710623484
100335139.17411979,-199.1361623644621
100368473.10740022,-186.62341715390983
100401807.04068066,-184.60796002308174
100435140.9739611,-206.45056310931224
100468474.90724154,-190.53950045996388
100501808.84052198,-192.1225178757989
100535142.77380241,-183.43350389236963
100568476.70708285,-184.05052610190927
100601810.64036329,-180.33480536821403
100635144.57364373,-186.26903371684134
100668478.50692418,-189.27250301705473
100701812.44020462,-188.60381917345632
100735146.37348506,-189.1135898203123
100768480.3067655,-181.83019717314795
100801814.24004593,-181.7795445868666
100835148.17332637,-187.33849724175144
100868482.10660681,-185.27257095711133
100901816.03988725,-184.85078189055272
100935149.97316769,-181.66223548381979
100968483.90644813,-151.93773336045228
101001817.83972856,-146.8442346559755
101035151.773009,-153.91807110359247
101068485.70628944,-180.2461165079207
101101819.63956988,-183.30079357473284
101135153.57285032,-187.48392610135323
101168487.50613075,-198.92662598348906
101201821.4394112,-189.0544248035924
101235155.37269163,-189.69185958797294
101268489.30597207,-195.02227221511816
101301823.23925251,-181.88781423764914
101335157.17253295,-183.06556811989893
101368491.10581338,-185.279708131097
101401825.03909382,-184.4873819295213
101435158.97237426,-192.5836272929936
101468492.9056547,-191.1976646995652
101501826.83893514,-187.353340064348
101535160.77221557,-189.47679416170016
101568494.70549601,-189.34455720200185
101601828.63877645,-182.35589920151267
101635162.57205689,-184.5086565560731
101668496.50533733,-194.41959256606958
101701830.43861777,-191.8823341522132
101735164.3718982,-187.5018136566932
101768498.30517864,-187.31529541123618
101801832.23845908,-200.53258554547375
101835166.17173952,-191.01373056658235
101868500.10501996,-192.5433674556102
101901834.0383004,-181.65753244439938
101935167.97158083,-192.0027101015844
101968501.90486127,-152.19078832823666
102001835.83814171,-147.1508875466448
102035169.77142215,-154.33846391469845
102068503.70470259,-175.65355046674898
102101837.63798302,-178.09091869140138
102135171.57126346,-179.98353525560293
102168505.5045439,-189.9388735759294
102201839.43782434,-185.4993861839895
102235173.37110478,-183.55252589835445
102268507.30438522,-184.03961455311514
102301841.23766565,-185.28966998799265
102335175.17094609,-193.86037840635373
102368509.10422653,-192.36044748892525
102401843.03750697,-187.92042363924864
102435176.97078742,-188.96047703669072
102468510.90406786,-183.2572896915434
102501844.8373483,-183.96049128143162
102535178.77062874,-181.3375823374686
102568512.70390917,-186.24974854492785
102601846.63718961,-189.85529366798747
102635180.57047005,-191.3236322911863
102668514.50375049,-183.71381077526632
102701848.43703093,-189.306278357124
102735182.37031136,-186.68941646276562
102768516.3035918,-180.64035816263151
102801850.23687224,-187.394928392331
102835184.17015268,-187.45374640239848
102868518.10343312,-185.84980901290322
102901852.03671356,-191.40591408728244
102935185.969994,-183.10284291749093
102968519.90327443,-152.32506333653595
103001853.83655487,-147.2854325771785
103035187.76983531,-154.33984990783523
103068521.70311575,-181.84256098977446
103101855.63639618,-183.5759655965931
103135189.56967662,-193.37162555234767
103168523.50295706,-195.71562841559515
103201857.4362375,-190.73536122829435
103235191.36951794,-204.76610548281485
103268525.30279838,-186.3178105490205
103301859.23607881,-184.79537012030192
103335193.16935925,-184.03447296694011
103368527.10263969,-182.11448686128455
103401861.03592013,-193.5490634039507
103435194.96920057,-188.68425147883553
103468528.902481,-187.39435198026482
103501862.83576144,-193.35548160103176
103535196.76904188,-191.28694775937112
103568530.70232232,-182.69461341122397
103601864.63560276,-183.45231746761303
103635198.5688832,-186.01881812619953
103668532.50216363,-192.72945112287206
103701866.43544407,-192.65666796966116
103735200.36872451,-188.60875029019854
103768534.30200495,-190.64111532305782
103801868.23528539,-190.6694223993087
103835202.16856582,-188.14245023369045
103868536.10184626,-182.64774130779693
103901870.0351267,-187.9091720117754
103935203.96840714,-181.64319119502676
103968537.90168758,-152.76829728121444
104001871.83496802,-147.49535266177094
104035205.76824845,-154.30322102580482
104068539.70152889,-181.70758288193423
104101873.63480933,-186.48170522605784
104135207.56808977,-185.46220243025635
104168541.50137022,-191.0991235215804
104201875.43465066,-179.04782869514494
104235209.3679311,-179.30212286419263
104268543.30121154,-184.23815343651592
104301877.23449197,-188.96713943514797
104335211.16777241,-182.3467134143625
104368545.10105285,-183.55251949905497
104401879.03433329,-189.79726059388508
104435212.96761373,-186.17956139362923
104468546.90089417,-193.30838247980518
104501880.8341746,-184.90350255190248
104535214.76745504,-193.3691400074955
104568548.70073548,-182.49911374696666
104601882.63401592,-196.149887086016
104635216.56729636,-191.41922953923213
104668550.5005768,-185.72545963157984
104701884.43385723,-184.84269075168274
104735218.36713767,-178.83949040348725
104768552.30041811,-179.86111926364356
104801886.23369855,-181.68227925543678
104835220.16697899,-193.01240757715462
104868554.10025942,-200.37899006581196
104901888.03353986,-196.91784046882557
104935221.9668203,-180.58346672679937
104968555.90010074,-152.5585961971667
105001889.83338118,-147.63354406116375
105035223.76666161,-154.65412030427868
105068557.69994205,-184.2557830234061
105101891.63322249,-197.05895803950216
105135225.56650293,-180.97329766626717
105168559.49978337,-187.12717241663728
105201893.4330638,-181.9579704640506
105235227.36634424,-182.4502918098712
105268561.29962468,-185.79945821349048
105301895.23290512,-188.34515992039587
105335229.16618556,-184.7103773470326
105368563.099466,-190.01431830627976
105401897.03274643,-191.0218045940627
105435230.96602687,-185.01401717516967
105468564.89930731,-188.01253931650837
105501898.83258775,-191.85363718440152
105535232.76586819,-194.55099029051766
105568566.69914863,-193.6463768252035
105601900.63242906,-189.14171894416515
105635234.5657095,-190.52206431438609
105668568.49898994,-202.68914284093933
105701902.43227038,-188.85430662532147
105735236.36555082,-181.36488130797795
105768570.29883125,-186.7976763795929
105801904.23211169,-194.37842005164615
105835238.16539213,-198.28785442823246
105868572.09867257,-193.12904109835873
105901906.031953,-190.09988262768871
105935239.96523346,-196.08859000610067
105968573.8985139,-152.93989168483768
106001907.83179434,-147.84242942860027
106035241.76507477,-154.94403551960244
106068575.69835521,-178.6551989224405
106101909.63163565,-190.0076208106796
106135243.56491609,-184.79598761114863
106168577.49819653,-184.1294085685417
106201911.43147697,-181.95923283784578
106235245.3647574,-179.46627465020515
106268579.29803784,-182.90339522944868
106301913.23131828,-197.2591951723436
106335247.16459872,-186.74088747161164
106368581.09787916,-180.1047079443814
106401915.0311596,-181.17995864682595
106435248.96444003,-183.80043745682894
106468582.89772047,-184.34352575796086
106501916.83100091,-193.36844663247865
106535250.76428135,-185.2782066625271
106568584.69756179,-183.9620789069464
106601918.63084222,-181.09075593383866
106635252.56412266,-185.80652661553228
106668586.4974031,-189.74879120529903
106701920.43068354,-187.12601409130673
106735254.36396398,-190.15641304921616
106768588.29724441,-198.0679869256802
106801922.23052485,-188.26391266842506
106835256.16380529,-208.35070387283136
106868590.09708573,-183.12327814072972
106901924.03036617,-186.82898435126327
106935257.9636466,-182.46884756198182
106968591.89692704,-153.0355445167176
107001925.83020748,-148.03485207444893
107035259.76348792,-155.13134112790038
107068593.69676836,-186.03763092165167
107101927.6300488,-181.34241019744454
107135261.56332923,-184.5625114921805
107168595.49660967,-184.36761220191676
107201929.42989011,-183.89268218071922
107235263.36317055,-183.63365507934034
107268597.29645099,-184.50032094490243
107301931.22973143,-183.3108867871715
107335265.16301186,-181.7453437198293
107368599.0962923,-182.90907090982495
107401933.02957274,-187.3240350693397
107435266.96285318,-189.41090652508217
107468600.89613362,-187.41119469492222
107501934.82941405,-186.19225343365412
107535268.7626945,-181.75117543630347
107568602.69597493,-188.6589947356629
107601936.62925537,-185.70630700781678
107635270.56253581,-186.89160685108024
107668604.49581626,-191.71435083504318
107701938.4290967,-183.42748536701447
107735272.36237714,-180.18665281664425
107768606.29565758,-186.75221790849693
107801940.22893801,-188.43411114819583
107835274.16221845,-185.7103571675898
107868608.09549889,-194.65783635563028
107901942.02877933,-186.3701634541492
107935275.96205977,-191.80270564390426
107968609.8953402,-153.32079294163032
108001943.82862064,-148.41166361060434
108035277.76190108,-155.4988487566928
108068611.69518152,-181.54634674339306
108101945.62846196,-185.5786277857269
108135279.5617424,-187.6880010346465
108168613.49502283,-190.12259993121572
108201947.42830327,-191.15542920122863
108235281.36158371,-190.63081942180906
108268615.29486415,-185.50109597489578
108301949.22814459,-188.7803035863153
108335283.16142502,-190.6376630330089
108368617.09470546,-191.7598834216892
108401951.0279859,-195.90085737670506
108435284.96126634,-189.85615713153015
108468618.89454678,-192.506194171329
108501952.82782722,-184.83022738324058
108535286.76110765,-182.6483646193446
108568620.69438809,-190.13703120744339
108601954.62766853,-200.77368262947664
108635288.56094897,-182.67301149868194
108668622.4942294,-183.8440997855682
108701956.42750984,-188.18167794039647
108735290.36079028,-195.63417485549473
108768624.29407072,-182.3859392127528
108801958.22735116,-185.67379609815862
108835292.1606316,-185.03474689248628
108868626.09391204,-183.05267856986362
108901960.02719247,-184.2543168792882
108935293.96047291,-183.04493455646903
108968627.89375335,-153.52533702174492
109001961.82703379,-148.49824338153314
109035295.76031423,-155.4693713941842
109068629.69359466,-182.85268492964948
109101963.6268751,-195.35625314965174
109135297.56015554,-188.5612354223075
109168631.49343598,-181.30987145158102
109201965.42671642,-179.2630750078115
109235299.35999686,-183.6220580032446
109268633.2932773,-183.7349914208934
109301967.22655773,-181.0663337421256
109335301.15983817,-186.5725676955711
109368635.09311861,-181.49162530820166
109401969.02639905,-179.78946351334997
109435302.9596795,-183.91954856914862
109468636.89295994,-184.74215873924746
109501970.82624038,-193.44022288556314
109535304.75952081,-193.6532340950139
109568638.69280125,-189.06929934044965
109601972.62608169,-182.23582105464186
109635306.55936213,-184.6422919285448
109668640.49264257,-199.26015906222162
109701974.425923,-188.86608565669005
109735308.35920344,-185.78375870976083
109768642.29248388,-186.3682591547862
109801976.22576432,-187.59117596514753
109835310.15904476,-185.61112235194628
109868644.0923252,-185.6106622153675
109901978.02560563,-189.52976026025385
109935311.95888607,-190.59154766303269
109968645.89216651,-153.83423519053747
110001979.82544695,-148.69638009353423
110035313.75872739,-155.6025394716117
110068647.69200782,-182.04672157549723
110101981.62528826,-206.96183133018312
110135315.5585687,-194.1567057364744
110168649.49184914,-186.6866350842166
110201983.42512958,-180.81183689706484
110235317.35841002,-180.25920390875632
110268651.29169045,-190.40893863941275
110301985.22497089,-183.72312624559285
110335319.15825133,-185.36944484626724
110368653.09153177,-203.80377364550245
110401987.0248122,-185.81433981469203
110435320.95809264,-186.52691262843578
110468654.89137308,-189.74007256967474
110501988.82465352,-190.19997439530846
110535322.75793396,-181.3460943090634
110568656.6912144,-182.4807291750306
110601990.62449484,-182.75459569058089
110635324.55777527,-181.204822824961
110668658.49105571,-187.16800399508102
110701992.42433615,-190.03492836920253
110735326.35761659,-185.28554399294617
110768660.29089703,-183.42906857060487
110801994.22417746,-181.3395002583684
110835328.1574579,-182.35312416909153
110868662.09073834,-183.38075050386735
110901996.02401878,-187.5254905664383
110935329.95729922,-194.6607868881494
110968663.89057966,-154.03862966612454
111001997.8238601,-148.95188591696473
111035331.75714053,-155.97975594083292
111068665.69042097,-185.5724747139933
111101999.62370141,-190.7116799573154
111135333.55698185,-192.68740349139026
111168667.4902623,-185.99933897547731
111202001.42354274,-186.33295204678478
111235335.35682318,-185.61266920073507
111268669.29010361,-182.92676568733597
111302003.22338405,-187.7268395654409
111335337.15666449,-198.8917968600074
111368671.08994493,-185.13904236440658
111402005.02322537,-182.43669712715882
111435338.9565058,-185.0206277440101
111468672.88978624,-186.56135581496218
111502006.82306668,-184.5412907712729
111535340.75634712,-184.61002717496783
111568674.68962756,-186.55597530728213
111602008.622908,-183.6628241047224
111635342.55618843,-179.2884057360702
111668676.48946887,-187.59942449390752
111702010.42274931,-199.08173510408974
111735344.35602975,-192.76273014478483
111768678.28931019,-184.36155791052866
111802012.22259063,-184.84988409810526
111835346.15587106,-191.34172972698212
111868680.0891515,-183.4245345637964
111902014.02243194,-190.4464936912349
111935347.95571238,-186.20714713556833
111968681.88899282,-154.2349775550303
112002015.82227325,-149.2146240652377
112035349.7555537,-156.1289668149869
112068683.68883413,-182.2089996334574
112102017.62211457,-198.10041362738764
112135351.555395,-193.15449282787694
112168685.48867545,-181.43484477500215
112202019.42195588,-178.53691340495925
112235353.35523632,-179.62957964396526
112268687.28851676,-184.35292631330543
112302021.2217972,-182.59140332120603
112335355.15507764,-185.2218142336238
112368689.08835807,-189.8770447261589
112402023.02163851,-180.27395837789277
112435356.95491895,-178.17579471737812
112468690.88819939,-178.9669932228716
112502024.82147983,-186.35826056185923
112535358.75476027,-184.66406291927933
112568692.6880407,-184.11124629057002
112602026.62132114,-191.33432108800247
112635360.55460158,-183.8504375952165
112668694.48788202,-187.37782327636936
112702028.42116246,-189.84031730413028
112735362.3544429,-190.9758348177785
112768696.28772333,-196.15182079501744
112802030.22100377,-191.70109791053966
112835364.15428421,-187.43570244707632
112868698.08756465,-181.17796850090366
112902032.02084509,-184.25712426534665
112935365.95412554,-186.79075650620445
112968699.88740598,-154.5052561230131
113002033.82068641,-149.31830525700158
113035367.75396685,-156.27584930703793
113068701.68724729,-187.88984931937748
113102035.62052773,-182.19309453478903
113135369.55380817,-185.13571127110055
113168703.4870886,-181.7942385281636
113202037.42036904,-182.78914997938415
113235371.35364948,-190.3575071959109
113268705.28692992,-182.4899159587795
113302039.22021036,-191.14946645781586
113335373.1534908,-184.36274297220444
113368707.08677123,-184.2781531417631
113402041.02005167,-200.91397829301968
113435374.95333211,-187.10455931654872
113468708.88661255,-190.2909855662802
113502042.81989299,-193.628908295976
113535376.75317343,-193.94491653463535
113568710.68645386,-192.98103374510004
113602044.6197343,-188.02807492602855
113635378.55301474,-181.28611779247166
113668712.48629518,-182.99903441731794
113702046.41957562,-189.4202663378455
113735380.35285605,-183.00709898824888
113768714.2861365,-182.8666702333806
113802048.21941693,-185.6043761323929
113835382.15269737,-185.146965498511
113868716.08597781,-179.98509592783273
113902050.01925825,-188.58140417506655
113935383.95253868,-179.55390990684208
113968717.88581912,-154.4675937258992
114002051.81909956,-149.54468408376408
114035385.75238,-156.37421802065512
114068719.68566044,-186.4548545866819
114102053.61894087,-186.9216241398637
114135387.55222131,-185.5634581202454
114168721.48550175,-183.40626740745455
114202055.41878219,-179.53869419545381
114235389.35206263,-177.97126975342042
114268723.28534307,-181.35924388987902
114302057.2186235,-185.30947579065483
114335391.15190394,-185.4290900757026
114368725.08518438,-185.61148764785375
114402059.01846482,-185.1122209134391
114435392.95174526,-180.0714129089298
114468726.8850257,-179.98365730692015
114502060.81830613,-186.74998295201453
114535394.75158657,-185.2415579146783
114568728.68486701,-192.45489353834512
114602062.61814745,-193.49201896186233
114635396.55142789,-197.4969808055888
114668730.48470834,-184.57438716954496
114702064.41798878,-186.19779491369076
114735398.35126922,-193.55069132008873
114768732.28454965,-185.86238823437938
114802066.21783009,-183.61574590142752
114835400.15111053,-190.4619217004639
114868734.08439097,-193.78349047441526
114902068.0176714,-187.01357981368898
114935401.95095184,-187.295947145155
114968735.88423228,-154.85465091475615
115002069.81751272,-149.70900910685648
115035403.75079316,-156.48304523847514
115068737.6840736,-192.5566935939674
115102071.61735404,-187.9933243305805
115135405.55063447,-181.61462730681046
115168739.48391491,-186.8279625985049
115202073.41719535,-192.74921348783204
115235407.35047579,-190.94375128068012
115268741.28375623,-188.20364966879853
115302075.21703666,-183.34144661989086
115335409.1503171,-178.91307144390117
115368743.08359754,-178.47584043140816
115402077.01687798,-182.20880228395256
115435410.95015842,-196.77891716910835
115468744.88343886,-195.7355062812451
115502078.8167193,-183.14736146295184
115535412.74999973,-182.83947642847568
115568746.68328017,-186.5283499042041
115602080.61656061,-179.88198102032038
115635414.54984105,-182.84273232924863
115668748.48312148,-184.99349366712784
115702082.41640192,-194.12441555710214
115735416.34968236,-189.08892959824047
115768750.2829628,-188.92599962302802
115802084.21624324,-200.78127375079964
115835418.14952368,-190.65916411233837
115868752.08280411,-185.63421429528088
115902086.01608455,-182.25180944646058
115935419.94936499,-186.42693193133277
115968753.88264543,-154.9216328484024
116002087.81592587,-149.9193263474741
116035421.7492063,-156.46317035143358
116068755.68248674,-183.57818971379345
116102089.61576718,-194.6869540020969
116135423.54904762,-188.1980361206945
116168757.48232806,-185.7503525218732
116202091.4156085,-180.72419188350923
116235425.34888893,-177.7231956845769
116268759.28216937,-179.44166396249972
116302093.21544981,-184.1244885694729
116335427.14873025,-190.89924394804723
116368761.08201069,-190.78813503911658
116402095.01529112,-183.58956307826176
116435428.94857158,-182.65019586767525
116468762.88185202,-182.8030745243982
116502096.81513245,-184.1231962350767
116535430.74841289,-181.7211442969434
116568764.68169333,-185.27199530576394
116602098.61497377,-184.57876104807866
116635432.5482542,-185.5704063810798
116668766.48153464,-180.73718102315186
116702100.41481508,-183.40228808297124
116735434.34809552,-191.96274937590158
116768768.28137596,-188.3695130016521
116802102.2146564,-188.94845195493542
116835436.14793684,-184.01864442439958
116868770.08121727,-182.87260663492307
116902104.01449771,-177.86518901893658
116935437.94777815,-178.8358587610942
116968771.88105859,-155.3376320985435
117002105.81433903,-150.07422882411163
117035439.74761946,-156.6435243063879
117068773.6808999,-185.16092568122605
117102107.61418034,-187.814674544531
117135441.54746078,-189.92467734593004
117168775.48074122,-186.10970079689156
117202109.41402166,-181.9938975261055
117235443.3473021,-183.1240941640724
117268777.28058253,-185.06237251482207
117302111.21386297,-181.21470114464967
117335445.14714341,-183.0996954239173
117368779.08042385,-182.4970247364901
117402113.01370429,-183.2306980084158
117435446.94698472,-192.61765479774647
117468780.88026516,-189.89958340997111
117502114.8135456,-183.26162296758014
117535448.74682604,-181.17587982188255
117568782.68010648,-190.51873756735148
117602116.61338691,-188.63996429473448
117635450.54666735,-186.95379952436525
117668784.47994779,-181.773717119686
117702118.41322823,-183.225571693156
117735452.34650867,-185.2868443918016
117768786.2797891,-181.50263692088146
117802120.21306954,-181.14788164845442
117835454.14634998,-188.36072160720886
117868788.07963042,-185.72280151479308
117902122.01291086,-191.63699516174376
117935455.9461913,-181.8601468352622
117968789.87947173,-155.16275736193066
118002123.81275217,-150.39728198091888
118035457.74603261,-157.28344660574794
118068791.67931305,-180.0711957604781
118102125.61259349,-191.45877337818183
118135459.54587393,-187.9064517047127
118168793.47915438,-189.23766081923065
118202127.41243482,-190.82572282703933
118235461.34571525,-185.7030027782557
118268795.2789957,-183.9006842796316
118302129.21227613,-181.07342979673533
118335463.14555657,-187.5141669340361
118368797.078837,-181.1476425167337
118402131.01211745,-178.82523735561094
118435464.94539788,-190.02263980384652
118468798.87867832,-180.29868431874743
118502132.81195876,-193.46505244686438
118535466.7452392,-183.51921386903103
118568800.67851964,-189.08863407619893
118602134.61180007,-179.37694936725367
118635468.54508051,-179.47350990048946
118668802.47836095,-180.35831622810633
118702136.41164139,-180.66307880305334
118735470.34492183,-184.98967085910675
118768804.27820227,-186.39268213017073
118802138.2114827,-193.06630489968416
118835472.14476314,-190.12228679747662
118868806.07804358,-180.76773220593265
118902140.01132402,-184.26212514006772
118935473.94460446,-182.28251125479
118968807.8778849,-155.4360052988988
119002141.81116533,-150.37210486968004
119035475.74444577,-157.2507649495567
119068809.67772621,-185.0096011309791
119102143.61100665,-190.50372853997632
119135477.54428709,-184.07043923261472
119168811.47756752,-191.3542014612907
119202145.41084796,-183.87441747036075
119235479.3441284,-177.78983368095876
119268813.27740884,-181.04903125825356
119302147.21068928,-184.72221404516276
119335481.14396971,-183.23606355491464
119368815.07725015,-182.75898574404698
119402149.01053059,-181.32656736545997
119435482.94381103,-177.73371712609605
119468816.87709147,-178.07306748556624
119502150.8103719,-184.5208099928023
119535484.74365234,-196.5939896952736
119568818.67693278,-184.5132796527455
119602152.61021322,-185.5507896640347
119635486.54349366,-184.48331257018526
119668820.4767741,-183.39230632624793
119702154.41005453,-195.58776942098675
119735488.34333497,-180.9063047579686
119768822.27661541,-182.2203381517878
119802156.20989585,-199.5543776766276
119835490.14317629,-181.60907372306727
119868824.07645673,-183.6960978692777
119902158.00973716,-185.7272179728929
119935491.94301762,-188.33990757343878
119968825.87629806,-156.1639114383391
120002159.8095785,-150.68257845276065
120035493.74285893,-157.13377990304832
120068827.67613937,-184.2992118515794
120102161.60941981,-186.1393242651232
120135495.54270025,-185.80710102492714
120168829.47598068,-183.36830260609563
120202163.40926112,-183.33738461022324
120235497.34254156,-188.13210729683658
120268831.275822,-197.71774104499377
120302165.20910244,-200.415677838248
120335499.14238288,-180.74370105451436
120368833.07566331,-177.2951846910624
120402167.00894375,-182.94118676107297
120435500.94222419,-188.155525009479
120468834.87550463,-185.13928419540318
120502168.80878507,-184.75353993756994
120535502.7420655,-188.86980694409712
120568836.67534594,-180.4508224701563
120602170.60862638,-177.1110555822833
120635504.54190682,-177.40076804805875
120668838.47518726,-176.0699539896384
120702172.4084677,-180.21432842991442
120735506.34174813,-188.22642435836934
120768840.27502857,-186.36612497761092
120802174.20830901,-189.3338848973538
120835508.14158945,-185.08038696673705
120868842.07486989,-184.59841639843478
120902176.00815032,-197.95703963044954
120935509.94143076,-181.50122501763428
120968843.8747112,-155.768788811083
121002177.80799164,-150.67401187543015
121035511.74127208,-156.92281942571418
121068845.67455252,-179.6305982522691
121102179.60783295,-186.89343515878778
121135513.54111339,-184.65387715356349
121168847.47439383,-189.71939449604184
121202181.40767427,-188.4850748929801
121235515.3409547,-182.0907235070053
121268849.27423514,-180.11598686239392
121302183.20751558,-188.21270435605845
121335517.14079602,-183.53854778698886
121368851.07407646,-184.50677837919838
121402185.0073569,-190.9967848216823
121435518.94063734,-183.6717148717905
121468852.87391777,-184.71702541483612
121502186.80719821,-181.51742279836014
121535520.74047865,-178.76402251908462
121568854.67375909,-184.97492721215195
121602188.60703953,-178.73483448351848
121635522.54031996,-184.3486184946736
121668856.47360042,-197.00550331096835
121702190.40688086,-188.2832604438335
121735524.3401613,-203.72473726255893
121768858.27344173,-183.62276939977522
121802192.20672217,-187.05638323966087
121835526.14000261,-194.25399479818225
121868860.07328305,-185.65647893752626
121902194.00656348,-189.45682196135036
121935527.93984392,-178.9123168577483
121968861.87312436,-155.62496050463042
122002195.8064048,-150.8079471452981
122035529.73968524,-157.14339451328692
122068863.67296568,-175.671926656474
122102197.60624611,-178.9541756698282
122135531.53952655,-182.9129773329248
122168865.47280699,-190.26915347166636
122202199.40608743,-179.75616453736126
122235533.33936787,-179.47094650778268
122268867.2726483,-179.2335539410865
122302201.20592874,-177.4924114345992
122335535.13920918,-179.40682756086915
122368869.07248962,-187.4743655711457
122402203.00577006,-192.01340118219417
122435536.9390505,-183.54513422740035
122468870.87233093,-183.23818247170865
122502204.80561137,-183.6330608205841
122535538.73889181,-187.3386548376041
122568872.67217225,-183.98759401517648
122602206.60545269,-194.57268726805043
122635540.53873312,-184.7958280707134
122668874.47201356,-180.00287557776304
122702208.405294,-189.76201317502787
122735542.33857444,-188.65962914074518
122768876.27185488,-189.41584294251513
122802210.20513532,-179.35121460798084
122835544.13841575,-180.29362450844764
122868878.07169619,-198.7377278180799
122902212.00497663,-180.33728725754256
122935545.93825707,-172.3617834400594
122968879.8715375,-155.9553694494585
123002213.80481794,-150.99413449450427
123035547.73809838,-157.2142237408836
123068881.67137882,-189.57394025577585
123102215.60465926,-190.60236971620412
123135549.5379397,-182.68736940657305
123168883.47122014,-186.4039033859616
123202217.40450057,-181.9961421219121
123235551.33778101,-178.89305999082208
123268885.27106145,-182.91285661980484
123302219.20434189,-185.53567513456247
123335553.13762233,-182.19272962333238
123368887.07090276,-180.0999108327133
123402221.0041832,-177.13747081249184
123435554.93746366,-177.2321513445384
123468888.8707441,-182.37545866833665
123502222.80402453,-194.09738304858246
123535556.73730497,-184.05286625113416
123568890.67058541,-185.01693827622114
123602224.60386585,-194.6586676072286
123635558.53714629,-186.40250319531273
123668892.47042672,-181.24347918653652
123702226.40370716,-184.0557000484282
123735560.3369876,-182.0725185700702
123768894.27026804,-187.8260327508794
123802228.20354848,-187.4353282395273
123835562.13682891,-183.64584476679542
123868896.07010935,-190.43470432909643
123902230.00338979,-180.76952417559806
123935563.93667023,-184.8811918308236
123968897.86995067,-156.2456167642465
124002231.8032311,-150.7844200839163
124035565.73651154,-156.87588919023125
124068899.66979198,-186.69568956636087
124102233.60307242,-190.44563178546983
124135567.53635286,-181.51835798289227
124168901.4696333,-181.45823379097516
124202235.40291373,-177.22678003397905
124235569.33619417,-179.90308112467966
124268903.26947461,-185.66519746161003
124302237.20275505,-184.3083984872357
124335571.13603549,-184.4684022854358
124368905.06931593,-182.77944245252385
124402239.00259636,-182.03797205676548
124435572.9358768,-193.12625991870192
124468906.86915724,-188.1508351990803
124502240.80243768,-193.71758045609192
124535574.73571812,-189.85924978572186
124568908.66899855,-190.85392632726104
124602242.60227899,-186.44819991362553
124635576.53555943,-180.9351246650239
124668910.46883987,-185.0042959420099
124702244.4021203,-192.56485275328887
124735578.33540075,-189.60030522703414
124768912.26868118,-190.13404846102253
124802246.20196162,-183.72808281962034
124835580.13524206,-183.7814697308859
124868914.0685225,-183.81612693791024
124902248.00180294,-179.89169012945945
124935581.93508337,-199.2683344094583
124968915.86836381,-156.57720505086277
125002249.80164425,-151.17101915260466
125035583.73492469,-157.46254849804356
125068917.66820513,-185.54231923765644
125102251.60148557,-185.35759460770117
125135585.534766,-182.73949791605975
125168919.46804646,-194.2250607685171
125202253.4013269,-184.21104509095835
125235587.33460733,-183.51663244995984
125268921.26788777,-182.42936931986242
125302255.20116821,-181.67485642016896
125335589.13444865,-182.10443809630533
125368923.06772909,-180.35501069162692
125402257.00100952,-183.81268334629232
125435590.93428996,-196.9782253972739
125468924.8675704,-185.7762661929915
125502258.80085084,-186.0573599831629
125535592.73413128,-195.11532741005902
125568926.66741171,-200.90255592847595
125602260.60069215,-184.9033020016822
125635594.53397259,-183.15035624740864
125668928.46725303,-190.4543785895677
125702262.40053347,-190.06690288912765
125735596.3338139,-184.7102122476166
125768930.26709434,-185.65549796490484
125802264.20037478,-193.06029100540897
125835598.13365522,-190.22413132540916
125868932.06693566,-201.30983979310002
125902266.0002161,-179.69675641793782
125935599.93349653,-187.1822059370606
125968933.86677697,-156.90751565227845
126002267.80005741,-151.231587814497
126035601.73333785,-157.23365241103468
126068935.66661829,-184.41089488320665
126102269.59989873,-195.9877449614413
126135603.53317916,-183.14299747251667
126168937.4664596,-187.49380401892267
126202271.39974004,-203.430737854591
126235605.33302048,-191.58740378694733
126268939.26630092,-183.26362533812156
126302273.19958135,-182.09360818204595
126335607.1328618,-183.05706876941036
126368941.06614223,-180.03943867940208
126402274.99942267,-181.11695617008525
126435608.93270311,-185.66213869798702
126468942.86598355,-187.02009863524785
126502276.79926398,-196.493380657719
126535610.73254442,-185.1452067994981
126568944.66582486,-189.32206751919995
126602278.5991053,-193.01063199950232
126635612.53238574,-185.5339729650456
126668946.46566617,-188.5387608846694
126702280.39894661,-187.4253699561957
126735614.33222705,-185.19910846802708
126768948.26550749,-187.66615906873298
126802282.19878793,-201.67079577914703
126835616.13206837,-191.47079900715173
126868950.0653488,-185.72120650472013
126902283.99862924,-184.89773854617243
126935617.9319097,-184.77821582856654
126968951.86519013,-156.95782155752536
127002285.79847057,-151.43160518376607
127035619.73175101,-157.47105725949802
127068953.66503145,-190.4313713508752
127102287.59831189,-182.4068251286511
127135621.53159232,-186.72932711525849
127168955.46487276,-201.93333314552683
127202289.3981532,-186.79225015815533
127235623.33143364,-191.11206263994023
127268957.26471408,-196.8260738275261
127302291.19799452,-185.2635850399647
127335625.13127495,-187.11403495713927
127368959.06455539,-187.2751809574395
127402292.99783583,-185.85556762298972
127435626.93111627,-189.99590224987503
127468960.8643967,-189.60749810455408
127502294.79767714,-187.60416549147698
