edge_number,actual_edge_time_s,ideal_edge_time_s,tie_s,tie_ps
0,0.00012000357031067173,0.00012000349618447141,7.412620031571855e-11,74.12620031571855
1,0.00012000749795730272,0.00012000741768251812,8.027478458873663e-11,80.27478458873664
2,0.00012001142028905361,0.00012001133918056483,8.110848877461074e-11,81.10848877461073
3,0.00012001534140683254,0.00012001526067861153,8.072822100367129e-11,80.7282210036713
4,0.000120019261973067,0.00012001918217665824,7.979640874556674e-11,79.79640874556674
5,0.0001200231827403285,0.00012002310367470496,7.906562353511799e-11,79.065623535118
6,0.00012002710351455471,0.00012002702517275167,7.834180303613739e-11,78.34180303613739
7,0.00012003102430671483,0.00012003094667079837,7.763591646081713e-11,77.63591646081713
8,0.00012003494511696559,0.00012003486816884508,7.694812050347621e-11,76.94812050347622
9,0.0001200388659423502,0.00012003878966689179,7.627545840926499e-11,76.27545840926498
10,0.00012004278677670692,0.0001200427111649385,7.561176841329173e-11,75.61176841329173
11,0.00012004670761873891,0.0001200466326629852,7.495575370133793e-11,74.95575370133793
12,0.0001200506284688614,0.00012005055416103191,7.430782948217807e-11,74.30782948217808
13,0.00012005454932390325,0.00012005447565907863,7.366482461353543e-11,73.66482461353543
14,0.00012005847018920334,0.00012005839715712534,7.30320779915104e-11,73.0320779915104
15,0.0001200623910939462,0.00012006231865517205,7.243877414307689e-11,72.43877414307688
16,0.00012006631201352404,0.00012006624015321875,7.18603052838917e-11,71.86030528389169
17,0.00012007023293356372,0.00012007016165126546,7.12822982541744e-11,71.28229825417439
18,0.00012007415385173683,0.00012007408314931217,7.070242464844442e-11,70.70242464844442
19,0.00012007807476988848,0.00012007800464735888,7.012252958906396e-11,70.12252958906396
20,0.00012008199570023598,0.00012008192614540558,6.955483039466114e-11,69.55483039466114
21,0.0001200859166331783,0.0001200858476434523,6.898972599421267e-11,68.98972599421266
22,0.00012008983756848063,0.00012008976914149901,6.842698161729063e-11,68.42698161729062
23,0.00012009375850731486,0.00012009369063954572,6.786776913736568e-11,67.86776913736567
24,0.00012009767944689543,0.00012009761213759242,6.730930300866374e-11,67.30930300866373
25,0.00012010160040139629,0.00012010153363563913,6.676575715526351e-11,66.76575715526351
26,0.00012010552138490495,0.00012010545513368584,6.625121910388308e-11,66.25121910388309
27,0.00012010944238462675,0.00012010937663173255,6.575289418468495e-11,65.75289418468495
28,0.00012011336337365367,0.00012011329812977925,6.524387441065434e-11,65.24387441065434
29,0.00012011728437291727,0.00012011721962782596,6.474509129406559e-11,64.74509129406559
30,0.00012012120536942761,0.00012012114112587268,6.424355492737497e-11,64.24355492737497
31,0.00012012512637017395,0.00012012506262391939,6.374625455212478e-11,63.74625455212478
32,0.00012012904737152948,0.0001201289841219661,6.324956337652278e-11,63.24956337652278
33,0.0001201329683744483,0.0001201329056200128,6.275443549848076e-11,62.75443549848076
34,0.00012013688936841044,0.00012013682711805951,6.225035091787162e-11,62.25035091787162
35,0.00012014081040057706,0.00012014074861610622,6.178447083000028e-11,61.78447083000028
36,0.00012014473144767357,0.00012014467011415294,6.13335206261724e-11,61.3335206261724
37,0.00012014865250877854,0.00012014859161219963,6.08965788971717e-11,60.89657889717171
38,0.00012015257355990096,0.00012015251311024635,6.044965460706081e-11,60.44965460706081
39,0.00012015649461359083,0.00012015643460829306,6.000529776190447e-11,60.00529776190447
40,0.00012016041566983619,0.00012016035610633977,5.956349640837373e-11,59.56349640837373
41,0.0001201643367294157,0.00012016427760438647,5.912502922046888e-11,59.125029220468875
42,0.00012016825778880038,0.00012016819910243318,5.86863671878811e-11,58.686367187881096
43,0.00012017217884434482,0.0001201721206004799,5.82438649247509e-11,58.2438649247509
44,0.00012017609989817968,0.0001201760420985266,5.7799653064530075e-11,57.79965306453008
45,0.00012018002098902685,0.00012017996359657332,5.739245352189071e-11,57.39245352189071
46,0.00012018394211173884,0.00012018388509462002,5.701711881662596e-11,57.01711881662596
47,0.00012018786321787032,0.00012018780659266673,5.6625203583720245e-11,56.62520358372024
48,0.00012019178431820793,0.00012019172809071344,5.6227494482824985e-11,56.22749448282499
49,0.0001201957054247168,0.00012019564958876015,5.5835956647142984e-11,55.835956647142986
50,0.00012019962652860321,0.00012019957108680685,5.5441796356798703e-11,55.441796356798704
51,0.00012020354763578328,0.00012020349258485356,5.505092971002411e-11,55.05092971002411
52,0.00012020746874525704,0.00012020741408290028,5.466235676070804e-11,54.66235676070804
53,0.00012021138984870244,0.00012021133558094699,5.426775544402505e-11,54.26775544402505
54,0.0001202153109789789,0.00012021525707899369,5.3899985203765204e-11,53.899985203765205
55,0.00012021923214169348,0.0001202191785770404,5.356465307277868e-11,53.56465307277868
56,0.00012022315330006602,0.00012022310007508711,5.322497890182674e-11,53.22497890182674
57,0.00012022707444452684,0.00012022702157313382,5.287139300753898e-11,52.87139300753898
58,0.00012023099559618116,0.00012023094307118053,5.252500061848281e-11,52.52500061848281
59,0.00012023491674596256,0.00012023486456922723,5.217673532438378e-11,52.17673532438378
60,0.00012023883789775225,0.00012023878606727395,5.1830478297968844e-11,51.830478297968845
61,0.00012024275904640196,0.00012024270756532066,5.1481081300089646e-11,51.48108130008965
62,0.00012024668019527586,0.00012024662906336737,5.1131908488114664e-11,51.13190848811466
63,0.00012025060138517894,0.00012025055056141407,5.082376486790251e-11,50.823764867902504
64,0.00012025452259190922,0.00012025447205946078,5.053244843132556e-11,50.53244843132556
65,0.00012025844378442062,0.00012025839355750749,5.022691311693733e-11,50.22691311693733
66,0.0001202623649705968,0.0001202623150555542,4.991504259241484e-11,49.91504259241484
67,0.00012026628616400027,0.0001202662365536009,4.9610399359574134e-11,49.61039935957413
68,0.00012027020735405382,0.00012027015805164761,4.9302406199518465e-11,49.302406199518465
69,0.00012027412854102507,0.00012027407954969433,4.899133073400158e-11,48.99133073400158
70,0.00012027804972449006,0.00012027800104774104,4.867674901286899e-11,48.67674901286899
71,0.00012028197093929593,0.00012028192254578775,4.8393508174858637e-11,48.39350817485864
72,0.00012028589218154489,0.00012028584404383445,4.8137710431845275e-11,48.13771043184528
73,0.00012028981341538073,0.00012028976554188116,4.78734995645765e-11,47.8734995645765
74,0.00012029373464514255,0.00012029368703992787,4.760521467211933e-11,47.60521467211933
75,0.0001202976558790474,0.00012029760853797459,4.734107281431883e-11,47.341072814318835
76,0.00012030157711029277,0.00012030153003602128,4.707427147635186e-11,47.07427147635186
77,0.00012030549833402415,0.000120305451534068,4.6799956142991116e-11,46.799956142991114
78,0.00012030941955480673,0.00012030937303211471,4.652269201011417e-11,46.52269201011417
79,0.0001203133408089448,0.00012031329453016142,4.627878337062627e-11,46.27878337062627
80,0.0001203172620774004,0.00012031721602820812,4.6049192271347343e-11,46.049192271347344
81,0.0001203211833556961,0.00012032113752625483,4.5829441255460624e-11,45.82944125546062
82,0.00012032510461381668,0.00012032505902430154,4.558951513449775e-11,45.58951513449775
83,0.00012032902587997104,0.00012032898052234826,4.535762277545014e-11,45.35762277545014
84,0.00012033294714253108,0.00012033290202039495,4.512213612357042e-11,45.12213612357042
85,0.00012033686840129978,0.00012033682351844167,4.48828581115612e-11,44.882858111561205
86,0.00012034078965482684,0.00012034074501648838,4.463833845638647e-11,44.63833845638647
87,0.00012034471093800512,0.00012034466651453509,4.4423470023010795e-11,44.42347002301079
88,0.00012034863225780866,0.0001203485880125818,4.4245226847041e-11,44.245226847040996
89,0.00012035255355339894,0.0001203525095106285,4.404277042789857e-11,44.042770427898574
90,0.00012035647485249161,0.00012035643100867521,4.384381638834909e-11,43.84381638834909
91,0.00012036039614589096,0.00012036035250672193,4.363916902700903e-11,43.63916902700903
92,0.00012036431743887621,0.00012036427400476864,4.343410756820172e-11,43.434107568201725
93,0.00012036823872274438,0.00012036819550281534,4.321992903977345e-11,43.219929039773454
94,0.00012037216001747042,0.00012037211700086205,4.301660836242176e-11,43.016608362421756
95,0.00012037608135282353,0.00012037603849890876,4.285391475979964e-11,42.85391475979964
96,0.00012038000270324625,0.00012037995999695547,4.270629076777597e-11,42.70629076777597
97,0.00012038392402678334,0.00012038388149500217,4.253178116395987e-11,42.53178116395987
98,0.00012038784535896988,0.00012038780299304888,4.2365920986262684e-11,42.36592098626269
99,0.00012039176668046299,0.0001203917244910956,4.218936739030091e-11,42.18936739030091
100,0.00012039568800742425,0.00012039564598914231,4.201828194089101e-11,42.01828194089101
101,0.00012039960932297792,0.00012039956748718902,4.183578889569298e-11,41.83578889569298
102,0.00012040353065783685,0.00012040348898523572,4.167260112727317e-11,41.67260112727317
103,0.00012040745202248874,0.00012040741048328243,4.153920629942889e-11,41.53920629942888
104,0.00012041137339514478,0.00012041133198132914,4.141381563478056e-11,41.41381563478056
105,0.00012041529474191788,0.00012041525347937585,4.12625420149564e-11,41.262542014956395
106,0.00012041921611173261,0.00012041917497742255,4.1134310049437274e-11,41.134310049437275
107,0.00012042313746486605,0.00012042309647546926,4.098939677968525e-11,40.98939677968525
108,0.00012042705881675353,0.00012042701797351598,4.084323754479661e-11,40.84323754479661
109,0.00012043098016199396,0.00012043093947156269,4.0690431269676364e-11,40.69043126967637
110,0.00012043490155504718,0.00012043486096960939,4.058543778181417e-11,40.58543778181417
111,0.00012043882295646243,0.0001204387824676561,4.048880632518002e-11,40.488806325180015
112,0.00012044274433871177,0.00012044270396570281,4.0373008952404387e-11,40.37300895240438
113,0.00012044666572155682,0.00012044662546374952,4.025780729451243e-11,40.257807294512425
114,0.00012045058710164536,0.00012045054696179624,4.013984912035956e-11,40.139849120359564
115,0.0001204545084762665,0.00012045446845984293,4.001642355859634e-11,40.01642355859634
116,0.00012045842984266029,0.00012045838995788965,3.988477063706743e-11,39.884770637067426
117,0.00012046235124949717,0.00012046231145593636,3.979356080115942e-11,39.79356080115942
118,0.00012046627268572998,0.00012046623295398307,3.9731746898096436e-11,39.73174689809644
119,0.00012047019409615701,0.00012047015445202977,3.964412723505229e-11,39.644127235052295
120,0.00012047411549426479,0.00012047407595007648,3.9544188297718226e-11,39.54418829771823
121,0.00012047803692114868,0.0001204779974481232,3.9473025481952223e-11,39.47302548195222
122,0.00012048195832266372,0.0001204819189461699,3.937649381257552e-11,39.37649381257552
123,0.00012048587971047844,0.0001204858404442166,3.926626182573411e-11,39.26626182573411
124,0.00012048980115554347,0.00012048976194226332,3.9213280145276315e-11,39.213280145276315
125,0.000120493722619088,0.00012049368344031003,3.917877795901207e-11,39.178777959012066
126,0.00012049764406127211,0.00012049760493835674,3.91229153636466e-11,39.1229153636466
127,0.00012050156550208539,0.00012050152643640345,3.9065681930159295e-11,39.06568193015929
128,0.00012050548688310108,0.00012050544793445015,3.8948650925046756e-11,38.948650925046756
129,0.0001205094082586676,0.00012050936943249686,3.882617073336783e-11,38.82617073336783
130,0.00012051332967961364,0.00012051329093054358,3.874907005401125e-11,38.74907005401125
131,0.00012051725114895973,0.00012051721242859029,3.8720369433571975e-11,38.720369433571975
132,0.00012052117263254185,0.00012052113392663699,3.8705904861995884e-11,38.70590486199588
133,0.00012052509409115719,0.0001205250554246837,3.8666473486079704e-11,38.6664734860797
134,0.0001205290155479037,0.00012052897692273041,3.862517328443134e-11,38.62517328443134
135,0.00012053293700725146,0.00012053289842077712,3.8586474327740254e-11,38.586474327740255
136,0.00012053685845196454,0.00012053681991882382,3.853314071525727e-11,38.53314071525727
137,0.00012054077988889741,0.00012054074141687053,3.847202686798453e-11,38.47202686798453
138,0.00012054470137561783,0.00012054466291491724,3.846070057380681e-11,38.46070057380681
139,0.00012054862288228209,0.00012054858441296396,3.846931812438185e-11,38.46931812438185
140,0.00012055254436501054,0.00012055250591101066,3.8453999879120196e-11,38.4539998791202
141,0.00012055646583886553,0.00012055642740905737,3.842980815736069e-11,38.42980815736069
142,0.00012056038731839089,0.00012056034890710408,3.8411286799410756e-11,38.41128679941075
143,0.00012056430877561839,0.00012056427040515079,3.8370467590503686e-11,38.37046759050369
144,0.00012056823024461207,0.0001205681919031975,3.834141456370077e-11,38.34141456370077
145,0.00012057215177046982,0.0001205721134012442,3.836922560981005e-11,38.36922560981005
146,0.00012057607327784792,0.00012057603489929091,3.8378556999095454e-11,38.37855699909545
147,0.00012057999479352688,0.00012057995639733763,3.8396189243501314e-11,38.39618924350131
148,0.00012058391629840248,0.00012058387789538434,3.8403018131542295e-11,38.4030181315423
149,0.00012058783778202593,0.00012058779939343104,3.8388594881621503e-11,38.3885948816215
150,0.00012059175927733145,0.00012059172089147775,3.838585369326881e-11,38.38585369326881
151,0.00012059568077170991,0.00012059564238952446,3.8382185444296e-11,38.382185444296
152,0.00012059960230723667,0.00012059956388757117,3.841966548669467e-11,38.41966548669467
153,0.00012060352384221799,0.00012060348538561787,3.845660010763794e-11,38.45660010763794
154,0.0001206074453625409,0.00012060740688366458,3.847887631520921e-11,38.478876315209206
155,0.00012061136687950707,0.0001206113283817113,3.8497795765091825e-11,38.49779576509182
156,0.00012061528838197052,0.00012061524987975801,3.8502212506586933e-11,38.502212506586936
157,0.00012061920988182826,0.00012061917137780472,3.85040235307908e-11,38.504023530790796
158,0.00012062313143366492,0.00012062309287585142,3.855781349752071e-11,38.55781349752071
159,0.00012062705299666654,0.00012062701437389813,3.862276840204002e-11,38.62276840204002
160,0.00012063097453592168,0.00012063093587194484,3.8663976825974486e-11,38.66397682597449
161,0.00012063489607844376,0.00012063485736999156,3.870845219500014e-11,38.70845219500014
162,0.00012063881761256948,0.00012063877886803825,3.874453121779899e-11,38.74453121779899
163,0.00012064273914134871,0.00012064270036608497,3.8775263741529724e-11,38.77526374152973
164,0.00012064666067810026,0.00012064662186413168,3.8813968580017594e-11,38.813968580017594
165,0.00012065058226175908,0.00012065054336217839,3.8899580680109056e-11,38.899580680109054
166,0.00012065450383179782,0.00012065446486022509,3.897157272080163e-11,38.97157272080163
167,0.00012065842538912244,0.0001206583863582718,3.903085063432559e-11,39.03085063432559
168,0.00012066234694535391,0.00012066230785631851,3.908903538745662e-11,39.08903538745662
169,0.00012066626849284078,0.00012066622935436523,3.913847554862304e-11,39.13847554862304
170,0.0001206701900282905,0.00012067015085241194,3.9175878558457354e-11,39.175878558457356
171,0.00012067411162259157,0.00012067407235045864,3.927213292957592e-11,39.27213292957592
172,0.00012067803322144446,0.00012067799384850535,3.937293910667523e-11,39.372939106675226
173,0.00012068195479618967,0.00012068191534655206,3.9449637601235925e-11,39.44963760123593
174,0.00012068587637412937,0.00012068583684459877,3.9529530589077634e-11,39.52953058907764
175,0.00012068979794121103,0.00012068975834264547,3.959856554965992e-11,39.59856554965992
176,0.00012069371949922759,0.00012069367984069218,3.965853540101036e-11,39.65853540101036
177,0.00012069764108408454,0.0001206976013387389,3.974534563937011e-11,39.74534563937011
178,0.0001207015627071359,0.00012070152283678561,3.9870350287387446e-11,39.870350287387446
179,0.00012070548430497768,0.0001207054443348323,3.997014536464575e-11,39.97014536464575
180,0.00012070940589925128,0.00012070936583287902,4.006637225123924e-11,40.066372251239244
181,0.00012071332748655118,0.00012071328733092573,4.015562544103909e-11,40.155625441039085
182,0.00012071724906477453,0.00012071720882897244,4.0235802083274174e-11,40.23580208327417
183,0.00012072117065230038,0.00012072113032701915,4.0325281220806767e-11,40.325281220806765
184,0.00012072509228877293,0.00012072505182506585,4.046370707199203e-11,40.46370707199203
185,0.0001207290139103732,0.00012072897332311256,4.058726062382172e-11,40.58726062382172
186,0.00012073293551952567,0.00012073289482115928,4.069836638274646e-11,40.69836638274646
187,0.00012073685712577672,0.00012073681631920599,4.080657072178994e-11,40.80657072178994
188,0.0001207407787224051,0.00012074073781725269,4.090515240063438e-11,40.90515240063438
189,0.00012074470031573412,0.0001207446593152994,4.1000434716742675e-11,41.000434716742674
190,0.00012074862196522576,0.00012074858081334611,4.115187964051009e-11,41.15187964051009
191,0.00012075254360855529,0.00012075250231139282,4.1297162460572606e-11,41.29716246057261
192,0.00012075646523309954,0.00012075642380943952,4.1423660014323877e-11,41.42366001432388
193,0.00012076038685722684,0.00012076034530748623,4.1549740597472136e-11,41.54974059747214
194,0.00012076430847073672,0.00012076426680553295,4.16652037649281e-11,41.6652037649281
195,0.00012076823007261777,0.00012076818830357966,4.176903810514263e-11,41.769038105142634
196,0.0001207721517349459,0.00012077210980162636,4.193331953539888e-11,41.93331953539888
197,0.00012077607339786749,0.00012077603129967307,4.209819441726677e-11,42.09819441726677
198,0.00012077999503780658,0.00012077995279771978,4.224008678805812e-11,42.24008678805812
199,0.0001207839166640181,0.00012078387429576649,4.2368251600805186e-11,42.36825160080519
200,0.00012078783830971393,0.0001207877957938132,4.2515900719214205e-11,42.5159007192142
201,0.00012079175992352389,0.0001207917172918599,4.2631663980278983e-11,42.63166398027899
202,0.00012079568159171725,0.00012079563878990662,4.2801810632580255e-11,42.801810632580256
203,0.0001207996032793452,0.00012079956028795333,4.2991391866321345e-11,42.991391866321344
204,0.00012080352494406526,0.00012080348178600004,4.3158065209200424e-11,43.15806520920042
205,0.00012080744659910711,0.00012080740328404674,4.33150603671767e-11,43.3150603671767
206,0.00012081136824300043,0.00012081132478209345,4.346090697236891e-11,43.46090697236891
207,0.00012081528987184863,0.00012081524628014016,4.359170845637924e-11,43.59170845637924
208,0.00012081921156048224,0.00012081916777818687,4.3782295355397946e-11,43.78229535539795
209,0.00012082313325412394,0.00012082308927623357,4.3977890360434216e-11,43.977890360434216
210,0.00012082705492054027,0.00012082701077428029,4.414625997826973e-11,44.14625997826973
211,0.00012083097659072938,0.000120830932272327,4.4318402375720004e-11,44.318402375720005
212,0.00012083489824698922,0.00012083485377037371,4.44766154993118e-11,44.4766154993118
213,0.00012083881989539146,0.00012083877526842042,4.462697103028883e-11,44.62697103028883
214,0.00012084274159643119,0.00012084269676646712,4.4829964061744e-11,44.829964061744
215,0.00012084666330085873,0.00012084661826451383,4.503634488617501e-11,45.03634488617501
216,0.00012085058498511541,0.00012085053976256054,4.522255486102339e-11,45.22255486102339
217,0.00012085450666647702,0.00012085446126060726,4.540586975857322e-11,45.40586975857322
218,0.00012085842834676104,0.00012085838275865396,4.5588107081136344e-11,45.58810708113634
219,0.00012086235000376773,0.00012086230425670067,4.5747067057394654e-11,45.74706705739465
220,0.0001208662717234221,0.00012086622575474738,4.5968674715291647e-11,45.96867471529165
221,0.00012087019344324066,0.00012087014725279409,4.6190446562055135e-11,46.190446562055136
222,0.00012087411513477968,0.00012087406875084079,4.6383938878950614e-11,46.383938878950616
223,0.0001208780368313766,0.0001208779902488875,4.658248909384843e-11,46.58248909384843
224,0.00012088195851202245,0.00012088191174693421,4.6765088228229036e-11,46.76508822822904
225,0.00012088588018909707,0.00012088583324498093,4.694411613617875e-11,46.94411613617875
226,0.00012088980192854667,0.00012088975474302764,4.718551902181571e-11,47.185519021815715
227,0.0001208937236557311,0.00012089367624107434,4.741465676195621e-11,47.414656761956216
228,0.0001208976453662173,0.00012089759773912105,4.762709624365234e-11,47.62709624365234
229,0.00012090156707573537,0.00012090151923716776,4.783856760057108e-11,47.838567600571075
230,0.00012090548875876697,0.00012090544073521447,4.802355249472719e-11,48.023552494727184
231,0.00012090941047458282,0.00012090936223326117,4.824132164325271e-11,48.24132164325271
232,0.00012091333222537124,0.00012091328373130788,4.849406334560249e-11,48.49406334560249
233,0.00012091725395608306,0.0001209172052293546,4.872672845619601e-11,48.72672845619601
234,0.00012092117568840206,0.00012092112672740131,4.896100074743244e-11,48.96100074743244
235,0.00012092509740424377,0.000120925048225448,4.917879575417978e-11,49.17879575417978
236,0.00012092901910723184,0.00012092896972349472,4.938373711049143e-11,49.38373711049143
237,0.00012093294081368903,0.00012093289122154143,4.959214758849439e-11,49.59214758849439
238,0.00012093686259116909,0.00012093681271958814,4.9871580938867934e-11,49.871580938867936
239,0.00012094078432989844,0.00012094073421763486,5.0112263575449186e-11,50.112263575449184
240,0.00012094470606658358,0.00012094465571568155,5.035090201659685e-11,50.350902016596855
241,0.00012094862778927884,0.00012094857721372827,5.057555056343207e-11,50.57555056343207
242,0.00012095254950050038,0.00012095249871177498,5.078872539169916e-11,50.78872539169916
243,0.00012095647124609506,0.00012095642020982169,5.1036273359066915e-11,51.03627335906692
244,0.00012096039302275679,0.00012096034170786839,5.131488839429825e-11,51.31488839429825
245,0.00012096431476265193,0.0001209642632059151,5.155673681926547e-11,51.55673681926547
246,0.0001209682365170253,0.00012096818470396181,5.181306347675615e-11,51.81306347675615
247,0.00012097215824999149,0.00012097210620200852,5.204798295537439e-11,52.047982955374394
248,0.0001209760799593559,0.00012097602770005522,5.225930066729276e-11,52.259300667292756
249,0.0001209800017454727,0.00012097994919810194,5.2547370758619795e-11,52.54737075861979
250,0.00012098392352554586,0.00012098387069614865,5.28293972088818e-11,52.8293972088818
251,0.00012098784528538219,0.00012098779219419536,5.309118682230646e-11,53.091186822306454
252,0.00012099176704007923,0.00012099171369224206,5.3347837168355735e-11,53.34783716835573
253,0.00012099568878242921,0.00012099563519028877,5.3592140430329366e-11,53.592140430329366
254,0.00012099961052467771,0.00012099955668833548,5.383634222453218e-11,53.83634222453218
255,0.00012100353650801237,0.0001210034781863822,5.832163016582911e-11,58.321630165829106
256,0.00012100746414891216,0.0001210073996844289,6.446448325129574e-11,64.46448325129573
257,0.00012101138653609699,0.0001210113211824756,6.535362137965389e-11,65.35362137965389
258,0.00012101530766130344,0.00012101524268052232,6.498078111187991e-11,64.9807811118799
259,0.00012101922823082908,0.00012101916417856903,6.405226004433763e-11,64.05226004433763
260,0.00012102314901251623,0.00012102308567661574,6.333590048260698e-11,63.33590048260698
261,0.00012102706980381909,0.00012102700717466244,6.262915664218147e-11,62.62915664218147
262,0.00012103099063113163,0.00012103092867270915,6.195842247627336e-11,61.95842247627336
263,0.00012103491148723583,0.00012103485017075586,6.131647996312943e-11,61.31647996312943
264,0.00012103883236320877,0.00012103877166880258,6.069440618663276e-11,60.69440618663276
265,0.00012104275324303949,0.00012104269316684927,6.007619020475371e-11,60.07619020475371
266,0.00012104667412521772,0.00012104661466489599,5.946032172386599e-11,59.460321723865995
267,0.00012105059501459279,0.0001210505361629427,5.885165008213154e-11,58.85165008213154
268,0.00012105451591540753,0.00012105445766098941,5.8254418115017e-11,58.254418115017
269,0.00012105843682092445,0.00012105837915903612,5.766188831917201e-11,57.66188831917201
270,0.00012106235773077755,0.00012106230065708282,5.7073694722153235e-11,57.073694722153235
271,0.00012106627864618288,0.00012106622215512953,5.6491053338012285e-11,56.491053338012286
272,0.00012107019956273518,0.00012107014365317625,5.590955893134961e-11,55.90955893134961
273,0.00012107412049984829,0.00012107406515122296,5.534862532113342e-11,55.34862532113342
274,0.00012107804147534664,0.00012107798664926966,5.482607698081476e-11,54.826076980814754
275,0.000121081962449223,0.00012108190814731637,5.430190661983595e-11,54.301906619835954
276,0.00012108588342405587,0.00012108582964536308,5.377869278267129e-11,53.77869278267129
277,0.00012108980439453861,0.00012108975114340979,5.32511288146825e-11,53.251128814682495
278,0.00012109372537300549,0.00012109367264145649,5.273154899280705e-11,52.73154899280705
279,0.00012109764635615913,0.0001210975941395032,5.221665591942524e-11,52.216655919425236
280,0.0001211015673403798,0.00012110151563754992,5.170282987716401e-11,51.70282987716401
281,0.00012110548832688529,0.00012110543713559663,5.119128865545602e-11,51.19128865545602
282,0.00012110940931471917,0.00012110935863364334,5.068107582535481e-11,50.68107582535481
283,0.0001211133303122005,0.00012111328013169004,5.0180510456577343e-11,50.180510456577345
284,0.00012111725134124396,0.00012111720162973675,4.971150720237541e-11,49.71150720237541
285,0.00012112117238501468,0.00012112112312778346,4.9257231208383434e-11,49.25723120838344
286,0.00012112509343287566,0.00012112504462583017,4.880704547550738e-11,48.80704547550738
287,0.00012112901446593532,0.00012112896612387687,4.834205844496551e-11,48.34205844496551
288,0.00012113293550531054,0.00012113288762192359,4.788338694628848e-11,47.883386946288475
289,0.00012113685655150166,0.0001211368091199703,4.7431531352331413e-11,47.43153135233141
290,0.00012114077759487946,0.00012114073061801701,4.697686244347213e-11,46.97686244347213
291,0.00012114469863560822,0.00012114465211606371,4.651954450344481e-11,46.51954450344481
292,0.00012114861968132568,0.00012114857361411042,4.606721524866364e-11,46.06721524866364
293,0.0001211525407499799,0.00012115249511215713,4.563782276517985e-11,45.63782276517985
294,0.00012115646185038693,0.00012115641661020384,4.5240183080328685e-11,45.240183080328684
295,0.0001211603829510062,0.00012116033810825056,4.484275564160531e-11,44.84275564160531
296,0.00012116430403547123,0.00012116425960629726,4.442917396998266e-11,44.429173969982656
297,0.0001211682251309812,0.00012116818110434397,4.4026637228521446e-11,44.026637228521444
298,0.0001211721462219816,0.00012117210260239068,4.3619590910754104e-11,43.619590910754106
299,0.00012117606730761996,0.00012117602410043739,4.320718256272252e-11,43.207182562722515
300,0.00012117998841176243,0.00012117994559848409,4.2813278333826324e-11,42.813278333826325
301,0.00012118390949408715,0.0001211838670965308,4.239755633869497e-11,42.39755633869497
302,0.0001211878306052745,0.00012118778859457751,4.2010696984465045e-11,42.01069698446504
303,0.00012119175176496061,0.00012119171009262423,4.1672336378655174e-11,41.672336378655174
304,0.00012119567291192713,0.00012119563159067092,4.1321256197560774e-11,41.32125619756077
305,0.000121199594047129,0.00012119955308871764,4.095841135224526e-11,40.958411352245264
306,0.00012120351517968594,0.00012120347458676435,4.059292158217744e-11,40.59292158217744
307,0.00012120743632368887,0.00012120739608481106,4.023887780220719e-11,40.23887780220719
308,0.00012121135746052514,0.00012121131758285776,3.987766737811417e-11,39.87766737811417
309,0.00012121527859434563,0.00012121523908090447,3.9513441150810694e-11,39.51344115081069
310,0.00012121919973165315,0.00012121916057895118,3.915270196163942e-11,39.15270196163942
311,0.00012122312089517529,0.0001212230820769979,3.881817738508855e-11,38.818177385088546
312,0.00012122704208532199,0.00012122700357504461,3.851027737155202e-11,38.51027737155202
313,0.00012123096327137132,0.0001212309250730913,3.8198280008927874e-11,38.198280008927874
314,0.00012123488444636308,0.00012123484657113802,3.787522505808193e-11,37.875225058081924
315,0.00012123880562923618,0.00012123876806918473,3.756005144387832e-11,37.56005144387832
316,0.00012124272680578705,0.00012124268956723144,3.723855560286146e-11,37.23855560286146
317,0.00012124664798228607,0.00012124661106527814,3.691700792342823e-11,36.91700792342823
318,0.00012125056915787395,0.00012125053256332485,3.659454909404177e-11,36.594549094041774
319,0.00012125449033693292,0.00012125445406137157,3.627556135146305e-11,36.275561351463054
320,0.00012125841155919879,0.00012125837555941828,3.5999780502025757e-11,35.99978050202576
321,0.00012126233278574816,0.00012126229705746498,3.5728283172741626e-11,35.72828317274163
322,0.00012126625401209428,0.00012126621855551169,3.545658258265521e-11,35.45658258265521
323,0.00012127017522587527,0.0001212701400535584,3.5172316861883733e-11,35.172316861883736
324,0.0001212740964442092,0.00012127406155160511,3.4892604085505284e-11,34.89260408550528
325,0.00012127801765702066,0.00012127798304965182,3.460736883049359e-11,34.60736883049359
326,0.00012128193887037967,0.00012128190454769852,3.432268113823658e-11,34.32268113823658
327,0.00012128586007274344,0.00012128582604574524,3.4026998199382694e-11,34.026998199382696
328,0.00012128978132913374,0.00012128974754379195,3.3785341786620224e-11,33.78534178662022
329,0.00012129370259645407,0.00012129366904183866,3.355461540569396e-11,33.55461540569396
330,0.00012129762385027024,0.00012129759053988536,3.3310384880133576e-11,33.310384880133576
331,0.00012130154509470373,0.00012130151203793207,3.3056771655419974e-11,33.05677165541997
332,0.00012130546635771276,0.00012130543353597878,3.2821733971659877e-11,32.821733971659874
333,0.0001213093876064148,0.0001213093550340255,3.257238930510946e-11,32.57238930510946
334,0.00012131330884640325,0.00012131327653207219,3.2314331054776574e-11,32.314331054776574
335,0.00012131723009759703,0.0001213171980301189,3.206747811521149e-11,32.06747811521149
336,0.00012132115139043293,0.00012132111952816562,3.186226730755492e-11,31.86226730755492
337,0.00012132507269324149,0.00012132504102621233,3.1667029154111196e-11,31.667029154111194
338,0.00012132899397858824,0.00012132896252425904,3.145432919284313e-11,31.454329192843126
339,0.0001213329152608262,0.00012133288402230574,3.123852045802831e-11,31.238520458028308
340,0.0001213368365502713,0.00012133680552035245,3.1029918835182344e-11,31.029918835182343
341,0.00012134075782999579,0.00012134072701839916,3.081159662157611e-11,30.811596621576108
342,0.0001213446791056844,0.00012134464851644588,3.05892385195929e-11,30.5892385195929
343,0.00012134860038945215,0.00012134857001449257,3.0374959566938406e-11,30.374959566938408
344,0.0001213525217145787,0.00012135249151253929,3.020203940350717e-11,30.20203940350717
345,0.00012135644304428497,0.000121356413010586,3.0033698964262626e-11,30.033698964262626
346,0.00012136036436274747,0.00012136033450863271,2.985411475217821e-11,29.85411475217821
347,0.00012136428568259395,0.00012136425600667941,2.96759145377195e-11,29.6759145377195
348,0.00012136820698450505,0.00012136817750472612,2.9479778922374973e-11,29.479778922374972
349,0.00012137212830941743,0.00012137209900277283,2.930664458835709e-11,29.30664458835709
350,0.0001213760496166318,0.00012137602050081955,2.911581225307159e-11,29.11581225307159
351,0.00012137997094910134,0.00012137994199886624,2.8950235092799003e-11,28.950235092799
352,0.00012138389230192392,0.00012138386349691296,2.8805010955179074e-11,28.805010955179075
353,0.00012138781366153304,0.00012138778499495967,2.866657336750529e-11,28.66657336750529
354,0.0001213917350117304,0.00012139170649300638,2.8518724010507542e-11,28.51872401050754
355,0.00012139565635641767,0.00012139562799105309,2.8365364575438895e-11,28.365364575438896
356,0.00012139957769550009,0.00012139954948909979,2.820640028947695e-11,28.20640028947695
357,0.00012140349903511436,0.0001214034709871465,2.804796784533819e-11,28.04796784533819
358,0.00012140742037387378,0.00012140739248519322,2.7888680561996532e-11,27.888680561996534
359,0.00012141134174885458,0.00012141131398323993,2.776561464364645e-11,27.76561464364645
360,0.00012141526314751317,0.00012141523548128663,2.7666226535226116e-11,27.666226535226116
361,0.00012141918451348396,0.00012141915697933334,2.753415061221961e-11,27.53415061221961
362,0.00012142310588744384,0.00012142307847738005,2.741006378199886e-11,27.41006378199886
363,0.0001214270272588154,0.00012142699997542676,2.7283388635931737e-11,27.283388635931736
364,0.00012143094861781124,0.00012143092147347346,2.7144337769299088e-11,27.14433776929909
365,0.0001214348699735569,0.00012143484297152017,2.7002036722051343e-11,27.002036722051344
366,0.00012143879137185002,0.00012143876446956689,2.6902283129078664e-11,26.902283129078665
367,0.00012144271279800535,0.0001214426859676136,2.6830391743005278e-11,26.83039174300528
368,0.0001214466342006762,0.00012144660746566031,2.6735015887354552e-11,26.735015887354553
369,0.00012145055559607891,0.00012145052896370701,2.663237189270519e-11,26.63237189270519
370,0.00012145447698969929,0.00012145445046175372,2.652794556455195e-11,26.527945564551953
371,0.0001214583983748233,0.00012145837195980043,2.6415022858968976e-11,26.415022858968975
372,0.0001214623197566187,0.00012146229345784714,2.6298771544296253e-11,26.29877154429625
373,0.0001214662411737144,0.00012146621495589384,2.621782055131705e-11,26.21782055131705
374,0.00012147016261902907,0.00012147013645394055,2.616508850840947e-11,26.16508850840947
375,0.0001214740840484245,0.00012147405795198727,2.6096437219870976e-11,26.096437219870975
376,0.00012147800547022337,0.00012147797945003398,2.60201893874958e-11,26.020189387495797
377,0.00012148192688825174,0.00012148190094808068,2.5940171052330423e-11,25.940171052330424
378,0.00012148584830451876,0.00012148582244612739,2.585839136297321e-11,25.858391362973208
379,0.00012148976970196471,0.0001214897439441741,2.5757790601528004e-11,25.757790601528004
380,0.00012149369114675639,0.00012149366544222081,2.570453556659747e-11,25.70453556659747
381,0.0001214976126172505,0.00012149758694026753,2.567698296718106e-11,25.676982967181058
382,0.00012150153405238928,0.00012150150843831422,2.5614075049915926e-11,25.614075049915925
383,0.00012150545546770982,0.00012150542993636094,2.5531348879167186e-11,25.531348879167187
384,0.00012150937685795462,0.00012150935143440765,2.5423546968865077e-11,25.423546968865075
385,0.00012151329828471114,0.00012151327293245436,2.5352256772896334e-11,25.352256772896332
386,0.00012151721970095091,0.00012151719443050106,2.5270449842959536e-11,25.270449842959536
387,0.00012152114118072479,0.00012152111592854777,2.525217701125259e-11,25.25217701125259
388,0.00012152506267130479,0.00012152503742659448,2.5244710300626063e-11,25.244710300626064
389,0.00012152898413862782,0.0001215289589246412,2.5213986613143037e-11,25.21398661314304
390,0.00012153290561084063,0.0001215328804226879,2.518815273166803e-11,25.18815273166803
391,0.00012153682707024086,0.0001215368019207346,2.5149506250362094e-11,25.149506250362094
392,0.0001215407485243274,0.00012154072341878132,2.510554608065628e-11,25.10554608065628
393,0.00012154466995654672,0.00012154464491682803,2.5039718677991187e-11,25.039718677991186
394,0.00012154859146220614,0.00012154856641487474,2.5047331389992767e-11,25.047331389992767
395,0.00012155251297541848,0.00012155248791292144,2.506249703379864e-11,25.06249703379864
396,0.00012155643446510591,0.00012155640941096815,2.5054137753733615e-11,25.054137753733613
397,0.00012156035594639337,0.00012156033090901487,2.5037378495364513e-11,25.037378495364514
398,0.00012156427743045447,0.00012156425240706158,2.5023392883650644e-11,25.023392883650644
399,0.00012156819890141716,0.00012156817390510828,2.499630887641318e-11,24.99630887641318
400,0.00012157212038311916,0.00012157209540315499,2.4979964162744728e-11,24.97996416274473
401,0.00012157604191654329,0.0001215760169012017,2.501534158476524e-11,25.01534158476524
402,0.00012157996342824213,0.00012157993839924841,2.502899370944338e-11,25.02899370944338
403,0.00012158388493789582,0.00012158385989729511,2.5040600703563558e-11,25.04060070356356
404,0.00012158780644094366,0.00012158778139534182,2.5045601830029636e-11,25.045601830029636
405,0.00012159172793853952,0.00012159170289338854,2.5045150978108735e-11,25.045150978108737
406,0.00012159564941828743,0.00012159562439143525,2.5026852179759758e-11,25.026852179759757
407,0.00012159957093998854,0.00012159954588948196,2.505050657092258e-11,25.05050657092258
408,0.00012160349249627116,0.00012160346738752866,2.5108742498396147e-11,25.108742498396147
409,0.00012160741402010843,0.00012160738888557537,2.5134533052441836e-11,25.134533052441835
410,0.00012161133555451396,0.00012161131038362208,2.5170891867163828e-11,25.170891867163828
411,0.00012161525707726179,0.0001216152318816688,2.519559298776155e-11,25.19559298776155
412,0.0001216191785917685,0.00012161915337971549,2.5212053006331045e-11,25.212053006331047
413,0.00012162310009679518,0.0001216230748777622,2.5219032964392235e-11,25.219032964392234
414,0.0001216270216587127,0.00012162699637580892,2.528290377515928e-11,25.28290377515928
415,0.0001216309432243881,0.00012163091787385563,2.535053247131374e-11,25.35053247131374
416,0.00012163486476672324,0.00012163483937190233,2.539482091033233e-11,25.394820910332328
417,0.00012163878630769956,0.00012163876086994904,2.5437750518768142e-11,25.43775051876814
418,0.00012164270785390468,0.00012164268236799575,2.5485908922573728e-11,25.485908922573728
419,0.0001216466293678562,0.00012164660386604246,2.550181373476322e-11,25.50181373476322
420,0.00012165055091589118,0.00012165052536408916,2.5551802014337946e-11,25.551802014337945
421,0.00012165447250530224,0.00012165444686213587,2.5643166362608057e-11,25.643166362608056
422,0.00012165839407478553,0.00012165836836018259,2.5714602939422612e-11,25.714602939422612
423,0.00012166231563620291,0.0001216622898582293,2.577797360772749e-11,25.77797360772749
424,0.0001216662371938631,0.00012166621135627601,2.5837587081823835e-11,25.837587081823834
425,0.00012167015874285483,0.00012167013285432271,2.588853211560567e-11,25.88853211560567
426,0.00012167408028837775,0.00012167405435236942,2.59360083258518e-11,25.9360083258518
427,0.00012167800188868984,0.00012167797585041613,2.6038273703550004e-11,26.038273703550004
428,0.00012168192348563809,0.00012168189734846285,2.6137175235587854e-11,26.137175235587854
429,0.00012168584505802932,0.00012168581884650954,2.621151976460176e-11,26.21151976460176
430,0.00012168976663970438,0.00012168974034455626,2.6295148113530752e-11,26.29514811353075
431,0.00012169368820756478,0.00012169366184260297,2.6364961802323423e-11,26.36496180232342
432,0.00012169760976258801,0.00012169758334064968,2.642193832055343e-11,26.42193832055343
433,0.00012170153136644624,0.00012170150483869638,2.652774985250729e-11,26.52774985250729
434,0.00012170545298714806,0.00012170542633674309,2.6650404966654218e-11,26.650404966654218
435,0.00012170937458109577,0.0001217093478347898,2.6746305955627187e-11,26.746305955627186
436,0.00012171329618406297,0.00012171326933283652,2.6851226449578117e-11,26.851226449578117
437,0.00012171721777055799,0.00012171719083088323,2.6939674754790165e-11,26.939674754790165
438,0.00012172113934768738,0.00012172111232892993,2.701875745058574e-11,27.01875745058574
439,0.00012172506094547372,0.00012172503382697664,2.711849707090292e-11,27.118497070902922
440,0.00012172898258514188,0.00012172895532502335,2.7260118526676425e-11,27.260118526676425
441,0.0001217329042023277,0.00012173287682307006,2.737925762738809e-11,27.37925762738809
442,0.0001217368258130951,0.00012173679832111676,2.7491978332553804e-11,27.491978332553803
443,0.00012174074741767748,0.00012174071981916347,2.7598514003138668e-11,27.598514003138668
444,0.00012174466901274382,0.00012174464131721018,2.7695533631255626e-11,27.695533631255625
445,0.00012174859061513929,0.0001217485628152569,2.7799882384743423e-11,27.799882384743423
446,0.00012175251226759928,0.0001217524843133036,2.7954295677876252e-11,27.954295677876253
447,0.00012175643389923725,0.00012175640581135031,2.8087886936049134e-11,28.087886936049134
448,0.0001217603555325956,0.00012176032730939702,2.822319857912426e-11,28.22319857912426
449,0.00012176427715186298,0.00012176424880744373,2.834441923958688e-11,28.34441923958688
450,0.00012176819876333392,0.00012176817030549044,2.8457843469989794e-11,28.457843469989793
451,0.00012177212037305583,0.00012177209180353714,2.856951867900058e-11,28.56951867900058
452,0.0001217760420381588,0.00012177601330158385,2.8736574934981926e-11,28.736574934981927
453,0.0001217799636948517,0.00012177993479963057,2.8895221129578992e-11,28.895221129578992
454,0.00012178388533227603,0.00012178385629767728,2.9034598747641374e-11,29.034598747641375
455,0.00012178780697390417,0.00012178777779572398,2.9178180183444716e-11,29.178180183444717
456,0.00012179172860059824,0.00012179169929377069,2.93068275474737e-11,29.3068275474737
457,0.0001217956502200433,0.0001217956207918174,2.942822589511986e-11,29.428225895119862
458,0.00012179957190241874,0.00012179954228986411,2.961255461656866e-11,29.612554616568655
459,0.00012180349356481304,0.00012180346378791081,2.977690222381501e-11,29.77690222381501
460,0.0001218074152190994,0.00012180738528595752,2.993314186905992e-11,29.933141869059916
461,0.00012181133687510099,0.00012181130678400424,3.009109674924675e-11,30.091096749246752
462,0.00012181525851678366,0.00012181522828205095,3.0234732706866843e-11,30.234732706866843
463,0.00012181918014782082,0.00012181914978009765,3.036772316795837e-11,30.36772316795837
464,0.00012182310183888497,0.00012182307127814436,3.05607406043023e-11,30.5607406043023
465,0.00012182702352708047,0.00012182699277619107,3.075088939077563e-11,30.75088939077563
466,0.00012183094518883474,0.00012183091427423778,3.0914596952821984e-11,30.914596952821984
467,0.00012183486685347575,0.0001218348357722845,3.108119124381016e-11,31.08119124381016
468,0.00012183878850884838,0.0001218387572703312,3.123851717831674e-11,31.238517178316737
469,0.00012184271014919455,0.0001218426787683779,3.1380816639918805e-11,31.380816639918805
470,0.00012184663186389924,0.00012184660026642462,3.1597474616742803e-11,31.597474616742804
471,0.00012185055356620514,0.00012185052176447133,3.1801733806600057e-11,31.801733806600055
472,0.0001218544752501266,0.00012185444326251803,3.1987608559689233e-11,31.98760855968923
473,0.00012185839692272648,0.00012185836476056474,3.216216173488014e-11,32.16216173488014
474,0.00012186231858673552,0.00012186228625861145,3.23281240579745e-11,32.3281240579745
475,0.00012186624024643191,0.00012186620775665817,3.248977373653484e-11,32.48977373653484
476,0.00012187016196945442,0.00012187012925470486,3.271474954979582e-11,32.71474954979582
477,0.00012187408368605591,0.00012187405075275158,3.2933304324768057e-11,32.93330432476806
478,0.00012187800537589123,0.00012187797225079829,3.312509293992222e-11,33.12509293992222
479,0.00012188192706954729,0.000121881893748845,3.332070228353222e-11,33.32070228353222
480,0.00012188584875709677,0.00012188581524689171,3.3510205048141076e-11,33.510205048141074
481,0.000121889770433516,0.00012188973674493841,3.3688577582982576e-11,33.688577582982575
482,0.0001218936921668528,0.00012189365824298512,3.392386766900843e-11,33.92386766900843
483,0.00012189761388524376,0.00012189757974103183,3.414421191966635e-11,34.144211919666354
484,0.00012190153559684275,0.00012190150123907855,3.4357764199367265e-11,34.35776419936727
485,0.00012190545729340966,0.00012190542273712525,3.4556284408969955e-11,34.55628440896996
486,0.00012190937898185108,0.00012190934423517196,3.474667911960106e-11,34.74667911960106
487,0.00012191330067968174,0.00012191326573321867,3.494646306170347e-11,34.946463061703476
488,0.0001219172224315808,0.00012191718723126538,3.5200315407206216e-11,35.20031540720622
489,0.00012192114415608293,0.00012192110872931208,3.5426770844724516e-11,35.426770844724516
490,0.00012192506587511988,0.00012192503022735879,3.564776107658933e-11,35.64776107658933
491,0.00012192898757999092,0.0001219289517254055,3.5854585407471523e-11,35.854585407471525
492,0.00012193290927083137,0.00012193287322345222,3.6047379145802215e-11,36.04737914580222
493,0.00012193683100127461,0.00012193679472149893,3.6279775672412557e-11,36.279775672412555
494,0.0001219407527673462,0.00012194071621954563,3.654780055963623e-11,36.54780055963623
495,0.00012194467450044169,0.00012194463771759234,3.678284934291607e-11,36.78284934291607
496,0.00012194859623326388,0.00012194855921563905,3.701762482593328e-11,37.01762482593328
497,0.00012195251795197086,0.00012195248071368576,3.723828509441943e-11,37.238285094419425
498,0.00012195643965703869,0.00012195640221173246,3.744530622154845e-11,37.44530622154845
499,0.0001219603614082383,0.00012196032370977917,3.769845912112467e-11,37.69845912112467
500,0.00012196428317764321,0.00012196424520782589,3.7969817320165016e-11,37.96981732016501
501,0.00012196820492035919,0.0001219681667058726,3.8214486581687024e-11,38.21448658168703
502,0.00012197212667033372,0.0001219720882039193,3.84664144141235e-11,38.4664144141235
503,0.00012197604837969475,0.00012197600970196601,3.8677728737910075e-11,38.67772873791007
504,0.00012197997009237552,0.00012197993120001272,3.8892362793881114e-11,38.89236279388111
505,0.0001219838918749348,0.00012198385269805943,3.917687536038221e-11,39.17687536038221
506,0.00012198781364606966,0.00012198777419610615,3.9449963512408974e-11,39.44996351240897
507,0.00012199173539907302,0.00012199169569415284,3.97049201720345e-11,39.704920172034505
508,0.00012199565714590623,0.00012199561719219956,3.995370666420147e-11,39.95370666420147
509,0.00012199957888045043,0.00012199953869024627,4.0190204158424184e-11,40.19020415842419
510,0.0001220035047959011,0.00012200346018829298,4.460760811461261e-11,44.60760811461261
511,0.00012200743245252255,0.00012200738168633968,5.076618286341675e-11,50.766182863416745
512,0.00012201135487723938,0.00012201130318438639,5.169285298101016e-11,51.69285298101016
513,0.00012201527603430859,0.0001220152246824331,5.135187547707414e-11,51.351875477074145
514,0.00012201919661983917,0.00012201914618047982,5.0439359347791986e-11,50.439359347791985
515,0.00012202311744709974,0.00012202306767852651,4.976857322149476e-11,49.768573221494755
516,0.00012202703825955778,0.00012202698917657323,4.908298455069922e-11,49.082984550699216
517,0.00012203095909334543,0.00012203091067461994,4.841872548411068e-11,48.41872548411068
518,0.00012203487993672142,0.00012203483217266665,4.776405476272242e-11,47.764054762722424
519,0.00012203880082233839,0.00012203875367071336,4.715162501876012e-11,47.15162501876012
520,0.00012204272173038701,0.00012204267516876006,4.6561626943408097e-11,46.56162694340809
521,0.00012204664264941281,0.00012204659666680677,4.598260603558173e-11,45.982606035581725
522,0.00012205056356887227,0.00012205051816485348,4.54040187815193e-11,45.4040187815193
523,0.00012205448448788886,0.0001220544396629002,4.482498865797446e-11,44.824988657974465
524,0.00012205840542060857,0.0001220583611609469,4.425966167081998e-11,44.25966167081998
525,0.0001220623263576073,0.00012206228265899361,4.369861369082712e-11,43.69861369082712
526,0.00012206624730370772,0.00012206620415704032,4.31466673983369e-11,43.146667398336895
527,0.00012207016824793555,0.00012207012565508703,4.259284851251194e-11,42.592848512511935
528,0.00012207408919371682,0.00012207404715313373,4.2040583085112243e-11,42.040583085112246
529,0.00012207801015416697,0.00012207796865118046,4.150298650653046e-11,41.50298650653046
530,0.0001220819311405332,0.00012208189014922715,4.099130604615847e-11,40.99130604615847
531,0.00012208585215130188,0.00012208581164727385,4.050402802223821e-11,40.50402802223821
532,0.00012208977315260542,0.00012208973314532058,4.0007284832036985e-11,40.00728483203699
533,0.00012209369415139144,0.00012209365464336728,3.9508024151496305e-11,39.50802415149631
534,0.00012209761515366623,0.000122097576141414,3.901225221670625e-11,39.012252216706244
535,0.00012210153616285088,0.0001221014976394607,3.8523390173411984e-11,38.52339017341198
536,0.000122105457172632,0.0001221054191375074,3.8035124603942913e-11,38.03512460394291
537,0.00012210937818493364,0.00012210934063555413,3.7549379506369274e-11,37.54937950636928
538,0.00012211329919414304,0.00012211326213360082,3.70605422099896e-11,37.0605422099896
539,0.00012211722022411657,0.00012211718363164752,3.659246903862133e-11,36.59246903862133
540,0.00012212114127531544,0.00012212110512969425,3.6145621184763596e-11,36.1456211847636
541,0.0001221250623465992,0.00012212502662774095,3.571885825746632e-11,35.718858257466316
542,0.00012212898340989688,0.00012212894812578767,3.528410920538673e-11,35.28410920538673
543,0.00012213290446547257,0.00012213286962383437,3.4841638194384156e-11,34.84163819438415
544,0.0001221368255288932,0.00012213679112188107,3.440701211793598e-11,34.407012117935984
545,0.00012214074659363256,0.0001221407126199278,3.39737047565902e-11,33.9737047565902
546,0.00012214466765764524,0.0001221446341179745,3.3539670735843366e-11,33.539670735843366
547,0.00012214858872283544,0.0001221485556160212,3.3106814239971014e-11,33.106814239971015
548,0.0001221525097732162,0.00012215247711406792,3.2659148274258976e-11,32.659148274258975
549,0.00012215643087546915,0.00012215639861211462,3.226335452492163e-11,32.26335452492163
550,0.00012216035199882016,0.00012216032011016134,3.188865880775976e-11,31.88865880775976
551,0.0001221642731122056,0.00012216424160820804,3.150399756501433e-11,31.503997565014334
552,0.00012216819422129568,0.00012216816310625474,3.111504093010195e-11,31.11504093010195
553,0.00012217211532531476,0.00012217208460430147,3.0721013291893473e-11,30.721013291893474
554,0.0001221760364417816,0.00012217600610234816,3.033943343303741e-11,30.33943343303741
555,0.00012217995755416797,0.0001221799276003949,2.995377307088498e-11,29.95377307088498
556,0.0001221838786656847,0.0001221838490984416,2.9567243097275056e-11,29.567243097275057
557,0.0001221877997762894,0.00012218777059648829,2.917980111990269e-11,29.17980111990269
558,0.000122191720916773,0.000122191692094535,2.8822237992575495e-11,28.822237992575495
559,0.00012219564208082584,0.0001221956135925817,2.8488244119435527e-11,28.488244119435528
560,0.00012219956324160898,0.0001221995350906284,2.8150980563593886e-11,28.150980563593887
561,0.00012220348439107435,0.00012220345658867513,2.780239921100905e-11,27.80239921100905
562,0.000122207405549054,0.00012220737808672183,2.746233215229485e-11,27.46233215229485
563,0.0001222113266997575,0.00012221129958476856,2.7114988931485937e-11,27.114988931485936
564,0.00012221524785846965,0.00012221522108281526,2.6775654386864523e-11,26.775654386864524
565,0.0001222191690085831,0.00012221914258086196,2.6427721143233343e-11,26.42772114323334
566,0.00012222309016065878,0.00012222306407890868,2.6081750088693928e-11,26.08175008869393
567,0.00012222701135255047,0.00012222698557695538,2.577559508500149e-11,25.77559508500149
568,0.00012223093256045225,0.0001222309070750021,2.548545014242444e-11,25.48545014242444
569,0.00012223485375603943,0.0001222348285730488,2.5182990614731865e-11,25.182990614731864
570,0.0001222387749446608,0.0001222387500710955,2.487356527781645e-11,24.87356527781645
571,0.00012224269614131126,0.00012224267156914223,2.4572169027194432e-11,24.572169027194434
572,0.00012224661733116187,0.00012224659306718893,2.4263972931597128e-11,24.263972931597127
573,0.00012225053852112073,0.00012225051456523563,2.3955885093586746e-11,23.955885093586748
574,0.000122254459693131,0.00012225443606328235,2.3629848640976573e-11,23.629848640976572
575,0.00012225838092425146,0.00012225835756132905,2.336292240291933e-11,23.36292240291933
576,0.00012226230216903525,0.00012226227905937578,2.3109659470375133e-11,23.10965947037513
577,0.00012226622340444208,0.00012226620055742247,2.284701959850176e-11,22.84701959850176
578,0.00012227014462880772,0.00012227012205546917,2.2573338536964444e-11,22.573338536964442
579,0.0001222740658655081,0.0001222740435535159,2.2311992199598008e-11,22.31199219959801
580,0.00012227798709401753,0.0001222779650515626,2.2042454931658878e-11,22.042454931658877
581,0.00012228190831654496,0.00012228188654960932,2.176693563244317e-11,21.766935632443168
582,0.00012228582952600106,0.00012228580804765602,2.1478345029205648e-11,21.47834502920565
583,0.00012228975079194558,0.00012228972954570272,2.124624284993261e-11,21.24624284993261
584,0.000122293672061443,0.00012229365104374945,2.1017693546968697e-11,21.017693546968697
585,0.0001222975933331061,0.00012229757254179614,2.0791309937844324e-11,20.791309937844325
586,0.00012230151459031335,0.00012230149403984284,2.0550470498523876e-11,20.550470498523875
587,0.00012230543585419796,0.00012230541553788957,2.0316308389333224e-11,20.316308389333223
588,0.00012230935711439686,0.00012230933703593627,2.0078460589067315e-11,20.078460589067316
589,0.00012231327836852173,0.000122313258533983,1.9834538735865437e-11,19.834538735865436
590,0.00012231719962631156,0.0001223171800320297,1.959428186547732e-11,19.59428186547732
591,0.0001223211209069327,0.0001223211015300764,1.9376856314172783e-11,19.376856314172784
592,0.00012232504221988777,0.00012232502302812311,1.9191764653207738e-11,19.191764653207738
593,0.00012232896351846594,0.0001223289445261698,1.899229611906983e-11,18.99229611906983
594,0.00012233288480987338,0.00012233286602421654,1.8785656834393427e-11,18.78565683439343
595,0.00012233680610300527,0.00012233678752226324,1.8580742027482472e-11,18.580742027482472
596,0.00012234072738979285,0.00012234070902030994,1.8369482903139e-11,18.369482903139
597,0.00012234464867861544,0.00012234463051835666,1.8160258772063176e-11,18.160258772063177
598,0.00012234856995715167,0.00012234855201640336,1.794074829998095e-11,17.94074829998095
599,0.00012235249128164018,0.00012235247351445006,1.7767190110676262e-11,17.767190110676264
600,0.00012235641262630458,0.00012235639501249678,1.761380778538925e-11,17.61380778538925
601,0.0001223603339514037,0.00012236031651054348,1.7440860218748106e-11,17.440860218748107
602,0.0001223642552719832,0.0001223642380085902,1.726339299272063e-11,17.26339299272063
603,0.00012236817660641006,0.0001223681595066369,1.7099773142630032e-11,17.09977314263003
604,0.0001223720979016867,0.0001223720810046836,1.6897003077351633e-11,16.897003077351634
605,0.00012237601921477874,0.00012237600250273033,1.6712048405331082e-11,16.712048405331082
606,0.00012237994054313121,0.00012237992400077703,1.654235417704386e-11,16.542354177043862
607,0.0001223838619126178,0.00012238384549882376,1.6413794037079655e-11,16.413794037079654
608,0.00012238778327473954,0.00012238776699687045,1.627786907438808e-11,16.27786907438808
609,0.00012239170462745747,0.00012239168849491715,1.6132540311258506e-11,16.132540311258506
610,0.0001223956259703039,0.00012239560999296388,1.5977340022873724e-11,15.977340022873724
611,0.0001223995473237878,0.00012239953149101058,1.5832777221473957e-11,15.832777221473957
612,0.00012240346867026589,0.00012240345298905728,1.5681208603791186e-11,15.681208603791186
613,0.00012240739000692259,0.000122407374487104,1.551981857809863e-11,15.51981857809863
614,0.0001224113114080314,0.0001224112959851507,1.542288068527295e-11,15.42288068527295
615,0.0001224152327881433,0.00012241521748319743,1.5304945862124373e-11,15.304945862124372
616,0.00012241915415562855,0.00012241913898124412,1.517438442047503e-11,15.174384420475029
617,0.00012242307553910378,0.00012242306047929082,1.5059812955095828e-11,15.059812955095827
618,0.00012242699691489392,0.00012242698197733755,1.4937556366562452e-11,14.937556366562452
619,0.00012243091827372432,0.00012243090347538425,1.479834006423081e-11,14.798340064230809
620,0.00012243483964772056,0.00012243482497343097,1.4674289581887892e-11,14.674289581887892
621,0.00012243876104121748,0.00012243874647147767,1.456973980376479e-11,14.56973980376479
622,0.0001224426824642629,0.00012244266796952437,1.44947385192849e-11,14.4947385192849
623,0.0001224466038754863,0.0001224465894675711,1.4407915202736446e-11,14.407915202736445
624,0.00012245052527720974,0.0001224505109656178,1.4311591944122349e-11,14.311591944122348
625,0.00012245444668514414,0.0001224544324636645,1.4221479646073551e-11,14.22147964607355
626,0.0001224583680723598,0.00012245835396171122,1.4110648569769208e-11,14.110648569769207
627,0.0001224622894640904,0.00012246227545975792,1.40043324636768e-11,14.0043324636768
628,0.0001224662108814096,0.00012246619695780464,1.3923604938317874e-11,13.923604938317874
629,0.0001224701323154458,0.00012247011845585134,1.385959445520596e-11,13.85959445520596
630,0.00012247405375239587,0.00012247403995389804,1.3798497819642708e-11,13.798497819642709
631,0.00012247797517570298,0.00012247796145194476,1.3723758207357148e-11,13.723758207357148
632,0.00012248189659247113,0.00012248188294999146,1.3642479663349111e-11,13.64247966334911
633,0.0001224858180129474,0.0001224858044480382,1.3564909199191192e-11,13.564909199191192
634,0.00012248973940564843,0.0001224897259460849,1.3459563535358321e-11,13.45956353535832
635,0.000122493660845283,0.00012249364744413159,1.3401151411479198e-11,13.401151411479198
636,0.00012249758232172407,0.0001224975689421783,1.3379545755846559e-11,13.379545755846559
637,0.00012250150377456515,0.000122501490440225,1.3334340136000156e-11,13.334340136000156
638,0.00012250542517811837,0.0001225054119382717,1.3239846658287508e-11,13.239846658287508
639,0.00012250934656871275,0.00012250933343631843,1.3132394308318335e-11,13.132394308318336
640,0.00012251326800170325,0.00012251325493436513,1.3067338112211058e-11,13.067338112211058
641,0.0001225171894377846,0.00012251717643241186,1.3005372732552048e-11,13.005372732552049
642,0.00012252111089845007,0.00012252109793045856,1.2967991501628876e-11,12.967991501628875
643,0.00012252503237752835,0.00012252501942850526,1.2949023086465644e-11,12.949023086465644
644,0.00012252895385736256,0.00012252894092655198,1.293081057705707e-11,12.93081057705707
645,0.00012253287532367738,0.00012253286242459868,1.289907868997385e-11,12.89907868997385
646,0.00012253679678295558,0.00012253678392264538,1.2860310195265928e-11,12.860310195265928
647,0.00012254071824528495,0.0001225407054206921,1.2824592835206761e-11,12.824592835206762
648,0.00012254463968373294,0.0001225446269187388,1.2764994133365015e-11,12.764994133365015
649,0.00012254856117969692,0.00012254854841678553,1.2762911380991671e-11,12.762911380991671
650,0.00012255248269633736,0.00012255246991483223,1.2781505122989145e-11,12.781505122989145
651,0.00012255640418780368,0.00012255639141287893,1.2774924747638625e-11,12.774924747638625
652,0.000122560325673792,0.00012256031291092565,1.2762866332391404e-11,12.762866332391404
653,0.00012256424715200532,0.00012256423440897235,1.2743032967840018e-11,12.743032967840017
654,0.0001225681686267554,0.00012256815590701908,1.2719736309184007e-11,12.719736309184007
655,0.00012257209009029993,0.00012257207740506577,1.2685234150024816e-11,12.685234150024815
656,0.00012257601161796942,0.00012257599890311247,1.27148569386219e-11,12.7148569386219
657,0.00012257993314357426,0.0001225799204011592,1.2742415053916864e-11,12.742415053916865
658,0.00012258385464826213,0.0001225838418992059,1.2749056225904207e-11,12.749056225904207
659,0.0001225877761558888,0.00012258776339725262,1.275863618209018e-11,12.75863618209018
660,0.00012259169765384007,0.00012259168489529932,1.2758540745193947e-11,12.758540745193947
661,0.00012259561914479213,0.00012259560639334602,1.2751446105647962e-11,12.751446105647963
662,0.0001225995406455321,0.00012259952789139275,1.275413934515958e-11,12.75413934515958
663,0.0001226034621974927,0.00012260344938943944,1.2808053249750332e-11,12.808053249750332
664,0.0001226073837324265,0.00012260737088748614,1.2844940355533394e-11,12.844940355533394
665,0.0001226113052563357,0.00012261129238553287,1.28708028328407e-11,12.8708028328407
666,0.00012261522678895713,0.00012261521388357957,1.2905377552230285e-11,12.905377552230286
667,0.00012261914828883247,0.0001226191353816263,1.29072061676144e-11,12.9072061676144
668,0.00012262306979183966,0.000122623056879673,1.2912166663604064e-11,12.912166663604063
669,0.00012262699133778202,0.0001226269783777197,1.2960062324565675e-11,12.960062324565675
670,0.00012263091290647072,0.00012263089987576641,1.3030704303160543e-11,13.030704303160542
671,0.00012263483444934143,0.0001226348213738131,1.3075528310947285e-11,13.075528310947284
672,0.00012263875599269238,0.0001226387428718598,1.312083256608633e-11,13.12083256608633
673,0.00012264267752802428,0.00012264266436990654,1.315811773669702e-11,13.15811773669702
674,0.00012264659905523073,0.00012264658586795324,1.318727748965129e-11,13.18727748965129
675,0.00012265052059020254,0.00012265050736599996,1.3224202569615443e-11,13.224202569615443
676,0.00012265444217335355,0.00012265442886404666,1.3309306883619421e-11,13.30930688361942
677,0.00012265836374536268,0.00012265835036209336,1.3383269312682689e-11,13.383269312682689
678,0.0001226622853024866,0.00012266227186014008,1.3442346513279469e-11,13.44234651327947
679,0.00012266620685923353,0.00012266619335818678,1.3501046736780875e-11,13.501046736780875
680,0.00012267012839794445,0.0001226701148562335,1.3541710931882334e-11,13.541710931882333
681,0.0001226740499327882,0.0001226740363542802,1.3578507994674971e-11,13.578507994674972
682,0.00012267797152161787,0.0001226779578523269,1.3669290953082614e-11,13.669290953082614
683,0.00012268189312118934,0.00012268187935037363,1.3770815698724265e-11,13.770815698724265
684,0.00012268581469463967,0.00012268580084842033,1.3846219330630364e-11,13.846219330630364
685,0.00012268973627173023,0.00012268972234646703,1.3925263198435636e-11,13.925263198435637
686,0.00012269365783771076,0.00012269364384451375,1.3993197002633962e-11,13.993197002633961
687,0.00012269757939456624,0.00012269756534256045,1.4052005781877888e-11,14.052005781877888
688,0.0001227015009703426,0.00012270148684060718,1.4129735406914729e-11,14.12973540691473
689,0.00012270542259235496,0.00012270540833865388,1.4253701077542702e-11,14.253701077542702
690,0.00012270934418938994,0.00012270932983670058,1.4352689359306878e-11,14.352689359306877
691,0.00012271326578201807,0.0001227132513347473,1.4447270765815715e-11,14.447270765815714
692,0.0001227171873643327,0.000122717172832794,1.4531538699158783e-11,14.531538699158784
693,0.00012272110893994054,0.00012272109433084073,1.4609099812072965e-11,14.609099812072966
694,0.0001227250305197069,0.00012272501582888742,1.4690819463734878e-11,14.690819463734877
695,0.00012272895215060772,0.00012272893732693412,1.4823673586403213e-11,14.823673586403213
696,0.00012273287377042417,0.00012273285882498085,1.4945443313951035e-11,14.945443313951035
697,0.0001227367953746435,0.00012273678032302755,1.505161595299097e-11,15.051615952990968
698,0.00012274071697686398,0.00012274070182107425,1.5155789729800654e-11,15.155789729800654
699,0.0001227446385694347,0.00012274462331912097,1.5250313727804457e-11,15.250313727804457
700,0.00012274856015340684,0.00012274854481716767,1.5336239162323767e-11,15.336239162323768
701,0.00012275248180437134,0.0001227524663152144,1.5489156934084925e-11,15.489156934084924
702,0.0001227564034375718,0.0001227563878132611,1.562431070377121e-11,15.624310703771211
703,0.0001227603250575388,0.0001227603093113078,1.5746230999895736e-11,15.746230999895737
704,0.00012276424667698286,0.00012276423080935452,1.5867628331102363e-11,15.867628331102363
705,0.00012276816828478722,0.00012276815230740122,1.5977385993045837e-11,15.977385993045838
706,0.00012277208987978636,0.00012277207380544794,1.6074338414180628e-11,16.074338414180627
707,0.00012277601153170398,0.00012277599530349464,1.6228209335176672e-11,16.228209335176672
708,0.00012277993318637054,0.00012277991680154134,1.6384829196570944e-11,16.384829196570944
709,0.00012278385481428222,0.00012278383829958806,1.6514694146744683e-11,16.51469414674468
710,0.0001227877764520556,0.00012278775979763476,1.6654420837249023e-11,16.654420837249024
711,0.00012279169806667342,0.00012279168129568146,1.677099195090505e-11,16.77099195090505
712,0.00012279561968301698,0.0001227956027937282,1.688928878915902e-11,16.889288789159018
713,0.00012279954133245422,0.00012279952429177489,1.704067932663496e-11,17.040679326634958
714,0.00012280346301429175,0.0001228034457898216,1.72244701347284e-11,17.2244701347284
715,0.00012280738466567123,0.0001228073672878683,1.737780291197613e-11,17.377802911976133
716,0.00012281130631265104,0.000122811288785915,1.752673602391297e-11,17.52673602391297
717,0.00012281522795784473,0.00012281521028396173,1.7673882994085802e-11,17.6738829940858
718,0.00012281914958352697,0.00012281913178200843,1.7801518526437313e-11,17.801518526437313
719,0.0001228230712431391,0.00012282305328005516,1.796308392183127e-11,17.96308392183127
720,0.00012282699293671143,0.00012282697477810186,1.8158609565033554e-11,18.158609565033554
721,0.0001228309146019339,0.00012283089627614856,1.8325785327199362e-11,18.325785327199362
722,0.00012283483626527488,0.00012283481777419528,1.8491079592020093e-11,18.491079592020093
723,0.00012283875791973075,0.00012283873927224198,1.8647488765827197e-11,18.647488765827198
724,0.00012284267954943686,0.00012284266077028868,1.8779148179016617e-11,18.779148179016616
725,0.00012284660123230184,0.0001228465822683354,1.8963966431298815e-11,18.963966431298815
726,0.0001228505229389903,0.0001228505037663821,1.917260818317769e-11,19.17260818317769
727,0.00012285444461899626,0.00012285442526442883,1.9354567421436098e-11,19.354567421436098
728,0.0001228583662836459,0.00012285834676247553,1.9521170372489128e-11,19.521170372489127
729,0.00012286228794409137,0.00012286226826052223,1.9683569139882965e-11,19.683569139882966
730,0.00012286620960494013,0.00012286618975856895,1.9846371176274858e-11,19.846371176274857
731,0.00012287013128979202,0.00012287011125661565,2.0033176364563407e-11,20.033176364563406
732,0.00012287405301456946,0.00012287403275466238,2.02599070810133e-11,20.259907081013303
733,0.00012287797470638686,0.00012287795425270907,2.0453677780369093e-11,20.45367778036909
734,0.00012288189638144398,0.00012288187575075577,2.0630688204916245e-11,20.630688204916247
735,0.00012288581805375276,0.0001228857972488025,2.080495025827131e-11,20.80495025827131
736,0.00012288973971998047,0.0001228897187468492,2.0973131265586392e-11,20.973131265586392
737,0.00012289366142476246,0.0001228936402448959,2.1179866556365168e-11,21.17986655636517
738,0.00012289758315254046,0.00012289756174294262,2.140959782943247e-11,21.40959782943247
739,0.00012290150485190482,0.00012290148324098932,2.1610915497480607e-11,21.610915497480608
740,0.0001229054265498547,0.00012290540473903604,2.181081866116441e-11,21.81081866116441
741,0.00012290934823546928,0.00012290932623708274,2.1998386531471195e-11,21.998386531471194
742,0.00012291326990486709,0.00012291324773512944,2.2169737637518408e-11,22.16973763751841
743,0.00012291719163729422,0.00012291716923317617,2.240411805081649e-11,22.40411805081649
744,0.0001229211133702148,0.00012292109073122287,2.263899193873338e-11,22.63899193873338
745,0.00012292503508062912,0.0001229250122292696,2.2851359524272946e-11,22.851359524272947
746,0.00012292895678797883,0.0001229289337273163,2.306066253105682e-11,23.06066253105682
747,0.0001229328784834571,0.000122932855225363,2.3258094093258117e-11,23.258094093258116
748,0.00012293680016697852,0.00012293677672340971,2.34435688028507e-11,23.443568802850702
749,0.00012294072191789822,0.0001229406982214564,2.3696441802083565e-11,23.696441802083566
750,0.00012294464365652795,0.0001229446197195031,2.393702482759022e-11,23.93702482759022
751,0.00012294856537795466,0.00012294854121754984,2.4160404817226047e-11,24.16040481722605
752,0.00012295248709206274,0.00012295246271559654,2.437646619825211e-11,24.37646619825211
753,0.00012295640878832092,0.00012295638421364326,2.457467765418113e-11,24.57467765418113
754,0.00012296033049163523,0.00012296030571168996,2.477994526047901e-11,24.77994526047901
755,0.00012296425225648188,0.00012296422720973666,2.5046745216088212e-11,25.046745216088212
756,0.00012296817399903417,0.00012296814870778338,2.5291250776634702e-11,25.2912507766347
757,0.0001229720957316282,0.00012297207020583008,2.552579810285724e-11,25.52579810285724
758,0.0001229760174548995,0.0001229759917038768,2.575102267275417e-11,25.75102267275417
759,0.00012297993916621542,0.0001229799132019235,2.596429190792543e-11,25.96429190792543
760,0.0001229838608917562,0.0001229838346999702,2.6191785984019917e-11,26.191785984019916
761,0.00012298778266983654,0.00012298775619801693,2.647181960292626e-11,26.47181960292626
762,0.00012299170441492895,0.00012299167769606363,2.671886531363761e-11,26.71886531363761
763,0.00012299562615964842,0.00012299559919411033,2.6965538085906682e-11,26.965538085906683
764,0.00012299954788952232,0.00012299952069215705,2.719736525729867e-11,27.19736525729867
765,0.00012300347374123187,0.00012300344219020375,3.1551028113957464e-11,31.551028113957464
766,0.00012300740140074615,0.00012300736368825048,3.771249566323559e-11,37.71249566323559
767,0.00012301132385233486,0.00012301128518629718,3.8666037677463947e-11,38.66603767746395
768,0.00012301524504637618,0.00012301520668434388,3.836203229431384e-11,38.36203229431384
769,0.0001230191656724379,0.0001230191281823906,3.7490047301421525e-11,37.49004730142153
770,0.00012302308651435237,0.0001230230496804373,3.683391506195223e-11,36.83391506195223
771,0.00012302700735612103,0.000123026971178484,3.617763702439579e-11,36.17763702439579
772,0.0001230309282179542,0.00012303089267653072,3.5541423476188855e-11,35.541423476188854
773,0.0001230348490937091,0.00012303481417457742,3.491913168018783e-11,34.91913168018783
774,0.00012303876996716125,0.00012303873567262415,3.429453709298255e-11,34.29453709298255
775,0.00012304269090165966,0.00012304265717067085,3.373098880725467e-11,33.73098880725467
776,0.00012304661184846328,0.00012304657866871754,3.317974572829352e-11,33.17974572829352
777,0.00012305053279889087,0.00012305050016676427,3.26321265950939e-11,32.6321265950939
778,0.00012305445375367392,0.00012305442166481097,3.208886294596665e-11,32.088862945966646
779,0.00012305837470511676,0.0001230583431628577,3.1542259059681347e-11,31.542259059681346
780,0.00012306229566986628,0.0001230622646609044,3.100896188481456e-11,31.008961884814557
781,0.00012306621664094237,0.0001230661861589511,3.048199127356971e-11,30.481991273569708
782,0.00012307013761135796,0.00012307010765699782,2.995436013925633e-11,29.954360139256327
783,0.000123074058573585,0.00012307402915504452,2.941854048672009e-11,29.418540486720087
784,0.00012307797956375701,0.00012307795065309121,2.8910665792813956e-11,28.910665792813955
785,0.00012308190056004798,0.00012308187215113794,2.8408910037813734e-11,28.408910037813733
786,0.00012308582158652377,0.00012308579364918464,2.7937339121816812e-11,27.937339121816812
787,0.00012308974262023058,0.00012308971514723136,2.747299921089412e-11,27.47299921089412
788,0.00012309366364732634,0.00012309363664527806,2.700204826880448e-11,27.00204826880448
789,0.00012309758466893113,0.00012309755814332476,2.6525606357707232e-11,26.525606357707233
790,0.00012310150570268814,0.0001231014796413715,2.6061316645345126e-11,26.061316645345126
791,0.00012310542673617757,0.00012310540113941819,2.5596759378991904e-11,25.596759378991905
792,0.000123109347774631,0.0001231093226374649,2.51371660780753e-11,25.1371660780753
793,0.00012311326881000117,0.0001231132441355116,2.4674489550125634e-11,24.674489550125635
794,0.00012311718984154185,0.0001231171656335583,2.4207983538787587e-11,24.207983538787587
795,0.00012312111090787621,0.00012312108713160503,2.3776271174362804e-11,23.776271174362805
796,0.0001231250319971288,0.00012312500862965173,2.336747705493078e-11,23.36747705493078
797,0.00012312895307680928,0.00012312893012769843,2.2949110839778533e-11,22.949110839778534
798,0.0001231328741571828,0.00012313285162574516,2.253143764665494e-11,22.53143764665494
799,0.00012313679523699071,0.00012313677312379186,2.2113198852363014e-11,22.113198852363013
800,0.00012314071632341485,0.00012314069462183858,2.170157626630341e-11,21.70157626630341
801,0.00012314463740680252,0.00012314461611988528,2.128691723653449e-11,21.28691723653449
802,0.00012314855849530044,0.00012314853761793198,2.0877368458180307e-11,20.877368458180307
803,0.0001231524795765596,0.0001231524591159787,2.0460580895601308e-11,20.460580895601307
804,0.0001231564006824368,0.0001231563806140254,2.006841139018109e-11,20.06841139018109
805,0.0001231603218174965,0.00012316030211207213,1.970542437885571e-11,19.70542437885571
806,0.0001231642429545864,0.00012316422361011883,1.9344467563203363e-11,19.344467563203363
807,0.00012316816408614858,0.00012316814510816553,1.8977983051194816e-11,18.977983051194816
808,0.00012317208520839566,0.00012317206660621225,1.8602183399380926e-11,18.602183399380927
809,0.00012317600634123717,0.00012317598810425895,1.8236978218830857e-11,18.236978218830856
810,0.00012317992745800057,0.00012317990960230565,1.7855694916374024e-11,17.855694916374024
811,0.00012318384859096352,0.00012318383110035237,1.749061113936222e-11,17.49061113936222
812,0.00012318776971610465,0.00012318775259839907,1.71177055755124e-11,17.1177055755124
813,0.00012319169086771837,0.0001231916740964458,1.6771272569532342e-11,16.771272569532343
814,0.0001231956120506419,0.0001231955955944925,1.645614939783481e-11,16.45614939783481
815,0.00012319953322791698,0.0001231995170925392,1.6135377776764118e-11,16.135377776764116
816,0.0001232034543989512,0.00012320343859058592,1.5808365271148165e-11,15.808365271148164
817,0.00012320737556369623,0.00012320736008863262,1.547506360688522e-11,15.47506360688522
818,0.00012321129673532787,0.00012321128158667934,1.514864852377136e-11,15.14864852377136
819,0.00012321521790252418,0.00012321520308472604,1.481779813220019e-11,14.817798132200188
820,0.0001232191390704973,0.00012321912458277274,1.4487724544380548e-11,14.487724544380548
821,0.00012322306023805228,0.00012322304608081947,1.4157232806888035e-11,14.157232806888034
822,0.00012322698144817475,0.00012322696757886617,1.3869308581410778e-11,13.869308581410777
823,0.0001232309026695965,0.00012323088907691286,1.3592683639924622e-11,13.592683639924621
824,0.00012323482388168662,0.0001232348105749596,1.3306727024549992e-11,13.306727024549991
825,0.0001232387450893346,0.0001232387320730063,1.3016328297349417e-11,13.016328297349418
826,0.00012324266629352472,0.00012324265357105301,1.272247169705508e-11,12.722471697055079
827,0.00012324658749960596,0.0001232465750690997,1.2430506243505155e-11,12.430506243505155
828,0.00012325050870169068,0.0001232504965671464,1.2134544258117122e-11,12.134544258117122
829,0.00012325442990313495,0.00012325441806519314,1.1837941807400748e-11,11.837941807400748
830,0.00012325835113741112,0.00012325833956323984,1.1574171275291798e-11,11.574171275291798
831,0.00012326227239788185,0.00012326226106128656,1.1336595284510531e-11,11.336595284510532
832,0.00012326619364576055,0.00012326618255933326,1.1086427288382855e-11,11.086427288382856
833,0.00012327011488891178,0.00012327010405737996,1.0831531818417437e-11,10.831531818417437
834,0.000123274036125415,0.00012327402555542668,1.0569988318885934e-11,10.569988318885935
835,0.00012327795736355449,0.00012327794705347338,1.0310081097273147e-11,10.310081097273146
836,0.00012328187859617323,0.00012328186855152008,1.0044653145303118e-11,10.044653145303117
837,0.00012328579982481217,0.0001232857900495668,9.775245358208437e-12,9.775245358208437
838,0.00012328972110407958,0.0001232897115476135,9.556466072071335e-12,9.556466072071334
839,0.00012329364239248736,0.00012329363304566023,9.346827125244317e-12,9.346827125244317
840,0.00012329756367486595,0.00012329755454370693,9.13115901145127e-12,9.13115901145127
841,0.0001233014849481501,0.00012330147604175363,8.906396474310144e-12,8.906396474310144
842,0.0001233054062207896,0.00012330539753980035,8.680989243452203e-12,8.680989243452203
843,0.00012330932749004744,0.00012330931903784705,8.45220038601828e-12,8.45220038601828
844,0.00012331324875659792,0.00012331324053589378,8.220704140234389e-12,8.220704140234389
845,0.0001233171700202606,0.00012331716203394048,7.986320121964083e-12,7.986320121964083
846,0.00012332109132830846,0.00012332108353198717,7.796321280651206e-12,7.796321280651206
847,0.00012332501265417396,0.0001233250050300339,7.62414005521063e-12,7.6241400552106295
848,0.00012332893395659015,0.0001233289265280806,7.42850954255321e-12,7.42850954255321
849,0.0001233328552565778,0.0001233328480261273,7.2304504983445875e-12,7.230450498344587
850,0.00012333677655876801,0.00012333676952417402,7.034593983744314e-12,7.0345939837443145
851,0.00012334069785940776,0.00012334069102222072,6.837187032932332e-12,6.8371870329323325
852,0.00012334461915341905,0.00012334461252026745,6.633151595298426e-12,6.6331515952984255
853,0.00012334854045489287,0.00012334853401831415,6.436578721217737e-12,6.436578721217737
854,0.0001233524617972574,0.00012335245551636084,6.280896559177393e-12,6.2808965591773935
855,0.00012335638314218354,0.00012335637701440757,6.127775960294818e-12,6.1277759602948185
856,0.0001233603044728623,0.00012336029851245427,5.960408023293937e-12,5.960408023293937
857,0.00012336422580439544,0.000123364220010501,5.793894437604974e-12,5.793894437604974
858,0.0001233681471415109,0.0001233681415085477,5.632963192061705e-12,5.6329631920617045
859,0.0001233720684591194,0.0001233720630065944,5.452525008136131e-12,5.4525250081361305
860,0.00012337598977349827,0.00012337598450464112,5.268857148569048e-12,5.268857148569048
861,0.0001233799111238608,0.00012337990600268782,5.121172983324804e-12,5.121172983324804
862,0.00012338383250440165,0.00012338382750073451,5.003667124765771e-12,5.003667124765771
863,0.0001233877538749373,0.00012338774899878124,4.876156058823661e-12,4.876156058823661
864,0.00012339167521645744,0.00012339167049682794,4.719629493026331e-12,4.719629493026331
865,0.00012339559658610438,0.00012339559199487466,4.591229706563435e-12,4.5912297065634355
866,0.00012339951793514736,0.00012339951349292136,4.4422259859601135e-12,4.442225985960113
867,0.00012340343928079163,0.00012340343499096806,4.289823562596593e-12,4.289823562596593
868,0.00012340736064693535,0.0001234073564890148,4.15792055628407e-12,4.15792055628407
869,0.00012341128204306504,0.00012341127798706149,4.056003546296414e-12,4.056003546296414
870,0.00012341520342706665,0.00012341519948510818,3.941958461071954e-12,3.941958461071954
871,0.00012341912482064706,0.0001234191209831549,3.837492139411078e-12,3.837492139411078
872,0.00012342304621269326,0.0001234230424812016,3.731491644571081e-12,3.7314916445710806
873,0.00012342696758744375,0.00012342696397924833,3.6081954145745085e-12,3.6081954145745083
874,0.00012343088895011797,0.00012343088547729503,3.472822934204978e-12,3.472822934204978
875,0.00012343481032866727,0.00012343480697534173,3.3533255317803604e-12,3.3533255317803605
876,0.0001234387317560174,0.00012343872847338846,3.2826289365010533e-12,3.2826289365010535
877,0.00012344265317446024,0.00012344264997143516,3.2030250782736916e-12,3.2030250782736918
878,0.00012344657458314255,0.00012344657146948188,3.113660662883475e-12,3.1136606628834747
879,0.0001234504959846487,0.00012345049296752858,3.0171201030489567e-12,3.0171201030489567
880,0.00012345441739580645,0.00012345441446557528,2.930231165164013e-12,2.930231165164013
881,0.00012345833878627625,0.000123458335963622,2.822654240365222e-12,2.822654240365222
882,0.00012346226017335532,0.0001234622574616687,2.711686608797254e-12,2.7116866087972538
883,0.00012346618163192367,0.00012346617895971543,2.672208232716897e-12,2.672208232716897
884,0.0001234701030637644,0.00012347010045776213,2.6060022673107533e-12,2.6060022673107532
885,0.00012347402449573247,0.00012347402195580882,2.539923641449768e-12,2.539923641449768
886,0.00012347794592435193,0.00012347794345385555,2.4704963758638984e-12,2.4704963758638985
887,0.00012348186734316356,0.00012348186495190225,2.3912613090055076e-12,2.3912613090055075
888,0.0001234857887534595,0.00012348578644994895,2.3035105388136554e-12,2.303510538813655
889,0.00012348971016802043,0.00012348970794799567,2.220024748917818e-12,2.220024748917818
890,0.00012349363164658404,0.00012349362944604237,2.2005416629833077e-12,2.2005416629833077
891,0.00012349755310079702,0.0001234975509440891,2.156707911250805e-12,2.156707911250805
892,0.00012350147458325817,0.0001235014724421358,2.1411223694960543e-12,2.1411223694960544
893,0.00012350539599363192,0.0001235053939401825,2.053449417915132e-12,2.0534494179151324
894,0.00012350931737325238,0.00012350931543822922,1.9350231530268216e-12,1.9350231530268216
895,0.00012351323881506747,0.00012351323693627592,1.8787915494519472e-12,1.8787915494519472
896,0.0001235171602438276,0.00012351715843432262,1.8095049862030119e-12,1.809504986203012
897,0.0001235210817340625,0.00012352107993236934,1.801693146919928e-12,1.801693146919928
898,0.00012352500321724587,0.00012352500143041604,1.7868298193373242e-12,1.7868298193373242
899,0.00012352892467867163,0.00012352892292846277,1.7502088580825528e-12,1.7502088580825528
900,0.00012353284614495722,0.00012353284442650947,1.7184477517507848e-12,1.7184477517507848
901,0.0001235367676146629,0.00012353676592455616,1.690106734067068e-12,1.6901067340670681
902,0.0001235406890699971,0.0001235406874226029,1.6473942100112413e-12,1.6473942100112413
903,0.00012354461053380709,0.0001235446089206496,1.6131574906489285e-12,1.6131574906489285
904,0.0001235485320408588,0.00012354853041869631,1.6221624673177784e-12,1.6221624673177784
905,0.00012355245354279208,0.000123552451916743,1.6260490610555958e-12,1.6260490610555958
906,0.00012355637502774753,0.0001235563734147897,1.612957807713811e-12,1.612957807713811
907,0.00012356029651535856,0.00012356029491283644,1.6025221178581492e-12,1.6025221178581492
908,0.0001235642179936327,0.00012356421641088314,1.5827495499435854e-12,1.5827495499435853
909,0.0001235681394645056,0.00012356813790892983,1.5555757572137122e-12,1.555575757213712
910,0.0001235720609583383,0.00012357205940697656,1.5513617344198041e-12,1.551361734419804
911,0.00012357598249046088,0.00012357598090502326,1.5854376123898287e-12,1.5854376123898286
912,0.00012357990400389287,0.00012357990240306998,1.600822874898267e-12,1.600822874898267
913,0.0001235838255086209,0.00012358382390111668,1.6075042165761003e-12,1.6075042165761002
914,0.00012358774701137863,0.00012358774539916338,1.6122152376458757e-12,1.6122152376458756
915,0.00012359166850597097,0.0001235916668972101,1.6087608611041196e-12,1.6087608611041195
916,0.00012359558998799108,0.0001235955883952568,1.5927342659056018e-12,1.5927342659056019
917,0.00012359951152638094,0.00012359950989330353,1.6330774016387331e-12,1.633077401638733
918,0.0001236034330732275,0.00012360343139135023,1.6818772601071427e-12,1.6818772601071428
919,0.0001236073545949862,0.00012360735288939693,1.7055892766154326e-12,1.7055892766154326
920,0.00012361127612080572,0.00012361127438744365,1.7333620639405498e-12,1.7333620639405498
921,0.00012361519763691523,0.00012361519588549035,1.7514248721341583e-12,1.7514248721341583
922,0.0001236191191451919,0.00012361911738353705,1.761654834627591e-12,1.7616548346275909
923,0.00012362304066423842,0.00012362303888158378,1.7826546380862454e-12,1.7826546380862454
924,0.0001236269622292423,0.00012362696037963047,1.84961182007265e-12,1.84961182007265
925,0.0001236308837817036,0.0001236308818776772,1.9040263821216016e-12,1.9040263821216017
926,0.00012363480532028226,0.0001236348033757239,1.9445583587681256e-12,1.9445583587681257
927,0.00012363872685839598,0.0001236387248737706,1.984625375312979e-12,1.9846253753129792
928,0.00012364264838728284,0.00012364264637181732,2.0154655061093293e-12,2.0154655061093294
929,0.00012364656990394726,0.00012364656786986402,2.0340832360798702e-12,2.03408323607987
930,0.00012365049148556,0.00012365048936791075,2.1176492569364716e-12,2.1176492569364718
931,0.00012365441304715413,0.00012365441086595745,2.181196677300518e-12,2.181196677300518
932,0.00012365833460310148,0.00012365833236400414,2.239097328804771e-12,2.2390973288047706
933,0.0001236622561656188,0.00012366225386205087,2.303567920213634e-12,2.3035679202136343
934,0.0001236661777005534,0.00012366617536009757,2.3404558120432714e-12,2.3404558120432712
935,0.00012367009925107203,0.00012367009685814427,2.392927754849672e-12,2.3929277548496724
936,0.00012367402081497772,0.000123674018356191,2.458786721350512e-12,2.4587867213505117
937,0.00012367794241135302,0.0001236779398542377,2.5571153203028388e-12,2.557115320302839
938,0.00012368186398666492,0.00012368186135228442,2.6343805002340406e-12,2.6343805002340406
939,0.00012368578555371022,0.00012368578285033112,2.703379099385964e-12,2.703379099385964
940,0.0001236897071216455,0.00012368970434837781,2.7732676658911717e-12,2.7732676658911717
941,0.00012369362866792658,0.00012369362584642454,2.8215020316114672e-12,2.8215020316114674
942,0.00012369755023425655,0.00012369754734447124,2.8897853012750388e-12,2.889785301275039
943,0.0001237014718637879,0.00012370146884251796,3.0212699410742536e-12,3.0212699410742534
944,0.0001237053934635984,0.00012370539034056466,3.1230337261898836e-12,3.1230337261898837
945,0.00012370931504792604,0.00012370931183861136,3.2093146706015516e-12,3.2093146706015516
946,0.0001237132366336069,0.0001237132333366581,3.2969488077446987e-12,3.2969488077446987
947,0.0001237171582092404,0.00012371715483470479,3.3745356162503684e-12,3.3745356162503684
948,0.00012372107974998114,0.00012372107633275148,3.4172296546591543e-12,3.4172296546591543
949,0.00012372500138219946,0.0001237249978307982,3.5514012455973856e-12,3.551401245597386
950,0.00012372892300612501,0.0001237289193288449,3.677280099378927e-12,3.677280099378927
951,0.00012373284461499132,0.00012373284082689163,3.788099683140242e-12,3.788099683140242
952,0.0001237367662046208,0.00012373676232493833,3.879682457490527e-12,3.879682457490527
953,0.00012374068780484601,0.00012374068382298503,3.981860977042187e-12,3.9818609770421873
954,0.00012374460937980517,0.00012374460532103176,4.058773411796571e-12,4.058773411796571
955,0.00012374853099015752,0.00012374852681907845,4.1710790572656034e-12,4.171079057265604
956,0.00012375245263537499,0.00012375244831712518,4.318249798571067e-12,4.318249798571067
957,0.0001237563742565262,0.00012375636981517188,4.4413543145184894e-12,4.441354314518489
958,0.00012376029587171194,0.00012376029131321858,4.5584933603775166e-12,4.558493360377517
959,0.00012376421748407383,0.0001237642128112653,4.672808520363142e-12,4.672808520363143
960,0.00012376813908284055,0.000123768134309312,4.7735285440473205e-12,4.773528544047321
961,0.00012377206068333278,0.0001237720558073587,4.875974075489009e-12,4.875974075489009
962,0.00012377598234855587,0.00012377597730540543,5.0431504339660124e-12,5.043150433966012
963,0.00012377990399238068,0.00012377989880345212,5.1889285446859726e-12,5.1889285446859725
964,0.00012378382561536888,0.00012378382030149885,5.313870024374237e-12,5.313870024374237
965,0.00012378774724258038,0.00012378774179954555,5.443034823890039e-12,5.443034823890039
966,0.0001237916688554289,0.00012379166329759225,5.557836655125839e-12,5.557836655125839
967,0.00012379559047858828,0.00012379558479563897,5.682949303232085e-12,5.6829493032320855
968,0.00012379951215617154,0.00012379950629368567,5.8624858646310204e-12,5.8624858646310205
969,0.00012380343380351505,0.0001238034277917324,6.011782645081565e-12,6.011782645081565
970,0.00012380735544348015,0.0001238073492897791,6.1537010502775855e-12,6.1537010502775855
971,0.00012381127708612904,0.0001238112707878258,6.298303235321268e-12,6.298303235321268
972,0.00012381519870655248,0.00012381519228587252,6.420679953455355e-12,6.420679953455355
973,0.00012381912032571969,0.00012381911378391922,6.541800460742292e-12,6.541800460742293
974,0.0001238230420303109,0.00012382303528196592,6.748344986148819e-12,6.748344986148819
975,0.0001238269636902719,0.00012382695678001264,6.910259250696827e-12,6.910259250696827
976,0.00012383088534914392,0.00012383087827805934,7.071084569687844e-12,7.071084569687844
977,0.00012383480699799243,0.00012383479977610607,7.22188635827907e-12,7.22188635827907
978,0.0001238387286413875,0.00012383872127415277,7.367234718362911e-12,7.367234718362911
979,0.0001238426502677521,0.00012384264277219946,7.49555262045673e-12,7.49555262045673
980,0.00012384657197304886,0.0001238465642702462,7.702802663321948e-12,7.702802663321948
981,0.00012385049365451584,0.0001238504857682929,7.886222945322943e-12,7.8862229453229435
982,0.00012385441532011663,0.00012385440726633961,8.053777012731786e-12,8.053777012731786
983,0.00012385833698194,0.0001238583287643863,8.217553692666635e-12,8.217553692666636
984,0.0001238622586345777,0.000123862250262433,8.372144686535535e-12,8.372144686535535
985,0.0001238661802800577,0.00012386617176047974,8.519577967397066e-12,8.519577967397066
986,0.000123870101990473,0.00012387009325852644,8.731946555823642e-12,8.731946555823642
987,0.00012387402368383687,0.00012387401475657313,8.927263734053212e-12,8.927263734053213
988,0.00012387794536366752,0.00012387793625461986,9.10904765682033e-12,9.10904765682033
989,0.0001238818670384028,0.00012388185775266656,9.28573623595258e-12,9.28573623595258
990,0.00012388578870215855,0.00012388577925071328,9.451445262314395e-12,9.451445262314396
991,0.0001238897103612471,0.00012388970074875998,9.612487123584313e-12,9.612487123584312
992,0.0001238936320829668,0.00012389362224680668,9.836160118857254e-12,9.836160118857254
993,0.00012389755378810802,0.0001238975437448534,1.0043254605815774e-11,10.043254605815774
994,0.00012390147547937245,0.0001239014652429001,1.0236472334958544e-11,10.236472334958544
995,0.00012390539716429177,0.0001239053867409468,1.0423344960622222e-11,10.423344960622222
996,0.00012390931883809835,0.00012390930823899353,1.0599104812173521e-11,10.599104812173522
997,0.00012391324051256794,0.00012391322973704023,1.0775527707563404e-11,10.775527707563404
998,0.00012391716224685527,0.00012391715123508695,1.1011768313633874e-11,11.011768313633874
999,0.0001239210839598433,0.00012392107273313365,1.1226709632500595e-11,11.226709632500596
1000,0.00012392500566240811,0.00012392499423118035,1.1431227756941692e-11,11.431227756941693
1001,0.00012392892735659785,0.00012392891572922708,1.1627370771966045e-11,11.627370771966046
1002,0.0001239328490394376,0.00012393283722727377,1.1812163816547733e-11,11.812163816547733
1003,0.000123936770730846,0.0001239367587253205,1.2005525500633954e-11,12.005525500633954
1004,0.00012394069247768284,0.0001239406802233672,1.2254315638430727e-11,12.254315638430727
1005,0.00012394461419684236,0.0001239446017214139,1.247542845290367e-11,12.47542845290367
1006,0.0001239485359107543,0.00012394852321946062,1.2691293674651674e-11,12.691293674651675
1007,0.00012395245761330492,0.00012395244471750732,1.2895797596044312e-11,12.895797596044313
1008,0.00012395637930396458,0.00012395636621555402,1.3088410557215269e-11,13.08841055721527
1009,0.00012396030101537658,0.00012396028771360075,1.3301775825593956e-11,13.301775825593957
1010,0.00012396422277548372,0.00012396420921164744,1.35638362727213e-11,13.5638362727213
1011,0.00012396814448546037,0.00012396813070969417,1.3775766192948888e-11,13.775766192948888
1012,0.0001239720662101275,0.00012397205220774087,1.4002386618932786e-11,14.002386618932785
1013,0.00012397598792041577,0.00012397597370578757,1.4214628193074855e-11,14.214628193074855
1014,0.00012397990961743435,0.0001239798952038343,1.4413600054197548e-11,14.413600054197548
1015,0.00012398383135718476,0.000123983816701881,1.4655303765279793e-11,14.655303765279793
1016,0.00012398775311835323,0.00012398773819992772,1.4918425510808728e-11,14.918425510808728
1017,0.0001239916748561196,0.00012399165969797442,1.5158145186125433e-11,15.158145186125433
1018,0.0001239955965875656,0.00012399558119602111,1.539154447777258e-11,15.391544477772579
1019,0.00012399951830583417,0.00012399950269406784,1.5611766322005227e-11,15.611766322005227
1020,0.0001240034441187578,0.00012400342419211454,1.9926643255406176e-11,19.926643255406177
1021,0.00012400737180768596,0.00012400734569016124,2.6117524721732857e-11,26.117524721732856
1022,0.00012401129429223616,0.00012401126718820796,2.7104028189623195e-11,27.104028189623193
1023,0.00012401521550661114,0.00012401518868625466,2.682035647611697e-11,26.82035647611697
1024,0.00012401913615772998,0.0001240191101843014,2.5973428588053183e-11,25.97342858805318
1025,0.00012402305700590484,0.00012402303168234809,2.5323556748768253e-11,25.323556748768254
1026,0.00012402697789370246,0.00012402695318039478,2.4713307674188e-11,24.713307674188002
1027,0.00012403089877930344,0.0001240308746784415,2.410086192469113e-11,24.10086192469113
1028,0.00012403481967929148,0.0001240347961764882,2.35028032669726e-11,23.5028032669726
1029,0.00012403874060753757,0.00012403871767453493,2.2933002631261482e-11,22.93300263126148
1030,0.00012404266156355265,0.00012404263917258163,2.239097101527293e-11,22.39097101527293
1031,0.00012404658253130382,0.00012404656067062833,2.1860675481225722e-11,21.860675481225723
1032,0.00012405050350466868,0.00012405048216867506,2.133599362076699e-11,21.335993620766992
1033,0.00012405442447590472,0.00012405440366672175,2.080918295644764e-11,20.80918295644764
1034,0.0001240583454518161,0.00012405832516476845,2.0287047642946588e-11,20.287047642946586
1035,0.00012406226643674783,0.00012406224666281518,1.9773932647575127e-11,19.773932647575126
1036,0.00012406618743083996,0.00012406616816086188,1.9269978076358996e-11,19.269978076358996
1037,0.0001240701084206985,0.0001240700896589086,1.876178988539469e-11,18.761789885394688
1038,0.0001240740294152011,0.0001240740111569553,1.825824579312106e-11,18.258245793121063
1039,0.00012407795042145603,0.000124077932655002,1.7766454018716308e-11,17.766454018716306
1040,0.00012408187145832145,0.00012408185415304873,1.7305272713982717e-11,17.305272713982717
1041,0.00012408579250991348,0.00012408577565109542,1.6858818046042834e-11,16.858818046042835
1042,0.00012408971355354825,0.00012408969714914215,1.640440609309843e-11,16.40440609309843
1043,0.00012409363459872522,0.00012409361864718885,1.5951536363534275e-11,15.951536363534276
1044,0.00012409755564765513,0.00012409754014523555,1.5502419572685125e-11,15.502419572685126
1045,0.0001241014766971758,0.00012410146164328227,1.5053893509389654e-11,15.053893509389654
1046,0.0001241053977478949,0.00012410538314132897,1.460656592317565e-11,14.60656592317565
1047,0.0001241093188036016,0.00012410930463937567,1.4164225910900566e-11,14.164225910900566
1048,0.00012411323983976073,0.0001241132261374224,1.3702338329766764e-11,13.702338329766764
1049,0.0001241171609354426,0.0001241171476354691,1.3299973502112525e-11,13.299973502112525
1050,0.00012412108204200553,0.00012412106913351582,1.2908489700356296e-11,12.908489700356297
1051,0.00012412500314414182,0.00012412499063156252,1.251257929086519e-11,12.512579290865188
1052,0.0001241289242399934,0.00012412891212960922,1.2110384167955998e-11,12.110384167956
1053,0.0001241328453416144,0.00012413283362765594,1.1713958464277363e-11,11.713958464277363
1054,0.00012413676644183812,0.00012413675512570264,1.1316135467943883e-11,11.316135467943884
1055,0.00012414068754054822,0.00012414067662374937,1.091679884406245e-11,10.91679884406245
1056,0.00012414460863504443,0.00012414459812179607,1.0513248360017436e-11,10.513248360017435
1057,0.00012414852973539106,0.00012414851961984276,1.0115548285105261e-11,10.11554828510526
1058,0.0001241524508729676,0.0001241524411178895,9.755078113598034e-12,9.755078113598035
1059,0.00012415637201136642,0.0001241563626159362,9.395430228123475e-12,9.395430228123475
1060,0.000124160293159992,0.0001241602841139829,9.04600910674594e-12,9.04600910674594
1061,0.0001241642143010651,0.0001241642056120296,8.689035487244978e-12,8.689035487244979
1062,0.0001241681354358097,0.0001241681271100763,8.32573337966322e-12,8.32573337966322
1063,0.00012417205658470765,0.00012417204860812304,7.976584609871412e-12,7.976584609871413
1064,0.0001241759777255544,0.00012417597010616973,7.619384663166945e-12,7.6193846631669455
1065,0.0001241798988663902,0.00012417989160421643,7.262173766020536e-12,7.262173766020536
1066,0.00012418381998707034,0.00012418381310226316,6.88480717101686e-12,6.884807171016861
1067,0.00012418774117677894,0.00012418773460030986,6.5764690720400146e-12,6.576469072040014
1068,0.00012419166237450188,0.00012419165609835658,6.276145287101964e-12,6.276145287101964
1069,0.00012419558355995284,0.00012419557759640328,5.963549553298822e-12,5.963549553298822
1070,0.00012419950473656555,0.00012419949909444998,5.642115566015904e-12,5.642115566015904
1071,0.00012420342592015042,0.0001242034205924967,5.32765370343348e-12,5.32765370343348
1072,0.0001242073471022105,0.0001242073420905434,5.011667100230835e-12,5.011667100230835
1073,0.00012421126828082653,0.0001242112635885901,4.692236420407073e-12,4.692236420407073
1074,0.00012421518945606537,0.00012421518508663683,4.369428532131181e-12,4.369428532131181
1075,0.0001242191106546247,0.00012421910658468353,4.069941154959095e-12,4.069941154959095
1076,0.00012422303188358444,0.00012422302808273025,3.800854183287253e-12,3.800854183287253
1077,0.00012422695310889526,0.00012422694958077695,3.528118302098857e-12,3.5281183020988567
1078,0.00012423087432383492,0.00012423087107882365,3.245011268189116e-12,3.245011268189116
1079,0.00012423479554040412,0.00012423479257687038,2.9635337359345124e-12,2.9635337359345124
1080,0.00012423871675561277,0.00012423871407491707,2.6806956925837652e-12,2.680695692583765
1081,0.00012424263797372189,0.0001242426355729638,2.400758079779797e-12,2.400758079779797
1082,0.00012424655918469025,0.0001242465570710105,2.1136797488375134e-12,2.113679748837513
1083,0.00012425048039873865,0.0001242504785690572,1.829681446531881e-12,1.829681446531881
1084,0.00012425440166012947,0.00012425440006710392,1.59302553681924e-12,1.59302553681924
1085,0.00012425832292430527,0.00012425832156515062,1.359154644332117e-12,1.359154644332117
1086,0.00012426224417189387,0.00012426224306319732,1.1086965428081383e-12,1.1086965428081383
1087,0.00012426616542100203,0.00012426616456124405,8.597579777339523e-13,0.8597579777339522
1088,0.00012427008667028418,0.00012427008605929074,6.109934271084502e-13,0.6109934271084502
1089,0.00012427400790671452,0.00012427400755733747,3.493770420859024e-13,0.3493770420859024
1090,0.00012427792916373565,0.00012427792905538417,1.0835147235749326e-13,0.10835147235749326
1091,0.00012428185041251635,0.00012428185055343087,-1.4091452177278335e-13,-0.14091452177278335
1092,0.0001242857717015382,0.0001242857720514776,-3.4993940359435955e-13,-0.34993940359435954
1093,0.00012428969299628262,0.0001242896935495243,-5.532416766141771e-13,-0.5532416766141771
1094,0.00012429361427821365,0.000124293615047571,-7.693573490640257e-13,-0.7693573490640258
1095,0.00012429753555796583,0.00012429753654561772,-9.876518884098098e-13,-0.9876518884098099
1096,0.00012430145683929995,0.00012430145804366441,-1.2043644683657204e-12,-1.2043644683657204
1097,0.0001243053781142179,0.00012430537954171114,-1.4274932483581829e-12,-1.4274932483581828
1098,0.0001243092993790041,0.00012430930103975784,-1.6607537350221965e-12,-1.6607537350221966
1099,0.00012431322067632446,0.00012431322253780454,-1.86148007920546e-12,-1.86148007920546
1100,0.00012431714200015185,0.00012431714403585126,-2.035699414994929e-12,-2.035699414994929
1101,0.00012432106332466581,0.00012432106553389796,-2.209232152653617e-12,-2.209232152653617
1102,0.00012432498463391223,0.00012432498703194469,-2.3980324626749203e-12,-2.3980324626749203
1103,0.00012432890594505426,0.00012432890852999138,-2.5849371265127954e-12,-2.5849371265127954
1104,0.0001243328272518041,0.00012433283002803808,-2.7762340017716267e-12,-2.7762340017716265
1105,0.00012433674855199658,0.0001243367515260848,-2.9740882401898675e-12,-2.9740882401898676
1106,0.0001243406698324842,0.0001243406730241315,-3.191647310991946e-12,-3.191647310991946
1107,0.00012434459119469162,0.00012434459452217823,-3.3274866217118945e-12,-3.3274866217118944
1108,0.00012434851254065793,0.00012434851602022493,-3.4795670099251327e-12,-3.4795670099251326
1109,0.00012435243387346782,0.00012435243751827163,-3.644803812030722e-12,-3.6448038120307222
1110,0.00012435635520393083,0.00012435635901631836,-3.812387532368982e-12,-3.8123875323689824
1111,0.0001243602765554369,0.00012436028051436505,-3.9589281624768516e-12,-3.9589281624768518
1112,0.000124364197890166,0.00012436420201241175,-4.122245764106816e-12,-4.1222457641068155
1113,0.0001243681192012999,0.00012436812351045848,-4.309158586566039e-12,-4.309158586566039
1114,0.0001243720405464743,0.00012437204500850518,-4.4620308760460606e-12,-4.462030876046061
1115,0.0001243759619316107,0.0001243759665065519,-4.5749412081717425e-12,-4.574941208171743
1116,0.00012437988331022136,0.0001243798880045986,-4.6943772447533974e-12,-4.694377244753397
1117,0.00012438380467333972,0.0001243838095026453,-4.829305581702969e-12,-4.829305581702969
1118,0.0001243877260200073,0.00012438773100069203,-4.980684735056098e-12,-4.980684735056098
1119,0.00012439164738946632,0.00012439165249873872,-5.109272413755486e-12,-5.109272413755486
1120,0.0001243955687300628,0.00012439557399678542,-5.26672263848861e-12,-5.26672263848861
1121,0.00012439949007798506,0.00012439949549483215,-5.4168470988776304e-12,-5.41684709887763
1122,0.00012440341147977076,0.00012440341699287885,-5.513108097181973e-12,-5.5131080971819735
1123,0.00012440733288278223,0.00012440733849092557,-5.6081433507202125e-12,-5.608143350720212
1124,0.00012441125426937693,0.00012441125998897227,-5.7195953496087384e-12,-5.719595349608738
1125,0.00012441517564792457,0.00012441518148701897,-5.839094405441669e-12,-5.839094405441669
1126,0.0001244190970339164,0.0001244191029850657,-5.95114930205326e-12,-5.95114930205326
1127,0.00012442301840171534,0.0001244230244831124,-6.081397056909049e-12,-6.081397056909049
1128,0.00012442693976962875,0.00012442694598115912,-6.211530374225532e-12,-6.211530374225532
1129,0.0001244308611861858,0.00012443086747920582,-6.293020012396552e-12,-6.2930200123965525
1130,0.000124434782610201,0.00012443478897725252,-6.367051532243262e-12,-6.367051532243262
1131,0.0001244387040215169,0.00012443871047529924,-6.453782339241348e-12,-6.453782339241348
1132,0.00012444262542309761,0.00012444263197334594,-6.550248333071454e-12,-6.550248333071454
1133,0.00012444654683227462,0.00012444655347139264,-6.639118027010365e-12,-6.639118027010365
1134,0.00012445046822381951,0.00012445047496943937,-6.74561985693492e-12,-6.74561985693492
1135,0.0001244543896135501,0.00012445439646748606,-6.8539359636698574e-12,-6.853935963669858
1136,0.00012445831103951525,0.0001244583179655328,-6.926017545909352e-12,-6.926017545909351
1137,0.00012446223249417389,0.0001244622394635795,-6.9694056092338e-12,-6.9694056092338
1138,0.00012446615392169144,0.00012446616096162619,-7.039934749487567e-12,-7.039934749487567
1139,0.00012447007535357636,0.0001244700824596729,-7.106096560760236e-12,-7.1060965607602355
1140,0.00012447399677613778,0.0001244740039577196,-7.1815818330899225e-12,-7.181581833089923
1141,0.00012447791819328506,0.00012447792545576634,-7.26248128580835e-12,-7.2624812858083505
1142,0.0001244818395922811,0.00012448184695381303,-7.361531936302498e-12,-7.361531936302498
1143,0.0001244857610605866,0.00012448576845185973,-7.391273146881871e-12,-7.391273146881871
1144,0.00012448968252551902,0.00012448968994990646,-7.424387445945118e-12,-7.4243874459451185
1145,0.0001244936039779453,0.00012449361144795316,-7.47000785443766e-12,-7.47000785443766
1146,0.0001244975254265969,0.00012449753294599986,-7.519402967003818e-12,-7.519402967003819
1147,0.00012450144688682584,0.00012450145444404658,-7.557220751931742e-12,-7.557220751931742
1148,0.00012450536831081006,0.00012450537594209328,-7.631283225750476e-12,-7.631283225750476
1149,0.0001245092896809701,0.00012450929744014,-7.759169913535243e-12,-7.759169913535244
1150,0.00012451321114656148,0.0001245132189381867,-7.791625234518054e-12,-7.791625234518054
1151,0.0001245171326477704,0.0001245171404362334,-7.788462996251674e-12,-7.788462996251674
1152,0.000124521054120715,0.00012452106193428013,-7.813565122575416e-12,-7.813565122575416
1153,0.00012452497558757176,0.00012452498343232683,-7.844755071202719e-12,-7.8447550712027185
1154,0.00012452889705187427,0.00012452890493037355,-7.87849929172818e-12,-7.87849929172818
1155,0.00012453281850869206,0.00012453282642842025,-7.919728193531178e-12,-7.919728193531178
1156,0.0001245367399563217,0.00012453674792646695,-7.970145247960067e-12,-7.970145247960067
1157,0.00012454066145450006,0.00012454066942451368,-7.970013625816327e-12,-7.970013625816327
1158,0.0001245445829702358,0.00012454459092256037,-7.952324569216629e-12,-7.9523245692166284
1159,0.00012454850445517022,0.00012454851242060707,-7.96543685608056e-12,-7.96543685608056
1160,0.0001245524259425685,0.0001245524339186538,-7.976085293507517e-12,-7.976085293507517
1161,0.00012455634742288723,0.0001245563554167005,-7.993813272965208e-12,-7.993813272965208
1162,0.00012456026889596099,0.00012456027691474722,-8.018786243705153e-12,-8.018786243705152
1163,0.00012456419036953377,0.00012456419841279392,-8.043260156185103e-12,-8.043260156185102
1164,0.00012456811189327796,0.00012456811991084062,-8.017562667343394e-12,-8.017562667343395
1165,0.00012457203341429955,0.00012457204140888735,-7.994587799892177e-12,-7.9945877998921775
1166,0.00012457595491553318,0.00012457596290693404,-7.99140086892132e-12,-7.991400868921319
1167,0.00012457987641995515,0.00012457988440498077,-7.985025624621833e-12,-7.985025624621833
1168,0.00012458379791458274,0.00012458380590302747,-7.988444737487929e-12,-7.988444737487929
1169,0.00012458771940140507,0.00012458772740107417,-7.999669103108911e-12,-7.999669103108911
1170,0.00012459164090905934,0.0001245916488991209,-7.990061553977648e-12,-7.990061553977648
1171,0.0001245955624563541,0.0001245955703971676,-7.940813486331133e-12,-7.940813486331133
1172,0.00012459948398544176,0.0001245994918952143,-7.909772534187384e-12,-7.909772534187384
1173,0.00012460340550451057,0.00012460341339326102,-7.888750450374085e-12,-7.888750450374085
1174,0.00012460732702181893,0.0001246073348913077,-7.86948878562825e-12,-7.869488785628251
1175,0.00012461124852486218,0.00012461125638935444,-7.864492267021405e-12,-7.864492267021405
1176,0.00012461517001960404,0.00012461517788740114,-7.867797104978521e-12,-7.867797104978521
1177,0.00012461909157782168,0.00012461909938544784,-7.807626161230138e-12,-7.8076261612301385
1178,0.00012462301314056465,0.00012462302088349456,-7.742929920244126e-12,-7.742929920244126
1179,0.00012462693467155185,0.00012462694238154126,-7.709989418789129e-12,-7.709989418789129
1180,0.00012463085620974924,0.00012463086387958799,-7.669838756046668e-12,-7.669838756046667
1181,0.00012463477773737002,0.00012463478537763468,-7.640264675232183e-12,-7.640264675232183
1182,0.00012463869926294572,0.00012463870687568138,-7.61273567076555e-12,-7.61273567076555
1183,0.00012464262080048792,0.0001246426283737281,-7.573240191395922e-12,-7.5732401913959215
1184,0.0001246465423726172,0.0001246465498717748,-7.499157605626888e-12,-7.499157605626888
1185,0.0001246504639382639,0.0001246504713698215,-7.431557600172417e-12,-7.431557600172416
1186,0.00012465438549119263,0.00012465439286786823,-7.376675611461852e-12,-7.376675611461852
1187,0.0001246583070401684,0.00012465831436591493,-7.325746542557007e-12,-7.325746542557007
1188,0.00012466222856982425,0.00012466223586396166,-7.294137414264767e-12,-7.2941374142647675
1189,0.0001246661501079061,0.00012466615736200835,-7.254102273263785e-12,-7.2541022732637845
1190,0.00012467007170002275,0.00012467007886005505,-7.1600323120247636e-12,-7.1600323120247635
1191,0.0001246739932900368,0.00012467400035810178,-7.068064998268952e-12,-7.0680649982689525
1192,0.00012467791485613924,0.00012467792185614848,-7.000009248431277e-12,-7.000009248431277
1193,0.00012468183642518762,0.00012468184335419518,-6.929007558660632e-12,-6.929007558660632
1194,0.0001246857579793012,0.0001246857648522419,-6.872940699605867e-12,-6.872940699605867
1195,0.0001246896795326347,0.0001246896863502886,-6.817653896909151e-12,-6.8176538969091505
1196,0.00012469360110010987,0.00012469360784833533,-6.748225465805946e-12,-6.7482254658059455
1197,0.00012469752272386078,0.00012469752934638202,-6.622521249889337e-12,-6.6225212498893375
1198,0.0001247014443023542,0.00012470145084442872,-6.5420745328930854e-12,-6.542074532893086
1199,0.00012470536588146718,0.00012470537234247545,-6.461008275670421e-12,-6.461008275670421
1200,0.0001247092874618588,0.00012470929384052215,-6.378663364615636e-12,-6.378663364615636
1201,0.00012471320903059135,0.00012471321533856887,-6.3079775300428906e-12,-6.307977530042891
1202,0.00012471713060760158,0.00012471713683661557,-6.229014001618599e-12,-6.229014001618599
1203,0.0001247210522185889,0.00012472105833466227,-6.116073366042196e-12,-6.116073366042196
1204,0.00012472497382494657,0.000124724979832709,-6.007762436372632e-12,-6.007762436372632
1205,0.00012472889542091133,0.0001247289013307557,-5.909844370572917e-12,-5.909844370572917
1206,0.00012473281700607408,0.00012473282282880242,-5.822728346542946e-12,-5.822728346542946
1207,0.0001247367385991973,0.00012473674432684912,-5.7276518120069894e-12,-5.7276518120069895
1208,0.00012474066017398755,0.00012474066582489582,-5.650908268846025e-12,-5.650908268846025
1209,0.0001247445818103514,0.00012474458732294254,-5.512591149586132e-12,-5.512591149586132
1210,0.00012474850344379362,0.00012474850882098924,-5.377195629920436e-12,-5.377195629920436
1211,0.00012475242506034337,0.00012475243031903594,-5.2586925764132594e-12,-5.258692576413259
1212,0.00012475634666105686,0.00012475635181708266,-5.156025813518275e-12,-5.156025813518275
1213,0.0001247602682616212,0.00012476027331512936,-5.053508182632116e-12,-5.0535081826321155
1214,0.00012476418984932523,0.0001247641948131761,-4.963850870025002e-12,-4.963850870025002
1215,0.0001247681114851567,0.0001247681163112228,-4.8260660940318e-12,-4.8260660940318
1216,0.0001247720331370254,0.00012477203780926949,-4.6722440976587895e-12,-4.67224409765879
1217,0.0001247759547635651,0.0001247759593073162,-4.543751124019168e-12,-4.543751124019169
1218,0.00012477987638510153,0.0001247798808053629,-4.420261391039862e-12,-4.420261391039862
1219,0.00012478379799836284,0.0001247838023034096,-4.305046776931942e-12,-4.305046776931942
1220,0.00012478771960094498,0.00012478772380145633,-4.200511364487624e-12,-4.200511364487625
1221,0.00012479164124189229,0.00012479164529950303,-4.057610753438495e-12,-4.057610753438495
1222,0.00012479556291143543,0.00012479556679754976,-3.886114337195115e-12,-3.886114337195115
1223,0.0001247994845457548,0.00012479948829559646,-3.749841670866824e-12,-3.749841670866824
1224,0.0001248034061808192,0.00012480340979364316,-3.6128239679106552e-12,-3.6128239679106553
1225,0.00012480732780463538,0.00012480733129168988,-3.4870545101283176e-12,-3.4870545101283175
1226,0.0001248112494166276,0.00012481125278973658,-3.3731089817683466e-12,-3.3731089817683464
1227,0.00012481517105379972,0.0001248151742877833,-3.233983589788866e-12,-3.233983589788866
1228,0.00012481909273808988,0.00012481909578583,-3.047740126645881e-12,-3.047740126645881
1229,0.00012482301439015867,0.0001248230172838767,-2.8937180407619387e-12,-2.8937180407619385
1230,0.00012482693603431202,0.00012482693878192343,-2.7476114167837154e-12,-2.7476114167837156
1231,0.0001248308576728415,0.00012483086027997013,-2.6071286307893374e-12,-2.6071286307893375
1232,0.00012483477930087445,0.00012483478177801683,-2.477142385497552e-12,-2.477142385497552
1233,0.00012483870094721496,0.00012483870327606355,-2.3288486004767736e-12,-2.3288486004767734
1234,0.00012484262264201792,0.00012484262477411025,-2.132092333598609e-12,-2.132092333598609
1235,0.0001248465443058635,0.00012484654627215698,-1.966293481086803e-12,-1.966293481086803
1236,0.0001248504659681,0.00012485046777020367,-1.8021036930191828e-12,-1.8021036930191827
1237,0.00012485438761859264,0.00012485438926825037,-1.6496577389384368e-12,-1.6496577389384368
1238,0.00012485830925835915,0.0001248583107662971,-1.5079379595804157e-12,-1.5079379595804157
1239,0.00012486223091482288,0.0001248622322643438,-1.3495209246650317e-12,-1.3495209246650317
1240,0.0001248661526209905,0.00012486615376239052,-1.1414000235098196e-12,-1.1414000235098196
1241,0.00012487007429647133,0.00012487007526043722,-9.639658927536596e-13,-0.9639658927536596
1242,0.00012487399596984716,0.00012487399675848392,-7.886367676204345e-13,-0.7886367676204346
1243,0.00012487791763138068,0.00012487791825653065,-6.251499762414539e-13,-0.625149976241454
1244,0.00012488183928194155,0.00012488183975457734,-4.726357987390042e-13,-0.47263579873900424
1245,0.0001248857609466309,0.00012488576125262404,-3.0599313878140716e-13,-0.30599313878140716
1246,0.0001248896826711033,0.00012488968275067077,-7.956746261274211e-14,-0.07956746261274211
1247,0.00012489360435650763,0.00012489360424871747,1.077901537877432e-13,0.1077901537877432
1248,0.0001248975260410466,0.0001248975257467642,2.942824142242592e-13,0.2942824142242592
1249,0.0001249014477123316,0.0001249014472448109,4.675207096779546e-13,0.4675207096779546
1250,0.00012490536937254825,0.0001249053687428576,6.296906562032886e-13,0.6296906562032886
1251,0.0001249092910568696,0.00012490929024090431,8.159652901587325e-13,0.8159652901587324
1252,0.00012491321278341758,0.000124913211738951,1.0444665629664038e-12,1.0444665629664038
1253,0.00012491713447803024,0.00012491713323699774,1.2410324981531887e-12,1.2410324981531886
1254,0.00012492105617632185,0.00012492105473504444,1.44127740236176e-12,1.44127740236176
1255,0.00012492497785713397,0.00012492497623309114,1.6240428262505743e-12,1.6240428262505744
1256,0.00012492889952597935,0.00012492889773113786,1.7948414770807972e-12,1.7948414770807972
1257,0.0001249328212298053,0.00012493281922918456,2.0006207454889294e-12,2.0006207454889293
1258,0.00012493674296345616,0.00012493674072723126,2.2362248977790963e-12,2.2362248977790964
1259,0.00012494066465914942,0.00012494066222527798,2.4338714301661432e-12,2.433871430166143
1260,0.0001249445863624182,0.00012494458372332468,2.639093499972781e-12,2.639093499972781
1261,0.00012494850805250103,0.0001249485052213714,2.831129611377867e-12,2.831129611377867
1262,0.00012495242972811226,0.0001249524267194181,3.0086941445503226e-12,3.0086941445503226
1263,0.00012495635145378495,0.0001249563482174648,3.2363201409441464e-12,3.236320140944146
1264,0.0001249602731931464,0.00012496026971551153,3.4776348673919574e-12,3.4776348673919575
1265,0.00012496419490657802,0.00012496419121355823,3.693019787577551e-12,3.693019787577551
1266,0.00012496811661777787,0.00012496811271160496,3.906172904696137e-12,3.9061729046961373
1267,0.0001249720383163142,0.00012497203420965165,4.106662540440093e-12,4.106662540440093
1268,0.0001249759599971658,0.00012497595570769835,4.2894674292879856e-12,4.289467429287986
1269,0.000124979881747954,0.00012497987720574508,4.5422089147973274e-12,4.542208914797327
1270,0.00012498380349127021,0.00012498379870379178,4.787478431299605e-12,4.787478431299605
1271,0.00012498772521760297,0.00012498772020183848,5.015764489976038e-12,5.015764489976038
1272,0.00012499164693091435,0.0001249916416998852,5.2310291450356486e-12,5.231029145035649
1273,0.00012499556863687338,0.0001249955631979319,5.438941472797929e-12,5.438941472797929
1274,0.0001249994903353477,0.00012499948469597863,5.639369065072564e-12,5.639369065072564
1275,0.00012500341611584574,0.00012500340619402532,9.921820411735283e-12,9.921820411735283
1276,0.00012500734384064598,0.00012500732769207202,1.6148573953771145e-11,16.148573953771145
1277,0.0001250112663173547,0.00012501124919011875,1.7127235956554035e-11,17.127235956554035
1278,0.00012501518754542398,0.00012501517068816545,1.685725852963793e-11,16.85725852963793
1279,0.00012501910821163445,0.00012501909218621217,1.602542227502922e-11,16.025422275029218
1280,0.00012502302909081825,0.00012502301368425887,1.5406559376818896e-11,15.406559376818896
1281,0.00012502694997020304,0.00012502693518230557,1.4787897462586297e-11,14.787897462586297
1282,0.00012503087090851941,0.0001250308566803523,1.4228167113493659e-11,14.22816711349366
1283,0.0001250347918674254,0.000125034778178399,1.368902638707277e-11,13.68902638707277
1284,0.00012503871282611587,0.0001250386996764457,1.31496701754701e-11,13.1496701754701
1285,0.00012504263379289863,0.00012504262117449242,1.2618406204937372e-11,12.618406204937372
1286,0.00012504655476141822,0.00012504654267253912,1.2088879099179911e-11,12.08887909917991
1287,0.00012505047574936458,0.00012505046417058584,1.1578778727949046e-11,11.578778727949047
1288,0.0001250543967284124,0.00012505438566863254,1.105977984870267e-11,11.05977984870267
1289,0.00012505831773437133,0.00012505830716667924,1.0567692087104827e-11,10.567692087104827
1290,0.00012506223872480693,0.00012506222866472596,1.0060080962746826e-11,10.060080962746826
1291,0.00012506615970941365,0.00012506615016277266,9.546640977774163e-12,9.546640977774162
1292,0.00012507008074041852,0.00012507007166081936,9.079599153722473e-12,9.079599153722473
1293,0.00012507400178519138,0.0001250739931588661,8.626325287798526e-12,8.626325287798526
1294,0.00012507792284444775,0.00012507791465691279,8.18753495343616e-12,8.18753495343616
1295,0.00012508184390696908,0.0001250818361549595,7.752009558390963e-12,7.752009558390963
1296,0.00012508576495264944,0.0001250857576530062,7.299643223895494e-12,7.299643223895494
1297,0.00012508968600763494,0.0001250896791510529,6.856582027440328e-12,6.856582027440328
1298,0.00012509360706164211,0.00012509360064909963,6.412542474049765e-12,6.412542474049765
1299,0.00012509752811789876,0.00012509752214714633,5.970752423326675e-12,5.970752423326675
1300,0.00012510144917383113,0.00012510144364519306,5.528638060628741e-12,5.528638060628741
1301,0.00012510537023520851,0.00012510536514323976,5.091968750976409e-12,5.091968750976409
1302,0.00012510929133044673,0.00012510928664128646,4.6891602677931885e-12,4.689160267793189
1303,0.00012511321244413143,0.00012511320813933318,4.304798237742311e-12,4.304798237742311
1304,0.00012511713354811132,0.00012511712963737988,3.9107314327303525e-12,3.9107314327303526
1305,0.000125121054650493,0.0001251210511354266,3.515066378190879e-12,3.515066378190879
1306,0.00012512497575227206,0.0001251249726334733,3.1187987511889922e-12,3.1187987511889923
1307,0.0001251288968569587,0.00012512889413152,2.7254386833631686e-12,2.7254386833631687
1308,0.00012513281796190317,0.00012513281562956673,2.332336438813962e-12,2.332336438813962
1309,0.00012513673906184574,0.00012513673712761343,1.9342323088571564e-12,1.9342323088571565
1310,0.00012514066016684563,0.00012514065862566013,1.5411854941440181e-12,1.5411854941440182
1311,0.0001251445813156819,0.00012514458012370685,1.1919750332485965e-12,1.1919750332485965
1312,0.00012514850247526612,0.00012514850162175355,8.535125666446211e-13,0.853512566644621
1313,0.00012515242362568933,0.00012515242311980028,5.058890524690665e-13,0.5058890524690665
1314,0.00012515634476340464,0.00012515634461784697,1.4555765883991794e-13,0.14555765883991795
1315,0.00012516026591339826,0.00012516026611589367,-2.024954162363754e-13,-0.2024954162363754
1316,0.0001251641870667556,0.0001251641876139404,-5.471848082826411e-13,-0.5471848082826412
1317,0.00012516810820978065,0.0001251681091119871,-9.022064572973135e-13,-0.9022064572973135
1318,0.00012517202934472183,0.0001251720306100338,-1.2653119719201464e-12,-1.2653119719201464
1319,0.00012517595051456034,0.00012517595210808052,-1.5935201899020254e-12,-1.5935201899020255
1320,0.00012517987170107976,0.00012517987360612722,-1.9050474695692374e-12,-1.9050474695692374
1321,0.0001251837929088676,0.00012518379510417394,-2.195306361794616e-12,-2.195306361794616
1322,0.00012518771409136535,0.00012518771660222064,-2.5108552996852826e-12,-2.5108552996852826
1323,0.00012519163527622177,0.00012519163810026734,-2.8240455828547614e-12,-2.8240455828547613
1324,0.00012519555646108637,0.00012519555959831407,-3.1372277074028923e-12,-3.1372277074028925
1325,0.0001251994776436952,0.00012519948109636077,-3.452665568780988e-12,-3.4526655687809877
1326,0.00012520339882532696,0.0001252034025944075,-3.769080540261982e-12,-3.7690805402619816
1327,0.00012520731999958822,0.0001252073240924542,-4.092865972321641e-12,-4.092865972321641
1328,0.0001252112412103506,0.0001252112455905009,-4.3801503016766966e-12,-4.3801503016766965
1329,0.0001252151624629425,0.00012521516708854761,-4.625605108330252e-12,-4.6256051083302525
1330,0.00012521908367574714,0.0001252190885865943,-4.910847180263106e-12,-4.910847180263105
1331,0.0001252230049039512,0.00012522301008464104,-5.18068984084917e-12,-5.18068984084917
1332,0.00012522692612591165,0.00012522693158268774,-5.456776096485927e-12,-5.456776096485926
1333,0.000125230847342673,0.00012523085308073444,-5.738061453905457e-12,-5.738061453905457
1334,0.00012523476855292657,0.00012523477457878116,-6.0258545993400606e-12,-6.025854599340061
1335,0.00012523868976953862,0.00012523869607682786,-6.3072892513987425e-12,-6.307289251398743
1336,0.00012524261101286898,0.00012524261757487456,-6.562005584060212e-12,-6.562005584060213
1337,0.0001252465322852547,0.00012524653907292128,-6.787666599541678e-12,-6.787666599541677
1338,0.00012525045355021413,0.00012525046057096798,-7.0207538578035825e-12,-7.020753857803583
1339,0.00012525437480253711,0.0001252543820690147,-7.266477600806023e-12,-7.266477600806023
1340,0.00012525829604949435,0.0001252583035670614,-7.517567060360094e-12,-7.517567060360094
1341,0.00012526221729893759,0.0001252622250651081,-7.76617052564782e-12,-7.766170525647819
1342,0.0001252661385409035,0.00012526614656315483,-8.022251326743362e-12,-8.022251326743362
1343,0.0001252700597828243,0.00012527006806120153,-8.27837723064928e-12,-8.27837723064928
1344,0.0001252739810617841,0.00012527398955924823,-8.497464132047771e-12,-8.49746413204777
1345,0.00012527790236586798,0.00012527791105729495,-8.691426979133582e-12,-8.691426979133581
1346,0.00012528182365445246,0.00012528183255534165,-8.900889201006484e-12,-8.900889201006484
1347,0.0001252857449239565,0.00012528575405338838,-9.129431890337144e-12,-9.129431890337145
1348,0.0001252896662158525,0.00012528967555143508,-9.335582579304516e-12,-9.335582579304516
1349,0.0001252935874961866,0.00012529359704948178,-9.553295173134218e-12,-9.553295173134218
1350,0.00012529750877091325,0.0001252975185475285,-9.776615260600016e-12,-9.776615260600016
1351,0.00012530143003777514,0.0001253014400455752,-1.000780006930986e-11,-10.00780006930986
1352,0.00012530535135414753,0.00012530536154362193,-1.0189474406342394e-11,-10.189474406342393
1353,0.0001253092726809411,0.00012530928304166862,-1.0360727527618268e-11,-10.360727527618268
1354,0.00012531319399267002,0.00012531320453971532,-1.0547045312820177e-11,-10.547045312820178
1355,0.00012531711530852969,0.00012531712603776205,-1.0729232369060079e-11,-10.72923236906008
1356,0.00012532103662512268,0.00012532104753580875,-1.0910686070950512e-11,-10.910686070950511
1357,0.00012532495792697058,0.00012532496903385544,-1.1106884868176639e-11,-11.106884868176639
1358,0.00012532887920538175,0.00012532889053190217,-1.1326520430084516e-11,-11.326520430084516
1359,0.0001253328005389144,0.00012533281202994887,-1.1491034475916872e-11,-11.491034475916873
1360,0.00012533672189310888,0.0001253367335279956,-1.1634886718317846e-11,-11.634886718317846
1361,0.00012534064324694544,0.0001253406550260423,-1.1779096855855958e-11,-11.779096855855958
1362,0.00012534456457968912,0.000125344576524089,-1.1944399875609232e-11,-11.944399875609232
1363,0.0001253484859181106,0.00012534849802213572,-1.210402511832058e-11,-12.10402511832058
1364,0.00012535240724510156,0.00012535241952018242,-1.2275080860590953e-11,-12.275080860590952
1365,0.00012535632858610458,0.00012535634101822914,-1.2432124563719504e-11,-12.432124563719505
1366,0.00012536024988899527,0.00012536026251627584,-1.2627280575296135e-11,-12.627280575296135
1367,0.00012536417127042245,0.00012536418401432254,-1.2743900098579161e-11,-12.74390009857916
1368,0.00012536809263950452,0.00012536810551236926,-1.2872864754373922e-11,-12.872864754373921
1369,0.0001253720140100963,0.00012537202701041596,-1.3000319658643497e-11,-13.000319658643496
1370,0.00012537593536156828,0.00012537594850846266,-1.314689438690969e-11,-13.146894386909691
1371,0.00012537985672350717,0.0001253798700065094,-1.328300222740271e-11,-13.28300222740271
1372,0.00012538377807370886,0.00012538379150455609,-1.3430847234039242e-11,-13.430847234039241
1373,0.00012538769940598741,0.0001253877130026028,-1.3596615403629566e-11,-13.596615403629567
1374,0.00012539162078956361,0.0001253916345006495,-1.3711085902681455e-11,-13.711085902681456
1375,0.00012539554219722997,0.0001253955559986962,-1.3801466242612345e-11,-13.801466242612346
1376,0.00012539946358091467,0.00012539947749674293,-1.3915828267236876e-11,-13.915828267236876
1377,0.00012540338496554857,0.00012540339899478963,-1.4029241072859397e-11,-14.029241072859397
1378,0.00012540730634427104,0.00012540732049283636,-1.4148565328197068e-11,-14.14856532819707
1379,0.00012541122772495643,0.00012541124199088306,-1.4265926635501455e-11,-14.265926635501454
1380,0.0001254151490822333,0.00012541516348892976,-1.4406696464020999e-11,-14.406696464020998
1381,0.0001254190704657074,0.00012541908498697648,-1.4521269094917535e-11,-14.521269094917535
1382,0.00012542299190125228,0.00012542300648502318,-1.4583770910706436e-11,-14.583770910706436
1383,0.00012542691330912572,0.00012542692798306988,-1.4673944168022382e-11,-14.673944168022382
1384,0.0001254308347149904,0.0001254308494811166,-1.4766126208018454e-11,-14.766126208018454
1385,0.00012543475611934404,0.0001254347709791633,-1.4859819273477265e-11,-14.859819273477264
1386,0.00012543867751724566,0.00012543869247721003,-1.4959964371854428e-11,-14.959964371854428
1387,0.00012544259890209686,0.00012544261397525673,-1.5073159876256528e-11,-15.073159876256527
1388,0.00012544652029421226,0.00012544653547330343,-1.5179091171892866e-11,-15.179091171892866
1389,0.00012545044174364734,0.00012545045697135015,-1.5227702812864133e-11,-15.227702812864132
1390,0.0001254543631860818,0.00012545437846939685,-1.5283315065947975e-11,-15.283315065947974
1391,0.0001254582846122264,0.00012545829996744358,-1.5355217185622868e-11,-15.355217185622868
1392,0.00012546220603733163,0.00012546222146549027,-1.542815864860536e-11,-15.428158648605361
1393,0.0001254661274555531,0.00012546614296353697,-1.550798387381129e-11,-15.50798387381129
1394,0.00012547004886119146,0.0001254700644615837,-1.5600392241010868e-11,-15.600392241010868
1395,0.00012547397027690146,0.0001254739859596304,-1.5682728939234197e-11,-15.682728939234197
1396,0.00012547789174240833,0.0001254779074576771,-1.5715268773776353e-11,-15.715268773776353
1397,0.00012548181320421606,0.00012548182895572382,-1.5751507770605757e-11,-15.751507770605757
1398,0.00012548573464702816,0.00012548575045377052,-1.580674236896787e-11,-15.806742368967868
1399,0.00012548965609340124,0.00012548967195181724,-1.5858416013714668e-11,-15.858416013714669
1400,0.00012549357753103326,0.00012549359344986394,-1.5918830686111426e-11,-15.918830686111427
1401,0.00012549749896589879,0.00012549751494791064,-1.5982011862981607e-11,-15.982011862981606
1402,0.00012550142041756405,0.00012550143644595737,-1.6028393327189125e-11,-16.028393327189125
1403,0.0001255053418882423,0.00012550535794400407,-1.6055761761314013e-11,-16.055761761314013
1404,0.00012550926331498792,0.0001255092794420508,-1.6127062880619644e-11,-16.127062880619643
1405,0.00012551318477675754,0.0001255132009400975,-1.6163339960050357e-11,-16.163339960050358
1406,0.0001255171062411482,0.0001255171224381442,-1.619699600783414e-11,-16.19699600783414
1407,0.00012552102769639565,0.00012552104393619091,-1.6239795268063767e-11,-16.239795268063766
1408,0.00012552494914516165,0.0001255249654342376,-1.6289075970195674e-11,-16.289075970195675
1409,0.0001255288706144484,0.0001255288869322843,-1.631783592359884e-11,-16.31783592359884
1410,0.0001255327921133803,0.00012553280843033104,-1.6316950753840167e-11,-16.316950753840167
1411,0.00012553671360844904,0.00012553672992837774,-1.631992870484228e-11,-16.31992870484228
1412,0.0001255406350874899,0.00012554065142642446,-1.633893457919057e-11,-16.33893457919057
1413,0.00012554455656864323,0.00012554457292447116,-1.635582793981588e-11,-16.35582793981588
1414,0.00012554847804042328,0.00012554849442251786,-1.6382094580588036e-11,-16.382094580588035
1415,0.00012555239950449664,0.00012555241592056458,-1.641606794724265e-11,-16.416067947242652
1416,0.00012555632099332494,0.00012555633741861128,-1.6425286349109155e-11,-16.425286349109154
1417,0.0001255602425188801,0.00012556025891665798,-1.639777789027369e-11,-16.39777789027369
1418,0.00012556416402493685,0.0001255641804147047,-1.6389767858833476e-11,-16.389767858833476
1419,0.00012556808552249095,0.0001255681019127514,-1.6390260466090545e-11,-16.390260466090545
1420,0.00012557200701792165,0.00012557202341079813,-1.6392876483302426e-11,-16.392876483302427
1421,0.00012557592849950336,0.00012557594490884483,-1.640934147564939e-11,-16.409341475649388
1422,0.0001255798499723639,0.00012557986640689153,-1.6434527627641498e-11,-16.434527627641497
1423,0.00012558377150612615,0.00012558378790493825,-1.6398812110726024e-11,-16.398812110726023
1424,0.00012558769304806206,0.00012558770940298495,-1.63549229020524e-11,-16.354922902052397
1425,0.0001255916145641668,0.00012559163090103168,-1.6336864891453403e-11,-16.336864891453402
1426,0.00012559553607795467,0.00012559555239907838,-1.6321123712476792e-11,-16.321123712476794
1427,0.00012559945758492611,0.00012559947389712508,-1.6312198966768706e-11,-16.312198966768708
1428,0.00012560337908431,0.0001256033953951718,-1.631086182022938e-11,-16.31086182022938
1429,0.00012560730059088909,0.0001256073168932185,-1.6302329420182462e-11,-16.302329420182463
1430,0.00012561122215330454,0.00012561123839126522,-1.6237960689567704e-11,-16.237960689567704
1431,0.00012561514369834764,0.00012561515988931192,-1.6190964292993007e-11,-16.190964292993005
1432,0.0001256190652273613,0.00012561908138735862,-1.615999733764753e-11,-16.15999733764753
1433,0.00012562298675658195,0.00012562300288540535,-1.6128823408107326e-11,-16.128823408107326
1434,0.00012562690827713234,0.00012562692438345205,-1.6106319707815217e-11,-16.106319707815217
1435,0.00012563082978831293,0.00012563084588149874,-1.6093185818223e-11,-16.093185818223
1436,0.00012563475133900624,0.00012563476737954547,-1.6040539237551665e-11,-16.040539237551666
1437,0.00012563867291252704,0.00012563868887759217,-1.5965065132504355e-11,-15.965065132504355
1438,0.00012564259446007971,0.0001256426103756389,-1.5915559187371114e-11,-15.915559187371114
1439,0.00012564651600534686,0.0001256465318736856,-1.5868338740417473e-11,-15.868338740417473
1440,0.00012565043754449816,0.0001256504533717323,-1.582723414239355e-11,-15.82723414239355
1441,0.0001256543590725261,0.00012565437486977902,-1.5797252916558243e-11,-15.797252916558243
1442,0.00012565828061476342,0.00012565829636782572,-1.5753062299680667e-11,-15.753062299680668
1443,0.00012566220220365664,0.00012566221786587241,-1.5662215779920663e-11,-15.662215779920663
1444,0.00012566612376470497,0.00012566613936391914,-1.55992141740353e-11,-15.5992141740353
1445,0.0001256700453251761,0.00012567006086196584,-1.553678974317646e-11,-15.53678974317646
1446,0.00012567396688731988,0.00012567398236001256,-1.5472692686521072e-11,-15.472692686521071
1447,0.00012567788843441494,0.00012567790385805926,-1.542364432891473e-11,-15.42364432891473
1448,0.00012568180996906894,0.00012568182535610596,-1.538703702860733e-11,-15.387037028607331
1449,0.0001256857315610774,0.0001256857468541527,-1.5293075297850178e-11,-15.293075297850178
1450,0.00012568965315984466,0.00012568966835219939,-1.5192354732064914e-11,-15.192354732064913
1451,0.0001256935747318803,0.0001256935898502461,-1.5118365821363583e-11,-15.118365821363582
1452,0.0001256974963072738,0.0001256975113482928,-1.5041019028113847e-11,-15.041019028113848
1453,0.00012570141786043208,0.0001257014328463395,-1.4985907432488204e-11,-14.985907432488204
1454,0.0001257053394110946,0.00012570535434438623,-1.493329164315857e-11,-14.933291643158569
1455,0.00012570926100769788,0.00012570927584243293,-1.4834735063594423e-11,-14.834735063594422
1456,0.00012571318262729876,0.00012571319734047963,-1.471318087543849e-11,-14.713180875438491
1457,0.0001257171042288721,0.00012571711883852636,-1.4609654258905563e-11,-14.609654258905563
1458,0.00012572102581312743,0.00012572104033657306,-1.45234456307788e-11,-14.5234456307788
1459,0.00012572494740869502,0.00012572496183461978,-1.4425924762444975e-11,-14.425924762444975
1460,0.00012572886897529648,0.00012572888333266648,-1.4357370008557413e-11,-14.357370008557412
1461,0.00012573279056027602,0.00012573280483071318,-1.4270437160484483e-11,-14.270437160484484
1462,0.0001257367121890531,0.0001257367263287599,-1.4139706800136667e-11,-14.139706800136667
1463,0.00012574063381364653,0.0001257406478268066,-1.4013160077816874e-11,-14.013160077816874
1464,0.0001257445554062253,0.00012574456932485333,-1.391862802961194e-11,-13.91862802961194
1465,0.0001257484770044886,0.00012574849082290003,-1.3818411428101501e-11,-13.8184114281015
1466,0.00012575239859584592,0.00012575241232094672,-1.3725100814959035e-11,-13.725100814959035
1467,0.00012575632017919049,0.00012575633381899345,-1.3639802970867268e-11,-13.639802970867267
1468,0.0001257602418131628,0.00012576025531704015,-1.350387735765439e-11,-13.503877357654389
1469,0.00012576416344618033,0.00012576417681508685,-1.3368906519979656e-11,-13.368906519979657
1470,0.00012576808506246893,0.00012576809831313357,-1.3250664650775831e-11,-13.250664650775832
1471,0.0001257720066725514,0.00012577201981118027,-1.3138628890332585e-11,-13.138628890332585
1472,0.00012577592827130721,0.000125775941309227,-1.3037919789985294e-11,-13.037919789985294
1473,0.00012577984986987978,0.0001257798628072737,-1.2937393919805154e-11,-12.937393919805153
1474,0.00012578377151563282,0.0001257837843053204,-1.2789687582626482e-11,-12.789687582626483
1475,0.00012578769317485062,0.00012578770580336712,-1.262851651156266e-11,-12.62851651156266
1476,0.00012579161479166283,0.00012579162730141382,-1.2509750999814578e-11,-12.509750999814578
1477,0.00012579553642622912,0.00012579554879946054,-1.2373231433546558e-11,-12.373231433546557
1478,0.00012579945804180919,0.00012579947029750724,-1.2255698063357398e-11,-12.255698063357398
1479,0.00012580337964486393,0.00012580339179555394,-1.215069002008104e-11,-12.15069002008104
1480,0.0001258073012892612,0.00012580731329360067,-1.2004339477719061e-11,-12.00433947771906
1481,0.00012581122295701557,0.00012581123479164737,-1.1834631805324902e-11,-11.834631805324902
1482,0.00012581514459701442,0.00012581515628969406,-1.1692679654336263e-11,-11.692679654336263
1483,0.00012581906623760348,0.0001258190777877408,-1.1550137317895031e-11,-11.55013731789503
1484,0.0001258229878653776,0.0001258229992857875,-1.1420409898766873e-11,-11.420409898766872
1485,0.0001258269094823012,0.00012582692078383421,-1.1301533012350623e-11,-11.301533012350623
1486,0.00012583083112904103,0.0001258308422818809,-1.1152839888564664e-11,-11.152839888564664
1487,0.00012583475281129135,0.0001258347637799276,-1.0968636270494047e-11,-10.968636270494047
1488,0.00012583867446315866,0.00012583868527797434,-1.0814815683583861e-11,-10.814815683583861
1489,0.00012584259612397715,0.00012584260677602104,-1.065204389643258e-11,-10.65204389643258
1490,0.0001258465177589853,0.00012584652827406776,-1.0515082463569164e-11,-10.515082463569163
1491,0.0001258504393914022,0.00012585044977211446,-1.0380712273897988e-11,-10.380712273897988
1492,0.00012585436104440868,0.00012585437127016116,-1.0225752488660117e-11,-10.225752488660117
1493,0.0001258582827393388,0.00012585829276820788,-1.0028869099077228e-11,-10.028869099077228
1494,0.0001258622044027698,0.00012586221426625458,-9.863484791266072e-12,-9.863484791266073
1495,0.0001258661260668233,0.00012586613576430128,-9.697477988777583e-12,-9.697477988777583
1496,0.0001258700477176662,0.000125870057262348,-9.54468181029007e-12,-9.54468181029007
1497,0.0001258739693575182,0.0001258739787603947,-9.402876514485694e-12,-9.402876514485694
1498,0.00012587789101953782,0.00012587790025844143,-9.23890362106268e-12,-9.23890362106268
1499,0.00012588181272569886,0.00012588182175648813,-9.030789279330611e-12,-9.03078927933061
1500,0.00012588573440062105,0.00012588574325453483,-8.853913783743824e-12,-8.853913783743824
1501,0.00012588965607771786,0.00012588966475258155,-8.674863703859683e-12,-8.674863703859684
1502,0.00012589357773881802,0.00012589358625062825,-8.511810240983991e-12,-8.51181024098399
1503,0.00012589749938862887,0.00012589750774867498,-8.360046114544467e-12,-8.360046114544467
1504,0.00012590142106311727,0.00012590142924672168,-8.183604408246891e-12,-8.183604408246891
1505,0.00012590534277892788,0.00012590535074476837,-7.965840504549376e-12,-7.965840504549376
1506,0.00012590926446189144,0.0001259092722428151,-7.780923671184644e-12,-7.780923671184644
1507,0.00012591318615435835,0.0001259131937408618,-7.586503453412371e-12,-7.586503453412371
1508,0.00012591710782484535,0.0001259171152389085,-7.41406315786268e-12,-7.41406315786268
1509,0.0001259210294836215,0.00012592103673695522,-7.253333736553818e-12,-7.253333736553818
1510,0.00012592495117392388,0.00012592495823500192,-7.0610780471037496e-12,-7.0610780471037495
1511,0.00012592887289777417,0.00012592887973304865,-6.835274486141657e-12,-6.835274486141657
1512,0.00012593279459124782,0.00012593280123109535,-6.639847532442122e-12,-6.639847532442122
1513,0.00012593671628443963,0.00012593672272914204,-6.444702417097325e-12,-6.444702417097325
1514,0.00012594063795565613,0.00012594064422718877,-6.271532643220931e-12,-6.271532643220931
1515,0.00012594455962190335,0.00012594456572523547,-6.103332120266744e-12,-6.103332120266744
1516,0.00012594848133015726,0.00012594848722328217,-5.893124915976072e-12,-5.893124915976072
1517,0.00012595240306070602,0.0001259524087213289,-5.660622882941821e-12,-5.660622882941821
1518,0.00012595632476324523,0.0001259563302193756,-5.4561303727770485e-12,-5.456130372777048
1519,0.00012596024646448838,0.00012596025171742232,-5.25293394499432e-12,-5.25293394499432
1520,0.0001259641681454501,0.00012596417321546902,-5.070018928310757e-12,-5.070018928310757
1521,0.00012596808981678146,0.00012596809471351571,-4.8967342561091334e-12,-4.896734256109133
1522,0.00012597201154580594,0.00012597201621156244,-4.665756502909179e-12,-4.665756502909179
1523,0.00012597593328060383,0.00012597593770960914,-4.429005318930631e-12,-4.429005318930631
1524,0.000125979854995592,0.00012597985920765586,-4.212063863896109e-12,-4.212063863896109
1525,0.0001259837766994602,0.00012598378070570256,-4.006242365813359e-12,-4.006242365813359
1526,0.00012598769839247174,0.00012598770220374926,-3.811277526184792e-12,-3.8112775261847918
1527,0.00012599162006572288,0.000125991623701796,-3.6360731114064568e-12,-3.6360731114064566
1528,0.0001259955418258388,0.00012599554519984269,-3.374003882241516e-12,-3.374003882241516
1529,0.0001259994635648422,0.0001259994666978894,-3.1330472135611684e-12,-3.133047213561168
1530,0.00012600338917759005,0.0001260033881959361,9.816539335197053e-13,0.9816539335197052
1531,0.00012600731695455914,0.0001260073096939828,7.26057632964465e-12,7.26057632964465
1532,0.00012601123942005088,0.00012601123119202953,8.228021339381331e-12,8.22802133938133
1533,0.00012601516068259306,0.00012601515269007623,7.992516825270815e-12,7.992516825270815
1534,0.00012601908138886996,0.00012601907418812293,7.200747018000817e-12,7.200747018000817
1535,0.00012602300232138753,0.00012602299568616966,6.635217867798749e-12,6.635217867798748
1536,0.0001260269232594903,0.00012602691718421636,6.075273930878131e-12,6.075273930878131
1537,0.00012603084419517913,0.00012603083868226308,5.5129160449255285e-12,5.512916044925529
1538,0.00012603476517397702,0.00012603476018030978,4.9936672299733395e-12,4.993667229973339
1539,0.00012603868613897756,0.00012603868167835648,4.4606210750145345e-12,4.460621075014535
1540,0.00012604260712099124,0.0001260426031764032,3.944588030810992e-12,3.944588030810992
1541,0.0001260465281046572,0.0001260465246744499,3.4302072836132627e-12,3.430207283613263
1542,0.00012605044909510914,0.0001260504461724966,2.922612530708066e-12,2.922612530708066
1543,0.00012605437009229704,0.00012605436767054333,2.4217537090600874e-12,2.4217537090600874
1544,0.0001260582911258425,0.00012605828916859002,1.957252468854129e-12,1.957252468854129
1545,0.0001260622121745464,0.00012606221066663675,1.5079096489570706e-12,1.5079096489570707
1546,0.0001260661332322533,0.00012606613216468345,1.0675698541649517e-12,1.0675698541649516
1547,0.0001260700542806244,0.00012607005366273015,6.178942384110489e-13,0.6178942384110488
1548,0.0001260739753322191,0.00012607397516077687,1.7144222676648862e-13,0.17144222676648863
1549,0.0001260778963830353,0.00012607789665882357,-2.7578826914297056e-13,-0.27578826914297055
1550,0.00012608181743493997,0.0001260818181568703,-7.219303344914715e-13,-0.7219303344914716
1551,0.0001260857384972394,0.000126085739654917,-1.1576776115112677e-12,-1.1576776115112677
1552,0.00012608965955245702,0.0001260896611529637,-1.6005066802813048e-12,-1.6005066802813048
1553,0.00012609358062846352,0.00012609358265101042,-2.0225469042303987e-12,-2.0225469042303987
1554,0.0001260975017441538,0.00012609750414905712,-2.404903322892504e-12,-2.404903322892504
1555,0.00012610142284685125,0.00012610142564710382,-2.800252576444187e-12,-2.800252576444187
1556,0.00012610534394688668,0.00012610534714515054,-3.1982638715899733e-12,-3.1982638715899734
1557,0.0001261092650466944,0.00012610926864319724,-3.5965028491919818e-12,-3.5965028491919817
1558,0.0001261131861544356,0.00012611319014124397,-3.986808367132208e-12,-3.9868083671322077
1559,0.00012611710725975365,0.00012611711163929067,-4.37953702271783e-12,-4.37953702271783
1560,0.0001261210283642967,0.00012612103313733736,-4.773040666016345e-12,-4.773040666016345
1561,0.00012612494946695195,0.0001261249546353841,-5.168432149242646e-12,-5.168432149242646
1562,0.00012612887058781455,0.0001261288761334308,-5.545616245915638e-12,-5.545616245915638
1563,0.0001261327917363981,0.00012613279763147751,-5.895079407232412e-12,-5.895079407232411
1564,0.0001261367129039,0.0001261367191295242,-6.2256242164212686e-12,-6.225624216421268
1565,0.0001261406340517408,0.0001261406406275709,-6.5758301104363034e-12,-6.5758301104363035
1566,0.00012614455519789473,0.00012614456212561764,-6.9277229146115085e-12,-6.9277229146115085
1567,0.0001261484763473532,0.00012614848362366434,-7.27631115188014e-12,-7.276311151880141
1568,0.00012615239749440537,0.00012615240512171103,-7.627305667450387e-12,-7.627305667450387
1569,0.00012615631863892752,0.00012615632661975776,-7.980830250105292e-12,-7.980830250105291
1570,0.00012616023978127385,0.00012616024811780446,-8.33653060967994e-12,-8.33653060967994
1571,0.0001261641609629029,0.00012616416961585118,-8.652948291666365e-12,-8.652948291666364
1572,0.00012616808215338386,0.00012616809111389788,-8.960514032120586e-12,-8.960514032120587
1573,0.0001261720033464827,0.00012617201261194458,-9.265461885114179e-12,-9.26546188511418
1574,0.000126175924526894,0.0001261759341099913,-9.583097315875685e-12,-9.583097315875685
1575,0.00012617984571543244,0.000126179855608038,-9.89260556715224e-12,-9.89260556715224
1576,0.0001261837669015422,0.00012618377710608473,-1.020454253971538e-11,-10.20454253971538
1577,0.00012618768807821739,0.00012618769860413143,-1.0525914049848109e-11,-10.525914049848108
1578,0.00012619160926506873,0.00012619162010217813,-1.0837109401020214e-11,-10.837109401020214
1579,0.00012619553045835734,0.00012619554160022485,-1.1141867518633622e-11,-11.141867518633621
1580,0.0001261994516878096,0.00012619946309827155,-1.1410461964363558e-11,-11.410461964363558
1581,0.00012620337292139634,0.00012620338459631825,-1.1674921913528938e-11,-11.674921913528937
1582,0.0001262072941306327,0.00012620730609436498,-1.1963732284546821e-11,-11.963732284546822
1583,0.00012621121536904819,0.00012621122759241167,-1.2223363495391548e-11,-12.223363495391547
1584,0.0001262151365900817,0.0001262151490904584,-1.2500376716780725e-11,-12.500376716780725
1585,0.00012621905780690066,0.0001262190705885051,-1.2781604448854788e-11,-12.781604448854788
1586,0.00012622297902733956,0.0001262229920865518,-1.3059212246715357e-11,-13.059212246715356
1587,0.00012622690024083436,0.00012622691358459852,-1.3343764169755315e-11,-13.343764169755314
1588,0.00012623082150086334,0.00012623083508264522,-1.3581781891606706e-11,-13.581781891606706
1589,0.000126234742768795,0.00012623475658069195,-1.3811896945138013e-11,-13.811896945138013
1590,0.0001262386640211781,0.00012623867807873865,-1.4057560542024935e-11,-14.057560542024936
1591,0.00012624258526253962,0.00012624259957678534,-1.431424573162153e-11,-14.314245731621531
1592,0.00012624650653251913,0.00012624652107483207,-1.4542312944089447e-11,-14.542312944089447
1593,0.00012625042778061267,0.00012625044257287877,-1.4792266105556645e-11,-14.792266105556644
1594,0.00012625434902592347,0.00012625436407092547,-1.5045002007424798e-11,-15.045002007424799
1595,0.00012625827027301086,0.0001262582855689722,-1.5295961335613117e-11,-15.295961335613118
1596,0.00012626219156104744,0.0001262622070670189,-1.5505971459053885e-11,-15.505971459053885
1597,0.00012626611285318411,0.00012626612856506562,-1.5711881509349074e-11,-15.711881509349073
1598,0.00012627003414254775,0.00012627005006311232,-1.592056456933072e-11,-15.92056456933072
1599,0.00012627395541878883,0.00012627397156115901,-1.614237018899188e-11,-16.14237018899188
1600,0.00012627787670184315,0.00012627789305920574,-1.635736260088598e-11,-16.35736260088598
1601,0.0001262817979792952,0.00012628181455725244,-1.6577957248035638e-11,-16.577957248035638
1602,0.00012628571924927262,0.00012628573605529916,-1.6806026547592736e-11,-16.806026547592737
1603,0.00012628964053710567,0.00012628965755334586,-1.7016240202886334e-11,-17.016240202886333
1604,0.00012629356185932827,0.00012629357905139256,-1.7192064293416353e-11,-17.192064293416355
1605,0.00012629748316934333,0.0001262975005494393,-1.7380095958307473e-11,-17.38009595830747
1606,0.00012630140449378143,0.00012630142204748599,-1.755370456301318e-11,-17.55370456301318
1607,0.00012630532580312922,0.00012630534354553268,-1.7742403473026302e-11,-17.742403473026304
1608,0.00012630924710315853,0.0001263092650435794,-1.7940420883871502e-11,-17.940420883871504
1609,0.0001263131684170369,0.0001263131865416261,-1.8124589211161404e-11,-18.124589211161403
1610,0.00012631708971681715,0.00012631710803967283,-1.8322855690350678e-11,-18.32285569035068
1611,0.00012632101105329287,0.00012632102953771953,-1.8484426669385823e-11,-18.484426669385822
1612,0.00012632493239628546,0.00012632495103576623,-1.86394807802127e-11,-18.6394807802127
1613,0.00012632885373406322,0.00012632887253381296,-1.8799749740858906e-11,-18.799749740858907
1614,0.0001263327750728216,0.00012633279403185965,-1.8959038067745154e-11,-18.959038067745155
1615,0.0001263366963972384,0.00012633671552990638,-1.913266797702355e-11,-19.13266797702355
1616,0.00012634061772310077,0.00012634063702795308,-1.9304852319545373e-11,-19.304852319545372
1617,0.00012634453904932275,0.00012634455852599978,-1.9476677032206582e-11,-19.47667703220658
1618,0.00012634846037377033,0.0001263484800240465,-1.9650276177248335e-11,-19.650276177248337
1619,0.0001263523817603468,0.0001263524015220932,-1.9761746417838413e-11,-19.761746417838413
1620,0.0001263563031253545,0.0001263563230201399,-1.9894785396977157e-11,-19.894785396977156
1621,0.00012636022448376396,0.00012636024451818663,-2.0034422667907323e-11,-20.03442266790732
1622,0.00012636414583532994,0.00012636416601623332,-2.0180903395845162e-11,-20.180903395845164
1623,0.00012636806719372315,0.00012636808751428005,-2.032055690270286e-11,-20.32055690270286
1624,0.00012637198853346688,0.00012637200901232675,-2.04788598795497e-11,-20.4788598795497
1625,0.00012637590987467722,0.00012637593051037345,-2.0635696229012762e-11,-20.635696229012762
1626,0.0001263798312632365,0.00012637985200842017,-2.07451836806698e-11,-20.745183680669797
1627,0.000126383752667366,0.00012638377350646687,-2.0839100877822716e-11,-20.839100877822716
1628,0.00012638767404539304,0.0001263876950045136,-2.0959120567538874e-11,-20.959120567538875
1629,0.00012639159541968917,0.0001263916165025603,-2.1082871132455827e-11,-21.08287113245583
1630,0.00012639551680818364,0.000126395538000607,-2.119242336519267e-11,-21.19242336519267
1631,0.00012639943818440577,0.00012639945949865372,-2.131424795337042e-11,-21.31424795337042
1632,0.0001264033595425762,0.00012640338099670042,-2.1454124236669508e-11,-21.454124236669507
1633,0.00012640728093895156,0.00012640730249474712,-2.155579556644488e-11,-21.55579556644488
1634,0.00012641120235950325,0.00012641122399279384,-2.1633290597236648e-11,-21.63329059723665
1635,0.0001264151237713364,0.00012641514549084054,-2.1719504158483296e-11,-21.719504158483296
1636,0.00012641904517207727,0.00012641906698888727,-2.1816810002421263e-11,-21.816810002421263
1637,0.0001264229665684015,0.00012642298848693397,-2.191853247943412e-11,-21.91853247943412
1638,0.00012642688796145741,0.00012642690998498066,-2.2023523256790883e-11,-22.023523256790885
1639,0.00012643080933723844,0.0001264308314830274,-2.2145788952622508e-11,-22.145788952622507
1640,0.00012643473075692692,0.0001264347529810741,-2.22241471709739e-11,-22.2241471709739
1641,0.00012643865220011714,0.0001264386744791208,-2.2279003653828358e-11,-22.279003653828358
1642,0.00012644257363296913,0.0001264425959771675,-2.2344198383868224e-11,-22.344198383868225
1643,0.00012644649505144128,0.0001264465174752142,-2.2423772941531875e-11,-22.423772941531876
1644,0.0001264504164729988,0.00012645043897326094,-2.2500262130863174e-11,-22.500262130863174
1645,0.00012645433788609602,0.00012645436047130764,-2.258521162079692e-11,-22.585211620796922
1646,0.00012645825929304347,0.00012645828196935433,-2.2676310868083332e-11,-22.67631086808333
1647,0.0001264621807146269,0.00012646220346740106,-2.2752774172087764e-11,-22.752774172087765
1648,0.00012646610217715312,0.00012646612496544776,-2.2788294641032408e-11,-22.788294641032408
1649,0.0001264700236296439,0.00012647004646349448,-2.2833850593705795e-11,-22.833850593705794
1650,0.00012647394506731176,0.00012647396796154118,-2.2894229433220753e-11,-22.89422943322075
1651,0.0001264778665076449,0.00012647788945958788,-2.295194297853509e-11,-22.95194297853509
1652,0.00012648178793382895,0.0001264818109576346,-2.302380566035596e-11,-23.023805660355958
1653,0.00012648570935776146,0.0001264857324556813,-2.309791985061832e-11,-23.09791985061832
1654,0.0001264896308146743,0.00012648965395372803,-2.3139053749205954e-11,-23.139053749205953
1655,0.00012649355229661145,0.00012649357545177473,-2.3155163285870667e-11,-23.155163285870668
1656,0.00012649747376024403,0.00012649749694982143,-2.3189577407813452e-11,-23.189577407813452
1657,0.00012650139520777363,0.00012650141844786815,-2.3240094534102862e-11,-23.240094534102862
1658,0.00012650531663866606,0.00012650533994591485,-2.330724879693917e-11,-23.30724879693917
1659,0.0001265092380400854,0.00012650926144396155,-2.3403876147157595e-11,-23.403876147157597
1660,0.00012651315948503474,0.00012651318294200828,-2.345697353909225e-11,-23.45697353909225
1661,0.00012651708095200157,0.00012651710444005497,-2.348805341409399e-11,-23.48805341409399
1662,0.00012652100245430826,0.0001265210259381017,-2.3483793448233023e-11,-23.483793448233023
1663,0.00012652492393268612,0.0001265249474361484,-2.3503462285104734e-11,-23.503462285104735
1664,0.00012652884540915717,0.0001265288689341951,-2.352503793544225e-11,-23.52503793544225
1665,0.00012653276688213763,0.00012653279043224182,-2.3550104201779137e-11,-23.55010420177914
1666,0.0001265366883475431,0.00012653671193028852,-2.3582745436329474e-11,-23.582745436329475
1667,0.00012654060980075855,0.00012654063342833522,-2.3627576681165718e-11,-23.627576681165717
1668,0.00012654453131862427,0.00012654455492638195,-2.3607757682293118e-11,-23.60775768229312
1669,0.00012654845281807436,0.00012654847642442864,-2.3606354291001052e-11,-23.606354291001054
1670,0.0001265523743181718,0.00012655239792247537,-2.3604303576801905e-11,-23.604303576801904
1671,0.0001265562958115679,0.00012655631942052207,-2.3608954180705618e-11,-23.60895418070562
1672,0.00012656021731007806,0.00012656024091856877,-2.3608490711381935e-11,-23.608490711381936
1673,0.00012656413879646097,0.0001265641624166155,-2.362015453124848e-11,-23.62015453124848
1674,0.00012656806023717896,0.0001265680839146622,-2.3677483239001692e-11,-23.677483239001692
1675,0.0001265719817869664,0.00012657200541270892,-2.3625742536350524e-11,-23.625742536350526
1676,0.0001265759033136213,0.00012657592691075562,-2.35971343170414e-11,-23.597134317041398
1677,0.00012657982482856307,0.00012657984840880231,-2.3580239248797666e-11,-23.580239248797664
1678,0.00012658374633462785,0.00012658376990684904,-2.3572221194261375e-11,-23.572221194261374
1679,0.0001265876678347845,0.00012658769140489574,-2.3570111255518555e-11,-23.570111255518555
1680,0.0001265915893265429,0.00012659161290294244,-2.3576399546803808e-11,-23.57639954680381
1681,0.00012659551085037488,0.00012659553440098916,-2.3550614291796237e-11,-23.550614291796236
1682,0.00012659943239453112,0.00012659945589903586,-2.350450474549358e-11,-23.50450474549358
1683,0.0001266033539218161,0.00012660337739708259,-2.347526649630202e-11,-23.475266496302023
1684,0.0001266072754414103,0.00012660729889512928,-2.3453718981010882e-11,-23.453718981010883
1685,0.0001266111969666028,0.00012661122039317598,-2.3426573187802113e-11,-23.426573187802113
1686,0.00012661511847800852,0.0001266151418912227,-2.3413214190733833e-11,-23.413214190733832
1687,0.00012661903997028518,0.0001266190633892694,-2.3418984233380638e-11,-23.418984233380638
1688,0.000126622961543835,0.00012662298488731613,-2.3343481153030268e-11,-23.343481153030268
1689,0.00012662688309490283,0.00012662690638536283,-2.3290460007613395e-11,-23.290460007613394
1690,0.00012663080463402502,0.00012663082788340953,-2.3249384520417804e-11,-23.249384520417802
1691,0.00012663472617142633,0.00012663474938145626,-2.321002993312049e-11,-23.21002993312049
1692,0.00012663864771054721,0.00012663867087950295,-2.3168955746967506e-11,-23.168955746967505
1693,0.00012664256923319332,0.00012664259237754965,-2.314435633808609e-11,-23.14435633808609
1694,0.00012664649077047114,0.00012664651387559638,-2.3105125241416224e-11,-23.105125241416225
1695,0.0001266504123551149,0.00012665043537364308,-2.3018528170756114e-11,-23.018528170756113
1696,0.00012665433392543857,0.0001266543568716898,-2.2946251242390192e-11,-22.946251242390193
1697,0.00012665825548174788,0.0001266582783697365,-2.2887988629990655e-11,-22.887988629990655
1698,0.00012666217702886795,0.0001266621998677832,-2.283891525441918e-11,-22.83891525441918
1699,0.00012666609856811376,0.00012666612136582993,-2.2797716168175927e-11,-22.797716168175928
1700,0.00012667002009704895,0.00012667004286387662,-2.2766827681962684e-11,-22.766827681962685
1701,0.00012667394168802316,0.00012667396436192335,-2.267390019876292e-11,-22.67390019876292
1702,0.00012667786327437403,0.00012667788585997005,-2.2585596024677176e-11,-22.585596024677177
1703,0.00012668178484531205,0.00012668180735801675,-2.251270470604516e-11,-22.51270470604516
1704,0.000126685706415248,0.00012668572885606347,-2.244081548837612e-11,-22.44081548837612
1705,0.000126689627981455,0.00012668965035411017,-2.2372655167238908e-11,-22.372655167238907
1706,0.00012669354952851085,0.00012669357185215687,-2.2323646030646155e-11,-22.323646030646156
1707,0.00012669747111463482,0.0001266974933502036,-2.2235568780075113e-11,-22.235568780075113
1708,0.00012670139271751864,0.0001267014148482503,-2.2130731661271247e-11,-22.130731661271245
1709,0.0001267053143013876,0.00012670533634629702,-2.2044909415693703e-11,-22.044909415693702
1710,0.00012670923588599663,0.00012670925784434372,-2.195834709371322e-11,-21.958347093713222
1711,0.0001267131574419662,0.00012671317934239042,-2.1900424216064432e-11,-21.900424216064433
1712,0.00012671707900958727,0.00012671710084043714,-2.1830849878453864e-11,-21.830849878453865
1713,0.00012672100059120723,0.00012672102233848384,-2.1747276620547762e-11,-21.747276620547762
1714,0.00012672492221261925,0.00012672494383653057,-2.1623911326872802e-11,-21.6239113268728
1715,0.00012672884380917514,0.00012672886533457727,-2.1525402126943593e-11,-21.525402126943593
1716,0.00012673276541438,0.00012673278683262396,-2.1418243975233925e-11,-21.418243975233924
1717,0.00012673668701080465,0.0001267367083306707,-2.131986604508275e-11,-21.31986604508275
1718,0.0001267406085944704,0.0001267406298287174,-2.1234247006097384e-11,-21.234247006097384
1719,0.00012674453016158667,0.0001267445513267641,-2.1165177418808217e-11,-21.165177418808216
1720,0.00012674845179889535,0.0001267484728248108,-2.1025915471565112e-11,-21.025915471565114
1721,0.00012675237342115234,0.0001267523943228575,-2.0901705177821972e-11,-20.90170517782197
1722,0.00012675629502762327,0.00012675631582090424,-2.0793280976130437e-11,-20.793280976130436
1723,0.0001267602166325617,0.00012676023731895093,-2.0686389239999603e-11,-20.686389239999603
1724,0.0001267641382267335,0.00012676415881699763,-2.059026414643758e-11,-20.59026414643758
1725,0.00012676805980674238,0.00012676808031504436,-2.0508301985854737e-11,-20.508301985854736
1726,0.000126771981439141,0.00012677200181309106,-2.0373950064990168e-11,-20.37395006499017
1727,0.00012677590308322198,0.00012677592331113778,-2.0227915811506958e-11,-20.227915811506957
1728,0.00012677982470197803,0.00012677984480918448,-2.010720646078888e-11,-20.10720646078888
1729,0.00012678374632111824,0.00012678376630723118,-1.998611295013604e-11,-19.98611295013604
1730,0.0001267876679279792,0.0001267876878052779,-1.9877298706712953e-11,-19.877298706712953
1731,0.00012679158952380178,0.0001267916093033246,-1.977952283402816e-11,-19.77952283402816
1732,0.00012679551115464915,0.0001267955308013713,-1.9646722162526928e-11,-19.646722162526927
1733,0.0001267994328119224,0.00012679945229941803,-1.948749563516451e-11,-19.48749563516451
1734,0.00012680335444303757,0.00012680337379746473,-1.9354427165726676e-11,-19.354427165726676
1735,0.0001268072760754864,0.00012680729529551145,-1.922002504630152e-11,-19.22002504630152
1736,0.00012681119769517547,0.00012681121679355815,-1.909838268540391e-11,-19.098382685403912
1737,0.00012681511929615145,0.00012681513829160485,-1.8995453410057913e-11,-18.995453410057912
1738,0.00012681904092321,0.00012681905978965158,-1.886644159146865e-11,-18.86644159146865
1739,0.00012682296259852632,0.00012682298128769827,-1.868917196128711e-11,-18.68917196128711
1740,0.00012682688425459998,0.00012682690278574497,-1.853114499520833e-11,-18.531144995208333
1741,0.00012683080587822838,0.0001268308242837917,-1.840556332124227e-11,-18.40556332124227
1742,0.0001268347275102162,0.0001268347457818384,-1.8271622204580853e-11,-18.271622204580854
1743,0.0001268386491319344,0.00012683866727988512,-1.8147950732212384e-11,-18.147950732212383
1744,0.00012684257076459534,0.00012684258877793182,-1.801333648863218e-11,-18.01333648863218
1745,0.00012684649244971714,0.00012684651027597852,-1.782626138821279e-11,-17.826261388212792
1746,0.0001268504141086349,0.00012685043177402525,-1.766539034299515e-11,-17.66539034299515
1747,0.000126854335761313,0.00012685435327207194,-1.7510758962595324e-11,-17.510758962595325
1748,0.00012685825740470268,0.00012685827477011867,-1.736541599641729e-11,-17.36541599641729
1749,0.00012686217903759128,0.00012686219626816537,-1.723057409748592e-11,-17.23057409748592
1750,0.00012686610067784112,0.00012686611776621207,-1.708837095369435e-11,-17.08837095369435
1751,0.00012687002237288546,0.0001268700392642588,-1.689137334341259e-11,-16.891373343412592
1752,0.00012687394404351676,0.0001268739607623055,-1.671878874055374e-11,-16.71878874055374
1753,0.000126877865706234,0.00012687788226035222,-1.655411821724284e-11,-16.55411821724284
1754,0.0001268817873601712,0.00012688180375839892,-1.6398227725755054e-11,-16.398227725755053
1755,0.00012688570900338484,0.00012688572525644561,-1.6253060779799724e-11,-16.253060779799725
1756,0.0001268896306527701,0.00012688964675449234,-1.610172225692301e-11,-16.101722256923008
1757,0.00012689355235778513,0.00012689356825253904,-1.5894753916887258e-11,-15.894753916887257
1758,0.00012689747403867613,0.00012689748975058574,-1.5711909617290395e-11,-15.711909617290395
1759,0.0001269013957113143,0.00012690141124863246,-1.5537318156210275e-11,-15.537318156210276
1760,0.0001269053173750259,0.00012690533274667916,-1.537165325687688e-11,-15.37165325687688
1761,0.00012690923902772345,0.00012690925424472589,-1.5217002442153113e-11,-15.217002442153113
1762,0.00012691316069758516,0.00012691317574277258,-1.5045187433101348e-11,-15.045187433101347
1763,0.00012691708240234836,0.00012691709724081928,-1.483847092612521e-11,-14.838470926125211
1764,0.00012692100409197532,0.000126921018738866,-1.46468906946286e-11,-14.6468906946286
1765,0.00012692492577436775,0.0001269249402369127,-1.4462544964758225e-11,-14.462544964758225
1766,0.00012692884744698916,0.0001269288617349594,-1.428797025460167e-11,-14.28797025460167
1767,0.000126932769113976,0.00012693278323300613,-1.4119030143135522e-11,-14.119030143135522
1768,0.0001269366907797219,0.00012693670473105283,-1.3951330928160837e-11,-13.951330928160838
1769,0.00012694061250505194,0.00012694062622909956,-1.3724047620968682e-11,-13.724047620968681
1770,0.00012694453420119043,0.00012694454772714625,-1.352595583385445e-11,-13.52595583385445
1771,0.00012694845589226127,0.00012694846922519295,-1.3332931689009578e-11,-13.332931689009577
1772,0.00012695237757287252,0.00012695239072323968,-1.3150367167783325e-11,-13.150367167783324
1773,0.00012695629924209278,0.00012695631222128638,-1.2979193599841856e-11,-12.979193599841857
1774,0.00012696022093730222,0.0001269602337193331,-1.2782030892674281e-11,-12.782030892674282
1775,0.00012696414266459414,0.0001269641552173798,-1.2552785667440905e-11,-12.552785667440904
1776,0.0001269680643681584,0.0001269680767154265,-1.2347268098332156e-11,-12.347268098332156
1777,0.00012697198606260828,0.00012697199821347323,-1.215086495610157e-11,-12.15086495610157
1778,0.00012697590775050197,0.00012697591971151992,-1.196101795730295e-11,-11.96101795730295
1779,0.0001269798294303419,0.00012697984120956662,-1.1779224737502203e-11,-11.779224737502203
1780,0.00012698375112718478,0.00012698376270761335,-1.1580428571341561e-11,-11.58042857134156
1781,0.00012698767287211679,0.00012698768420566005,-1.1333543268341628e-11,-11.333543268341629
1782,0.00012699159458660125,0.00012699160570370677,-1.1117105533636442e-11,-11.117105533636442
1783,0.00012699551628298896,0.00012699552720175347,-1.091876451554781e-11,-10.91876451554781
1784,0.0001269994379758084,0.00012699944869980017,-1.0723991769439153e-11,-10.723991769439154
1785,0.00012700336357801754,0.0001270033701978469,-6.619829365630436e-12,-6.619829365630436
1786,0.0001270072913141162,0.0001270072916958936,-3.8177740696521107e-13,-0.38177740696521106
1787,0.00012701121386963208,0.00012701121319394032,6.756917551836442e-13,0.6756917551836441
1788,0.00012701513514704494,0.00012701513469198702,4.55057914125451e-13,0.455057914125451
1789,0.00012701905586979615,0.00012701905619003372,-3.202375766589019e-13,-0.3202375766589019
1790,0.0001270229767986266,0.00012702297768808044,-8.894538545041045e-13,-0.8894538545041045
1791,0.00012702689773284845,0.00012702689918612714,-1.453278693101134e-12,-1.4532786931011341
1792,0.0001270308186868352,0.00012703082068417384,-1.99733863451397e-12,-1.99733863451397
1793,0.00012703473965081327,0.00012703474218222057,-2.5314073005416463e-12,-2.5314073005416464
1794,0.0001270386606442596,0.00012703866368026726,-3.036007676781818e-12,-3.0360076767818183
1795,0.00012704258166986511,0.000127042585178314,-3.508448881862594e-12,-3.508448881862594
1796,0.00012704650271275127,0.0001270465066763607,-3.963609422196992e-12,-3.9636094221969924
1797,0.00012705042374212727,0.00012705042817440739,-4.4322801244875695e-12,-4.432280124487569
1798,0.0001270543447745352,0.0001270543496724541,-4.8979189096129e-12,-4.897918909612899
1799,0.00012705826581781276,0.0001270582711705008,-5.352688052963031e-12,-5.352688052963031
1800,0.00012706218686170384,0.00012706219266854754,-5.806843700513861e-12,-5.806843700513861
1801,0.00012706610790922448,0.00012706611416659423,-6.257369764451861e-12,-6.2573697644518615
1802,0.00012707002895823746,0.00012707003566464093,-6.706403478309544e-12,-6.706403478309544
1803,0.0001270739500083187,0.00012707395716268766,-7.154368954871731e-12,-7.154368954871731
1804,0.00012707787111112517,0.00012707787866073436,-7.54960919189497e-12,-7.54960919189497
1805,0.00012708179221393326,0.00012708180015878106,-7.944847802614951e-12,-7.944847802614952
1806,0.0001270857133076978,0.00012708572165682778,-8.349129987601122e-12,-8.349129987601122
1807,0.00012708963440877935,0.00012708964315487448,-8.746095136070678e-12,-8.746095136070677
1808,0.00012709355550694746,0.0001270935646529212,-9.145973752618136e-12,-9.145973752618136
1809,0.00012709747660629263,0.0001270974861509679,-9.544675277971981e-12,-9.544675277971981
1810,0.0001271013977004425,0.0001271014076490146,-9.948572110400996e-12,-9.948572110400997
1811,0.000127105318812008,0.00012710532914706133,-1.0335053322018214e-11,-10.335053322018215
1812,0.00012710923990791445,0.00012710925064510803,-1.0737193584297477e-11,-10.737193584297477
1813,0.0001271131610421331,0.00012711317214315475,-1.1101021665458163e-11,-11.101021665458163
1814,0.00012711708219598447,0.00012711709364120145,-1.1445216986574427e-11,-11.445216986574428
1815,0.00012712100335234328,0.00012712101513924815,-1.1786904873326384e-11,-11.786904873326383
1816,0.0001271249245021175,0.00012712493663729488,-1.2135177390922388e-11,-12.135177390922388
1817,0.00012712884564309478,0.00012712885813534157,-1.2492246799685288e-11,-12.492246799685288
1818,0.00012713276679972166,0.00012713277963338827,-1.2833666617450098e-11,-12.833666617450099
1819,0.00012713668794790703,0.000127136701131435,-1.3183527979119772e-11,-13.183527979119772
1820,0.00012714060909255304,0.0001271406226294817,-1.3536928664571415e-11,-13.536928664571414
1821,0.00012714453022988435,0.00012714454412752842,-1.3897644082610058e-11,-13.897644082610059
1822,0.00012714845142985018,0.00012714846562557512,-1.4195724951408833e-11,-14.195724951408833
1823,0.00012715237263224435,0.00012715238712362182,-1.4491377478391784e-11,-14.491377478391785
1824,0.00012715629381397062,0.00012715630862166855,-1.480769793454839e-11,-14.807697934548392
1825,0.00012716021499256295,0.00012716023011971524,-1.5127152304189622e-11,-15.127152304189622
1826,0.00012716413617753973,0.00012716415161776197,-1.5440222240917955e-11,-15.440222240917956
1827,0.0001271680573593945,0.00012716807311580867,-1.5756414164907015e-11,-15.756414164907016
1828,0.00012717197854454371,0.00012717199461385537,-1.6069311659279814e-11,-16.069311659279816
1829,0.0001271758997182612,0.0001271759161119021,-1.6393640900044137e-11,-16.393640900044137
1830,0.0001271798209245889,0.0001271798376099488,-1.6685359887335202e-11,-16.685359887335203
1831,0.0001271837421680917,0.0001271837591079955,-1.6939903804746192e-11,-16.93990380474619
1832,0.00012718766338202709,0.00012718768060604221,-1.7224015135128306e-11,-17.224015135128305
1833,0.00012719158459955946,0.0001271916021040889,-1.7504529462172874e-11,-17.504529462172872
1834,0.00012719550581059862,0.00012719552360213564,-1.779153702181835e-11,-17.79153702181835
1835,0.00012719942702839953,0.00012719944510018234,-1.8071782819089846e-11,-18.071782819089847
1836,0.00012720334824050715,0.00012720336659822904,-1.8357721897494336e-11,-18.357721897494336
1837,0.00012720726945723894,0.00012720728809627576,-1.863903682652812e-11,-18.63903682652812
1838,0.00012721119068301144,0.00012721120959432246,-1.891131102732642e-11,-18.91131102732642
1839,0.00012721511193646722,0.00012721513109236916,-1.9155901941688938e-11,-19.15590194168894
1840,0.0001272190332129529,0.00012721905259041588,-1.937746299244504e-11,-19.37746299244504
1841,0.00012722295445992342,0.00012722297408846258,-1.96285391705225e-11,-19.628539170522497
1842,0.0001272268757089878,0.0001272268955865093,-1.98775215102594e-11,-19.8775215102594
1843,0.0001272307969564676,0.000127230817084556,-2.0128088411471387e-11,-20.12808841147139
1844,0.00012723471819765957,0.0001272347385826027,-2.0384943143182704e-11,-20.384943143182703
1845,0.00012723863942040855,0.00012723866008064943,-2.0660240885684466e-11,-20.660240885684466
1846,0.0001272425606979654,0.00012724258157869613,-2.0880730744694153e-11,-20.880730744694155
1847,0.0001272464819983965,0.00012724650307674286,-2.107834635021423e-11,-21.07834635021423
1848,0.0001272504032865351,0.00012725042457478955,-2.1288254450230567e-11,-21.288254450230568
1849,0.00012725432456520608,0.00012725434607283625,-2.1507630183087808e-11,-21.50763018308781
1850,0.00012725824584318437,0.00012725826757088298,-2.172769861271305e-11,-21.727698612713052
1851,0.0001272621671187754,0.00012726218906892968,-2.195015429289178e-11,-21.950154292891778
1852,0.0001272660883919726,0.0001272661105669764,-2.2175003810152194e-11,-22.175003810152194
1853,0.0001272700096610648,0.0001272700320650231,-2.2403958306573018e-11,-22.403958306573017
1854,0.0001272739309576406,0.0001272739535630698,-2.2605429199493182e-11,-22.60542919949318
1855,0.00012727785227970422,0.00012727787506111653,-2.278141231537685e-11,-22.78141231537685
1856,0.00012728177360072542,0.00012728179655916322,-2.29584378103342e-11,-22.9584378103342
1857,0.00012728569490408047,0.00012728571805720992,-2.3153129458120355e-11,-23.153129458120354
1858,0.00012728961621457478,0.00012728963955525665,-2.3340681878546182e-11,-23.34068187854618
1859,0.00012729353750422573,0.00012729356105330335,-2.354907762495212e-11,-23.54907762495212
1860,0.00012729745879330615,0.00012729748255135007,-2.3758043932751327e-11,-23.758043932751328
1861,0.0001273013800806298,0.00012730140404939677,-2.3968766973330613e-11,-23.968766973330613
1862,0.00012730530142301654,0.00012730532554744347,-2.4124426936331475e-11,-24.124426936331474
1863,0.00012730922277625213,0.0001273092470454902,-2.426923807423885e-11,-24.26923807423885
1864,0.00012731314410871494,0.0001273131685435369,-2.4434821956564906e-11,-24.434821956564907
1865,0.0001273170654365106,0.0001273170900415836,-2.460507300398286e-11,-24.60507300398286
1866,0.00012732098676141284,0.00012732101153963032,-2.477821748884358e-11,-24.77821748884358
1867,0.00012732490808254487,0.00012732493303767702,-2.495513215123385e-11,-24.95513215123385
1868,0.00012732882940490276,0.00012732885453572374,-2.513082098754285e-11,-25.13082098754285
1869,0.00012733275074578034,0.00012733277603377044,-2.5287990105757704e-11,-25.287990105757704
1870,0.0001273366721087283,0.00012733669753181714,-2.5423088852183736e-11,-25.423088852183735
1871,0.00012734059347740934,0.00012734061902986386,-2.5552454527257046e-11,-25.552454527257044
1872,0.00012734451483039906,0.00012734454052791056,-2.569751150800703e-11,-25.697511508007032
1873,0.0001273484361771566,0.0001273484620259573,-2.5848800699684898e-11,-25.848800699684897
1874,0.00012735235752968377,0.000127352383524004,-2.599432022818672e-11,-25.99432022818672
1875,0.00012735627886114435,0.00012735630502205069,-2.6160906347001023e-11,-26.160906347001024
1876,0.00012736020021281253,0.0001273602265200974,-2.6307284888884105e-11,-26.307284888884105
1877,0.00012736412161013826,0.0001273641480181441,-2.6408005861245184e-11,-26.408005861245183
1878,0.00012736804299525584,0.00012736806951619084,-2.652093500427856e-11,-26.52093500427856
1879,0.00012737196437020854,0.00012737199101423753,-2.6644029003464908e-11,-26.644029003464908
1880,0.0001273758857454905,0.00012737591251228423,-2.6766793730451474e-11,-26.766793730451475
1881,0.00012737980710536475,0.00012737983401033096,-2.6904966217141557e-11,-26.904966217141556
1882,0.00012738372847463514,0.00012738375550837766,-2.7033742519913903e-11,-27.033742519913904
1883,0.00012738764981723175,0.00012738767700642436,-2.7189192608479226e-11,-27.189192608479225
1884,0.00012739157123952538,0.00012739159850447108,-2.726494570585057e-11,-27.26494570585057
1885,0.00012739549264913008,0.00012739552000251778,-2.735338770913749e-11,-27.35338770913749
1886,0.00012739941404896785,0.0001273994415005645,-2.7451596666380085e-11,-27.451596666380084
1887,0.00012740333544513085,0.0001274033629986112,-2.755348036425599e-11,-27.553480364255993
1888,0.00012740725683457534,0.0001274072844966579,-2.7662082564839194e-11,-27.662082564839192
1889,0.00012741117821929397,0.00012741120599470463,-2.777541066716699e-11,-27.775410667166987
1890,0.00012741509960490126,0.00012741512749275133,-2.788785007607905e-11,-27.88785007607905
1891,0.00012741902102259022,0.00012741904899079803,-2.7968207807181996e-11,-27.968207807181997
1892,0.00012742294244885054,0.00012742297048884475,-2.8039994215380032e-11,-28.03999421538003
1893,0.0001274268638756277,0.00012742689198689145,-2.811126375729739e-11,-28.11126375729739
1894,0.00012743078528509115,0.00012743081348493818,-2.8199847032127384e-11,-28.199847032127384
1895,0.0001274347066984797,0.00012743473498298487,-2.828450516983233e-11,-28.28450516983233
1896,0.00012743862810481489,0.00012743865648103157,-2.8376216693190598e-11,-28.376216693190596
1897,0.00012744254950283312,0.0001274425779790783,-2.847624518562411e-11,-28.47624518562411
1898,0.00012744647093106872,0.000127446499477125,-2.8546056285884094e-11,-28.546056285884095
1899,0.00012745039239092147,0.00012745042097517172,-2.8584250261860816e-11,-28.584250261860817
1900,0.00012745431383456946,0.00012745434247321842,-2.8638648967452995e-11,-28.638648967452994
1901,0.00012745823526700664,0.00012745826397126512,-2.8704258486139e-11,-28.704258486139
1902,0.00012746215670036116,0.00012746218546931185,-2.876895068847192e-11,-28.768950688471918
1903,0.00012746607812527604,0.00012746610696735854,-2.8842082510250846e-11,-28.842082510250847
1904,0.0001274699995429608,0.00012747002846540524,-2.892244444263721e-11,-28.92244444263721
1905,0.00012747392098539482,0.00012747394996345197,-2.8978057156506975e-11,-28.978057156506974
1906,0.0001274778424533164,0.00012747787146149867,-2.9008182283075626e-11,-29.008182283075627
1907,0.000127481763928876,0.0001274817929595454,-2.9030669395074496e-11,-29.030669395074497
1908,0.0001274856853797555,0.0001274857144575921,-2.9077836607701468e-11,-29.077836607701467
1909,0.00012748960683161024,0.0001274896359556388,-2.9124028553369235e-11,-29.124028553369236
1910,0.0001274935282656862,0.00012749355745368551,-2.918799932757658e-11,-29.187999327576584
1911,0.0001274974496924508,0.0001274974789517322,-2.9259281419134086e-11,-29.259281419134087
1912,0.0001275013711603148,0.00012750140044977894,-2.928946414394315e-11,-29.28946414394315
1913,0.00012750529260079785,0.00012750532194782564,-2.934702779830714e-11,-29.34702779830714
1914,0.00012750921401219137,0.00012750924344587234,-2.9433680976429677e-11,-29.433680976429677
1915,0.00012751313548596316,0.00012751316494391906,-2.945795591070592e-11,-29.45795591070592
1916,0.00012751705695213843,0.00012751708644196576,-2.948982733460874e-11,-29.48982733460874
1917,0.00012752097841097284,0.00012752100794001246,-2.9529039620370914e-11,-29.529039620370913
1918,0.00012752489985874165,0.00012752492943805918,-2.957931754455602e-11,-29.57931754455602
1919,0.00012752882136452125,0.00012752885093610588,-2.957158463519109e-11,-29.57158463519109
1920,0.00012753274285983495,0.0001275327724341526,-2.957431766492244e-11,-29.57431766492244
1921,0.00012753666435178217,0.0001275366939321993,-2.9580417142399354e-11,-29.580417142399355
1922,0.00012754058582789633,0.000127540615430246,-2.9602349684987e-11,-29.602349684986997
1923,0.00012754450731189678,0.00012754453692829273,-2.9616395957812416e-11,-29.616395957812415
1924,0.00012754842878269536,0.00012754845842633943,-2.964364407260121e-11,-29.643644072601212
1925,0.00012755235025830802,0.00012755237992438616,-2.9666078140008794e-11,-29.666078140008793
1926,0.00012755627178243065,0.00012755630142243285,-2.964000221039878e-11,-29.64000221039878
1927,0.00012756019329596198,0.00012756022292047955,-2.9624517580761233e-11,-29.624517580761232
1928,0.0001275641148004314,0.00012756414441852628,-2.9618094875511647e-11,-29.618094875511648
1929,0.0001275680363056888,0.00012756806591657298,-2.96108841721231e-11,-29.610884172123097
1930,0.00012757195779661607,0.00012757198741461968,-2.961800361279378e-11,-29.61800361279378
1931,0.0001275758792754441,0.0001275759089126664,-2.963722231602853e-11,-29.637222316028527
1932,0.00012757980078285564,0.0001275798304107131,-2.9627857465553575e-11,-29.627857465553575
1933,0.00012758372232833507,0.00012758375190875983,-2.9580424758919615e-11,-29.580424758919616
1934,0.00012758764384965057,0.00012758767340680652,-2.955715596425944e-11,-29.557155964259437
1935,0.00012759156536096175,0.00012759159490485322,-2.9543891482515544e-11,-29.543891482515544
1936,0.00012759548688094562,0.00012759551640289995,-2.952195433206867e-11,-29.521954332068667
1937,0.00012759940837088542,0.00012759943790094665,-2.953006123697299e-11,-29.530061236972994
1938,0.00012760332988088214,0.00012760335939899337,-2.951811124194302e-11,-29.51811124194302
1939,0.000127607251434846,0.00012760728089704007,-2.946219408410322e-11,-29.46219408410322
1940,0.00012761117299283837,0.00012761120239508677,-2.9402248410461226e-11,-29.402248410461226
1941,0.00012761509452514886,0.0001276151238931335,-2.936798464025471e-11,-29.36798464025471
1942,0.00012761901606205721,0.0001276190453911802,-2.932912298547512e-11,-29.329122985475117
1943,0.00012762293758676428,0.0001276229668892269,-2.9302462616684024e-11,-29.302462616684025
1944,0.00012762685909529603,0.00012762688838727362,-2.9291977595629514e-11,-29.291977595629515
1945,0.000127630780615976,0.00012763080988532032,-2.9269344333177793e-11,-29.269344333177795
1946,0.00012763470218716682,0.00012763473138336704,-2.919620023280926e-11,-29.196200232809264
1947,0.00012763862375202655,0.00012763865288141374,-2.912938719550169e-11,-29.12938719550169
1948,0.00012764254531195924,0.00012764257437946044,-2.906750120654676e-11,-29.067501206546762
1949,0.00012764646684163767,0.00012764649587750716,-2.903586949974428e-11,-29.03586949974428
1950,0.00012765038838313095,0.00012765041737555386,-2.899242291660757e-11,-28.99242291660757
1951,0.00012765430990622844,0.0001276543388736006,-2.896737215436175e-11,-28.96737215436175
1952,0.00012765823147859907,0.0001276582603716473,-2.889304822518912e-11,-28.893048225189123
1953,0.0001276621530597333,0.00012766218186969399,-2.8809960689856292e-11,-28.809960689856293
1954,0.00012766607462284698,0.0001276661033677407,-2.8744893733042453e-11,-28.744893733042453
1955,0.00012766999619225845,0.0001276700248657874,-2.8673528971069298e-11,-28.6735289710693
1956,0.0001276739177377333,0.0001276739463638341,-2.8626100818084463e-11,-28.626100818084463
1957,0.00012767783928167888,0.00012767786786188083,-2.8580201959368972e-11,-28.58020195936897
1958,0.00012768176083561154,0.00012768178935992753,-2.8524315999446686e-11,-28.524315999446685
1959,0.00012768568244834008,0.00012768571085797426,-2.840963418939138e-11,-28.40963418939138
1960,0.00012768960403403642,0.00012768963235602096,-2.8321984548157167e-11,-28.321984548157168
1961,0.0001276935256028053,0.00012769355385406766,-2.825126236570659e-11,-28.251262365706587
1962,0.00012769744716896255,0.00012769747535211438,-2.818315183655415e-11,-28.18315183655415
1963,0.00012770136872324272,0.00012770139685016108,-2.8126918362730527e-11,-28.126918362730528
1964,0.00012770529027768376,0.00012770531834820778,-2.8070524020409562e-11,-28.07052402040956
1965,0.0001277092118967093,0.0001277092398462545,-2.794954521834657e-11,-27.949545218346568
1966,0.00012771313349002172,0.0001277131613443012,-2.7854279490531514e-11,-27.854279490531514
1967,0.0001277170550752942,0.00012771708284234793,-2.7767053745241687e-11,-27.767053745241686
1968,0.00012772097666115947,0.00012772100434039463,-2.7679235158203946e-11,-27.679235158203944
1969,0.0001277248982287503,0.00012772492583844133,-2.7609691042728937e-11,-27.609691042728937
1970,0.00012772881978814185,0.00012772884733648805,-2.754834620618335e-11,-27.54834620618335
1971,0.0001277327413977414,0.00012773276883453475,-2.7436793349387728e-11,-27.436793349387727
1972,0.00012773666302128028,0.00012773669033258148,-2.7311301203416058e-11,-27.311301203416058
1973,0.00012774058461903438,0.00012774061183062817,-2.7211593797455927e-11,-27.211593797455926
1974,0.00012774450621781623,0.00012774453332867487,-2.7110858649151442e-11,-27.110858649151442
1975,0.00012774842780445764,0.0001277484548267216,-2.702226396309358e-11,-27.022263963093582
1976,0.00012775234938125054,0.0001277523763247683,-2.6943517762994764e-11,-26.943517762994766
1977,0.00012775627097906604,0.00012775629782281502,-2.684374899119167e-11,-26.84374899119167
1978,0.00012776019262185104,0.00012776021932086172,-2.6699010684565233e-11,-26.699010684565234
1979,0.0001277641142351688,0.00012776414081890842,-2.6583739637734235e-11,-26.583739637734237
1980,0.0001277680358459577,0.00012776806231695514,-2.647099743826045e-11,-26.47099743826045
1981,0.00012777195744675504,0.00012777198381500184,-2.6368246812327425e-11,-26.368246812327424
1982,0.00012777587903789556,0.00012777590531304854,-2.6275152985409347e-11,-26.275152985409346
1983,0.00012777980063560497,0.00012777982681109527,-2.617549030278883e-11,-26.17549030278883
1984,0.0001277837222876049,0.00012778374830914197,-2.602153706374284e-11,-26.02153706374284
1985,0.00012778764391815483,0.0001277876698071887,-2.5889033870212685e-11,-25.889033870212685
1986,0.0001277915655314976,0.0001277915913052354,-2.5773737805416558e-11,-25.77373780541656
1987,0.00012779548714434786,0.0001277955128032821,-2.565893423945728e-11,-25.65893423945728
1988,0.0001277994087484931,0.00012779943430132881,-2.555283573274089e-11,-25.552835732740892
1989,0.00012780333034828061,0.0001278033557993755,-2.5451094905606264e-11,-25.451094905606265
1990,0.00012780725200866843,0.0001278072772974222,-2.528875379066295e-11,-25.28875379066295
1991,0.00012781117365502572,0.00012781119879546894,-2.514044322761355e-11,-25.140443227613552
1992,0.00012781509528622917,0.00012781512029351564,-2.500728647701382e-11,-25.00728647701382
1993,0.00012781901691289545,0.00012781904179156236,-2.4878666922770562e-11,-24.878666922770563
1994,0.00012782293852899135,0.00012782296328960906,-2.4760617716292787e-11,-24.76061771629279
1995,0.00012782686013953085,0.00012782688478765576,-2.464812491042373e-11,-24.64812491042373
1996,0.00012783078180894929,0.00012783080628570248,-2.447675320453524e-11,-24.47675320453524
1997,0.0001278347034693516,0.00012783472778374918,-2.4314397588387867e-11,-24.314397588387866
1998,0.00012783862511042929,0.0001278386492817959,-2.417136662913255e-11,-24.17136662913255
1999,0.0001278425467487146,0.0001278425707798426,-2.4031128005467417e-11,-24.031128005467416
2000,0.0001278464683758368,0.0001278464922778893,-2.3902052517105573e-11,-23.902052517105574
2001,0.00012785038998624733,0.00012785041377593603,-2.3789688704189987e-11,-23.789688704189988
2002,0.00012785431166326648,0.00012785433527398273,-2.3610716253181396e-11,-23.610716253181398
2003,0.0001278582333365682,0.00012785825677202946,-2.3435461260371715e-11,-23.435461260371714
2004,0.00012786215498781231,0.00012786217827007615,-2.328226384576522e-11,-23.28226384576522
2005,0.0001278660766369969,0.00012786609976812285,-2.3131125954500522e-11,-23.131125954500522
2006,0.0001278699982745058,0.00012787002126616958,-2.2991663782221214e-11,-22.991663782221213
2007,0.00012787391989609436,0.00012787394276421628,-2.2868121926222465e-11,-22.868121926222464
2008,0.00012787784157803706,0.00012787786426226298,-2.2684225923413237e-11,-22.684225923413237
2009,0.00012788176326270032,0.0001278817857603097,-2.24976093863027e-11,-22.4976093863027
2010,0.00012788568492383276,0.0001278857072583564,-2.233452364130732e-11,-22.33452364130732
2011,0.0001278896065831406,0.00012788962875640313,-2.2173262527253073e-11,-22.173262527253073
2012,0.00012789352823041141,0.00012789355025444982,-2.202403841545314e-11,-22.02403841545314
2013,0.00012789744986197737,0.00012789747175249652,-2.189051916185704e-11,-21.89051916185704
2014,0.00012790137155167943,0.00012790139325054325,-2.169886382225493e-11,-21.69886382225493
2015,0.0001279052932463485,0.00012790531474858995,-2.1502241454345067e-11,-21.502241454345068
2016,0.00012790921491686577,0.00012790923624663664,-2.1329770882449708e-11,-21.329770882449708
2017,0.0001279131365855541,0.00012791315774468337,-2.115912927830417e-11,-21.15912927830417
2018,0.0001279170582419733,0.00012791707924273007,-2.100075677699302e-11,-21.000756776993022
2019,0.00012792097988232546,0.0001279210007407768,-2.0858451338726477e-11,-20.85845133872648
2020,0.0001279249015826637,0.0001279249222388235,-2.065615981318196e-11,-20.656159813181958
2021,0.00012792882328592842,0.0001279288437368702,-2.0450941782028414e-11,-20.450941782028416
2022,0.0001279327449691397,0.00012793276523491692,-2.0265777235572324e-11,-20.265777235572322
2023,0.00012793666664612265,0.00012793668673296362,-2.008684096981124e-11,-20.086840969811238
2024,0.00012794058830492748,0.00012794060823101034,-1.9926082871354916e-11,-19.926082871354915
2025,0.00012794450994156647,0.00012794452972905704,-1.9787490581583647e-11,-19.787490581583647
2026,0.0001279484316673889,0.00012794845122710374,-1.9559714856869803e-11,-19.559714856869803
2027,0.00012795235337215779,0.00012795237272515046,-1.9352992684937314e-11,-19.352992684937313
2028,0.00012795627506392043,0.00012795629422319716,-1.9159276737791233e-11,-19.159276737791235
2029,0.00012796019674761748,0.00012796021572124386,-1.8973626387446707e-11,-18.973626387446707
2030,0.0001279641184175792,0.0001279641372192906,-1.8801711387849584e-11,-18.801711387849583
2031,0.00012796804008303125,0.00012796805871733729,-1.8634306045873752e-11,-18.634306045873753
2032,0.00012797196180366587,0.000127971980215384,-1.841171814724009e-11,-18.411718147240087
2033,0.00012797588351975465,0.0001279759017134307,-1.8193676064370168e-11,-18.193676064370166
2034,0.0001279798052135869,0.0001279798232114774,-1.7997890510802083e-11,-17.997890510802083
2035,0.00012798372689922495,0.00012798374470952413,-1.781029919462332e-11,-17.81029919462332
2036,0.0001279876485757421,0.00012798766620757083,-1.763182872922059e-11,-17.63182872922059
2037,0.0001279915702433679,0.00012799158770561753,-1.7462249643204086e-11,-17.462249643204085
2038,0.00012799549198811252,0.00012799550920366426,-1.7215551744549667e-11,-17.215551744549668
2039,0.00012799941370034834,0.00012799943070171096,-1.7001362618045162e-11,-17.001362618045164
2040,0.00012800333914922662,0.00012800335219975768,-1.305053106702532e-11,-13.05053106702532
2041,0.00012800726697556527,0.00012800727369780438,-6.722239118400433e-12,-6.722239118400433
2042,0.00012801118948009335,0.00012801119519585108,-5.715757734704063e-12,-5.715757734704063
2043,0.00012801511078957604,0.0001280151166938978,-5.904321769966927e-12,-5.904321769966927
2044,0.00012801903153566546,0.0001280190381919445,-6.656279050047009e-12,-6.656279050047009
2045,0.00012802295253206195,0.00012802295968999123,-7.1579292850707935e-12,-7.157929285070794
2046,0.00012802687350269557,0.00012802688118803793,-7.685342359222233e-12,-7.685342359222233
2047,0.00012803079449008947,0.00012803080268608463,-8.195995158565033e-12,-8.195995158565033
2048,0.00012803471549875396,0.00012803472418413135,-8.685377402061656e-12,-8.685377402061656
2049,0.0001280386365148804,0.00012803864568217805,-9.1672976512112e-12,-9.1672976512112
2050,0.00012804255753601,0.00012804256718022477,-9.644214768120648e-12,-9.644214768120648
2051,0.00012804647856322641,0.00012804648867827147,-1.0115045065613545e-11,-10.115045065613545
2052,0.00012805039958055237,0.00012805041017631817,-1.0595765807689561e-11,-10.595765807689562
2053,0.0001280543206473747,0.0001280543316743649,-1.1026990199821562e-11,-11.026990199821562
2054,0.00012805824172998028,0.0001280582531724116,-1.1442431318827606e-11,-11.442431318827605
2055,0.00012806216282040147,0.0001280621746704583,-1.1850056830948016e-11,-11.850056830948017
2056,0.00012806608390705573,0.00012806609616850502,-1.226144929509651e-11,-12.26144929509651
2057,0.00012807000498640467,0.00012807001766655172,-1.2680147059273103e-11,-12.680147059273104
2058,0.00012807392607787512,0.00012807393916459844,-1.308672333474109e-11,-13.086723334741091
2059,0.0001280778471714819,0.00012807786066264514,-1.3491163244038304e-11,-13.491163244038304
2060,0.00012808176825771848,0.00012808178216069184,-1.3902973369968693e-11,-13.902973369968693
2061,0.00012808568935230422,0.00012808570365873857,-1.430643435312437e-11,-14.30643435312437
2062,0.00012808961045931806,0.00012808962515678527,-1.4697467208092007e-11,-14.697467208092007
2063,0.0001280935316012712,0.00012809354665483196,-1.5053560780689562e-11,-15.053560780689562
2064,0.00012809745275117084,0.0001280974681528787,-1.540170785609421e-11,-15.401707856094209
2065,0.0001281013738885348,0.0001281013896509254,-1.5762390585437352e-11,-15.762390585437352
2066,0.00012810529502182917,0.00012810531114897211,-1.6127142948950082e-11,-16.12714294895008
2067,0.0001281092161606859,0.0001281092326470188,-1.6486332921637092e-11,-16.486332921637093
2068,0.00012811313729762798,0.0001281131541450655,-1.6847437541150603e-11,-16.847437541150605
2069,0.00012811705843556468,0.00012811707564311224,-1.7207547567801184e-11,-17.207547567801186
2070,0.00012812097955835325,0.00012812099714115894,-1.7582805687734973e-11,-17.58280568773497
2071,0.0001281249007314572,0.00012812491863920566,-1.7907748478508706e-11,-17.907748478508704
2072,0.000128128821912214,0.00012812884013725236,-1.822503837403784e-11,-18.22503837403784
2073,0.00012813274309534295,0.00012813276163529906,-1.853995611652874e-11,-18.539956116528742
2074,0.0001281366642734073,0.00012813668313334578,-1.8859938492627973e-11,-18.859938492627972
2075,0.0001281405854508613,0.00012814060463139248,-1.918053119323515e-11,-19.18053119323515
2076,0.0001281445066293675,0.0001281445261294392,-1.9500071702738986e-11,-19.500071702738985
2077,0.00012814842780470086,0.0001281484476274859,-1.9822785048585436e-11,-19.822785048585438
2078,0.00012815234898445578,0.0001281523691255326,-2.014107682823711e-11,-20.14107682823711
2079,0.00012815627015723728,0.00012815629062357933,-2.046634206073694e-11,-20.46634206073694
2080,0.00012816019139043182,0.00012816021212162603,-2.0731194220038218e-11,-20.73119422003822
2081,0.00012816411261421125,0.00012816413361967273,-2.100546148258514e-11,-21.00546148258514
2082,0.00012816803382971036,0.00012816805511771945,-2.1288009095278934e-11,-21.288009095278934
2083,0.00012817195503810316,0.00012817197661576615,-2.1577663002692065e-11,-21.577663002692066
2084,0.00012817587625228803,0.00012817589811381288,-2.186152485815429e-11,-21.86152485815429
2085,0.0001281797974614388,0.00012817981961185958,-2.2150420772723583e-11,-22.15042077272358
2086,0.0001281837186571784,0.00012818374110990627,-2.245272788869576e-11,-22.45272788869576
2087,0.0001281876398644063,0.000128187662607953,-2.274354671713312e-11,-22.74354671713312
2088,0.0001281915611212304,0.0001281915841059997,-2.2984769313501324e-11,-22.984769313501324
2089,0.00012819548237291627,0.0001281955056040464,-2.3231130133700317e-11,-23.23113013370032
2090,0.00012819940363879885,0.00012819942710209312,-2.3463294275127513e-11,-23.463294275127513
2091,0.00012820332488267953,0.00012820334860013982,-2.3717460293871284e-11,-23.717460293871284
2092,0.00012820724612808596,0.00012820727009818655,-2.397010059621288e-11,-23.970100596212877
2093,0.00012821116737515959,0.00012821119159623325,-2.4221073666663734e-11,-24.221073666663735
2094,0.0001282150886154717,0.00012821511309427994,-2.4478808255543077e-11,-24.478808255543075
2095,0.00012821900984233447,0.00012821903459232667,-2.4749992209741778e-11,-24.749992209741777
2096,0.00012822293111797338,0.00012822295609037337,-2.4972399995289537e-11,-24.97239999528954
2097,0.00012822685241239048,0.0001282268775884201,-2.5176029616050283e-11,-25.176029616050283
2098,0.00012823077369667602,0.0001282307990864668,-2.5389790780852253e-11,-25.389790780852252
2099,0.0001282346949685762,0.0001282347205845135,-2.5615937302066557e-11,-25.61593730206656
2100,0.00012823861624516368,0.00012823864208256022,-2.5837396546238664e-11,-25.837396546238665
2101,0.00012824253750874504,0.00012824256358060692,-2.6071861879671906e-11,-26.071861879671907
2102,0.00012824645878022715,0.00012824648507865364,-2.6298426496348975e-11,-26.298426496348974
2103,0.00012825038003677356,0.00012825040657670034,-2.6539926783998607e-11,-26.539926783998606
2104,0.0001282543013395482,0.00012825432807474704,-2.6735198832312748e-11,-26.735198832312747
2105,0.00012825822266113635,0.00012825824957279376,-2.691165742505916e-11,-26.91165742505916
2106,0.00012826214395985407,0.00012826217107084046,-2.7110986395272415e-11,-27.110986395272416
2107,0.00012826606525848916,0.00012826609256888716,-2.731039800879627e-11,-27.31039800879627
2108,0.0001282699865570382,0.0001282700140669339,-2.7509895680867563e-11,-27.50989568086756
2109,0.00012827390784717196,0.00012827393556498059,-2.7717808632046092e-11,-27.717808632046093
2110,0.00012827782913582021,0.0001282778570630273,-2.7927207102831253e-11,-27.927207102831254
2111,0.00012828175043858706,0.000128281778561074,-2.8122486957401035e-11,-28.122486957401037
2112,0.00012828567178535435,0.0001282857000591207,-2.8273766364154296e-11,-28.273766364154294
2113,0.00012828959311295251,0.00012828962155716743,-2.8444214926103023e-11,-28.444214926103022
2114,0.00012829351444303865,0.00012829354305521413,-2.8612175488011385e-11,-28.612175488011385
2115,0.00012829743576568797,0.00012829746455326083,-2.8787572863671368e-11,-28.787572863671368
2116,0.00012830135708445125,0.00012830138605130756,-2.8966856318073136e-11,-28.966856318073138
2117,0.0001283052783994365,0.00012830530754935426,-2.9149917756260093e-11,-29.149917756260095
2118,0.00012830919971376002,0.00012830922904740098,-2.933364096434808e-11,-29.33364096434808
2119,0.00012831312104846687,0.00012831315054544768,-2.9496980819227636e-11,-29.496980819227637
2120,0.0001283170424276609,0.00012831707204349438,-2.961583347372533e-11,-29.61583347372533
2121,0.0001283209637785118,0.0001283209935415411,-2.976302931431109e-11,-29.763029314311087
2122,0.00012832488512820155,0.0001283249150395878,-2.991138625410841e-11,-29.91138625410841
2123,0.0001283288064703629,0.00012832883653763453,-3.0067271622740935e-11,-30.067271622740936
2124,0.00012833272781171646,0.00012833275803568123,-3.0223964776202067e-11,-30.223964776202067
2125,0.00012833664914455736,0.00012833667953372792,-3.038917057012552e-11,-30.389170570125522
2126,0.00012834057047155715,0.00012834060103177465,-3.0560217503253245e-11,-30.560217503253245
2127,0.00012834449187134554,0.00012834452252982135,-3.065847581879974e-11,-30.65847581879974
2128,0.00012834841324560104,0.00012834844402786805,-3.078226701419311e-11,-30.782267014193106
2129,0.00012835233461858117,0.00012835236552591477,-3.0907333610812076e-11,-30.907333610812078
2130,0.00012835625598688795,0.00012835628702396147,-3.103707352537027e-11,-31.037073525370275
2131,0.00012836017734664214,0.0001283602085220082,-3.1175366060345905e-11,-31.175366060345905
2132,0.00012836409870084918,0.0001283641300200549,-3.131920572600168e-11,-31.319205726001677
2133,0.00012836802005406208,0.0001283680515181016,-3.146403952373446e-11,-31.464039523734456
2134,0.00012837194147523816,0.00012837197301614832,-3.154091016249509e-11,-31.54091016249509
2135,0.00012837586287477076,0.00012837589451419502,-3.163942426843913e-11,-31.639424268439132
2136,0.00012837978426977144,0.00012837981601224174,-3.1742470312359105e-11,-31.742470312359107
2137,0.00012838370565824682,0.00012838373751028844,-3.1852041627054184e-11,-31.852041627054184
2138,0.00012838762704223377,0.00012838765900833514,-3.1966101376113026e-11,-31.966101376113027
2139,0.000128391548420677,0.00012839158050638187,-3.208570486772022e-11,-32.085704867720224
2140,0.00012839546977707518,0.00012839550200442857,-3.2227353387890456e-11,-32.22735338789045
2141,0.0001283993912072969,0.00012839942350247526,-3.229517836529572e-11,-32.29517836529572
2142,0.0001284033126415827,0.000128403345000522,-3.235893929217258e-11,-32.35893929217258
2143,0.00012840723405462375,0.0001284072664985687,-3.244394494377886e-11,-32.44394494377886
2144,0.00012841115546497397,0.00012841118799661541,-3.253164144965198e-11,-32.531641449651985
2145,0.00012841507687159584,0.0001284151094946621,-3.262306628285079e-11,-32.62306628285079
2146,0.0001284189982715918,0.0001284190309927088,-3.2721117027891364e-11,-32.72111702789137
2147,0.00012842291966159118,0.00012842295249075554,-3.282916436090774e-11,-32.82916436090774
2148,0.00012842684108578385,0.00012842687398880224,-3.2903018396858816e-11,-32.90301839685882
2149,0.00012843076254088578,0.00012843079548684896,-3.294596318412504e-11,-32.94596318412504
2150,0.0001284346839798308,0.00012843471698489566,-3.300506486058587e-11,-33.00506486058587
2151,0.0001284386054065221,0.00012843863848294236,-3.3076420271315285e-11,-33.076420271315286
2152,0.0001284425268327681,0.00012844255998098908,-3.3148220990981997e-11,-33.148220990982
2153,0.00012844644825109938,0.00012844648147903578,-3.322793641361291e-11,-33.22793641361291
2154,0.00012845036966085705,0.00012845040297708248,-3.331622543597329e-11,-33.31622543597329
2155,0.00012845429110164096,0.0001284543244751292,-3.337348825133947e-11,-33.37348825133947
2156,0.00012845821257429174,0.0001284582459731759,-3.33988841693469e-11,-33.3988841693469
2157,0.00012846213402669627,0.00012846216747122263,-3.344452637030311e-11,-33.44452637030311
2158,0.0001284660554713131,0.00012846608896926933,-3.3497956232833956e-11,-33.49795623283396
2159,0.00012846997690927088,0.00012847001046731603,-3.355804515668799e-11,-33.55804515668799
2160,0.00012847389834375872,0.00012847393196536275,-3.362160404249001e-11,-33.62160404249001
2161,0.00012847781976299454,0.00012847785346340945,-3.3700414915248416e-11,-33.700414915248416
2162,0.00012848174125107325,0.00012848177496145615,-3.371038290739192e-11,-33.710382907391924
2163,0.0001284856627309091,0.00012848569645950288,-3.372859379049724e-11,-33.728593790497236
2164,0.00012848958419686758,0.00012848961795754957,-3.3760682000624445e-11,-33.76068200062444
2165,0.00012849350565522833,0.0001284935394555963,-3.380036797431578e-11,-33.800367974315776
2166,0.00012849742712063063,0.000128497460953643,-3.383301238015747e-11,-33.83301238015747
2167,0.00012850134855337854,0.0001285013824516897,-3.389831116650084e-11,-33.89831116650084
2168,0.00012850526996310878,0.00012850530394973642,-3.398662764628124e-11,-33.98662764628124
2169,0.00012850919138181598,0.00012850922544778312,-3.40659671489139e-11,-34.0659671489139
2170,0.00012851311288077718,0.00012851314694582985,-3.4065052678591514e-11,-34.06505267859151
2171,0.0001285170343658255,0.00012851706844387655,-3.407805104291217e-11,-34.07805104291217
2172,0.0001285209558443464,0.00012852098994192324,-3.409757684641228e-11,-34.09757684641228
2173,0.00012852487731076348,0.00012852491143996997,-3.412920649323063e-11,-34.12920649323063
2174,0.0001285287987708799,0.00012852883293801667,-3.416713676413395e-11,-34.16713676413395
2175,0.00012853272024075584,0.0001285327544360634,-3.419530756207659e-11,-34.195307562076586
2176,0.00012853664175483117,0.0001285366759341101,-3.4179278933998996e-11,-34.179278933998994
2177,0.00012854056326388428,0.0001285405974321568,-3.416827252011974e-11,-34.168272520119736
2178,0.00012854448475586413,0.00012854451893020352,-3.4174339390216315e-11,-34.17433939021632
2179,0.00012854840625536014,0.00012854844042825022,-3.4172890082962245e-11,-34.17289008296225
2180,0.00012855232774047228,0.00012855236192629691,-3.418582464198505e-11,-34.18582464198505
2181,0.00012855624921075974,0.00012855628342434364,-3.421358390388807e-11,-34.213583903888065
2182,0.00012856017069960858,0.00012856020492239034,-3.42227817601234e-11,-34.222781760123404
2183,0.00012856409224539577,0.00012856412642043706,-3.417504130270278e-11,-34.17504130270278
2184,0.00012856801375242142,0.00012856804791848376,-3.416606234688607e-11,-34.16606234688607
2185,0.00012857193526818984,0.00012857196941653046,-3.414834062869593e-11,-34.14834062869593
2186,0.00012857585676508062,0.0001285758909145772,-3.414949657794718e-11,-34.149496577947176
2187,0.00012857977826408727,0.00012857981241262389,-3.414853662534366e-11,-34.14853662534366
2188,0.0001285836997496339,0.00012858373391067058,-3.416103669034584e-11,-34.16103669034584
2189,0.00012858762130916066,0.0001285876554087173,-3.4099556653789345e-11,-34.09955665378934
2190,0.00012859154283830925,0.000128591576906764,-3.40684547694835e-11,-34.0684547694835
2191,0.00012859546437954004,0.00012859549840481073,-3.402527069879781e-11,-34.025270698797804
2192,0.000128599385893215,0.00012859941990285743,-3.400964243947746e-11,-34.00964243947746
2193,0.00012860330742434927,0.00012860334140090413,-3.3976554865997765e-11,-33.97655486599776
2194,0.0001286072289257462,0.00012860726289895086,-3.397320465417973e-11,-33.97320465417973
2195,0.00012861115044865656,0.00012861118439699755,-3.394834099812383e-11,-33.948340998123825
2196,0.0001286150720054318,0.00012861510589504428,-3.388961247694572e-11,-33.88961247694572
2197,0.00012861899355616743,0.00012861902739309098,-3.383692355817955e-11,-33.83692355817955
2198,0.00012862291509171484,0.00012862294889113768,-3.379942284817697e-11,-33.79942284817697
2199,0.00012862683663092538,0.0001286268703891844,-3.3758259025609374e-11,-33.75825902560938
2200,0.00012863075815918657,0.0001286307918872311,-3.372804453367666e-11,-33.72804453367666
2201,0.00012863467967915527,0.00012863471338527783,-3.3706122562060195e-11,-33.706122562060195
2202,0.00012863860123742872,0.00012863863488332453,-3.364589580900498e-11,-33.64589580900498
2203,0.00012864252281626046,0.00012864255638137122,-3.356511076672081e-11,-33.56511076672081
2204,0.00012864644436526965,0.00012864647787941795,-3.351414830438905e-11,-33.514148304389046
2205,0.00012865036591864644,0.00012865039937746465,-3.3458818214920596e-11,-33.4588182149206
2206,0.0001286542874649738,0.00012865432087551135,-3.3410537553767536e-11,-33.41053755376753
2207,0.0001286582089946748,0.00012865824237355807,-3.337888326845481e-11,-33.378883268454814
2208,0.00012866213053079815,0.00012866216387160477,-3.334080663025821e-11,-33.34080663025821
2209,0.00012866605212138608,0.0001286660853696515,-3.3248265421187445e-11,-33.24826542118745
2210,0.00012866997369648294,0.0001286700068676982,-3.31712152656521e-11,-33.1712152656521
2211,0.0001286738952607019,0.0001286739283657449,-3.310504299182847e-11,-33.10504299182847
2212,0.00012867781682188544,0.00012867784986379162,-3.3041906185932196e-11,-33.0419061859322
2213,0.00012868173837343402,0.00012868177136183832,-3.298840430527204e-11,-32.98840430527204
2214,0.0001286856599031306,0.00012868569285988502,-3.295675441097812e-11,-32.956754410978114
2215,0.00012868958149651538,0.00012868961435793174,-3.286141636687816e-11,-32.86141636687816
2216,0.00012869350309708427,0.00012869353585597844,-3.2758894182342873e-11,-32.75889418234287
2217,0.00012869742467362276,0.00012869745735402517,-3.2680402417388884e-11,-32.68040241738888
2218,0.0001287013462578689,0.00012870137885207187,-3.259420297787553e-11,-32.59420297787553
2219,0.00012870526781823762,0.00012870530035011856,-3.2531880949911884e-11,-32.53188094991189
2220,0.000128709189374461,0.0001287092218481653,-3.247370428763957e-11,-32.47370428763957
2221,0.00012871311095061913,0.000128713143346212,-3.239559286080769e-11,-32.39559286080769
2222,0.00012871703257245144,0.00012871706484425871,-3.2271807276160566e-11,-32.271807276160565
2223,0.00012872095416591707,0.0001287209863423054,-3.217638835057854e-11,-32.17638835057854
2224,0.00012872487575559265,0.0001287249078403521,-3.208475947053087e-11,-32.08475947053087
2225,0.00012872879733647597,0.00012872882933839884,-3.200192287379086e-11,-32.00192287379086
2226,0.00012873271890089327,0.00012873275083644554,-3.1935552272284825e-11,-31.935552272284827
2227,0.0001287366404720931,0.00012873667233449226,-3.1862399173038264e-11,-31.862399173038263
2228,0.0001287405621013122,0.00012874059383253896,-3.173122675635967e-11,-31.73122675635967
2229,0.00012874448371441046,0.00012874451533058566,-3.161617520625849e-11,-31.616175206258493
2230,0.00012874840531389075,0.00012874843682863238,-3.151474164201955e-11,-31.514741642019548
2231,0.0001287523269092603,0.00012875235832667908,-3.141741877610747e-11,-31.41741877610747
2232,0.00012875624849459727,0.00012875627982472578,-3.133012852078838e-11,-31.33012852078838
2233,0.00012876017006595097,0.0001287602013227725,-3.125682154614849e-11,-31.25682154614849
2234,0.00012876409170228258,0.0001287641228208192,-3.111853662769312e-11,-31.11853662769312
2235,0.0001287680133335616,0.00012876804431886593,-3.098530433530702e-11,-30.985304335307024
2236,0.00012877193494374947,0.00012877196581691263,-3.087316316330756e-11,-30.873163163307556
2237,0.00012877585655274236,0.00012877588731495933,-3.076221697183755e-11,-30.76221697183755
2238,0.00012877977815045201,0.00012877980881300605,-3.0662554045271545e-11,-30.662554045271545
2239,0.0001287836997344916,0.00012878373031105275,-3.057656114627205e-11,-30.576561146272052
2240,0.0001287876213656655,0.00012878765180909945,-3.0443433967286576e-11,-30.443433967286577
2241,0.00012879154301370042,0.00012879157330714618,-3.029344576400558e-11,-30.293445764005583
2242,0.00012879546463505037,0.00012879549480519287,-3.0170142513799944e-11,-30.170142513799945
2243,0.00012879938625687024,0.0001287994163032396,-3.004636937037275e-11,-30.046369370372748
2244,0.0001288033078659447,0.0001288033378012863,-2.993534159268926e-11,-29.935341592689262
2245,0.0001288072294643927,0.000128807259299333,-2.983494029733874e-11,-29.83494029733874
2246,0.00012881115109036157,0.00012881118079737972,-2.9707018156142933e-11,-29.707018156142933
2247,0.00012881507275376935,0.00012881510229542642,-2.954165707736332e-11,-29.541657077363322
2248,0.00012881899438673403,0.00012881902379347315,-2.940673912164955e-11,-29.40673912164955
2249,0.00012882291602021203,0.00012882294529151985,-2.9271307823312165e-11,-29.271307823312164
2250,0.0001288268376410537,0.00012882686678956654,-2.9148512847084987e-11,-29.148512847084987
2251,0.0001288307592514678,0.00012883078828761327,-2.9036145483407285e-11,-29.036145483407285
2252,0.00012883468087741975,0.00012883470978565997,-2.8908240228660314e-11,-28.908240228660315
2253,0.00012883860255270374,0.00012883863128370667,-2.873100293480857e-11,-28.73100293480857
2254,0.00012884252419911475,0.0001288425527817534,-2.8582638649541525e-11,-28.582638649541526
2255,0.00012884644584143263,0.0001288464742798001,-2.8438367471421102e-11,-28.438367471421103
2256,0.0001288503674717755,0.00012885039577784682,-2.8306071333400837e-11,-28.306071333400837
2257,0.00012885428909180328,0.00012885431727589352,-2.818409024063949e-11,-28.184090240639488
2258,0.0001288582107266985,0.00012885823877394021,-2.8047241727432337e-11,-28.047241727432336
2259,0.00012886213241056872,0.00012886216027198694,-2.7861418230000864e-11,-27.861418230000865
2260,0.00012886605406908812,0.00012886608177003364,-2.7700945520661393e-11,-27.700945520661392
2261,0.00012886997572955237,0.00012887000326808034,-2.7538527969464918e-11,-27.53852796946492
2262,0.00012887389735407229,0.00012887392476612706,-2.7412054783157474e-11,-27.412054783157473
2263,0.00012887781898568825,0.00012887784626417376,-2.7278485520736167e-11,-27.27848552073617
2264,0.00012888174062246493,0.0001288817677622205,-2.7139755564394047e-11,-27.139755564394047
2265,0.00012888566231495643,0.00012888568926026719,-2.6945310762337512e-11,-26.945310762337513
2266,0.000128889583984437,0.00012888961075831388,-2.677387687745443e-11,-26.77387687745443
2267,0.0001288935056470849,0.0001288935322563606,-2.6609275715977515e-11,-26.609275715977514
2268,0.00012889742730008702,0.0001288974537544073,-2.6454320294653388e-11,-26.45432029465339
2269,0.00012890134892707704,0.00012890137525245403,-2.6325376997641425e-11,-26.325376997641424
2270,0.0001289052705710658,0.00012890529675050073,-2.617943492844793e-11,-26.179434928447932
2271,0.00012890919227228988,0.00012890921824854743,-2.5976257555518384e-11,-25.976257555518384
2272,0.00012891311396195107,0.00012891313974659416,-2.5784643090338177e-11,-25.78464309033818
2273,0.000128917035626374,0.00012891706124464085,-2.5618266873064468e-11,-25.618266873064467
2274,0.0001289209572861643,0.00012892098274268758,-2.5456523289043464e-11,-25.456523289043464
2275,0.00012892487893007056,0.00012892490424073428,-2.5310663727635296e-11,-25.310663727635298
2276,0.00012892880059389136,0.00012892882573878098,-2.5144889622038077e-11,-25.14488962203808
2277,0.00012893272229564444,0.0001289327472368277,-2.4941183266868574e-11,-24.941183266868574
2278,0.0001289366439833536,0.0001289366687348744,-2.475152079927971e-11,-24.75152079927971
2279,0.00012894056566234088,0.0001289405902329211,-2.457058022317246e-11,-24.57058022317246
2280,0.00012894448732546558,0.00012894451173096783,-2.440550225668514e-11,-24.40550225668514
2281,0.00012894840898724908,0.00012894843322901452,-2.4241765448285185e-11,-24.241765448285186
2282,0.00012895233064823123,0.00012895235472706125,-2.4078830027921022e-11,-24.078830027921022
2283,0.00012895625236048307,0.00012895627622510795,-2.386462488232942e-11,-23.86462488232942
2284,0.0001289601740558774,0.00012896019772315465,-2.3667277264481326e-11,-23.667277264481324
2285,0.00012896409574027142,0.00012896411922120137,-2.348092996187527e-11,-23.480929961875272
2286,0.0001289680174126648,0.00012896804071924807,-2.3306583286540644e-11,-23.306583286540643
2287,0.00012897193907000505,0.00012897196221729477,-2.3147289728378914e-11,-23.147289728378915
2288,0.00012897586075480413,0.0001289758837153415,-2.296053736784122e-11,-22.96053736784122
2289,0.00012897978247779627,0.0001289798052133882,-2.2735591925793594e-11,-22.735591925793592
2290,0.00012898370417548693,0.00012898372671143492,-2.253594799484923e-11,-22.53594799484923
2291,0.00012898762586682438,0.00012898764820948162,-2.2342657244690145e-11,-22.342657244690145
2292,0.00012899154754644393,0.00012899156970752832,-2.2161084388980956e-11,-22.161084388980957
2293,0.00012899546920935303,0.00012899549120557504,-2.1996222016095634e-11,-21.996222016095633
2294,0.0001289993909103525,0.00012899941270362174,-2.1793269235646117e-11,-21.793269235646118
2295,0.00012900331636702075,0.00012900333420166847,-1.783464771912202e-11,-17.83464771912202
2296,0.0001290072441692643,0.00012900725569971517,-1.1530450862738017e-11,-11.530450862738018
2297,0.00012901116674322613,0.00012901117719776186,-1.0454535735347797e-11,-10.454535735347797
2298,0.00012901508806576658,0.0001290150986958086,-1.0630042019116006e-11,-10.630042019116006
2299,0.00012901900881190714,0.0001290190201938553,-1.1381948151958601e-11,-11.381948151958602
2300,0.00012902292978631563,0.00012902294169190201,-1.1905586386511152e-11,-11.905586386511152
2301,0.00012902685077667572,0.0001290268631899487,-1.2413272998445412e-11,-12.413272998445413
2302,0.00012903077180576402,0.0001290307846879954,-1.2882231393782459e-11,-12.882231393782458
2303,0.0001290346928552183,0.00012903470618604214,-1.333082383735594e-11,-13.33082383735594
2304,0.00012903861389801212,0.00012903862768408883,-1.378607672461038e-11,-13.78607672461038
2305,0.00012904253495263498,0.00012904254918213553,-1.4229500559587188e-11,-14.229500559587187
2306,0.0001290464560119863,0.00012904647068018226,-1.4668195972049352e-11,-14.668195972049352
2307,0.00012905037707491745,0.00012905039217822896,-1.5103311511568296e-11,-15.103311511568295
2308,0.00012905429813907796,0.00012905431367627568,-1.5537197728453966e-11,-15.537197728453966
2309,0.00012905821919047305,0.00012905823517432238,-1.598384934171848e-11,-15.98384934171848
2310,0.00012906214028240152,0.00012906215667236908,-1.6389967568873648e-11,-16.389967568873647
2311,0.00012906606139442923,0.0001290660781704158,-1.6775986585104735e-11,-16.775986585104736
2312,0.00012906998252709809,0.0001290699996684625,-1.714136442485077e-11,-17.14136442485077
2313,0.00012907390364341398,0.0001290739211665092,-1.75230952317543e-11,-17.523095231754297
2314,0.0001290778247586884,0.00012907784266455593,-1.7905867523264715e-11,-17.905867523264714
2315,0.00012908174588368107,0.00012908176416260263,-1.8278921568602058e-11,-18.27892156860206
2316,0.0001290856670063521,0.00012908568566064935,-1.8654297270261452e-11,-18.654297270261452
2317,0.00012908958812626095,0.00012908960715869605,-1.9032435112480525e-11,-19.032435112480524
2318,0.00012909350923546677,0.00012909352865674275,-1.942127598170594e-11,-19.42127598170594
2319,0.00012909743037679158,0.00012909745015478948,-1.977799790367256e-11,-19.77799790367256
2320,0.00012910135154365083,0.00012910137165283617,-2.0109185346594102e-11,-20.109185346594103
2321,0.00012910527272364477,0.0001291052931508829,-2.0427238140981907e-11,-20.427238140981906
2322,0.00012910919389252766,0.0001291092146489296,-2.075640194765356e-11,-20.75640194765356
2323,0.000129113115058533,0.0001291131361469763,-2.1088443308206153e-11,-21.088443308206152
2324,0.00012911703621770252,0.00012911705764502302,-2.142732050924616e-11,-21.427320509246158
2325,0.00012912095738407413,0.00012912097914306972,-2.175899559919983e-11,-21.75899559919983
2326,0.00012912487854745776,0.00012912490064111645,-2.2093658696130766e-11,-22.093658696130767
2327,0.00012912879970903993,0.00012912882213916315,-2.243012322207634e-11,-22.43012322207634
2328,0.0001291327208932994,0.00012913274363720984,-2.2743910439856934e-11,-22.743910439856933
2329,0.00012913664211011382,0.00012913666513525657,-2.3025142752685176e-11,-23.025142752685177
2330,0.00012914056332498754,0.00012914058663330327,-2.330831573319206e-11,-23.308315733192057
2331,0.0001291444845267875,0.00012914450813134997,-2.3604562484280694e-11,-23.604562484280695
2332,0.0001291484057336024,0.0001291484296293967,-2.3895794312430607e-11,-23.895794312430606
2333,0.00012915232693120837,0.0001291523511274434,-2.419623502857296e-11,-24.19623502857296
2334,0.00012915624812882338,0.00012915627262549012,-2.449666674583728e-11,-24.49666674583728
2335,0.00012916016932880775,0.00012916019412353682,-2.4794729074778906e-11,-24.794729074778907
2336,0.00012916409053659203,0.00012916411562158351,-2.5084991490661346e-11,-25.084991490661345
2337,0.0001291680117798422,0.00012916803711963024,-2.533978805428358e-11,-25.33978805428358
2338,0.00012917193303166644,0.00012917195861767694,-2.558601050318031e-11,-25.586010503180308
2339,0.0001291758542641925,0.00012917588011572364,-2.5851531154436086e-11,-25.851531154436085
2340,0.00012917977550879752,0.00012917980161377036,-2.6104972844813473e-11,-26.104972844813474
2341,0.00012918369673438468,0.00012918372311181706,-2.6377432389973157e-11,-26.37743238997316
2342,0.00012918761796723135,0.00012918764460986379,-2.664263244264653e-11,-26.64263244264653
2343,0.00012919153919674454,0.00012919156610791048,-2.6911165956214372e-11,-26.911165956214372
2344,0.0001291954604350308,0.00012919548760595718,-2.7170926376853005e-11,-27.170926376853004
2345,0.00012919938171601988,0.0001291994091040039,-2.7387984031255363e-11,-27.387984031255364
2346,0.00012920330298716684,0.0001292033306020506,-2.7614883774823948e-11,-27.614883774823948
2347,0.00012920722426772876,0.00012920725210009733,-2.783236857777721e-11,-27.83236857777721
2348,0.0001292111455299436,0.00012921117359814403,-2.8068200439628654e-11,-28.068200439628654
2349,0.0001292150667815137,0.00012921509509619073,-2.8314677025514614e-11,-28.314677025514616
2350,0.00012921898803738862,0.00012921901659423746,-2.855684884088483e-11,-28.55684884088483
2351,0.00012922290928174304,0.00012922293809228415,-2.8810541117489332e-11,-28.810541117489333
2352,0.00012922683056669075,0.00012922685959033085,-2.9023640105814457e-11,-29.023640105814458
2353,0.00012923075186565587,0.00012923078108837758,-2.922272171530206e-11,-29.22272171530206
2354,0.00012923467317388972,0.00012923470258642428,-2.941253456173225e-11,-29.412534561732247
2355,0.00012923859446517302,0.000129238624084471,-2.96192979875574e-11,-29.6192979875574
2356,0.00012924251574724125,0.0001292425455825177,-2.983527645422232e-11,-29.83527645422232
2357,0.00012924643702353427,0.0001292464670805644,-3.005703014059942e-11,-30.05703014059942
2358,0.0001292503583221002,0.00012925038857861113,-3.025651092622188e-11,-30.25651092622188
2359,0.00012925427958280548,0.00012925431007665782,-3.0493852349863126e-11,-30.493852349863126
2360,0.00012925820089596782,0.00012925823157470452,-3.067873671137279e-11,-30.678736711372792
2361,0.00012926212223948326,0.00012926215307275125,-3.083326799280704e-11,-30.83326799280704
2362,0.00012926604356208846,0.00012926607457079795,-3.1008709495495445e-11,-31.008709495495445
2363,0.00012926996487295936,0.00012926999606884467,-3.119588531829666e-11,-31.19588531829666
2364,0.00012927388619427297,0.00012927391756689137,-3.137261840392809e-11,-31.37261840392809
2365,0.0001292778075020065,0.00012927783906493807,-3.1562931582555825e-11,-31.562931582555827
2366,0.00012928172880646065,0.0001292817605629848,-3.175652414749468e-11,-31.756524147494677
2367,0.00012928565010542957,0.0001292856820610315,-3.195560193516962e-11,-31.95560193516962
2368,0.00012928957145724883,0.00012928960355907822,-3.210182939347997e-11,-32.10182939347997
2369,0.00012929349282370063,0.00012929352505712492,-3.2233424296640125e-11,-32.23342429664012
2370,0.0001292974141582898,0.00012929744655517162,-3.239688181456045e-11,-32.39688181456045
2371,0.00012930133549574443,0.00012930136805321834,-3.2557473921664165e-11,-32.55747392166416
2372,0.00012930525682852627,0.00012930528955126504,-3.272273877750097e-11,-32.722738777500965
2373,0.0001293091781577196,0.00012930921104931177,-3.289159217989837e-11,-32.89159217989837
2374,0.0001293130994707343,0.00012931313254735847,-3.3076624182638875e-11,-33.076624182638874
2375,0.00012931702084185645,0.00012931705404540516,-3.3203548722310724e-11,-33.20354872231072
2376,0.00012932094221698937,0.0001293209755434519,-3.3326462527096007e-11,-33.326462527096005
2377,0.00012932486358551782,0.0001293248970414986,-3.345598077652004e-11,-33.455980776520036
2378,0.00012932878494603764,0.00012932881853954529,-3.359350764792146e-11,-33.59350764792146
2379,0.0001293327063078705,0.000129332740037592,-3.372972152338695e-11,-33.72972152338695
2380,0.00012933662766270962,0.0001293366615356387,-3.387292909917616e-11,-33.87292909917616
2381,0.0001293405490100719,0.00012934058303368544,-3.402361354998727e-11,-34.023613549987274
2382,0.00012934447036034926,0.00012934450453173213,-3.4171382879312165e-11,-34.17138287931216
2383,0.00012934839177316927,0.00012934842602977883,-3.425660957263636e-11,-34.256609572636364
2384,0.00012935231316600585,0.00012935234752782556,-3.436181971119767e-11,-34.36181971119767
2385,0.00012935623455066593,0.00012935626902587226,-3.4475206333337726e-11,-34.475206333337724
2386,0.00012936015593003646,0.00012936019052391896,-3.4593882506826795e-11,-34.593882506826795
2387,0.00012936407730582632,0.00012936411202196568,-3.4716139366410714e-11,-34.716139366410715
2388,0.00012936799868170558,0.00012936803352001238,-3.483830680642046e-11,-34.838306806420455
2389,0.00012937192004276594,0.0001293719550180591,-3.497529317593384e-11,-34.97529317593384
2390,0.000129375841455023,0.0001293758765161058,-3.506108281413105e-11,-35.06108281413105
2391,0.00012937976287973665,0.0001293797980141525,-3.513441586383319e-11,-35.13441586383319
2392,0.00012938368427933443,0.00012938371951219923,-3.523286480922666e-11,-35.23286480922666
2393,0.00012938760568297978,0.00012938764101024593,-3.53272661568597e-11,-35.3272661568597
2394,0.00012939152707545497,0.00012939156250829265,-3.5432837687110155e-11,-35.43283768711016
2395,0.00012939544846697076,0.00012939548400633935,-3.5539368600757986e-11,-35.53936860075799
2396,0.00012939936984744305,0.00012939940550438605,-3.5656943007999375e-11,-35.656943007999374
2397,0.00012940329126621264,0.00012940332700243278,-3.573622014190206e-11,-35.73622014190206
2398,0.00012940721270500896,0.00012940724850047947,-3.579547051669084e-11,-35.79547051669084
2399,0.000129411134124032,0.0001294111699985262,-3.5874494218335703e-11,-35.874494218335705
2400,0.00012941505554146495,0.0001294150914965729,-3.5955107956676627e-11,-35.95510795667663
2401,0.000129418976956743,0.0001294190129946196,-3.6037876601045473e-11,-36.037876601045475
2402,0.00012942289836543442,0.00012942293449266632,-3.612723190913744e-11,-36.12723190913744
2403,0.00012942681976963626,0.00012942685599071302,-3.62210767629004e-11,-36.2210767629004
2404,0.00012943074120508243,0.00012943077748875972,-3.6283677295297106e-11,-36.2836772952971
2405,0.00012943466266961945,0.00012943469898680645,-3.631718700289266e-11,-36.31718700289266
2406,0.00012943858411153066,0.00012943862048485314,-3.637332249194494e-11,-36.37332249194494
2407,0.00012944250554147927,0.00012944254198289987,-3.644142060698251e-11,-36.44142060698251
2408,0.00012944642698623618,0.00012944646348094657,-3.649471039059267e-11,-36.494710390592665
2409,0.00012945034840793656,0.00012945038497899327,-3.657105670918269e-11,-36.57105670918269
2410,0.0001294542698239467,0.00012945430647704,-3.6653093300244674e-11,-36.65309330024468
2411,0.0001294581912917976,0.0001294582279750867,-3.6683289089689916e-11,-36.683289089689914
2412,0.00012946211276062072,0.0001294621494731334,-3.671251267504709e-11,-36.71251267504709
2413,0.00012946603421536092,0.00012946607097118011,-3.675581920636817e-11,-36.755819206368166
2414,0.00012946995566570925,0.0001294699924692268,-3.680351756963944e-11,-36.80351756963944
2415,0.00012947387711898921,0.00012947391396727354,-3.6848284331551475e-11,-36.848284331551476
2416,0.00012947779855488557,0.00012947783546532024,-3.691043467610111e-11,-36.91043467610111
2417,0.00012948171998180703,0.00012948175696336694,-3.698155991070931e-11,-36.98155991070931
2418,0.00012948564147055366,0.00012948567846141366,-3.699086000720951e-11,-36.99086000720951
2419,0.00012948956296396133,0.00012948959995946036,-3.6995499037255033e-11,-36.99549903725503
2420,0.00012949348442676287,0.00012949352145750709,-3.7030744227268083e-11,-37.03074422726808
2421,0.00012949740589883403,0.00012949744295555378,-3.7056719759756926e-11,-37.05671975975692
2422,0.00012950132734715567,0.00012950136445360048,-3.7106444822149226e-11,-37.10644482214923
2423,0.00012950524875762667,0.0001295052859516472,-3.719402054790033e-11,-37.19402054790033
2424,0.00012950917015821397,0.0001295092074496939,-3.7291479941970976e-11,-37.29147994197098
2425,0.00012951309165882652,0.00012951312894774063,-3.728891412331968e-11,-37.28891412331968
2426,0.00012951701316373367,0.00012951705044578733,-3.728205367144295e-11,-37.28205367144295
2427,0.00012952093464683312,0.00012952097194383403,-3.7297000916273706e-11,-37.2970009162737
2428,0.00012952485613323017,0.00012952489344188076,-3.73086505873019e-11,-37.3086505873019
2429,0.00012952877761828645,0.00012952881493992745,-3.7321641009841644e-11,-37.32164100984164
2430,0.0001295326990804759,0.00012953273643797415,-3.7357498259086116e-11,-37.357498259086114
2431,0.0001295366205698479,0.00012953665793602088,-3.736617298777323e-11,-37.366172987773226
2432,0.00012954054209639087,0.00012954057943406758,-3.733767671233841e-11,-37.33767671233841
2433,0.00012954446360464154,0.0001295445009321143,-3.732747277069712e-11,-37.32747277069712
2434,0.00012954838510204005,0.000129548422430161,-3.732812096096594e-11,-37.32812096096594
2435,0.00012955230660490892,0.0001295523439282077,-3.732329878206843e-11,-37.32329878206843
2436,0.0001295562280976339,0.00012955626542625443,-3.7328620534221965e-11,-37.32862053422196
2437,0.0001295601495868275,0.00012956018692430112,-3.7337473641271504e-11,-37.3374736412715
2438,0.00012956407109270093,0.00012956410842234782,-3.732964689420855e-11,-37.32964689420855
2439,0.00012956799262844008,0.00012956802992039455,-3.729195447015682e-11,-37.29195447015682
2440,0.00012957191415567605,0.00012957195141844125,-3.72627651997984e-11,-37.2627651997984
2441,0.00012957583567185335,0.00012957587291648797,-3.7244634628969014e-11,-37.24463462896902
2442,0.00012957975718183421,0.00012957979441453467,-3.723270046329076e-11,-37.23270046329076
2443,0.00012958367868036056,0.00012958371591258137,-3.723222081224965e-11,-37.23222081224965
2444,0.00012958760017123358,0.0001295876374106281,-3.7239394517239066e-11,-37.23939451723906
2445,0.00012959152172206475,0.0001295915589086748,-3.7186610053156446e-11,-37.18661005315644
2446,0.00012959544326418342,0.00012959548040672152,-3.714253810220665e-11,-37.14253810220665
2447,0.00012959936478876776,0.00012959940190476822,-3.711600046510148e-11,-37.11600046510148
2448,0.00012960328631438737,0.00012960332340281492,-3.708842755044686e-11,-37.08842755044686
2449,0.00012960720783468946,0.00012960724490086164,-3.706617218666236e-11,-37.066172186662364
2450,0.00012961112934159526,0.00012961116639890834,-3.705731308939582e-11,-37.05731308939582
2451,0.00012961505087843406,0.00012961508789695504,-3.701852098618559e-11,-37.01852098618559
2452,0.00012961897244503093,0.00012961900939500176,-3.694997084015726e-11,-36.94997084015726
2453,0.00012962289398719577,0.00012962293089304846,-3.6905852702194916e-11,-36.90585270219491
2454,0.0001296268155329989,0.0001296268523910952,-3.685809630700236e-11,-36.85809630700236
2455,0.00012963073705913502,0.0001296307738891419,-3.683000687843277e-11,-36.83000687843277
2456,0.00012963465858681334,0.00012963469538718859,-3.680037525358798e-11,-36.80037525358798
2457,0.00012963858010914904,0.0001296386168852353,-3.67760862788936e-11,-36.7760862788936
2458,0.00012964250168050862,0.000129642538383282,-3.670277339535187e-11,-36.70277339535187
2459,0.0001296464232549095,0.00012964645988132874,-3.6626419243401153e-11,-36.62641924340115
2460,0.00012965034480832478,0.00012965038137937543,-3.657105066475558e-11,-36.571050664755575
2461,0.00012965426636215815,0.00012965430287742213,-3.651526399064724e-11,-36.515263990647234
2462,0.0001296581879048399,0.00012965822437546886,-3.647062895929916e-11,-36.470628959299155
2463,0.00012966210943800375,0.00012966214587351556,-3.643551181356268e-11,-36.43551181356268
2464,0.00012966603099420578,0.00012966606737156226,-3.637735648296811e-11,-36.37735648296811
2465,0.0001296699525927685,0.00012966998886960898,-3.627684047902774e-11,-36.27684047902774
2466,0.00012967387416351584,0.00012967391036765568,-3.620413984445281e-11,-36.20413984445281
2467,0.00012967779573073453,0.0001296778318657024,-3.6134967881373506e-11,-36.134967881373505
2468,0.00012968171728961313,0.0001296817533637491,-3.607413598087572e-11,-36.074135980875724
2469,0.00012968563883958002,0.0001296856748617958,-3.60222157885549e-11,-36.022215788554895
2470,0.00012968956038755626,0.00012968959635984253,-3.597228627273792e-11,-35.97228627273792
2471,0.00012969348199337553,0.00012969351785788923,-3.5864513703657105e-11,-35.8645137036571
2472,0.00012969740358618654,0.00012969743935593595,-3.5769749419346824e-11,-35.76974941934682
2473,0.0001297013251632164,0.00012970136085398265,-3.569076626686321e-11,-35.69076626686321
2474,0.00012970524673771837,0.00012970528235202935,-3.5614310985954855e-11,-35.61431098595486
2475,0.00012970916830212586,0.00012970920385007608,-3.5547950223583535e-11,-35.547950223583534
2476,0.0001297130898520273,0.00012971312534812277,-3.5496095489968876e-11,-35.49609548996887
2477,0.0001297170114563538,0.00012971704684616947,-3.538981567754419e-11,-35.38981567754419
2478,0.00012972093306985605,0.0001297209683442162,-3.5274360153713546e-11,-35.274360153713545
2479,0.00012972485465835072,0.0001297248898422629,-3.518391218667215e-11,-35.183912186672146
2480,0.0001297287762392137,0.00012972881134030962,-3.5101095918722874e-11,-35.101095918722876
2481,0.00012973269780819182,0.00012973273283835632,-3.503016451235806e-11,-35.03016451235806
2482,0.00012973661937554505,0.00012973665433640302,-3.49608579726841e-11,-34.960857972684096
2483,0.00012974054096317135,0.00012974057583444975,-3.487127839737275e-11,-34.87127839737275
2484,0.00012974446259638966,0.00012974449733249644,-3.473610679256073e-11,-34.736106792560726
2485,0.0001297483842004608,0.00012974841883054314,-3.463008233685272e-11,-34.630082336852716
2486,0.00012975230580121002,0.00012975234032858987,-3.452737984949615e-11,-34.52737984949615
2487,0.0001297562273923789,0.00012975626182663657,-3.443425767069126e-11,-34.43425767069126
2488,0.0001297601489739148,0.0001297601833246833,-3.4350768492663636e-11,-34.35076849266363
2489,0.00012976407055923666,0.00012976410482273,-3.42634933348598e-11,-34.263493334859795
2490,0.00012976799219995502,0.0001297680263207767,-3.4120821680204444e-11,-34.12082168020444
2491,0.00012977191382147182,0.00012977194781882341,-3.3997351598389513e-11,-33.997351598389514
2492,0.0001297758354311737,0.0001297758693168701,-3.3885696420013864e-11,-33.885696420013865
2493,0.000129779757035406,0.00012977979081491684,-3.377951085186302e-11,-33.77951085186302
2494,0.00012978367862957583,0.00012978371231296354,-3.368338770986491e-11,-33.68338770986491
2495,0.000129787600214617,0.00012978763381101024,-3.359639325200353e-11,-33.59639325200353
2496,0.00012979152186226678,0.00012979155530905696,-3.344679018443926e-11,-33.44679018443926
2497,0.00012979544349995634,0.00012979547680710366,-3.3307147329867906e-11,-33.3071473298679
2498,0.0001297993651192511,0.00012979939830515039,-3.318589929330043e-11,-33.18589929330043
2499,0.0001298032867364524,0.00012980331980319708,-3.30667446884977e-11,-33.0667446884977
2500,0.00012980720833950164,0.00012980724130124378,-3.2961742147547365e-11,-32.96174214754736
2501,0.00012981112992769699,0.0001298111627992905,-3.287159352872579e-11,-32.87159352872579
2502,0.0001298150515799969,0.0001298150842973372,-3.271734031804373e-11,-32.717340318043725
2503,0.00012981897323263288,0.0001298190057953839,-3.256275103179325e-11,-32.56275103179325
2504,0.00012982289486184267,0.00012982292729343063,-3.2431587966358394e-11,-32.43158796635839
2505,0.0001298268164900116,0.00012982684879147733,-3.2301465735009124e-11,-32.301465735009124
2506,0.00012983073810621126,0.00012983077028952406,-3.21833127974885e-11,-32.1833127974885
2507,0.00012983465970870848,0.00012983469178757075,-3.2078862278074285e-11,-32.07886227807428
2508,0.00012983858135699145,0.00012983861328561745,-3.192862600933623e-11,-31.928626009336227
2509,0.00012984250302317503,0.00012984253478366418,-3.176048915615462e-11,-31.76048915615462
2510,0.00012984642466226353,0.00012984645628171088,-3.161944735552011e-11,-31.61944735552011
2511,0.00012985034630129852,0.00012985037777975758,-3.147845906026281e-11,-31.478459060262807
2512,0.00012985426792734645,0.0001298542992778043,-3.135045785362357e-11,-31.350457853623574
2513,0.00012985818954160285,0.000129858220775851,-3.1234248158761746e-11,-31.234248158761744
2514,0.00012986211118946466,0.00012986214227389773,-3.1084433075462644e-11,-31.084433075462645
2515,0.00012986603287786308,0.00012986606377194442,-3.089408135344768e-11,-30.894081353447678
2516,0.00012986995451935512,0.00012986998526999112,-3.075063601212204e-11,-30.750636012122037
2517,0.00012987387616960277,0.00012987390676803785,-3.059843508773227e-11,-30.598435087732273
2518,0.00012987779780319303,0.00012987782826608455,-3.0462891520259924e-11,-30.462891520259923
2519,0.00012988171942678246,0.00012988174976413127,-3.033734882336196e-11,-30.33734882336196
2520,0.00012988564107640574,0.00012988567126217797,-3.0185772236793223e-11,-30.185772236793223
2521,0.0001298895627652,0.00012988959276022467,-2.999502467256508e-11,-29.995024672565084
2522,0.00012989348442178164,0.0001298935142582714,-2.9836489757768494e-11,-29.836489757768494
2523,0.00012989740608442156,0.0001298974357563181,-2.967189653807249e-11,-29.67189653807249
2524,0.00012990132772337814,0.00012990135725436482,-2.953098668484237e-11,-29.53098668484237
2525,0.00012990524934905658,0.00012990527875241152,-2.9403354947198465e-11,-29.403354947198466
2526,0.00012990917101584674,0.00012990920025045822,-2.923461148290135e-11,-29.23461148290135
2527,0.0001299130927104874,0.00012991312174850494,-2.9038017548193462e-11,-29.038017548193462
2528,0.0001299170143795836,0.00012991704324655164,-2.886696804008558e-11,-28.86696804008558
2529,0.00012992093604042798,0.00012992096474459834,-2.870417036760743e-11,-28.704170367607432
2530,0.00012992485769647053,0.00012992488624264506,-2.8546174545236058e-11,-28.54617454523606
2531,0.00012992877933737208,0.00012992880774069176,-2.8403319687518608e-11,-28.403319687518607
2532,0.00012993270100363893,0.0001299327292387385,-2.8235099567610153e-11,-28.235099567610153
2533,0.000129936622701168,0.0001299366507367852,-2.803561718278949e-11,-28.03561718278949
2534,0.00012994054437752048,0.00012994057223483189,-2.785731140769676e-11,-27.85731140769676
2535,0.000129944466046665,0.0001299444937328786,-2.768621362548715e-11,-27.68621362548715
2536,0.00012994838770548538,0.0001299484152309253,-2.7525439941624596e-11,-27.525439941624597
2537,0.00012995230934594355,0.000129952336728972,-2.7383028468385584e-11,-27.383028468385582
2538,0.00012995623103392452,0.00012995625822701873,-2.7193094218417132e-11,-27.193094218417134
2539,0.00012996015273885713,0.00012996017972506543,-2.6986208304851544e-11,-26.986208304851544
2540,0.00012996407442305145,0.00012996410122311216,-2.680006071228566e-11,-26.80006071228566
2541,0.00012996799609973987,0.00012996802272115886,-2.6621418997149787e-11,-26.621418997149785
2542,0.00012997191776606634,0.00012997194421920556,-2.645313921901679e-11,-26.45313921901679
2543,0.00012997583941326018,0.00012997586571725228,-2.6303992112676158e-11,-26.30399211267616
2544,0.00012997976111299133,0.00012997978721529898,-2.610230765903307e-11,-26.10230765903307
2545,0.00012998368282427633,0.0001299837087133457,-2.5889069377833834e-11,-25.889069377833835
2546,0.0001299876045159332,0.0001299876302113924,-2.5695459221714733e-11,-25.695459221714735
2547,0.00012999152619941136,0.0001299915517094391,-2.5510027744683777e-11,-25.51002774468378
2548,0.0001299954478706941,0.00012999547320748583,-2.5336791726054644e-11,-25.336791726054646
2549,0.00012999936952601726,0.00012999939470553253,-2.5179515271824715e-11,-25.179515271824716
2550,0.0001300032949540857,0.00013000331620357925,-2.1249493572042907e-11,-21.24949357204291
2551,0.00013000722276629154,0.00013000723770162595,-1.4935334415576803e-11,-14.935334415576804
2552,0.00013001114536362776,0.00013001115919967265,-1.3836044892234805e-11,-13.836044892234804
2553,0.00013001506672743443,0.00013001508069771938,-1.3970284950540229e-11,-13.97028495054023
2554,0.00013001898750726007,0.00013001900219576607,-1.468850600608587e-11,-14.688506006085872
2555,0.00013002290848918385,0.00013002292369381277,-1.5204628930649513e-11,-15.204628930649513
2556,0.0001300268294878993,0.0001300268451918595,-1.5703960192751623e-11,-15.703960192751623
2557,0.00013003075051159512,0.0001300307666899062,-1.617831108443396e-11,-16.17831108443396
2558,0.00013003467157426704,0.00013003468818795292,-1.66136858837974e-11,-16.613685883797398
2559,0.00013003859265388413,0.00013003860968599962,-1.7032115497671682e-11,-17.032115497671683
2560,0.00013004251373124355,0.00013004253118404632,-1.7452802772834785e-11,-17.452802772834787
2561,0.00013004643480966354,0.00013004645268209304,-1.7872429508537818e-11,-17.872429508537817
2562,0.00013005035589689845,0.00013005037418013974,-1.8283241301107783e-11,-18.283241301107783
2563,0.00013005427698717863,0.00013005429567818644,-1.8691007813720725e-11,-18.691007813720724
2564,0.00013005819807286001,0.00013005821717623317,-1.9103373159583645e-11,-19.103373159583644
2565,0.00013006211917256493,0.00013006213867427987,-1.950171494665666e-11,-19.50171494665666
2566,0.00013006604027033324,0.0001300660601723266,-1.990199336275522e-11,-19.90199336275522
2567,0.00013006996141026316,0.0001300699816703733,-2.0260110137921797e-11,-20.260110137921796
2568,0.00013007388256532006,0.00013007390316842,-2.0603099934642474e-11,-20.603099934642476
2569,0.00013007780370766884,0.00013007782466646671,-2.095879788186729e-11,-20.958797881867287
2570,0.00013008172484592492,0.0001300817461645134,-2.1318588502557856e-11,-21.318588502557855
2571,0.00013008564599348166,0.00013008566766256014,-2.1669078484647136e-11,-21.669078484647137
2572,0.0001300895671404998,0.00013008958916060684,-2.20201070441656e-11,-22.0201070441656
2573,0.00013009348828372282,0.00013009351065865354,-2.2374930717863575e-11,-22.374930717863574
2574,0.0001300974094256923,0.00013009743215670026,-2.2731007973218434e-11,-22.731007973218432
2575,0.00013010133058451187,0.00013010135365474696,-2.307023510050961e-11,-23.07023510050961
2576,0.00013010525177566487,0.00013010527515279366,-2.3377128798247215e-11,-23.377128798247217
2577,0.00013010917296213902,0.00013010919665084038,-2.3688701370460183e-11,-23.688701370460183
2578,0.0001301130941494232,0.00013011311814888708,-2.3999463881019978e-11,-23.999463881019977
2579,0.0001301170153339673,0.0001301170396469338,-2.431296652283535e-11,-24.31296652283535
2580,0.0001301209365186872,0.0001301209611449805,-2.4626293307058344e-11,-24.626293307058344
2581,0.00013012485770062668,0.0001301248826430272,-2.4942400527752678e-11,-24.942400527752678
2582,0.00013012877888105665,0.00013012880414107393,-2.5260017283131763e-11,-25.260017283131763
2583,0.00013013270006333497,0.00013013272563912063,-2.557578566354214e-11,-25.575785663542142
2584,0.0001301366212859381,0.00013013664713716733,-2.5851229231236103e-11,-25.851229231236104
2585,0.0001301405425278685,0.00013014056863521405,-2.610734556705785e-11,-26.10734556705785
2586,0.00013014446374487785,0.00013014449013326075,-2.6388382913230423e-11,-26.388382913230423
2587,0.00013014838496199546,0.00013014841163130748,-2.666931202892113e-11,-26.66931202892113
2588,0.000130152306179317,0.00013015233312935418,-2.6950037179078137e-11,-26.950037179078137
2589,0.00013015622741664485,0.00013015625462740088,-2.7210756034437247e-11,-27.210756034437246
2590,0.00013016014862638167,0.0001301601761254476,-2.749906593773231e-11,-27.49906593773231
2591,0.00013016406984457527,0.0001301640976234943,-2.7778919036976934e-11,-27.778919036976934
2592,0.00013016799108842524,0.00013016801912154103,-2.8033115792852295e-11,-28.033115792852296
2593,0.00013017191237094916,0.00013017194061958772,-2.824863856934412e-11,-28.24863856934412
2594,0.00013017583361933535,0.00013017586211763442,-2.849829907753991e-11,-28.498299077539908
2595,0.0001301797548652141,0.00013017978361568115,-2.875046704720506e-11,-28.75046704720506
2596,0.00013018367612031788,0.00013018370511372785,-2.8993409974265402e-11,-28.9934099742654
2597,0.00013018759737318342,0.00013018762661177457,-2.9238591155395676e-11,-29.238591155395678
2598,0.00013019151862299634,0.00013019154810982127,-2.948682493484764e-11,-29.48682493484764
2599,0.00013019543984932902,0.00013019546960786797,-2.975853895548847e-11,-29.75853895548847
2600,0.0001301993611325283,0.0001301993911059147,-2.9973386409552105e-11,-29.973386409552106
2601,0.00013020328243690897,0.0001302033126039614,-3.016705242918814e-11,-30.167052429188143
2602,0.00013020720372036262,0.0001302072341020081,-3.038164547521201e-11,-30.381645475212007
2603,0.00013021112499390778,0.00013021115560005482,-3.0606147044890216e-11,-30.606147044890218
2604,0.00013021504627825,0.00013021507709810152,-3.081985153302362e-11,-30.81985153302362
2605,0.00013021896754903127,0.00013021899859614824,-3.1047116977984984e-11,-31.047116977984984
2606,0.00013022288882342487,0.00013022292009419494,-3.127077007814806e-11,-31.27077007814806
2607,0.00013022681007886466,0.00013022684159224164,-3.1513376983850094e-11,-31.513376983850094
2608,0.00013023073141575652,0.00013023076309028836,-3.167453184609144e-11,-31.674531846091437
2609,0.00013023465272240462,0.00013023468458833506,-3.18659304466191e-11,-31.865930446619103
2610,0.00013023857402436225,0.00013023860608638176,-3.2062019522585375e-11,-32.06201952258537
2611,0.0001302424953336179,0.0001302425275844285,-3.225081058978316e-11,-32.25081058978316
2612,0.00013024641663548028,0.00013024644908247519,-3.244699491291028e-11,-32.446994912910284
2613,0.00013025033792793238,0.0001302503705805219,-3.265258954168844e-11,-32.65258954168844
2614,0.0001302542592128496,0.0001302542920785686,-3.2865719023199666e-11,-32.86571902319967
2615,0.00013025818053065996,0.0001302582135766153,-3.304595535578578e-11,-33.04595535578578
2616,0.0001302621018806941,0.00013026213507466203,-3.319396795297312e-11,-33.193967952973125
2617,0.00013026602321211545,0.00013026605657270873,-3.336059329280101e-11,-33.36059329280101
2618,0.00013026994454449405,0.00013026997807075546,-3.352626141763587e-11,-33.52626141763587
2619,0.0001302738658695088,0.00013027389956880216,-3.369929336231109e-11,-33.69929336231109
2620,0.00013027778719455082,0.00013027782106684886,-3.387229803930167e-11,-33.87229803930167
2621,0.00013028170851325799,0.00013028174256489558,-3.405163760116586e-11,-34.051637601165865
2622,0.00013028562980991077,0.00013028566406294228,-3.425303151573178e-11,-34.25303151573178
2623,0.00013028955116865736,0.000130289585560989,-3.439233165399641e-11,-34.39233165399641
2624,0.00013029347254023063,0.0001302935070590357,-3.451880508424934e-11,-34.518805084249344
2625,0.00013029739390184783,0.0001302974285570824,-3.4655234580421884e-11,-34.65523458042188
2626,0.00013030131524944004,0.00013030135005512913,-3.480568909905726e-11,-34.80568909905726
2627,0.0001303052365909305,0.00013030527155317583,-3.4962245344889064e-11,-34.96224534488906
2628,0.00013030915794128316,0.00013030919305122253,-3.510993937637308e-11,-35.10993937637308
2629,0.00013031307926803136,0.00013031311454926925,-3.5281237898614925e-11,-35.281237898614926
2630,0.0001303170006363031,0.00013031703604731595,-3.541101286000835e-11,-35.41101286000835
2631,0.00013032092203282917,0.00013032095754536268,-3.55125335127868e-11,-35.512533512786796
2632,0.00013032484340756655,0.00013032487904340937,-3.56358428345246e-11,-35.6358428345246
2633,0.00013032876477826817,0.00013032880054145607,-3.5763187909114105e-11,-35.7631879091141
2634,0.0001303326861495017,0.0001303327220395028,-3.589000110122284e-11,-35.89000110122284
2635,0.00013033660750965962,0.0001303366435375495,-3.602788987930944e-11,-36.02788987930944
2636,0.00013034052886866935,0.0001303405650355962,-3.616692685460175e-11,-36.166926854601755
2637,0.0001303444502232918,0.00013034448653364292,-3.631035113530019e-11,-36.310351135300195
2638,0.00013034837162368676,0.00013034840803168962,-3.6408002866836236e-11,-36.408002866836235
2639,0.00013035229304924394,0.00013035232952973634,-3.648049240724818e-11,-36.480492407248185
2640,0.00013035621443848822,0.00013035625102778304,-3.658929483286759e-11,-36.58929483286759
2641,0.00013036013582949527,0.00013036017252582974,-3.6696334481279805e-11,-36.696334481279806
2642,0.0001303640572097059,0.00013036409402387647,-3.681417056071552e-11,-36.814170560715525
2643,0.00013036797859413196,0.00013036801552192317,-3.692779120789451e-11,-36.92779120789451
2644,0.00013037189996069616,0.0001303719370199699,-3.705927373349949e-11,-37.05927373349949
2645,0.00013037582137948118,0.0001303758585180166,-3.713853541752121e-11,-37.13853541752121
2646,0.0001303797428114407,0.0001303797800160633,-3.720462260857936e-11,-37.20462260857936
2647,0.00013038366422554284,0.00013038370151411001,-3.7288567178624485e-11,-37.28856717862448
2648,0.000130387585628491,0.0001303876230121567,-3.738366572246454e-11,-37.38366572246454
2649,0.00013039150702836435,0.00013039154451020344,-3.7481839090770824e-11,-37.481839090770826
2650,0.0001303954284317574,0.00013039546600825014,-3.75764927322494e-11,-37.576492732249406
2651,0.00013039934981238726,0.00013039938750629684,-3.7693909577810075e-11,-37.693909577810075
2652,0.00013040327124645885,0.00013040330900434356,-3.7757884715931167e-11,-37.75788471593117
2653,0.0001304071927018519,0.00013040723050239026,-3.780053836780903e-11,-37.800538367809025
2654,0.00013041111412274279,0.00013041115200043696,-3.787769417884608e-11,-37.87769417884608
2655,0.00013041503555403386,0.00013041507349848368,-3.7944449834753674e-11,-37.94444983475368
2656,0.000130418956975625,0.00013041899499653038,-3.802090538671257e-11,-38.02090538671257
2657,0.00013042287838641394,0.0001304229164945771,-3.8108163170176595e-11,-38.108163170176596
2658,0.0001304267997947849,0.0001304268379926238,-3.819783891422064e-11,-38.19783891422064
2659,0.00013043072122940905,0.0001304307594906705,-3.826126146159947e-11,-38.261261461599474
2660,0.00013043464270166797,0.00013043468098871723,-3.828704926448215e-11,-38.28704926448215
2661,0.00013043856414838464,0.00013043860248676393,-3.833837929845543e-11,-38.33837929845543
2662,0.00013044248559426663,0.00013044252398481063,-3.8390544005471205e-11,-38.390544005471206
2663,0.00013044640702634968,0.00013044644548285735,-3.845650767879685e-11,-38.456507678796854
2664,0.0001304503284661137,0.00013045036698090405,-3.851479034893658e-11,-38.51479034893658
2665,0.00013045424988271829,0.00013045428847895078,-3.8596232499052446e-11,-38.59623249905245
2666,0.00013045817137417713,0.00013045820997699748,-3.860282035539796e-11,-38.60282035539796
2667,0.00013046209283696815,0.00013046213147504418,-3.8638076035067026e-11,-38.63807603506702
2668,0.00013046601429811454,0.0001304660529730909,-3.867497636811659e-11,-38.67497636811659
2669,0.00013046993574575307,0.0001304699744711376,-3.872538453208767e-11,-38.725384532087666
2670,0.0001304738572137886,0.00013047389596918432,-3.8755395736113043e-11,-38.755395736113044
2671,0.0001304777786550487,0.00013047781746723102,-3.881218234278001e-11,-38.81218234278001
2672,0.00013048170009014292,0.00013048173896527772,-3.887513480720191e-11,-38.87513480720191
2673,0.00013048562158831213,0.00013048566046332445,-3.887501231946147e-11,-38.87501231946147
2674,0.00013048954307892335,0.00013048958196137115,-3.888244780506543e-11,-38.88244780506543
2675,0.00013049346455710673,0.00013049350345941784,-3.890231112070183e-11,-38.90231112070183
2676,0.00013049738603253513,0.00013049742495746457,-3.892492944826863e-11,-38.92492944826863
2677,0.00013050130751084515,0.00013050134645551127,-3.894466612909128e-11,-38.94466612909128
2678,0.00013050522889607524,0.000130505267953558,-3.9057482759044207e-11,-39.057482759044206
2679,0.00013050915027179214,0.0001305091894516047,-3.917981255832928e-11,-39.17981255832928
2680,0.00013051307179477156,0.0001305131109496514,-3.915487983859499e-11,-39.15487983859499
2681,0.00013051699330973693,0.00013051703244769812,-3.9137961188954004e-11,-39.137961188954
2682,0.00013052091479420734,0.00013052095394574482,-3.9151537487242704e-11,-39.151537487242706
2683,0.00013052483629655214,0.00013052487544379154,-3.9147239411675374e-11,-39.14723941167537
2684,0.00013052875777635315,0.00013052879694183824,-3.916548509767043e-11,-39.16548509767043
2685,0.00013053267924992965,0.00013053271843988494,-3.9189955296757936e-11,-39.18995529675794
2686,0.00013053660073914931,0.00013053663993793166,-3.919878235585028e-11,-39.198782355850284
2687,0.00013054052227230852,0.00013054056143597836,-3.916366984507809e-11,-39.16366984507809
2688,0.0001305444437853937,0.00013054448293402506,-3.914863136463452e-11,-39.14863136463452
2689,0.00013054836529093538,0.0001305484044320718,-3.91411364105414e-11,-39.1411364105414
2690,0.0001305522867784185,0.00013055232593011849,-3.9151699982043306e-11,-39.151699982043304
2691,0.00013055620827968136,0.0001305562474281652,-3.9148483858928953e-11,-39.148483858928955
2692,0.00013056012976109957,0.0001305601689262119,-3.9165112348963526e-11,-39.165112348963525
2693,0.0001305640512905695,0.0001305640904242586,-3.913368910713376e-11,-39.13368910713376
2694,0.00013056797282345406,0.00013056801192230533,-3.9098851278981966e-11,-39.09885127898197
2695,0.0001305718943417578,0.00013057193342035203,-3.907859423532663e-11,-39.07859423532663
2696,0.0001305758158687207,0.00013057585491839876,-3.904967807549546e-11,-39.049678075495464
2697,0.00013057973737745247,0.00013057977641644546,-3.9038992992035073e-11,-39.03899299203508
2698,0.00013058365887488925,0.00013058369791449216,-3.9039602909967205e-11,-39.03960290996721
2699,0.00013058758038742756,0.00013058761941253888,-3.902511132820449e-11,-39.025111328204495
2700,0.00013059150193886113,0.00013059154091058558,-3.8971724454289785e-11,-38.971724454289784
2701,0.00013059542348667355,0.00013059546240863228,-3.892195873431602e-11,-38.921958734316014
2702,0.00013059934501479,0.000130599383906679,-3.889188901047838e-11,-38.89188901047838
2703,0.000130603266543766,0.0001306033054047257,-3.8860959704053344e-11,-38.86095970405334
2704,0.00013060718805302119,0.00013060722690277243,-3.884975124909924e-11,-38.84975124909924
2705,0.00013061110956117582,0.00013061114840081913,-3.8839643313560323e-11,-38.83964331356032
2706,0.00013061503110074985,0.00013061506989886582,-3.879811598510935e-11,-38.79811598510935
2707,0.00013061895267381016,0.00013061899139691255,-3.87231023949348e-11,-38.723102394934806
2708,0.00013062287422002688,0.00013062291289495925,-3.8674932376613444e-11,-38.67493237661344
2709,0.00013062679576447274,0.00013062683439300595,-3.862853321280546e-11,-38.62853321280546
2710,0.00013063071730025087,0.00013063075589105267,-3.859080181168563e-11,-38.59080181168563
2711,0.00013063463882748635,0.00013063467738909937,-3.856161302921819e-11,-38.561613029218194
2712,0.00013063856035179703,0.0001306385988871461,-3.8535349071846414e-11,-38.53534907184641
2713,0.0001306424819338912,0.0001306425203851928,-3.845130161101512e-11,-38.45130161101512
2714,0.00013064640350473656,0.0001306464418832395,-3.8378502937458744e-11,-38.37850293745874
2715,0.00013065032505880052,0.00013065036338128622,-3.8322485707758424e-11,-38.322485707758425
2716,0.0001306542466114145,0.00013065428487933292,-3.826791843583348e-11,-38.26791843583348
2717,0.00013065816815384135,0.00013065820637737964,-3.822353830041615e-11,-38.22353830041615
2718,0.00013066208968606937,0.00013066212787542634,-3.818935698378485e-11,-38.189356983784855
2719,0.00013066601125484616,0.00013066604937347304,-3.8118626886658416e-11,-38.11862688665842
2720,0.000130669932849086,0.00013066997087151977,-3.8022433786515125e-11,-38.02243378651512
2721,0.00013067385441559287,0.00013067389236956647,-3.795397360216206e-11,-37.95397360216206
2722,0.00013067777598442626,0.0001306778138676132,-3.788318693678727e-11,-37.88318693678727
2723,0.00013068169754140106,0.0001306817353656599,-3.782425884109426e-11,-37.82425884109426
2724,0.00013068561908943064,0.0001306856568637066,-3.7774275955425346e-11,-37.774275955425345
2725,0.0001306895406451539,0.00013068957836175331,-3.7716599408510146e-11,-37.71659940851015
2726,0.00013069346225326938,0.0001306934998598,-3.7606530634753277e-11,-37.60653063475328
2727,0.0001306973838411602,0.0001306974213578467,-3.7516686514111844e-11,-37.516686514111846
2728,0.00013070130541831864,0.00013070134285589344,-3.743757480235563e-11,-37.43757480235563
2729,0.00013070522699042892,0.00013070526435394014,-3.7363511217229667e-11,-37.363511217229664
2730,0.00013070914855297047,0.00013070918585198686,-3.729901639390225e-11,-37.29901639390225
2731,0.00013071307010262465,0.00013071310735003356,-3.7247408912593024e-11,-37.24740891259302
2732,0.0001307169917161295,0.00013071702884808026,-3.713195075957211e-11,-37.13195075957211
2733,0.00013072091332422473,0.00013072095034612698,-3.7021902260395867e-11,-37.02190226039587
2734,0.0001307248349115086,0.00013072487184417368,-3.693266507613059e-11,-36.93266507613059
2735,0.00013072875649077588,0.00013072879334222038,-3.685144450983373e-11,-36.851444509833726
2736,0.00013073267807587496,0.0001307327148402671,-3.6764392155576336e-11,-36.76439215557634
2737,0.00013073659963868222,0.0001307366363383138,-3.669963159429644e-11,-36.69963159429644
2738,0.0001307405212405923,0.00013074055783636053,-3.659576822456874e-11,-36.59576822456874
2739,0.00013074444286764205,0.00013074447933440723,-3.646676518801707e-11,-36.46676518801707
2740,0.0001307483644662611,0.00013074840083245393,-3.6366192832668786e-11,-36.36619283266879
2741,0.00013075228606635218,0.00013075232233050065,-3.626414848313597e-11,-36.26414848313597
2742,0.00013075620765400653,0.00013075624382854735,-3.617454082698836e-11,-36.174540826988355
2743,0.00013076012923179855,0.00013076016532659408,-3.6094795534587595e-11,-36.0947955345876
2744,0.00013076405082369883,0.00013076408682464078,-3.600094195299715e-11,-36.000941952997145
2745,0.0001307679724648394,0.00013076800832268747,-3.585784808291077e-11,-35.85784808291077
2746,0.00013077189407981044,0.0001307719298207342,-3.5740923763292007e-11,-35.74092376329201
2747,0.00013077581568843685,0.0001307758513187809,-3.5630344059261354e-11,-35.630344059261354
2748,0.00013077973728875035,0.00013077977281682762,-3.5528077285652853e-11,-35.528077285652856
2749,0.00013078365887910623,0.00013078369431487432,-3.5435768095847e-11,-35.435768095847
2750,0.00013078758046966224,0.00013078761581292102,-3.5343258789425166e-11,-35.343258789425164
2751,0.00013079150211777303,0.00013079153731096775,-3.5193194719097154e-11,-35.19319471909716
2752,0.00013079542374850364,0.00013079545880901445,-3.50605108161699e-11,-35.060510816169895
2753,0.00013079934536577045,0.00013079938030706114,-3.4941290698450894e-11,-34.94129069845089
2754,0.0001308032669780348,0.00013080330180510787,-3.482707308955574e-11,-34.82707308955574
2755,0.00013080718857986758,0.00013080722330315457,-3.472328699633788e-11,-34.723286996337876
2756,0.0001308111101708401,0.0001308111448012013,-3.463036119365148e-11,-34.63036119365148
2757,0.0001308150318253927,0.000130815066299248,-3.447385530901059e-11,-34.473855309010595
2758,0.00013081895347083976,0.0001308189877972947,-3.4326454933684996e-11,-34.326454933685
2759,0.00013082287509710324,0.00013082290929534142,-3.419823818765387e-11,-34.19823818765387
2760,0.00013082679672061882,0.00013082683079338812,-3.40727692978188e-11,-34.0727692978188
2761,0.00013083071833293488,0.00013083075229143481,-3.395849994537496e-11,-33.95849994537496
2762,0.00013083463992911193,0.00013083467378948154,-3.386036961989493e-11,-33.860369619894925
2763,0.00013083856158696254,0.00013083859528752824,-3.3700565700665555e-11,-33.70056570066556
2764,0.00013084248324583578,0.00013084251678557496,-3.353973918905215e-11,-33.53973918905215
2765,0.00013084640487288514,0.00013084643828362166,-3.341073653197124e-11,-33.41073653197124
2766,0.00013085032651157964,0.00013085035978166836,-3.327008873040621e-11,-33.27008873040621
2767,0.00013085424812832056,0.0001308542812797151,-3.3151394532056025e-11,-33.151394532056024
2768,0.00013085816973620087,0.00013085820277776179,-3.304156092175037e-11,-33.04156092175037
2769,0.00013086209139112078,0.0001308621242758085,-3.2884687736518494e-11,-32.884687736518494
2770,0.00013086601306207368,0.0001308660457738552,-3.271178153219023e-11,-32.71178153219023
2771,0.00013086993470826552,0.0001308699672719019,-3.25636363912873e-11,-32.563636391287304
2772,0.000130873856352056,0.00013087388876994863,-3.241789264977621e-11,-32.417892649776206
2773,0.00013087777797707306,0.00013087781026799533,-3.229092227545752e-11,-32.29092227545752
2774,0.00013088169958626423,0.00013088173176604206,-3.217977783762027e-11,-32.17977783762027
2775,0.00013088562125259618,0.00013088565326408876,-3.2011492584266304e-11,-32.01149258426631
2776,0.00013088954293035915,0.00013088957476213546,-3.183177631635728e-11,-31.831776316357278
2777,0.00013089346458605795,0.00013089349626018218,-3.167412424028469e-11,-31.674124240284694
2778,0.00013089738623501513,0.00013089741775822888,-3.1523213760425675e-11,-31.523213760425676
2779,0.00013090130787263534,0.00013090133925627558,-3.138364024058325e-11,-31.38364024058325
2780,0.0001309052294981634,0.0001309052607543223,-3.125615890888572e-11,-31.256158908885723
2781,0.0001309091511588955,0.000130909182252369,-3.1093473505542535e-11,-31.093473505542534
2782,0.0001309130728485573,0.00013091310375041573,-3.090185844405113e-11,-30.901858444051133
2783,0.00013091699451216117,0.00013091702524846243,-3.0736301260203574e-11,-30.736301260203575
2784,0.00013092091616775478,0.00013092094674650912,-3.057875435174172e-11,-30.57875435174172
2785,0.0001309248378223902,0.00013092486824455585,-3.0422165661159905e-11,-30.422165661159905
2786,0.0001309287594446862,0.00013092878974260255,-3.029791636324361e-11,-30.29791636324361
2787,0.00013093268110445438,0.00013093271124064925,-3.013619486984187e-11,-30.13619486984187
2788,0.00013093660280452177,0.00013093663273869597,-2.9934174205105093e-11,-29.934174205105094
2789,0.00013094052447325423,0.00013094055423674267,-2.976348844682608e-11,-29.76348844682608
2790,0.0001309444461407047,0.0001309444757347894,-2.959408470340592e-11,-29.594084703405922
2791,0.00013094836779571278,0.0001309483972328361,-2.943712331832732e-11,-29.43712331832732
2792,0.00013095228943882075,0.0001309523187308828,-2.929206205497875e-11,-29.29206205497875
2793,0.00013095621111091832,0.00013095624022892952,-2.9118011204206886e-11,-29.118011204206887
2794,0.00013096013281116244,0.00013096016172697622,-2.891581378741094e-11,-28.91581378741094
2795,0.00013096405449013527,0.00013096408322502294,-2.8734887685402693e-11,-28.734887685402693
2796,0.000130967976161256,0.00013096800472306964,-2.856181364657813e-11,-28.56181364657813
2797,0.0001309718978218722,0.00013097192622111634,-2.839924414444718e-11,-28.39924414444718
2798,0.00013097581946322275,0.00013097584771916307,-2.8255940318610104e-11,-28.255940318610104
2799,0.00013097974115230395,0.00013097976921720977,-2.8064905820277014e-11,-28.064905820277012
2800,0.00013098366286763363,0.00013098369071525646,-2.784762284155816e-11,-27.84762284155816
2801,0.00013098758455004614,0.0001309876122133032,-2.7663257053947593e-11,-27.663257053947593
2802,0.00013099150623283333,0.0001309915337113499,-2.7478516566066216e-11,-27.478516566066215
2803,0.00013099542790164688,0.00013099545520939661,-2.7307749736569756e-11,-27.307749736569754
2804,0.00013099934955795753,0.0001309993767074433,-2.7149485791001126e-11,-27.149485791001126
2805,0.00013100327492064265,0.00013100329820549,-2.328484736401698e-11,-23.28484736401698
2806,0.00013100720275229958,0.00013100721970353674,-1.6951237159790563e-11,-16.951237159790562
2807,0.00013101112536515817,0.00013101114120158344,-1.5836425276575416e-11,-15.836425276575417
2808,0.00013101504673156583,0.00013101506269963013,-1.5968064306763993e-11,-15.968064306763994
2809,0.00013101896752980895,0.00013101898419767686,-1.6667867911585407e-11,-16.667867911585407
2810,0.0001310228885296319,0.00013102290569572356,-1.7166091661168323e-11,-17.166091661168323
2811,0.00013102680954355262,0.00013102682719377028,-1.765021766542768e-11,-17.650217665427682
2812,0.00013103073059210236,0.00013103074869181698,-1.8099714631768612e-11,-18.099714631768613
2813,0.0001310346516862263,0.00013103467018986368,-1.850363737662955e-11,-18.50363737662955
2814,0.00013103857277198405,0.0001310385916879104,-1.8915926367554472e-11,-18.915926367554473
2815,0.0001310424938667417,0.0001310425131859571,-1.9319215423350647e-11,-19.319215423350645
2816,0.0001310464149637087,0.00013104643468400383,-1.972029514616984e-11,-19.72029514616984
2817,0.0001310503360695111,0.00013105035618205053,-2.0112539434434903e-11,-20.112539434434904
2818,0.0001310542571760049,0.00013105427768009723,-2.0504092326974574e-11,-20.504092326974575
2819,0.0001310581782856779,0.00013105819917814395,-2.0892466067693974e-11,-20.892466067693974
2820,0.00013106209939318461,0.00013106212067619065,-2.1283006044354e-11,-21.283006044354
2821,0.00013106602052169287,0.00013106604217423738,-2.165254450993695e-11,-21.65254450993695
2822,0.00013106994167105696,0.00013106996367228408,-2.2001227127004696e-11,-22.001227127004697
2823,0.000131073862851222,0.00013107388517033077,-2.2319108780079574e-11,-22.319108780079574
2824,0.0001310777840180859,0.0001310778066683775,-2.2650291615141885e-11,-22.650291615141885
2825,0.00013108170516679376,0.0001310817281664242,-2.299963044557453e-11,-22.999630445574528
2826,0.0001310856263301481,0.0001310856496644709,-2.333432281596412e-11,-23.33432281596412
2827,0.00013108954749386728,0.00013108957116251762,-2.366865035232267e-11,-23.668650352322672
2828,0.00013109346865656935,0.00013109349266056432,-2.400399497873923e-11,-24.00399497873923
2829,0.00013109738980219955,0.00013109741415861105,-2.4356411506773853e-11,-24.356411506773853
2830,0.00013110131101382787,0.00013110133565665775,-2.4642829883853745e-11,-24.642829883853747
2831,0.000131105232215819,0.00013110525715470444,-2.4938885462994317e-11,-24.938885462994318
2832,0.00013110915342040702,0.00013110917865275117,-2.5232344161091352e-11,-25.23234416109135
2833,0.00013111307461946732,0.00013111310015079787,-2.5531330555544587e-11,-25.53133055554459
2834,0.00013111699582552303,0.00013111702164884457,-2.5823321542055674e-11,-25.823321542055673
2835,0.00013112091701295969,0.0001311209431468913,-2.6133931613790018e-11,-26.13393161379002
2836,0.000131124838225807,0.000131124864644938,-2.641913099526233e-11,-26.41913099526233
2837,0.00013112875941461815,0.00013112878614298472,-2.6728366569692505e-11,-26.728366569692504
2838,0.0001311326806298762,0.00013113270764103142,-2.7011155227634295e-11,-27.011155227634294
2839,0.00013113660186884584,0.00013113662913907811,-2.727023227564361e-11,-27.27023227564361
2840,0.00013114052311287533,0.00013114055063712484,-2.752424951474426e-11,-27.524249514744263
2841,0.00013114444434189808,0.00013114447213517154,-2.7793273467164828e-11,-27.793273467164827
2842,0.00013114836557793645,0.00013114839363321826,-2.8055281818377783e-11,-28.055281818377782
2843,0.00013115228680920043,0.00013115231513126496,-2.8322064535172442e-11,-28.32206453517244
2844,0.00013115620803526775,0.00013115623662931166,-2.8594043914294986e-11,-28.594043914294986
2845,0.00013116012924939955,0.0001311601581273584,-2.8877958841453555e-11,-28.877958841453555
2846,0.00013116405049476646,0.00013116407962540509,-2.913063863585928e-11,-29.13063863585928
2847,0.0001311679717769457,0.0001311680011234518,-2.9346506107326794e-11,-29.346506107326796
2848,0.00013117189304059343,0.0001311719226214985,-2.958090508758708e-11,-29.58090508758708
2849,0.00013117581430664675,0.0001311758441195452,-2.981289846717211e-11,-29.81289846717211
2850,0.0001311797355692809,0.00013117976561759193,-3.00483110409384e-11,-30.0483110409384
2851,0.0001311836568299159,0.00013118368711563863,-3.028572274798548e-11,-30.28572274798548
2852,0.0001311875780812235,0.00013118760861368533,-3.053246184632245e-11,-30.53246184632245
2853,0.0001311914993381418,0.00013119153011173206,-3.077359025262692e-11,-30.773590252626924
2854,0.00013119542060772274,0.00013119545160977875,-3.1002056017813445e-11,-31.002056017813445
2855,0.00013119934190443372,0.00013119937310782548,-3.120339176493281e-11,-31.203391764932807
2856,0.0001312032632097768,0.00013120329460587218,-3.139609539251044e-11,-31.39609539251044
2857,0.00013120718450552289,0.00013120721610391888,-3.159839599824815e-11,-31.59839599824815
2858,0.00013121110579251597,0.0001312111376019656,-3.180944963917488e-11,-31.809449639174883
2859,0.0001312150270799996,0.0001312150591000123,-3.202001270572362e-11,-32.020012705723616
2860,0.00013121894835401777,0.000131218980598059,-3.224404123799397e-11,-32.244041237993976
2861,0.0001312228696283708,0.00013122290209610573,-3.246773494152841e-11,-32.467734941528406
2862,0.00013122679095202967,0.00013122682359415242,-3.264212276233548e-11,-32.64212276233548
2863,0.0001312307122807948,0.00013123074509219915,-3.2811404343275854e-11,-32.81140434327585
2864,0.00013123463359611138,0.00013123466659024585,-3.2994134476383954e-11,-32.994134476383955
2865,0.00013123855491186943,0.00013123858808829255,-3.317642312236742e-11,-33.17642312236742
2866,0.00013124247622042806,0.00013124250958633927,-3.336591122314189e-11,-33.36591122314189
2867,0.00013124639753157852,0.00013124643108438597,-3.3552807457307876e-11,-33.55280745730788
2868,0.0001312503188236044,0.0001312503525824327,-3.375882831306509e-11,-33.758828313065095
2869,0.0001312542401255121,0.0001312542740804794,-3.395496728943635e-11,-33.954967289436354
2870,0.00013125816148912387,0.0001312581955785261,-3.408940223308228e-11,-34.08940223308228
2871,0.00013126208283367573,0.00013126211707657282,-3.42428970985548e-11,-34.2428970985548
2872,0.00013126600417287485,0.00013126603857461952,-3.4401744670152875e-11,-34.40174467015287
2873,0.00013126992550783044,0.00013126996007266624,-3.456483580905406e-11,-34.56483580905406
2874,0.00013127384684193856,0.00013127388157071294,-3.472877438747832e-11,-34.72877438747832
2875,0.00013127776816279594,0.00013127780306875964,-3.490596370538393e-11,-34.90596370538393
2876,0.00013128168948339772,0.00013128172456680637,-3.508340865105676e-11,-35.08340865105676
2877,0.0001312856108169358,0.00013128564606485307,-3.5247917275878254e-11,-35.24791727587825
2878,0.00013128953220694988,0.00013128956756289976,-3.535594989085014e-11,-35.35594989085014
2879,0.00013129345356864495,0.0001312934890609465,-3.54923015413067e-11,-35.492301541306695
2880,0.00013129737492398511,0.0001312974105589932,-3.563500808016695e-11,-35.635008080166955
2881,0.0001313012962826774,0.00013130133205703991,-3.577436250985537e-11,-35.77436250985537
2882,0.00013130521763646207,0.0001313052535550866,-3.591862455357249e-11,-35.91862455357249
2883,0.0001313091389811125,0.0001313091750531333,-3.607202081085742e-11,-36.07202081085742
2884,0.00013131306032792452,0.00013131309655118004,-3.622325552137612e-11,-36.22325552137612
2885,0.00013131698171627669,0.00013131701804922674,-3.63329500556481e-11,-36.3329500556481
2886,0.00013132090310984245,0.00013132093954727343,-3.643743098693325e-11,-36.43743098693325
2887,0.00013132482449391695,0.00013132486104532016,-3.655140321377172e-11,-36.55140321377172
2888,0.000131328745865066,0.00013132878254336686,-3.667830086522969e-11,-36.67830086522969
2889,0.00013133266723800078,0.00013133270404141358,-3.6803412808604524e-11,-36.80341280860453
2890,0.00013133658860433443,0.00013133662553946028,-3.693512586269643e-11,-36.935125862696424
2891,0.0001313405099522724,0.00013134054703750698,-3.708523457504889e-11,-37.085234575048894
2892,0.00013134443136038823,0.0001313444685355537,-3.717516548607423e-11,-37.175165486074235
2893,0.00013134835278227335,0.0001313483900336004,-3.725132705661406e-11,-37.25132705661406
2894,0.0001313522741746159,0.00013135231153164713,-3.735703123900032e-11,-37.35703123900032
2895,0.00013135619557107418,0.00013135623302969383,-3.745861965441455e-11,-37.45861965441455
2896,0.0001313601169666111,0.00013136015452774053,-3.756112942483496e-11,-37.56112942483496
2897,0.00013136403835405441,0.00013136407602578725,-3.767173284578813e-11,-37.671732845788135
2898,0.00013136795971509132,0.00013136799752383395,-3.780874263406844e-11,-37.808742634068444
2899,0.00013137188113812083,0.00013137191902188065,-3.788375982921521e-11,-37.883759829215215
2900,0.00013137580257722466,0.00013137584051992738,-3.7942702724267876e-11,-37.942702724267875
2901,0.00013137972399631956,0.00013137976201797407,-3.802165451620365e-11,-38.021654516203654
2902,0.00013138364540686052,0.0001313836835160208,-3.8109160283809576e-11,-38.10916028380957
2903,0.00013138756681323383,0.0001313876050140675,-3.8200833670356426e-11,-38.200833670356424
2904,0.00013139148822107518,0.0001313915265121142,-3.829103902005668e-11,-38.29103902005668
2905,0.00013139540961742028,0.00013139544801016092,-3.839274065328277e-11,-38.39274065328277
2906,0.0001313993310385838,0.00013139936950820762,-3.8469623814578496e-11,-38.4696238145785
2907,0.00013140325249369727,0.00013140329100625432,-3.8512557055091587e-11,-38.512557055091584
2908,0.00013140717392278982,0.00013140721250430105,-3.858151122905949e-11,-38.581511229059494
2909,0.00013141109535667707,0.00013141113400234774,-3.8645670681549907e-11,-38.64567068154991
2910,0.0001314150167809213,0.00013141505550039447,-3.871947316368768e-11,-38.71947316368768
2911,0.00013141893819620736,0.00013141897699844117,-3.8802233812065503e-11,-38.8022338120655
2912,0.00013142285960521024,0.00013142289849648787,-3.8891277628873316e-11,-38.89127762887332
2913,0.0001314267810520585,0.0001314268199945346,-3.894247609491297e-11,-38.94247609491297
2914,0.0001314307025283476,0.0001314307414925813,-3.896423370148008e-11,-38.96423370148008
2915,0.00013143462398418275,0.00013143466299062802,-3.900644526992211e-11,-39.00644526992211
2916,0.0001314385454266758,0.00013143858448867472,-3.906199892187853e-11,-39.06199892187853
2917,0.00013144246686908395,0.00013144250598672141,-3.911763746686506e-11,-39.117637466865055
2918,0.00013144638830892366,0.00013144642748476814,-3.91758444867982e-11,-39.1758444867982
2919,0.00013145030972096602,0.00013145034898281484,-3.926184882413061e-11,-39.26184882413061
2920,0.0001314542311924584,0.00013145427048086156,-3.9288403157949236e-11,-39.28840315794923
2921,0.00013145815268423506,0.00013145819197890826,-3.929467320753294e-11,-39.29467320753294
2922,0.00013146207415260566,0.00013146211347695496,-3.932434931177185e-11,-39.324349311771854
2923,0.00013146599561032882,0.00013146603497500169,-3.936467287765577e-11,-39.36467287765577
2924,0.0001314699170714968,0.00013146995647304838,-3.9401551580871996e-11,-39.401551580871995
2925,0.000131473838513262,0.00013147387797109508,-3.945783308485186e-11,-39.457833084851856
2926,0.00013147775995016512,0.0001314777994691418,-3.9518976693474233e-11,-39.51897669347424
2927,0.0001314816814526706,0.0001314817209671885,-3.951451791203989e-11,-39.514517912039885
2928,0.00013148560294190827,0.00013148564246523523,-3.952332697337617e-11,-39.52332697337617
2929,0.00013148952441565588,0.00013148956396328193,-3.9547626058255805e-11,-39.54762605825581
2930,0.0001314934458896687,0.00013149348546132863,-3.957165994728405e-11,-39.571659947284054
2931,0.00013149736736254284,0.00013149740695937536,-3.959683251964395e-11,-39.596832519643954
2932,0.0001315012888343803,0.00013150132845742205,-3.962304175191107e-11,-39.623041751911074
2933,0.00013150521023341514,0.00013150524995546875,-3.97220536150725e-11,-39.7220536150725
2934,0.00013150913166776903,0.00013150917145351548,-3.978574645405293e-11,-39.78574645405293
2935,0.00013151305318557,0.00013151309295156218,-3.976599218205003e-11,-39.76599218205003
2936,0.00013151697467418487,0.0001315170144496089,-3.977542403621924e-11,-39.77542403621924
2937,0.00013152089616958948,0.0001315209359476556,-3.977806612849337e-11,-39.77806612849337
2938,0.0001315248176502064,0.0001315248574457023,-3.979549589814352e-11,-39.79549589814352
2939,0.0001315287391225191,0.00013152877894374903,-3.982122992459844e-11,-39.82122992459844
2940,0.00013153266060096617,0.00013153270044179572,-3.984082956226649e-11,-39.84082956226649
2941,0.0001315365821405216,0.00013153662193984245,-3.979932085498783e-11,-39.799320854987826
2942,0.00013154050366066564,0.00013154054343788915,-3.977722351366997e-11,-39.777223513669966
2943,0.000131544425157868,0.00013154446493593585,-3.9778067863216845e-11,-39.77806786321685
2944,0.00013154834666803696,0.00013154838643398257,-3.976594561556672e-11,-39.76594561556672
2945,0.00013155226815674172,0.00013155230793202927,-3.977528756227078e-11,-39.775287562270776
2946,0.0001315561896483187,0.000131556229430076,-3.9781757294789596e-11,-39.7817572947896
2947,0.0001315601111633247,0.0001315601509281227,-3.97647980146722e-11,-39.764798014672195
2948,0.00013156403270975334,0.0001315640724261694,-3.971641606193117e-11,-39.71641606193117
2949,0.00013156795423062648,0.00013156799392421612,-3.969358964886242e-11,-39.69358964886242
2950,0.00013157187575027143,0.00013157191542226282,-3.967199139290961e-11,-39.67199139290961
2951,0.00013157579726156,0.00013157583692030952,-3.9658749516781014e-11,-39.658749516781015
2952,0.00013157971877077987,0.00013157975841835624,-3.964757637971268e-11,-39.64757637971268
2953,0.00013158364026887322,0.00013158367991640294,-3.964752973191421e-11,-39.64752973191421
2954,0.00013158756183729737,0.00013158760141444967,-3.957715229864943e-11,-39.57715229864943
2955,0.00013159148337004936,0.00013159152291249637,-3.954244701421322e-11,-39.542447014213224
2956,0.0001315954048994459,0.00013159544441054306,-3.951109717287053e-11,-39.511097172870535
2957,0.0001315993264290459,0.0001315993659085898,-3.947954390809523e-11,-39.47954390809523
2958,0.00013160324794797787,0.0001316032874066365,-3.9458658623491044e-11,-39.45865862349105
2959,0.00013160716945728932,0.0001316072089046832,-3.9447393871339137e-11,-39.44739387133914
2960,0.0001316110909900829,0.0001316111304027299,-3.9412647007749615e-11,-39.41264700774961
2961,0.0001316150125645457,0.0001316150519007766,-3.9336230920749795e-11,-39.3362309207498
2962,0.00013161893411200705,0.00013161897339882334,-3.928681629254453e-11,-39.28681629254453
2963,0.00013162285565513883,0.00013162289489687003,-3.9241731208874655e-11,-39.241731208874654
2964,0.00013162677719092273,0.00013162681639491673,-3.92039940072732e-11,-39.2039940072732
2965,0.0001316306987180349,0.00013163073789296346,-3.9174928552802884e-11,-39.17492855280288
2966,0.00013163462023801047,0.00013163465939101016,-3.915299969650263e-11,-39.152999696502626
2967,0.00013163854181774703,0.00013163858088905688,-3.907130986040046e-11,-39.071309860400454
2968,0.0001316424633895406,0.00013164250238710358,-3.8997562997834134e-11,-38.99756299783414
2969,0.00013164638494242908,0.00013164642388515028,-3.8942721205919114e-11,-38.94272120591911
2970,0.00013165030649470923,0.000131650345383197,-3.888848778694813e-11,-38.88848778694813
2971,0.00013165422803627396,0.0001316542668812437,-3.8844969754888256e-11,-38.844969754888254
2972,0.00013165814956661934,0.00013165818837929043,-3.881267110111937e-11,-38.81267110111937
2973,0.00013166207112945267,0.00013166210987733713,-3.8747884464777227e-11,-38.74788446477723
2974,0.00013166599272435668,0.00013166603137538383,-3.865102715527802e-11,-38.651027155278015
2975,0.00013166991429141545,0.00013166995287343055,-3.8582015112019155e-11,-38.58201511201916
2976,0.00013167383585779667,0.00013167387437147725,-3.851368058669788e-11,-38.51368058669788
2977,0.00013167775741410354,0.00013167779586952395,-3.845542041375323e-11,-38.45542041375323
2978,0.00013168167896136966,0.00013168171736757068,-3.840620102325418e-11,-38.40620102325418
2979,0.0001316856005107356,0.00013168563886561737,-3.835488177709251e-11,-38.35488177709251
2980,0.0001316895221156613,0.0001316895603636641,-3.8248002807442255e-11,-38.248002807442255
2981,0.00013169344370397897,0.0001316934818617108,-3.8157731836405514e-11,-38.15773183640552
2982,0.0001316973652788223,0.0001316974033597575,-3.808093519444315e-11,-38.08093519444315
2983,0.0001317012868498829,0.00013170132485780422,-3.800792133386059e-11,-38.007921333860594
2984,0.00013170520841101363,0.00013170524635585092,-3.7944837301505066e-11,-37.94483730150507
2985,0.00013170912995652399,0.00013170916785389762,-3.789737364089908e-11,-37.89737364089908
2986,0.0001317130515638678,0.00013171308935194435,-3.778807654803848e-11,-37.78807654803848
2987,0.00013171697317226032,0.00013171701084999104,-3.7677730733521486e-11,-37.677730733521486
2988,0.00013172089475727507,0.00013172093234803777,-3.759076270308806e-11,-37.59076270308806
2989,0.0001317248163424455,0.00013172485384608447,-3.7503638981222664e-11,-37.503638981222664
2990,0.0001317287379155654,0.00013172877534413117,-3.742856575992863e-11,-37.42856575992863
2991,0.00013173265947818036,0.0001317326968421779,-3.7363997536114135e-11,-37.363997536114134
2992,0.0001317365810679011,0.0001317366183402246,-3.727232349904598e-11,-37.27232349904598
2993,0.0001317405026952111,0.00013174053983827132,-3.714306022686786e-11,-37.14306022686786
2994,0.00013174442429334679,0.00013174446133631802,-3.7042971235953126e-11,-37.042971235953125
2995,0.0001317483458902384,0.00013174838283436471,-3.694412631282121e-11,-36.944126312821204
2996,0.0001317522674763267,0.00013175230433241144,-3.685608473250164e-11,-36.85608473250164
2997,0.00013175618905270908,0.00013175622583045814,-3.6777749065555434e-11,-36.77774906555543
2998,0.00013176011063572364,0.00013176014732850484,-3.6692781198394863e-11,-36.69278119839486
2999,0.00013176403227217303,0.00013176406882655156,-3.655437853558356e-11,-36.55437853558356
3000,0.00013176795388740873,0.00013176799032459826,-3.643718953510944e-11,-36.43718953510944
3001,0.00013177187549216074,0.00013177191182264499,-3.6330484254647216e-11,-36.33048425464722
3002,0.0001317757970907037,0.00013177583332069168,-3.6229987983186384e-11,-36.22998798318638
3003,0.00013177971867917197,0.00013177975481873838,-3.6139566416467886e-11,-36.139566416467886
3004,0.00013178364025144041,0.0001317836763167851,-3.606534470045507e-11,-36.06534470045507
3005,0.0001317875618937357,0.0001317875978148318,-3.592109610084489e-11,-35.921096100844885
3006,0.00013179148352502094,0.00013179151931287853,-3.578785760140135e-11,-35.78785760140135
3007,0.00013179540513841604,0.00013179544081092523,-3.567250919674535e-11,-35.672509196745345
3008,0.00013179932674877188,0.00013179936230897193,-3.556020005472431e-11,-35.560200054724305
3009,0.00013180324834824442,0.00013180328380701866,-3.5458774242530896e-11,-35.45877424253089
3010,0.0001318071699316306,0.00013180720530506535,-3.5373434765075706e-11,-35.37343476507571
3011,0.00013181109157642647,0.00013181112680311205,-3.522668558867996e-11,-35.226685588679956
3012,0.00013181501322251504,0.00013181504830115878,-3.507864374513901e-11,-35.07864374513901
3013,0.00013181893485171128,0.00013181896979920548,-3.494749420512626e-11,-34.94749420512626
3014,0.00013182285646862218,0.0001318228912972522,-3.482863003098048e-11,-34.828630030980484
3015,0.00013182677807803457,0.0001318268127952989,-3.4717264334584885e-11,-34.71726433458488
3016,0.00013183069967992106,0.0001318307342933456,-3.4613424546254434e-11,-34.613424546254436
3017,0.0001318346213218732,0.00013183465579139233,-3.44695191237369e-11,-34.4695191237369
3018,0.00013183854297194964,0.00013183857728943902,-3.431748939487017e-11,-34.31748939487017
3019,0.0001318424646048962,0.00013184249878748575,-3.418258954533268e-11,-34.18258954533268
3020,0.00013184638623663097,0.00013184642028553245,-3.4048901481458324e-11,-34.04890148145832
3021,0.00013185030784932603,0.00013185034178357915,-3.393425311904004e-11,-33.93425311904004
3022,0.00013185422945605614,0.00013185426328162587,-3.382556973881917e-11,-33.82556973881917
3023,0.00013185815108972222,0.00013185818477967257,-3.368995035850991e-11,-33.68995035850991
3024,0.00013186207276481005,0.00013186210627771927,-3.3512909223936224e-11,-33.51290922393623
3025,0.00013186599440001461,0.000131866027775766,-3.337575138784926e-11,-33.37575138784926
3026,0.00013186991604207792,0.0001318699492738127,-3.323173478039894e-11,-33.23173478039894
3027,0.0001318738376678222,0.00013187387077185942,-3.310403723168316e-11,-33.10403723168316
3028,0.0001318777592890926,0.00013187779226990612,-3.298081353481193e-11,-32.98081353481193
3029,0.00013188168092666592,0.00013188171376795282,-3.2841286906713465e-11,-32.841286906713464
3030,0.00013188560260137726,0.00013188563526599954,-3.266462228844923e-11,-32.66462228844923
3031,0.00013188952425162133,0.00013188955676404624,-3.251242491482158e-11,-32.51242491482158
3032,0.00013189344589656273,0.00013189347826209294,-3.236553021138923e-11,-32.36553021138923
3033,0.00013189736753066333,0.00013189739976013966,-3.2229476337059345e-11,-32.229476337059346
3034,0.00013190128914908764,0.00013190132125818636,-3.2109098725100995e-11,-32.10909872510099
3035,0.0001319052107989835,0.0001319052427562331,-3.195724959721115e-11,-31.95724959721115
3036,0.00013190913248257915,0.0001319091642542798,-3.1771700646874803e-11,-31.771700646874802
3037,0.00013191305414172476,0.00013191308575232649,-3.161060172946556e-11,-31.61060172946556
3038,0.00013191697579520228,0.0001319170072503732,-3.1455170939698906e-11,-31.455170939698906
3039,0.00013192089743735747,0.0001319209287484199,-3.1311062446114465e-11,-31.311062446114466
3040,0.0001319248190648823,0.00013192485024646664,-3.118158433927587e-11,-31.18158433927587
3041,0.00013192874071755046,0.00013192877174451333,-3.102696287932592e-11,-31.02696287932592
3042,0.00013193266240526727,0.00013193269324256003,-3.083729276811174e-11,-30.837292768111745
3043,0.00013193658407586683,0.00013193661474060676,-3.066473993237655e-11,-30.66473993237655
3044,0.00013194050573599525,0.00013194053623865346,-3.0502658212803e-11,-30.502658212803
3045,0.0001319444273886623,0.00013194445773670018,-3.0348037891265333e-11,-30.348037891265335
3046,0.0001319483490298772,0.00013194837923474688,-3.0204869699120035e-11,-30.204869699120035
3047,0.00013195227067862886,0.00013195230073279358,-3.005416472978281e-11,-30.054164729782812
3048,0.00013195619237767414,0.0001319562222308403,-2.985316616953909e-11,-29.85316616953909
3049,0.0001319601140561721,0.000131960143728887,-2.967271492097734e-11,-29.672714920977338
3050,0.0001319640357235562,0.0001319640652269337,-2.950337750362508e-11,-29.50337750362508
3051,0.000131967957383545,0.00013196798672498043,-2.934143542929135e-11,-29.34143542929135
3052,0.00013197187903193322,0.00013197190822302713,-2.91910939116274e-11,-29.191093911627398
3053,0.00013197580068796853,0.00013197582972107385,-2.9033105326305527e-11,-29.033105326305527
3054,0.00013197972239437599,0.00013197975121912055,-2.8824744572524707e-11,-28.824744572524708
3055,0.00013198364407966497,0.00013198367271716725,-2.863750228813032e-11,-28.63750228813032
3056,0.0001319875657541366,0.00013198759421521398,-2.8461077386966418e-11,-28.46107738696642
3057,0.00013199148742078828,0.00013199151571326067,-2.8292472402391785e-11,-28.292472402391784
3058,0.00013199540907558925,0.00013199543721130737,-2.813571812703318e-11,-28.13571812703318
3059,0.00013199933074000753,0.0001319993587093541,-2.7969346571828812e-11,-27.96934657182881
3060,0.00013200325608157582,0.0001320032802074008,-2.412582498792784e-11,-24.12582498792784
3061,0.0001320071839204394,0.00013200720170544752,-1.7785008118965967e-11,-17.785008118965965
3062,0.00013201110655132857,0.00013201112320349422,-1.6652165655466788e-11,-16.65216565546679
3063,0.00013201502791741575,0.00013201504470154092,-1.6784125175817552e-11,-16.78412517581755
3064,0.00013201894872387574,0.00013201896619958765,-1.7475711910529295e-11,-17.475711910529295
3065,0.00013202286973524252,0.00013202288769763434,-1.7962391834321106e-11,-17.962391834321107
3066,0.00013202679077540467,0.00013202680919568107,-1.842027640550882e-11,-18.42027640550882
3067,0.00013203071186502393,0.00013203073069372777,-1.882870384776611e-11,-18.82870384776611
3068,0.000132034632954749,0.00013203465219177447,-1.9237025471891364e-11,-19.237025471891364
3069,0.00013203855405251596,0.0001320385736898212,-1.9637305243242642e-11,-19.637305243242643
3070,0.00013204247515494793,0.0001320424951878679,-2.0032919963696258e-11,-20.03291996369626
3071,0.00013204639626028395,0.00013204641668591462,-2.0425630675735925e-11,-20.425630675735924
3072,0.00013205031736989071,0.00013205033818396131,-2.0814070606997956e-11,-20.814070606997955
3073,0.00013205423848394604,0.000132054259682008,-2.1198061975431115e-11,-21.198061975431116
3074,0.0001320581595917332,0.00013205818118005474,-2.1588321550304282e-11,-21.588321550304283
3075,0.00013206208075065812,0.00013206210267810144,-2.1927443320249345e-11,-21.927443320249346
3076,0.00013206600189644087,0.00013206602417614814,-2.2279707273933247e-11,-22.279707273933248
3077,0.00013206992307748555,0.00013206994567419486,-2.2596709313785587e-11,-22.59670931378559
3078,0.00013207384423671373,0.00013207386717224156,-2.2935527832383007e-11,-22.935527832383006
3079,0.0001320777653975853,0.00013207778867028829,-2.3272702998642536e-11,-23.272702998642536
3080,0.00013208168655437204,0.00013208171016833498,-2.3613962950797013e-11,-23.613962950797013
3081,0.00013208560772921243,0.00013208563166638168,-2.3937169256266238e-11,-23.937169256266237
3082,0.00013208952889039852,0.0001320895531644284,-2.427402989547553e-11,-24.27402989547553
3083,0.00013209345004657733,0.0001320934746624751,-2.4615897786893173e-11,-24.61589778689317
3084,0.0001320973712552546,0.0001320973961605218,-2.4905267199656244e-11,-24.905267199656244
3085,0.00013210129247853545,0.00013210131765856853,-2.5180033086782294e-11,-25.180033086782295
3086,0.00013210521367901246,0.00013210523915661523,-2.5477602781361796e-11,-25.477602781361796
3087,0.00013210913488125115,0.00013210916065466196,-2.5773410810041336e-11,-25.773410810041337
3088,0.00013211305608455527,0.00013211308215270865,-2.6068153393245974e-11,-26.068153393245975
3089,0.00013211697728064152,0.00013211700365075535,-2.63701138355735e-11,-26.3701138355735
3090,0.00013212089849392664,0.00013212092514880208,-2.6654875443313616e-11,-26.654875443313617
3091,0.00013212481967636724,0.00013212484664684878,-2.6970481545763827e-11,-26.97048154576383
3092,0.0001321287409001667,0.0001321287681448955,-2.7244728804780668e-11,-27.244728804780667
3093,0.00013213266216165065,0.0001321326896429422,-2.7481291554421638e-11,-27.481291554421638
3094,0.00013213658341068804,0.0001321366111409889,-2.773030086368758e-11,-27.730300863687578
3095,0.00013214050463679754,0.00013214053263903563,-2.8002238094450668e-11,-28.002238094450668
3096,0.00013214442587995543,0.00013214445413708232,-2.8257126896572726e-11,-28.257126896572725
3097,0.00013214834711155064,0.00013214837563512905,-2.8523578416708744e-11,-28.523578416708744
3098,0.0001321522683449396,0.00013215229713317575,-2.878823615145544e-11,-28.78823615145544
3099,0.00013215618955813674,0.00013215621863122245,-2.90730857150968e-11,-29.0730857150968
3100,0.00013216011082647724,0.00013216014012926917,-2.930279194309392e-11,-29.30279194309392
3101,0.00013216403209733864,0.00013216406162731587,-2.952997723840968e-11,-29.52997723840968
3102,0.00013216795337655176,0.00013216798312536257,-2.974881081597057e-11,-29.748810815970568
3103,0.00013217187464110305,0.0001321719046234093,-2.998230624924536e-11,-29.98230624924536
3104,0.00013217579590062937,0.000132175826121456,-3.022082663432897e-11,-30.22082663432897
3105,0.0001321797171632153,0.00013217974761950272,-3.045628742798688e-11,-30.45628742798688
3106,0.00013218363842693574,0.00013218366911754942,-3.069061368538645e-11,-30.69061368538645
3107,0.00013218755967226727,0.00013218759061559612,-3.094332885188805e-11,-30.94332885188805
3108,0.00013219148096985147,0.00013219151211364284,-3.1143791382577695e-11,-31.143791382577696
3109,0.00013219540227266086,0.00013219543361168954,-3.133902868221221e-11,-31.33902868221221
3110,0.00013219932356796745,0.00013219935510973624,-3.154176879640559e-11,-31.54176879640559
3111,0.00013220324486111476,0.00013220327660778296,-3.17466682076457e-11,-31.746668207645698
3112,0.00013220716615007345,0.00013220719810582966,-3.195575621713877e-11,-31.955756217138767
3113,0.00013221108743687962,0.0001322111196038764,-3.2166996774520034e-11,-32.16699677452004
3114,0.0001322150087081783,0.0001322150411019231,-3.239374478399458e-11,-32.39374478399458
3115,0.00013221892998044725,0.00013221896259996979,-3.261952254094497e-11,-32.61952254094497
3116,0.00013222285131531935,0.0001322228840980165,-3.2782697163413435e-11,-32.78269716341344
3117,0.00013222677264111162,0.0001322268055960632,-3.295495159960571e-11,-32.95495159960571
3118,0.0001322306939482472,0.00013223072709410994,-3.3145862742836623e-11,-33.14586274283662
3119,0.0001322346152578281,0.00013223464859215663,-3.333432854938266e-11,-33.33432854938266
3120,0.0001322385365716623,0.00013223857009020333,-3.351854103080604e-11,-33.518541030806034
3121,0.0001322424578789005,0.00013224249158825006,-3.3709349554301326e-11,-33.709349554301326
3122,0.0001322463791735662,0.00013224641308629676,-3.391273056750392e-11,-33.91273056750392
3123,0.00013225030050653197,0.00013225033458434346,-3.407781148844216e-11,-34.07781148844216
3124,0.00013225422185900287,0.00013225425608239018,-3.422338731414179e-11,-34.22338731414179
3125,0.0001322581432000123,0.00013225817758043688,-3.438042459337247e-11,-34.38042459337247
3126,0.00013226206453790943,0.0001322620990784836,-3.4540574183359485e-11,-34.54057418335948
3127,0.00013226598587752375,0.0001322660205765303,-3.469900655973561e-11,-34.69900655973561
3128,0.00013226990720840523,0.000132269942074577,-3.486617177803529e-11,-34.86617177803529
3129,0.00013227382853059344,0.00013227386357262373,-3.5042030291984285e-11,-35.04203029198428
3130,0.00013227774985195343,0.00013227778507067043,-3.521871700086779e-11,-35.21871700086779
3131,0.00013228167122508744,0.00013228170656871713,-3.5343629694988374e-11,-35.34362969498837
3132,0.00013228559259335543,0.00013228562806676385,-3.5473408423984345e-11,-35.473408423984345
3133,0.00013228951395627024,0.00013228954956481055,-3.56085403198918e-11,-35.6085403198918
3134,0.00013229343530733859,0.00013229347106285728,-3.575551869662681e-11,-35.75551869662681
3135,0.00013229735666753662,0.00013229739256090397,-3.589336735923303e-11,-35.893367359233025
3136,0.00013230127801477996,0.00013230131405895067,-3.6044170719917404e-11,-36.0441707199174
3137,0.00013230519935832706,0.0001323052355569974,-3.619867034264822e-11,-36.19867034264822
3138,0.0001323091207099027,0.0001323091570550441,-3.634514139408167e-11,-36.345141394081665
3139,0.00013231304212028846,0.00013231307855309082,-3.6432802365228583e-11,-36.43280236522858
3140,0.0001323169635045228,0.00013231700005113752,-3.654661472645672e-11,-36.54661472645672
3141,0.0001323208848841052,0.00013232092154918422,-3.666507901973623e-11,-36.66507901973623
3142,0.00013232480625023933,0.00013232484304723095,-3.679699162123798e-11,-36.79699162123798
3143,0.00013232872762172,0.00013232876454527764,-3.692355764235644e-11,-36.92355764235644
3144,0.00013233264898264354,0.00013233268604332437,-3.706068083818399e-11,-37.06068083818399
3145,0.00013233657035459083,0.00013233660754137107,-3.718678024579247e-11,-37.18678024579247
3146,0.00013234049176538235,0.00013234052903941777,-3.727403542717128e-11,-37.274035427171285
3147,0.00013234441317778529,0.0001323444505374645,-3.7359679213071234e-11,-37.35967921307123
3148,0.0001323483345686168,0.0001323483720355112,-3.7466894393815175e-11,-37.466894393815174
3149,0.00013235225596216614,0.0001323522935335579,-3.757139175076324e-11,-37.57139175076324
3150,0.00013235617735631033,0.00013235621503160461,-3.767529428729442e-11,-37.67529428729442
3151,0.00013236009873449192,0.0001323601365296513,-3.779515939688584e-11,-37.795159396885836
3152,0.00013236402010745758,0.00013236405802769804,-3.792024046760381e-11,-37.92024046760381
3153,0.0001323679415285571,0.00013236797952574474,-3.799718765103782e-11,-37.99718765103782
3154,0.0001323718629649252,0.00013237190102379144,-3.8058866232117155e-11,-38.058866232117154
3155,0.00013237578437722987,0.00013237582252183816,-3.8144608300944044e-11,-38.14460830094404
3156,0.00013237970578611826,0.00013237974401988486,-3.823376660950127e-11,-38.233766609501274
3157,0.00013238362720625934,0.00013238366551793156,-3.831167222765576e-11,-38.31167222765576
3158,0.00013238754859658375,0.00013238758701597828,-3.841939454396588e-11,-38.41939454396588
3159,0.00013239146998223126,0.00013239150851402498,-3.8531793728977345e-11,-38.53179372897735
3160,0.00013239539143964794,0.0001323954300120717,-3.857242377171037e-11,-38.57242377171037
3161,0.00013239931289187653,0.0001323993515101184,-3.8618241884469065e-11,-38.618241884469064
3162,0.00013240323432160797,0.0001324032730081651,-3.8686557138096725e-11,-38.686557138096724
3163,0.0001324071557537856,0.00013240719450621183,-3.875242624188788e-11,-38.752426241887875
3164,0.0001324110771777907,0.00013241111600425853,-3.882646784481479e-11,-38.82646784481479
3165,0.00013241499859548259,0.00013241503750230526,-3.8906822675676924e-11,-38.90682267567693
3166,0.00013241891999688475,0.00013241895900035195,-3.9003467210499784e-11,-39.003467210499785
3167,0.0001324228414609644,0.00013242288049839865,-3.9037434261676745e-11,-39.037434261676744
3168,0.0001324267629364954,0.00013242680199644538,-3.905994999661297e-11,-39.05994999661297
3169,0.00013243068438671863,0.00013243072349449208,-3.910777344970989e-11,-39.107773449709896
3170,0.00013243460583042352,0.0001324346449925388,-3.9162115288898125e-11,-39.16211528889812
3171,0.00013243852727227415,0.0001324385664905855,-3.9218311357746796e-11,-39.2183113577468
3172,0.0001324424487005915,0.0001324424879886322,-3.9288040709162974e-11,-39.28804070916298
3173,0.00013244637013670884,0.00013244640948667893,-3.934997009330986e-11,-39.34997009330986
3174,0.0001324502916110908,0.00013245033098472562,-3.937363483860343e-11,-39.37363483860343
3175,0.00013245421309266401,0.00013245425248277232,-3.939010831483239e-11,-39.39010831483239
3176,0.00013245813454544706,0.00013245817398081905,-3.943537199370513e-11,-39.435371993705125
3177,0.00013246205600882485,0.00013246209547886575,-3.947004090315845e-11,-39.47004090315845
3178,0.00013246597746063214,0.00013246601697691247,-3.951628033688137e-11,-39.51628033688137
3179,0.0001324698989041285,0.00013246993847495917,-3.957083066814737e-11,-39.57083066814737
3180,0.0001324738203511743,0.00013247385997300587,-3.9621831565446144e-11,-39.62183156544614
3181,0.0001324777418526637,0.0001324777814710526,-3.961838889828785e-11,-39.618388898287854
3182,0.0001324816633421393,0.0001324817029690993,-3.9626960004352327e-11,-39.62696000435233
3183,0.00013248558482277222,0.000132485624467146,-3.964437378202043e-11,-39.64437378202043
3184,0.00013248950629644055,0.00013248954596519272,-3.9668752176288985e-11,-39.66875217628898
3185,0.0001324934277637206,0.00013249346746323942,-3.9699518825283095e-11,-39.69951882528309
3186,0.0001324973492185115,0.00013249738896128614,-3.9742774643047554e-11,-39.742774643047554
3187,0.00013250127070677767,0.00013250131045933284,-3.975255517663544e-11,-39.75255517663544
3188,0.00013250519217038496,0.00013250523195737954,-3.9786994587593896e-11,-39.786994587593895
3189,0.00013250911359922115,0.00013250915345542626,-3.9856205121165486e-11,-39.85620512116549
3190,0.00013251303509643646,0.00013251307495347296,-3.98570365144964e-11,-39.8570365144964
3191,0.000132516956586625,0.0001325169964515197,-3.986489470342236e-11,-39.86489470342236
3192,0.00013252087805234146,0.0001325209179495664,-3.989722493457952e-11,-39.89722493457952
3193,0.00013252479952668956,0.00013252483944761309,-3.9920923534085925e-11,-39.92092353408592
3194,0.00013252872102123117,0.0001325287609456598,-3.9924428651289353e-11,-39.924428651289354
3195,0.0001325326425536083,0.0001325326824437065,-3.9890098229754284e-11,-39.89009822975429
3196,0.00013253656406068384,0.00013253660394175324,-3.988106940063764e-11,-39.88106940063764
3197,0.00013254048557019934,0.00013254052543979993,-3.986960060163687e-11,-39.86960060163687
3198,0.0001325444070623092,0.00013254444693784663,-3.987553744878791e-11,-39.87553744878791
3199,0.0001325483285505731,0.00013254836843589336,-3.988532025920036e-11,-39.885320259200356
3200,0.0001325522500248195,0.00013255228993394006,-3.990912055687054e-11,-39.90912055687054
3201,0.0001325561715610615,0.00013255621143198676,-3.987092525274616e-11,-39.87092525274616
3202,0.00013256009309724646,0.00013256013293003348,-3.9832787031866157e-11,-39.832787031866154
3203,0.0001325640146106601,0.00013256405442808018,-3.9817420092374433e-11,-39.817420092374434
3204,0.00013256793612613686,0.0001325679759261269,-3.979999005167374e-11,-39.79999005167374
3205,0.00013257185763082595,0.0001325718974241736,-3.9793347659958955e-11,-39.793347659958954
3206,0.0001325757791275061,0.0001325758189222203,-3.979471421548221e-11,-39.79471421548221
3207,0.00013257970063237145,0.00013257974042026703,-3.9787895586704286e-11,-39.78789558670429
3208,0.00013258362218804284,0.00013258366191831373,-3.9730270891757985e-11,-39.73027089175798
3209,0.0001325875437258093,0.00013258758341636043,-3.969055114516898e-11,-39.690551145168975
3210,0.00013259146525154323,0.00013259150491440715,-3.9662863928500325e-11,-39.66286392850032
3211,0.0001325953867742892,0.00013259542641245385,-3.9638164664598824e-11,-39.638164664598825
3212,0.00013259930828775154,0.00013259934791050058,-3.9622749044429556e-11,-39.622749044429554
3213,0.00013260322978798168,0.00013260326940854727,-3.962056559677944e-11,-39.62056559677944
3214,0.00013260715133255768,0.00013260719090659397,-3.9574036301605705e-11,-39.57403630160571
3215,0.0001326110729027579,0.0001326111124046407,-3.950188280965712e-11,-39.50188280965712
3216,0.0001326149944402,0.0001326150339026874,-3.9462487402148013e-11,-39.462487402148014
3217,0.00013261891598027254,0.00013261895540073412,-3.9420461584643185e-11,-39.420461584643185
3218,0.00013262283750909017,0.00013262287689878082,-3.9389690653050493e-11,-39.38969065305049
3219,0.00013262675902939042,0.00013262679839682752,-3.936743710530463e-11,-39.36743710530463
3220,0.00013263068055434566,0.00013263071989487424,-3.934052858974131e-11,-39.34052858974131
3221,0.00013263460213710146,0.00013263464139292094,-3.925581949453426e-11,-39.25581949453426
3222,0.0001326385237032397,0.00013263856289096764,-3.9187727938919836e-11,-39.187727938919835
3223,0.00013264244523283027,0.00013264248438901437,-3.9156184106703434e-11,-39.156184106703435
3224,0.00013264636677804721,0.00013264640588706107,-3.910901385831038e-11,-39.10901385831038
3225,0.00013265028831357372,0.0001326503273851078,-3.907153407340973e-11,-39.07153407340973
3226,0.00013265420982791585,0.0001326542488831545,-3.905523865028254e-11,-39.05523865028254
3227,0.00013265813139963013,0.0001326581703812012,-3.898157107000008e-11,-38.98157107000008
3228,0.00013266205298464884,0.00013266209187924791,-3.8894599082228725e-11,-38.89459908222872
3229,0.0001326659745439844,0.0001326660133772946,-3.883331021762029e-11,-38.833310217620294
3230,0.000132669896104925,0.00013266993487534134,-3.877041635432582e-11,-38.77041635432582
3231,0.00013267381765418298,0.00013267385637338804,-3.871920506759548e-11,-38.719205067595475
3232,0.00013267773919430238,0.00013267777787143474,-3.867713235834669e-11,-38.67713235834669
3233,0.00013268166074610098,0.00013268169936948146,-3.8623380487770614e-11,-38.62338048777061
3234,0.0001326855823476941,0.00013268562086752816,-3.8519834057442983e-11,-38.519834057442985
3235,0.00013268950392651902,0.00013268954236557486,-3.8439055845632494e-11,-38.439055845632495
3236,0.0001326934254963771,0.00013269346386362158,-3.836724450078449e-11,-38.367244500784494
3237,0.0001326973470603138,0.00013269738536166828,-3.8301354498996465e-11,-38.30135449899647
3238,0.0001327012686135096,0.000132701306859715,-3.824620541708071e-11,-38.24620541708071
3239,0.0001327051901583927,0.0001327052283577617,-3.8199369021641616e-11,-38.199369021641616
3240,0.00013270911176434106,0.0001327091498558084,-3.809146735118711e-11,-38.09146735118711
3241,0.00013271303336342592,0.00013271307135385513,-3.7990429222585525e-11,-37.990429222585526
3242,0.00013271695494244018,0.00013271699285190183,-3.790946165486561e-11,-37.90946165486561
3243,0.0001327208765131669,0.00013272091434994856,-3.783678167434207e-11,-37.83678167434207
3244,0.00013272479807869533,0.00013272483584799525,-3.776929992823956e-11,-37.76929992823956
3245,0.0001327287196331917,0.00013272875734604195,-3.7712850264502745e-11,-37.71285026450275
3246,0.00013273264121623616,0.00013273267884408868,-3.762785252757232e-11,-37.62785252757232
3247,0.00013273656283459964,0.00013273660034213538,-3.750753573935585e-11,-37.50753573935585
3248,0.00013274048442443005,0.00013274052184018208,-3.741575203523795e-11,-37.41575203523795
3249,0.00013274440601174385,0.0001327444433382288,-3.7326484954097766e-11,-37.326484954097765
3250,0.00013274832759865374,0.0001327483648362755,-3.723762176537189e-11,-37.23762176537189
3251,0.00013275224916799538,0.00013275228633432223,-3.7166326853123696e-11,-37.1663268531237
3252,0.00013275617074841374,0.00013275620783236892,-3.7083955189380305e-11,-37.083955189380305
3253,0.00013276009237952221,0.00013276012933041562,-3.6950893414890884e-11,-36.950893414890885
3254,0.0001327640139865743,0.00013276405082846235,-3.684188805372984e-11,-36.841888053729846
3255,0.000132767935585291,0.00013276797232650905,-3.6741218065975925e-11,-36.74121806597592
3256,0.00013277185717679946,0.00013277189382455574,-3.664775628794556e-11,-36.64775628794556
3257,0.00013277577875840224,0.00013277581532260247,-3.6564200241748945e-11,-36.56420024174894
3258,0.00013277970033522804,0.00013277973682064917,-3.648542113611419e-11,-36.48542113611419
3259,0.00013278362197177934,0.0001327836583186959,-3.634691655829868e-11,-36.34691655829868
3260,0.00013278754359509728,0.0001327875798167426,-3.622164531851965e-11,-36.22164531851965
3261,0.00013279146520195814,0.0001327915013147893,-3.611283115641173e-11,-36.11283115641173
3262,0.0001327953868052086,0.00013279542281283602,-3.6007627414643237e-11,-36.00762741464324
3263,0.0001327993083977824,0.00013279934431088272,-3.591310032666324e-11,-35.91310032666324
3264,0.00013280322997994952,0.00013280326580892944,-3.5828979926130794e-11,-35.82897992613079
3265,0.0001328071516161869,0.00013280718730697614,-3.569078925194927e-11,-35.69078925194927
3266,0.00013281107325071375,0.00013281110880502284,-3.555430909643022e-11,-35.55430909643022
3267,0.00013281499486624148,0.00013281503030306956,-3.543682809320599e-11,-35.43682809320599
3268,0.00013281891648951467,0.00013281895180111626,-3.531160160387163e-11,-35.31160160387163
3269,0.00013282283807820782,0.000132822873299163,-3.522095517362256e-11,-35.220955173622556
3270,0.0001328267596613618,0.0001328267947972097,-3.513584790516766e-11,-35.13584790516766
3271,0.00013283068129122424,0.00013283071629525639,-3.500403215002497e-11,-35.00403215002497
3272,0.00013283460294323302,0.0001328346377933031,-3.485007010183633e-11,-34.85007010183633
3273,0.00013283852457231433,0.0001328385592913498,-3.471903548725386e-11,-34.719035487253855
3274,0.00013284244619524992,0.0001328424807893965,-3.459414659137096e-11,-34.59414659137096
3275,0.0001328463678018833,0.00013284640228744323,-3.448555994908893e-11,-34.48555994908893
3276,0.00013285028940059092,0.00013285032378548993,-3.4384899014423153e-11,-34.384899014423155
3277,0.0001328542110348359,0.00013285424528353666,-3.424870075146895e-11,-34.24870075146895
3278,0.00013285813269054333,0.00013285816678158336,-3.409104002888404e-11,-34.09104002888404
3279,0.00013286205432582504,0.00013286208827963006,-3.395380502470745e-11,-33.95380502470745
3280,0.00013286597595844123,0.00013286600977767678,-3.381923555867697e-11,-33.819235558676965
3281,0.00013286989757913616,0.00013286993127572348,-3.3696587329213837e-11,-33.696587329213834
3282,0.00013287381918888547,0.00013287385277377018,-3.358488471699314e-11,-33.58488471699314
3283,0.0001328777408118203,0.0001328777742718169,-3.3459996607156816e-11,-33.45999660715682
3284,0.0001328816624811365,0.0001328816957698636,-3.328872711442814e-11,-33.288727114428134
3285,0.0001328855841276211,0.00013288561726791033,-3.3140289238938636e-11,-33.140289238938635
3286,0.00013288950576510885,0.00013288953876595703,-3.3000848181496636e-11,-33.000848181496636
3287,0.00013289342739502037,0.00013289346026400373,-3.286898336620564e-11,-32.86898336620564
3288,0.00013289734901389616,0.00013289738176205045,-3.2748154292462666e-11,-32.748154292462665
3289,0.00013290127063929499,0.00013290130326009715,-3.262080217055904e-11,-32.620802170559045
3290,0.0001329051923149459,0.00013290522475814387,-3.244319798269213e-11,-32.443197982692126
3291,0.00013290911397210978,0.00013290914625619057,-3.228408079711881e-11,-32.28408079711881
3292,0.0001329130356167866,0.00013291306775423727,-3.21374506661216e-11,-32.1374506661216
3293,0.0001329169572552642,0.000132916989252284,-3.1997019813411284e-11,-31.997019813411285
3294,0.00013292087888257454,0.0001329209107503307,-3.1867756161762406e-11,-31.867756161762404
3295,0.0001329248005113935,0.00013292483224837742,-3.173698392410568e-11,-31.736983924105676
3296,0.00013292872219352014,0.00013292875374642412,-3.155290398639789e-11,-31.552903986397887
3297,0.00013293264386024262,0.00013293267524447082,-3.138422820342139e-11,-31.38422820342139
3298,0.00013293656551194421,0.00013293659674251754,-3.123057333681327e-11,-31.23057333681327
3299,0.00013294048715856044,0.00013294051824056424,-3.1082003812074973e-11,-31.082003812074973
3300,0.0001329444087936748,0.00013294443973861094,-3.094493615450371e-11,-30.944936154503708
3301,0.0001329483304271624,0.00013294836123665767,-3.080949526097709e-11,-30.809495260977094
3302,0.00013295225211582072,0.00013295228273470437,-3.061888365570138e-11,-30.61888365570138
3303,0.0001329561737910073,0.0001329562042327511,-3.044174380451989e-11,-30.441743804519888
3304,0.00013296009544969784,0.0001329601257307978,-3.028109995386749e-11,-30.28109995386749
3305,0.00013296401710491816,0.0001329640472288445,-3.012392633621362e-11,-30.12392633621362
3306,0.00013296793874717635,0.00013296796872689121,-2.997971487052785e-11,-29.97971487052785
3307,0.0001329718603864054,0.0001329718902249379,-2.983853253018673e-11,-29.83853253018673
3308,0.0001329757820817649,0.0001329758117229846,-2.964121971522837e-11,-29.641219715228374
3309,0.00013297970376458635,0.00013297973322103134,-2.94564449936634e-11,-29.4564449936634
3310,0.00013298362543011312,0.00013298365471907804,-2.928896492305283e-11,-29.28896492305283
3311,0.00013298754709113508,0.00013298757621712476,-2.912598968536388e-11,-29.12598968536388
3312,0.00013299146874018233,0.00013299149771517146,-2.8974989135409384e-11,-28.974989135409384
3313,0.0001329953903779107,0.00013299541921321816,-2.8835307466400256e-11,-28.835307466400256
3314,0.00013299931208307669,0.00013299934071126488,-2.8628188205422095e-11,-28.628188205422095
3315,0.00013300323735518756,0.00013300326220931158,-2.4854124027927388e-11,-24.854124027927387
3316,0.00013300716522091164,0.0001330071837073583,-1.8486446673558435e-11,-18.486446673558433
3317,0.0001330110878535401,0.000133011105205405,-1.73518649058291e-11,-17.3518649058291
3318,0.00013301500923074583,0.0001330150267034517,-1.7472705878690916e-11,-17.472705878690917
3319,0.00013301893004476334,0.00013301894820149843,-1.8156735100844187e-11,-18.156735100844188
3320,0.00013302285110612777,0.00013302286969954513,-1.859341736671248e-11,-18.59341736671248
3321,0.00013302677218962548,0.00013302679119759186,-1.900796637706595e-11,-19.007966377065948
3322,0.00013303069326756563,0.00013303071269563855,-1.9428072926440415e-11,-19.428072926440414
3323,0.00013303461436595533,0.00013303463419368525,-1.9827729932063817e-11,-19.827729932063818
3324,0.00013303853547056547,0.00013303855569173198,-2.0221166517457964e-11,-20.221166517457963
3325,0.00013304245658523096,0.00013304247718977868,-2.0604547724013502e-11,-20.604547724013504
3326,0.0001330463776978128,0.00013304639868782537,-2.0990012577409178e-11,-20.99001257740918
3327,0.00013305029879803109,0.0001330503201858721,-2.1387841021858575e-11,-21.387841021858573
3328,0.00013305421993119518,0.0001330542416839188,-2.1752723625157274e-11,-21.752723625157273
3329,0.00013305814107949937,0.00013305816318196552,-2.2102466158268843e-11,-22.102466158268843
3330,0.0001330620622702096,0.00013306208468001222,-2.240980261706864e-11,-22.40980261706864
3331,0.00013306598344806718,0.00013306600617805892,-2.2729991750522163e-11,-22.729991750522164
3332,0.00013306990462265425,0.00013306992767610565,-2.3053451406934044e-11,-23.053451406934045
3333,0.00013307382578980382,0.00013307384917415235,-2.338434852761885e-11,-23.38434852761885
3334,0.00013307774695211683,0.00013307777067219904,-2.3720082219985006e-11,-23.720082219985006
3335,0.0001330816681319361,0.00013308169217024577,-2.4038309679342798e-11,-24.0383096793428
3336,0.00013308558930426106,0.00013308561366829247,-2.4364031415167353e-11,-24.364031415167354
3337,0.00013308951048198462,0.0001330895351663392,-2.468435458311445e-11,-24.68435458311445
3338,0.00013309343169693995,0.0001330934566643859,-2.49674459503028e-11,-24.9674459503028
3339,0.0001330973529070408,0.0001330973781624326,-2.5255391805613397e-11,-25.255391805613396
3340,0.00013310127413475794,0.00013310129966047932,-2.5525721381395125e-11,-25.525721381395126
3341,0.00013310519534633723,0.00013310522115852602,-2.5812188791518267e-11,-25.812188791518267
3342,0.00013310911654102877,0.00013310914265657274,-2.6115543978625533e-11,-26.11554397862553
3343,0.0001331130377642166,0.00013311306415461944,-2.6390402836087873e-11,-26.390402836087873
3344,0.00013311695896085679,0.00013311698565266614,-2.6691809359525475e-11,-26.691809359525475
3345,0.00013312088017035584,0.00013312090715071286,-2.6980357028356966e-11,-26.980357028356966
3346,0.0001331248014244447,0.00013312482864875956,-2.722431487707097e-11,-27.22431487707097
3347,0.00013312872268431226,0.00013312875014680626,-2.746249400952079e-11,-27.46249400952079
3348,0.0001331326439236988,0.000133132671644853,-2.7721154181794785e-11,-27.721154181794784
3349,0.00013313656516904924,0.00013313659314289969,-2.7973850456073534e-11,-27.973850456073535
3350,0.0001331404864081844,0.0001331405146409464,-2.8232762027726274e-11,-28.232762027726274
3351,0.00013314440765077097,0.0001331444361389931,-2.8488222150183123e-11,-28.488222150183123
3352,0.00013314832887467994,0.0001331483576370398,-2.876235987767549e-11,-28.76235987767549
3353,0.00013315225010825308,0.00013315227913508653,-2.9026833460683188e-11,-29.02683346068319
3354,0.00013315617140430196,0.00013315620063313323,-2.922883127585918e-11,-29.22883127585918
3355,0.00013316009268291162,0.00013316012213117993,-2.9448268320349274e-11,-29.448268320349275
3356,0.00013316401395579094,0.00013316404362922666,-2.967343572568666e-11,-29.673435725686662
3357,0.0001331679352251409,0.00013316796512727336,-2.990213245304098e-11,-29.902132453040977
3358,0.00013317185649606376,0.00013317188662532008,-3.012925632830367e-11,-30.12925632830367
3359,0.00013317577775750906,0.00013317580812336678,-3.036585772975209e-11,-30.365857729752086
3360,0.00013317969900975064,0.00013317972962141348,-3.0611662842127574e-11,-30.611662842127572
3361,0.00013318362028174384,0.0001331836511194602,-3.083771636590053e-11,-30.837716365900533
3362,0.00013318754159667137,0.0001331875726175069,-3.1020835537853175e-11,-31.020835537853173
3363,0.00013319146290307677,0.00013319149411555363,-3.1212476864142205e-11,-31.212476864142204
3364,0.0001331953841957749,0.00013319541561360033,-3.141782543323732e-11,-31.41782543323732
3365,0.0001331993054974976,0.00013319933711164702,-3.161414942870931e-11,-31.61414942870931
3366,0.00013320322678756147,0.00013320325860969375,-3.182213228382291e-11,-31.822132283822913
3367,0.00013320714807558447,0.00013320718010774045,-3.203215598689589e-11,-32.032155986895894
3368,0.00013321106934761944,0.00013321110160578717,-3.2258167741780155e-11,-32.258167741780156
3369,0.00013321499068997837,0.00013321502310383387,-3.241385551456674e-11,-32.41385551456674
3370,0.00013321891200044752,0.00013321894460188057,-3.2601433061377915e-11,-32.60143306137792
3371,0.00013322283333101057,0.0001332228660999273,-3.276891673696071e-11,-32.76891673696071
3372,0.0001332267546461374,0.000133226787597974,-3.2951836605448994e-11,-32.951836605448996
3373,0.00013323067596541079,0.0001332307090960207,-3.3130609915623554e-11,-33.13060991562355
3374,0.00013323459727884222,0.00013323463059406742,-3.3315225205259063e-11,-33.31522520525906
3375,0.00013323851858343462,0.00013323855209211412,-3.350867950731587e-11,-33.50867950731587
3376,0.00013324243987958094,0.00013324247359016084,-3.371057990692666e-11,-33.71057990692666
3377,0.00013324636123355075,0.00013324639508820754,-3.3854656796017776e-11,-33.85465679601778
3378,0.00013325028259383826,0.00013325031658625424,-3.399241598483971e-11,-33.99241598483971
3379,0.00013325420394376104,0.00013325423808430097,-3.4140539929590166e-11,-34.14053992959017
3380,0.00013325812528094358,0.00013325815958234767,-3.430140409012401e-11,-34.30140409012401
3381,0.00013326204661629024,0.00013326208108039436,-3.446410413019653e-11,-34.46410413019653
3382,0.00013326596795239327,0.0001332660025784411,-3.462604783083352e-11,-34.62604783083352
3383,0.00013326988928006922,0.0001332699240764878,-3.479641857417132e-11,-34.79641857417132
3384,0.00013327381061425876,0.00013327384557453451,-3.496027575611747e-11,-34.960275756117476
3385,0.00013327773199001513,0.0001332777670725812,-3.508256609044347e-11,-35.082566090443464
3386,0.00013328165336283298,0.0001332816885706279,-3.520779493791755e-11,-35.20779493791755
3387,0.00013328557472364226,0.00013328561006867464,-3.5345032381549027e-11,-35.345032381549025
3388,0.00013328949608263691,0.00013328953156672134,-3.548408442725154e-11,-35.48408442725154
3389,0.00013329341743638818,0.00013329345306476806,-3.5628379891500625e-11,-35.62837989150062
3390,0.0001332973387910287,0.00013329737456281476,-3.5771786066022784e-11,-35.771786066022784
3391,0.0001333012601333013,0.00013330129606086146,-3.5927560168407355e-11,-35.927560168407354
3392,0.00013330518153564447,0.00013330521755890818,-3.6023263724164714e-11,-36.023263724164714
3393,0.00013330910292666534,0.00013330913905695488,-3.613028954899923e-11,-36.13028954899923
3394,0.00013331302430521214,0.0001333130605550016,-3.62497894721939e-11,-36.249789472193896
3395,0.00013331694568329447,0.0001333169820530483,-3.6369753840494206e-11,-36.369753840494205
3396,0.00013332086705456406,0.000133320903551095,-3.649653095577565e-11,-36.496530955775654
3397,0.00013332478842351198,0.00013332482504914173,-3.6625629754484204e-11,-36.6256297544842
3398,0.00013332870978818203,0.00013332874654718843,-3.675900640838957e-11,-36.75900640838957
3399,0.0001333326311797323,0.00013333266804523513,-3.6865502844408315e-11,-36.86550284440832
3400,0.0001333365526106913,0.00013333658954328185,-3.693259056433629e-11,-36.93259056433629
3401,0.00013334047400190665,0.00013334051104132855,-3.7039421910406114e-11,-37.03942191040611
3402,0.0001333443953987207,0.00013334443253937528,-3.71406545719825e-11,-37.140654571982495
3403,0.00013334831679749791,0.00013334835403742198,-3.723992406868516e-11,-37.23992406868516
3404,0.00013335223818791201,0.00013335227553546867,-3.734755666726551e-11,-37.34755666726551
3405,0.00013335615956735055,0.0001333561970335154,-3.7466164861278364e-11,-37.466164861278365
3406,0.00013336008097652855,0.0001333601185315621,-3.7555033552330266e-11,-37.555033552330265
3407,0.0001333640024251456,0.0001333640400296088,-3.760446319673562e-11,-37.604463196735615
3408,0.00013336792383517114,0.00013336796152765552,-3.769248439405434e-11,-37.69248439405434
3409,0.00013337184525012228,0.00013337188302570222,-3.777557995248325e-11,-37.77557995248325
3410,0.00013337576667113722,0.00013337580452374895,-3.785261173079177e-11,-37.85261173079177
3411,0.0001333796880719963,0.00013337972602179565,-3.7949799342482826e-11,-37.94979934248283
3412,0.00013338360946751313,0.00013338364751984234,-3.8052329224853534e-11,-38.05232922485354
3413,0.00013338753089859733,0.00013338756901788907,-3.811929174653564e-11,-38.11929174653564
3414,0.00013339145233706192,0.00013339149051593577,-3.8178873860084145e-11,-38.178873860084146
3415,0.00013339537378632686,0.0001333954120139825,-3.822765563948133e-11,-38.22765563948133
3416,0.00013339929521774004,0.0001333993335120292,-3.829428916001419e-11,-38.294289160014195
3417,0.0001334032166348958,0.0001334032550100759,-3.8375180101745565e-11,-38.37518010174556
3418,0.0001334071380671527,0.00013340717650812262,-3.8440969923252854e-11,-38.44096992325285
3419,0.00013341105947929006,0.00013341109800616932,-3.85268792573699e-11,-38.526879257369906
3420,0.00013341498090512307,0.00013341501950421604,-3.859909297674917e-11,-38.59909297674917
3421,0.00013341890237908603,0.00013341894100226274,-3.8623176711972295e-11,-38.6231767119723
3422,0.00013342282383640349,0.00013342286250030944,-3.86639059592041e-11,-38.6639059592041
3423,0.00013342674527735672,0.00013342678399835616,-3.8720999449295995e-11,-38.720999449295995
3424,0.00013343066671033622,0.00013343070549640286,-3.878606665005532e-11,-38.786066650055325
3425,0.000133434588146727,0.00013343462699444956,-3.884772257130925e-11,-38.84772257130925
3426,0.00013343850957555774,0.0001334385484924963,-3.891693855299676e-11,-38.916938552996754
3427,0.00013344243102732353,0.00013344246999054299,-3.896321945745278e-11,-38.96321945745278
3428,0.0001334463525203975,0.0001334463914885897,-3.896819220492699e-11,-38.96819220492699
3429,0.00013345027398354353,0.0001334503129866364,-3.9003092889699733e-11,-39.00309288969974
3430,0.00013345419544657253,0.0001334542344846831,-3.903811058699194e-11,-39.03811058699194
3431,0.0001334581168999211,0.00013345815598272983,-3.908280874601151e-11,-39.082808746011516
3432,0.00013346203835115162,0.00013346207748077653,-3.912962492108009e-11,-39.12962492108009
3433,0.00013346595979220474,0.00013346599897882323,-3.9186618501941786e-11,-39.18661850194179
3434,0.00013346988128620197,0.00013346992047686996,-3.919066799705602e-11,-39.19066799705602
3435,0.00013347380277673588,0.00013347384197491665,-3.919818078627488e-11,-39.198180786274875
3436,0.00013347772424908186,0.00013347776347296338,-3.92238815277231e-11,-39.2238815277231
3437,0.0001334816457186511,0.00013348168497101008,-3.925235899225023e-11,-39.25235899225023
3438,0.0001334855671800346,0.00013348560646905678,-3.928902218317962e-11,-39.28902218317962
3439,0.0001334894886465923,0.0001334895279671035,-3.93205112089762e-11,-39.3205112089762
3440,0.00013349341008833044,0.0001334934494651502,-3.9376819763800266e-11,-39.37681976380026
3441,0.0001334973315969422,0.00013349737096319693,-3.936625472862543e-11,-39.36625472862543
3442,0.0001335012531083712,0.00013350129246124363,-3.935287242121044e-11,-39.352872421210435
3443,0.00013350517455374192,0.00013350521395929032,-3.94055484108657e-11,-39.4055484108657
3444,0.00013350909598410342,0.00013350913545733705,-3.947323363461093e-11,-39.47323363461093
3445,0.00013351301746336187,0.00013351305695538375,-3.949202188247815e-11,-39.49202188247815
3446,0.00013351693893547833,0.00013351697845343045,-3.9517952122421235e-11,-39.517952122421235
3447,0.00013352086040764306,0.00013352089995147717,-3.9543834115367646e-11,-39.543834115367645
3448,0.0001335247819344171,0.00013352482144952387,-3.951510676934482e-11,-39.51510676934482
3449,0.00013352870345037017,0.0001335287429475706,-3.9497200438629753e-11,-39.497200438629754
3450,0.00013353262494970262,0.0001335326644456173,-3.94959146832734e-11,-39.495914683273405
3451,0.00013353654644896045,0.000133536585943664,-3.9494703548131574e-11,-39.494703548131575
3452,0.00013354046793802592,0.00013354050744171072,-3.95036848078779e-11,-39.5036848078779
3453,0.00013354438941813593,0.00013354442893975742,-3.9521621496253795e-11,-39.52162149625379
3454,0.0001335483109187343,0.00013354835043780412,-3.951906982644085e-11,-39.51906982644085
3455,0.00013355223246293134,0.00013355227193585084,-3.9472919514136506e-11,-39.47291951413651
3456,0.00013355615398231188,0.00013355619343389754,-3.945158566798851e-11,-39.45158566798851
3457,0.00013356007549545295,0.00013356011493194427,-3.9436491324028e-11,-39.436491324028005
3458,0.00013356399700277413,0.00013356403642999097,-3.942721684180413e-11,-39.427216841804125
3459,0.00013356791850156915,0.00013356795792803766,-3.942646852546468e-11,-39.42646852546468
3460,0.00013357183998536186,0.0001335718794260844,-3.9440722531426345e-11,-39.440722531426346
3461,0.00013357576153085496,0.0001335758009241311,-3.939327613673996e-11,-39.393276136739956
3462,0.00013357968307764386,0.00013357972242217781,-3.9344533957827124e-11,-39.344533957827124
3463,0.00013358360460094513,0.0001335836439202245,-3.931927939267793e-11,-39.31927939267793
3464,0.00013358752612617353,0.0001335875654182712,-3.92920976852722e-11,-39.292097685272196
3465,0.00013359144764035048,0.00013359148691631794,-3.9275967467451045e-11,-39.275967467451046
3466,0.00013359536914615003,0.00013359540841436464,-3.9268214608766144e-11,-39.268214608766144
3467,0.0001335992906614497,0.00013359932991241136,-3.925096167249033e-11,-39.25096167249033
3468,0.0001336032122267177,0.00013360325141045806,-3.9183740378854706e-11,-39.18374037885471
3469,0.00013360713377290331,0.00013360717290850476,-3.9135601450030643e-11,-39.13560145003064
3470,0.00013361105530769257,0.00013361109440655148,-3.909885892260728e-11,-39.098858922607285
3471,0.0001336149768388158,0.00013361501590459818,-3.906578238088469e-11,-39.06578238088469
3472,0.0001336188983605757,0.00013361893740264488,-3.9042069198859067e-11,-39.04206919885907
3473,0.00013362281986809032,0.0001336228589006916,-3.903260129496762e-11,-39.03260129496762
3474,0.00013362674142945095,0.0001336267803987383,-3.896928735754142e-11,-38.96928735754142
3475,0.00013363066300017538,0.00013363070189678503,-3.889660965384244e-11,-38.89660965384244
3476,0.00013363458454582384,0.00013363462339483173,-3.884900789298473e-11,-38.84900789298473
3477,0.0001336385060930983,0.00013363854489287843,-3.87997801270239e-11,-38.799780127023894
3478,0.00013364242762893644,0.00013364246639092515,-3.876198871531382e-11,-38.76198871531382
3479,0.0001336463491559707,0.00013364638788897185,-3.8733001160769595e-11,-38.7330011607696
3480,0.00013365027069281048,0.00013365030938701855,-3.869420808177741e-11,-38.69420808177741
3481,0.00013365419228020107,0.00013365423088506528,-3.8604864212018364e-11,-38.60486421201836
3482,0.0001336581138465107,0.00013365815238311197,-3.8536601271145526e-11,-38.53660127114553
3483,0.00013366203540256328,0.0001336620738811587,-3.847859542492549e-11,-38.47859542492549
3484,0.00013366595695374068,0.0001336659953792054,-3.8425464720879085e-11,-38.425464720879084
3485,0.00013366987849544384,0.0001336699168772521,-3.838180826330684e-11,-38.38180826330684
3486,0.0001336738000220397,0.00013367383837529882,-3.835325913301611e-11,-38.35325913301611
3487,0.00013367772161246527,0.00013367775987334552,-3.8260880256115626e-11,-38.26088025611563
3488,0.00013368164320062812,0.00013368168137139225,-3.817076413625417e-11,-38.17076413625417
3489,0.00013368556476619115,0.00013368560286943895,-3.810324780410236e-11,-38.10324780410236
3490,0.0001336894863320128,0.00013368952436748564,-3.803547286262736e-11,-38.03547286262736
3491,0.00013369340788596575,0.00013369344586553237,-3.797956662812445e-11,-37.979566628124445
3492,0.00013369732943008445,0.00013369736736357907,-3.793349462232201e-11,-37.93349462232201
3493,0.0001337012509880795,0.0001337012888616258,-3.7873546292384694e-11,-37.873546292384695
3494,0.00013370517259668938,0.0001337052103596725,-3.776298312243717e-11,-37.76298312243717
3495,0.0001337090941735008,0.0001337091318577192,-3.768421840958626e-11,-37.68421840958626
3496,0.00013371301575801088,0.00013371305335576592,-3.759775504815907e-11,-37.59775504815907
3497,0.0001337169373257015,0.00013371697485381262,-3.7528111131874084e-11,-37.528111131874084
3498,0.0001337208588839901,0.00013372089635185931,-3.746786922709351e-11,-37.46786922709351
3499,0.00013372478044178625,0.00013372481784990604,-3.7408119794044736e-11,-37.40811979404474
3500,0.00013372870205657878,0.00013372873934795274,-3.7291373961208615e-11,-37.29137396120861
3501,0.00013373262365577526,0.00013373266084599946,-3.719022421399337e-11,-37.190224213993375
3502,0.00013373654524021587,0.00013373658234404616,-3.710383029571533e-11,-37.10383029571533
3503,0.00013374046682102926,0.00013374050384209286,-3.7021063602910395e-11,-37.021063602910395
3504,0.0001337443883914963,0.0001337444253401396,-3.694864328880716e-11,-36.94864328880716
3505,0.00013374830994612548,0.00013374834683818629,-3.6892060810304217e-11,-36.892060810304216
3506,0.0001337522315620522,0.00013375226833623298,-3.677418079357546e-11,-36.77418079357546
3507,0.00013375615317923098,0.0001337561898342797,-3.6655048740177914e-11,-36.65504874017791
3508,0.00013376007477131457,0.0001337601113323264,-3.6561011847105154e-11,-36.561011847105156
3509,0.00013376399636625164,0.00013376403283037313,-3.646412149654474e-11,-36.464121496544735
3510,0.00013376791794736273,0.00013376795432841983,-3.638105710892829e-11,-36.38105710892829
3511,0.000133771839517245,0.00013377187582646653,-3.6309221532161734e-11,-36.309221532161736
3512,0.00013377576111719652,0.00013377579732451326,-3.620731674655357e-11,-36.20731674655357
3513,0.00013377968275122437,0.00013377971882255995,-3.607133559508441e-11,-36.071335595084406
3514,0.00013378360436080956,0.00013378364032060668,-3.5959797131072626e-11,-35.95979713107263
3515,0.00013378752595904987,0.00013378756181865338,-3.5859603514648244e-11,-35.85960351464824
3516,0.0001337914475514608,0.00013379148331670008,-3.5765239273834556e-11,-35.76523927383456
3517,0.00013379536913915013,0.0001337954048147468,-3.5675596679271934e-11,-35.67559667927193
3518,0.00013379929072416513,0.0001337993263127935,-3.5588628377787964e-11,-35.58862837778796
3519,0.00013380321236676734,0.00013380324781084023,-3.544407289475286e-11,-35.444072894752864
3520,0.0001338071339855506,0.00013380716930888693,-3.5323336330560256e-11,-35.32333633056026
3521,0.00013381105559814727,0.00013381109080693362,-3.5208786359489125e-11,-35.208786359489125
3522,0.0001338149772026702,0.00013381501230498035,-3.5102310143840895e-11,-35.102310143840896
3523,0.00013381889878544175,0.00013381893380302705,-3.5017585300597287e-11,-35.01758530059729
3524,0.00013382282038468252,0.00013382285530107375,-3.4916391236618244e-11,-34.916391236618246
3525,0.00013382674202515947,0.00013382677679912047,-3.477396100668165e-11,-34.773961006681645
3526,0.00013383066365696333,0.00013383069829716717,-3.464020385202385e-11,-34.640203852023845
3527,0.0001338345852792368,0.0001338346197952139,-3.451597710551274e-11,-34.51597710551274
3528,0.00013383850689207904,0.0001338385412932606,-3.440118156264954e-11,-34.40118156264954
3529,0.00013384242848885232,0.0001338424627913073,-3.430245498018475e-11,-34.30245498018475
3530,0.0001338463500830574,0.00013384638428935402,-3.4206296628721086e-11,-34.206296628721084
3531,0.00013385027173164375,0.00013385030578740072,-3.405575697311011e-11,-34.055756973110114
3532,0.00013385419337843768,0.00013385422728544742,-3.3907009747635747e-11,-33.90700974763575
3533,0.00013385811500167246,0.00013385814878349414,-3.3781821693268404e-11,-33.781821693268405
3534,0.00013386203662442447,0.00013386207028154084,-3.365711637991836e-11,-33.657116379918364
3535,0.00013386595823482232,0.00013386599177958757,-3.354476525216819e-11,-33.54476525216819
3536,0.00013386987983125072,0.00013386991327763427,-3.344638355441447e-11,-33.44638355441447
3537,0.0001338738014772083,0.00013387383477568096,-3.329847268249596e-11,-33.298472682495955
3538,0.0001338777231362337,0.0001338777562737277,-3.313749400310764e-11,-33.13749400310764
3539,0.00013388164476759072,0.0001338816777717744,-3.300418367527018e-11,-33.00418367527018
3540,0.0001338855663996816,0.00013388559926982111,-3.2870139532297324e-11,-32.87013953229732
3541,0.00013388948801840796,0.0001338895207678678,-3.274945986161372e-11,-32.74945986161372
3542,0.00013389340962538025,0.0001338934422659145,-3.264053427062752e-11,-32.64053427062752
3543,0.00013389733126691823,0.00013389736376396124,-3.2497043013339874e-11,-32.497043013339876
3544,0.00013390125293698412,0.00013390128526200793,-3.2325023821913975e-11,-32.32502382191397
3545,0.00013390517457639086,0.00013390520676005463,-3.2183663780836785e-11,-32.18366378083679
3546,0.00013390909621728862,0.00013390912825810136,-3.204081274493199e-11,-32.04081274493199
3547,0.00013391301784470533,0.00013391304975614806,-3.1911442733049994e-11,-31.911442733049995
3548,0.00013391693946054748,0.00013391697125419478,-3.1793647311195744e-11,-31.793647311195745
3549,0.0001339208611009413,0.00013392089275224148,-3.165130018535567e-11,-31.65130018535567
3550,0.00013392478278075206,0.00013392481425028818,-3.146953613059336e-11,-31.46953613059336
3551,0.00013392870443005886,0.0001339287357483349,-3.1318276049743826e-11,-31.318276049743826
3552,0.00013393262607718645,0.0001339326572463816,-3.116919516105088e-11,-31.169195161050876
3553,0.0001339365477127065,0.00013393657874442833,-3.1031721849236776e-11,-31.031721849236774
3554,0.00013394046933668785,0.00013394050024247503,-3.0905787186148406e-11,-30.905787186148405
3555,0.0001339443909800946,0.00013394442174052173,-3.0760427143786156e-11,-30.760427143786156
3556,0.0001339483126662452,0.00013394834323856845,-3.057232327103035e-11,-30.57232327103035
3557,0.00013395223432448715,0.00013395226473661515,-3.041212800902682e-11,-30.412128009026816
3558,0.00013395615597794837,0.00013395618623466185,-3.025671348229275e-11,-30.256713482292753
3559,0.00013396007762092927,0.00013396010773270858,-3.0111779314543854e-11,-30.111779314543853
3560,0.00013396399925236994,0.00013396402923075527,-2.9978385340508784e-11,-29.978385340508783
3561,0.00013396792089989917,0.000133967950728802,-2.982890283622609e-11,-29.828902836226092
3562,0.00013397184259223528,0.0001339718722268487,-2.963461342744593e-11,-29.63461342744593
3563,0.00013397576425850229,0.0001339757937248954,-2.9466393117802095e-11,-29.466393117802095
3564,0.00013397968591822803,0.00013397971522294212,-2.930471409802046e-11,-29.30471409802046
3565,0.00013398360756820515,0.00013398363672098882,-2.915278368207273e-11,-29.152783682072734
3566,0.00013398752920652606,0.00013398755821903555,-2.901250949657634e-11,-29.012509496576342
3567,0.0001339914508591954,0.00013399147971708225,-2.8857886844004005e-11,-28.857886844004003
3568,0.0001339953725488903,0.00013399540121512894,-2.8666238660136234e-11,-28.666238660136234
3569,0.00013399929422079127,0.00013399932271317567,-2.8492384402323295e-11,-28.492384402323296
3570,0.00013400321942561998,0.00013400324421122237,-2.4785602396416195e-11,-24.785602396416195
3571,0.0001340071473272509,0.00013400716570926907,-1.8382018163448324e-11,-18.382018163448326
3572,0.00013401106994151071,0.0001340110872073158,-1.726580508445051e-11,-17.265805084450513
3573,0.00013401499136826283,0.0001340150087053625,-1.7337099671438052e-11,-17.337099671438054
3574,0.00013401891222841996,0.00013401893020340922,-1.7974989260678378e-11,-17.974989260678377
3575,0.00013402283330616571,0.00013402285170145592,-1.839529020750237e-11,-18.39529020750237
3576,0.0001340267543727139,0.00013402677319950261,-1.882678871304863e-11,-18.826788713048632
3577,0.00013403067546647655,0.00013403069469754934,-1.9231072795388604e-11,-19.231072795388602
3578,0.00013403459657055765,0.00013403461619559604,-1.962503839012776e-11,-19.62503839012776
3579,0.00013403851768335913,0.00013403853769364274,-2.0010283611268345e-11,-20.010283611268346
3580,0.0001340424387950781,0.00013404245919168946,-2.0396611381173102e-11,-20.396611381173102
3581,0.00013404635991566958,0.00013404638068973616,-2.0774066582599323e-11,-20.774066582599325
3582,0.00013405028108510878,0.00013405030218778289,-2.110267411224133e-11,-21.102674112241328
3583,0.00013405420225436797,0.00013405422368582958,-2.1431461619443967e-11,-21.43146161944397
3584,0.00013405812342829801,0.00013405814518387628,-2.175557827526732e-11,-21.75557827526732
3585,0.00013406204459564752,0.000134062066681923,-2.2086275496176574e-11,-22.086275496176576
3586,0.00013406596576793519,0.0001340659881799697,-2.2412034528555863e-11,-22.412034528555864
3587,0.00013406988693686047,0.00013406990967801643,-2.2741155970027626e-11,-22.741155970027627
3588,0.00013407380811371778,0.00013407383117606313,-2.3062345361300432e-11,-23.06234536130043
3589,0.00013407772928515199,0.00013407775267410983,-2.3388957850524847e-11,-23.388957850524847
3590,0.00013408165046687246,0.00013408167417215656,-2.3705284107163077e-11,-23.705284107163077
3591,0.00013408557168453772,0.00013408559567020325,-2.3985665538126352e-11,-23.98566553812635
3592,0.0001340894929172111,0.00013408951716824998,-2.4251038873411942e-11,-24.251038873411943
3593,0.00013409341413539073,0.00013409343866629668,-2.453090595886459e-11,-24.53090595886459
3594,0.00013409733534763387,0.00013409736016434338,-2.481670951199752e-11,-24.81670951199752
3595,0.00013410125656279753,0.0001341012816623901,-2.509959257684348e-11,-25.09959257684348
3596,0.00013410517776884533,0.0001341052031604368,-2.5391591478030426e-11,-25.391591478030424
3597,0.00013410909898449962,0.0001341091246584835,-2.5673983887183227e-11,-25.673983887183226
3598,0.00013411302018441357,0.00013411304615653023,-2.597211666216101e-11,-25.97211666216101
3599,0.00013411694144496567,0.00013411696765457692,-2.6209611256464177e-11,-26.209611256464175
3600,0.00013412086270544235,0.00013412088915262365,-2.644718131123855e-11,-26.44718131123855
3601,0.00013412478395369014,0.00013412481065067035,-2.6696980217841656e-11,-26.696980217841656
3602,0.00013412870520536,0.00013412873214871705,-2.6943357057127748e-11,-26.94335705712775
3603,0.00013413262644853275,0.00013413265364676377,-2.7198231032785097e-11,-27.198231032785095
3604,0.00013413654769093796,0.00013413657514481047,-2.745387251516035e-11,-27.45387251516035
3605,0.0001341404689226418,0.00013414049664285717,-2.772021537113363e-11,-27.72021537113363
3606,0.00013414439016550553,0.0001341444181409039,-2.7975398371515192e-11,-27.97539837151519
3607,0.00013414831145380367,0.0001341483396389506,-2.8185146931181848e-11,-28.185146931181848
3608,0.0001341522327429947,0.00013415226113699732,-2.8394002623254408e-11,-28.39400262325441
3609,0.00013415615402537998,0.00013415618263504402,-2.860966404209904e-11,-28.609664042099038
3610,0.00013416007530022548,0.00013416010413309072,-2.8832865246796624e-11,-28.832865246796622
3611,0.00013416399657426937,0.00013416402563113744,-2.905686808347549e-11,-29.05686808347549
3612,0.00013416791783931763,0.00013416794712918414,-2.9289866518474414e-11,-29.289866518474415
3613,0.00013417183909537574,0.00013417186862723087,-2.953185513078253e-11,-29.53185513078253
3614,0.00013417576037894684,0.00013417579012527757,-2.974633073060606e-11,-29.74633073060606
3615,0.00013417968169190573,0.00013417971162332426,-2.9931418542653395e-11,-29.931418542653397
3616,0.0001341836030058725,0.000134183633121371,-3.011549850746624e-11,-30.11549850746624
3617,0.00013418752430985283,0.0001341875546194177,-3.030956486875447e-11,-30.309564868754467
3618,0.000134191445607961,0.0001341914761174644,-3.0509503431639204e-11,-30.509503431639203
3619,0.0001341953669032216,0.0001341953976155111,-3.07122895160047e-11,-30.712289516004702
3620,0.00013419928819875096,0.0001341993191135578,-3.091480685375669e-11,-30.914806853756694
3621,0.00013420320947032138,0.00013420324061160454,-3.114128316216681e-11,-31.141283162166815
3622,0.00013420713079891154,0.00013420716210965123,-3.131073970623277e-11,-31.31073970623277
3623,0.0001342110521409063,0.00013421108360769793,-3.146679163542404e-11,-31.46679163542404
3624,0.0001342149734698052,0.00013421500510574466,-3.163593945292138e-11,-31.63593945292138
3625,0.00013421889479248468,0.00013421892660379136,-3.181130668776097e-11,-31.811306687760972
3626,0.0001342228161085653,0.00013422284810183808,-3.199327278359812e-11,-31.99327278359812
3627,0.0001342267374309108,0.00013422676959988478,-3.216897397981189e-11,-32.16897397981189
3628,0.0001342306587370633,0.00013423069109793148,-3.236086819625765e-11,-32.36086819625765
3629,0.000134234580043392,0.0001342346125959782,-3.255258620274533e-11,-32.55258620274533
3630,0.00013423850140582044,0.0001342385340940249,-3.268820447174736e-11,-32.68820447174736
3631,0.0001342424227703607,0.0001342424555920716,-3.282171090465277e-11,-32.821710904652775
3632,0.0001342463441185736,0.00013424637709011833,-3.297154474464946e-11,-32.97154474464946
3633,0.0001342502654606751,0.00013425029858816503,-3.312748993413685e-11,-33.12748993413685
3634,0.00013425418680223527,0.00013425422008621175,-3.328397649287401e-11,-33.28397649287401
3635,0.00013425810813665184,0.00013425814158425845,-3.3447606615780195e-11,-33.447606615780195
3636,0.0001342620294647771,0.00013426206308230515,-3.3617528065737714e-11,-33.617528065737716
3637,0.00013426595082361456,0.00013426598458035188,-3.3756737320755237e-11,-33.756737320755235
3638,0.00013426987220331867,0.00013426990607839857,-3.3875079912340886e-11,-33.87507991234089
3639,0.00013427379357319427,0.0001342738275764453,-3.4003251040565604e-11,-34.0032510405656
3640,0.00013427771493304931,0.000134277749074492,-3.4141442690529086e-11,-34.14144269052909
3641,0.00013428163629856707,0.0001342816705725387,-3.427397163386084e-11,-34.27397163386084
3642,0.00013428555765437447,0.00013428559207058542,-3.4416210962899915e-11,-34.41621096289992
3643,0.0001342894789933947,0.00013428951356863212,-3.457523742785645e-11,-34.57523742785645
3644,0.00013429340035170346,0.00013429343506667885,-3.471497539406339e-11,-34.71497539406339
3645,0.0001342973217568391,0.00013429735656472555,-3.480788645160024e-11,-34.80788645160024
3646,0.00013430124316180203,0.00013430127806277224,-3.490097022254317e-11,-34.900970222543165
3647,0.0001343051645359779,0.00013430519956081897,-3.502484107969116e-11,-35.02484107969116
3648,0.00013430908591611983,0.00013430912105886567,-3.51427458433345e-11,-35.1427458433345
3649,0.00013431300729660307,0.00013431304255691237,-3.526030930013395e-11,-35.26030930013395
3650,0.00013431692866083637,0.0001343169640549591,-3.53941227248845e-11,-35.3941227248845
3651,0.00013432085002608256,0.0001343208855530058,-3.5526923233755406e-11,-35.526923233755404
3652,0.00013432477143612688,0.00013432480705105252,-3.561492564727149e-11,-35.61492564727149
3653,0.00013432869285284014,0.00013432872854909921,-3.569625907901451e-11,-35.69625907901451
3654,0.00013433261425661676,0.0001343326500471459,-3.579052915686952e-11,-35.79052915686952
3655,0.00013433653565876578,0.00013433657154519264,-3.5886426866130916e-11,-35.88642686613092
3656,0.00013434045705058425,0.00013434049304323934,-3.5992655097637244e-11,-35.99265509763725
3657,0.00013434437843502613,0.00013434441454128604,-3.610625991546451e-11,-36.10625991546451
3658,0.00013434829982639075,0.00013434833603933276,-3.6212942021105296e-11,-36.2129420211053
3659,0.00013435222124112822,0.00013435225753737946,-3.6296251248677344e-11,-36.29625124867734
3660,0.00013435614268058344,0.00013435617903542619,-3.6354842753805905e-11,-36.354842753805904
3661,0.00013436006410661719,0.00013436010053347288,-3.642685570604788e-11,-36.42685570604788
3662,0.00013436398551437922,0.00013436402203151958,-3.651714036513705e-11,-36.517140365137045
3663,0.00013436790693660558,0.0001343679435295663,-3.6592960737253196e-11,-36.59296073725319
3664,0.00013437182833620135,0.000134371865027613,-3.6691411661315634e-11,-36.691411661315634
3665,0.00013437574972815177,0.00013437578652565973,-3.6797507972522625e-11,-36.797507972522624
3666,0.00013437967117189135,0.00013437970802370643,-3.685181509013628e-11,-36.851815090136284
3667,0.00013438359262483946,0.00013438362952175313,-3.689691367212321e-11,-36.896913672123205
3668,0.00013438751406067204,0.00013438755101979986,-3.6959127821970694e-11,-36.9591278219707
3669,0.00013439143548414618,0.00013439147251784655,-3.703370038580653e-11,-37.033700385806526
3670,0.00013439535690575486,0.00013439539401589325,-3.7110138400795286e-11,-37.110138400795286
3671,0.0001343992783342722,0.00013439931551393998,-3.7179667798225804e-11,-37.17966779822581
3672,0.00013440319973524408,0.00013440323701198668,-3.7276742598680815e-11,-37.27674259868081
3673,0.00013440712119461236,0.0001344071585100334,-3.731542105039831e-11,-37.315421050398314
3674,0.00013441104266682835,0.0001344110800080801,-3.7341251760581964e-11,-37.34125176058196
3675,0.00013441496411352916,0.0001344150015061268,-3.739259765101202e-11,-37.39259765101202
3676,0.0001344188855699213,0.00013441892300417353,-3.743425223769299e-11,-37.43425223769299
3677,0.0001344228070136754,0.00013442284450222022,-3.748854482699754e-11,-37.48854482699754
3678,0.0001344267284468316,0.00013442676600026692,-3.7553435329907805e-11,-37.553435329907806
3679,0.00013443064987020764,0.00013443068749831365,-3.762810601404025e-11,-37.62810601404025
3680,0.00013443457134998515,0.00013443460899636035,-3.764637520011739e-11,-37.64637520011739
3681,0.0001344384928359278,0.00013443853049440707,-3.765847928738113e-11,-37.65847928738113
3682,0.00013444241430435205,0.00013444245199245377,-3.7688101723612505e-11,-37.688101723612505
3683,0.0001344463357687164,0.00013444637349050047,-3.772178406329897e-11,-37.72178406329897
3684,0.00013445025722688025,0.0001344502949885472,-3.776166695520988e-11,-37.76166695520988
3685,0.0001344541786710574,0.0001344542164865939,-3.7815536488826726e-11,-37.81553648882672
3686,0.00013445810010758857,0.00013445813798464062,-3.7877052060109425e-11,-37.87705206010943
3687,0.00013446202160311146,0.00013446205948268732,-3.787957586592654e-11,-37.87957586592654
3688,0.00013446594309765372,0.00013446598098073402,-3.788308030550361e-11,-37.883080305503604
3689,0.00013446986457031726,0.00013446990247878074,-3.790846348413551e-11,-37.90846348413551
3690,0.00013447378604582955,0.00013447382397682744,-3.793099789445416e-11,-37.93099789445416
3691,0.00013447770751128858,0.00013447774547487417,-3.796358559652223e-11,-37.96358559652223
3692,0.00013448162896943457,0.00013448166697292086,-3.800348629645382e-11,-38.00348629645382
3693,0.00013448555042871172,0.00013448558847096756,-3.804225584825886e-11,-38.04225584825886
3694,0.00013448947193196202,0.0001344895099690143,-3.803705227414213e-11,-38.03705227414213
3695,0.00013449339343106034,0.000134493431467061,-3.8036000652244925e-11,-38.03600065224492
3696,0.00013449731492333608,0.00013449735296510769,-3.8041771616463576e-11,-38.04177161646358
3697,0.00013450123643366722,0.0001345012744631544,-3.80294871992735e-11,-38.029487199273504
3698,0.00013450515785813337,0.0001345051959612011,-3.8103067745226565e-11,-38.10306774522657
3699,0.00013450907926824515,0.00013450911745924784,-3.819100269426247e-11,-38.191002694262465
3700,0.00013451300074969718,0.00013451303895729453,-3.820759735718926e-11,-38.20759735718926
3701,0.00013451692227860253,0.00013451696045534123,-3.8176738713640815e-11,-38.176738713640816
3702,0.00013452084378748664,0.00013452088195338796,-3.816590132688025e-11,-38.165901326880245
3703,0.00013452476528600543,0.00013452480345143466,-3.816542923814929e-11,-38.165429238149294
3704,0.00013452868678139228,0.00013452872494948136,-3.8168089084233997e-11,-38.168089084234
3705,0.00013453260826792537,0.00013453264644752808,-3.81796027149946e-11,-38.1796027149946
3706,0.00013453652974191007,0.00013453656794557478,-3.8203664711964166e-11,-38.203664711964166
3707,0.00013454045125913837,0.0001345404894436215,-3.8184483142653824e-11,-38.184483142653825
3708,0.00013454437279688118,0.0001345444109416682,-3.814478703167218e-11,-38.14478703167218
3709,0.0001345482943089123,0.0001345483324397149,-3.81308026125807e-11,-38.1308026125807
3710,0.0001345522158214459,0.00013455225393776163,-3.811631574709744e-11,-38.11631574709744
3711,0.00013455613732457308,0.00013455617543580833,-3.811123525703233e-11,-38.111235257032334
3712,0.0001345600588196135,0.00013456009693385505,-3.8114241559921255e-11,-38.114241559921254
3713,0.00013456398031053151,0.00013456401843190175,-3.8121370243415456e-11,-38.121370243415456
3714,0.00013456790185860574,0.00013456793992994845,-3.8071342715722087e-11,-38.07134271572209
3715,0.00013457182339773302,0.00013457186142799518,-3.803026215988134e-11,-38.03026215988134
3716,0.00013457574491867078,0.00013457578292604187,-3.8007371101258055e-11,-38.00737110125806
3717,0.00013457966644290996,0.0001345797044240886,-3.798117864701955e-11,-37.981178647019554
3718,0.00013458358795293154,0.0001345836259221353,-3.796920376954972e-11,-37.96920376954972
3719,0.00013458750945332247,0.000134587547420182,-3.796685953471743e-11,-37.96685953471743
3720,0.00013459143098665973,0.00013459146891822872,-3.7931568997948514e-11,-37.93156899794852
3721,0.00013459535254498726,0.00013459539041627542,-3.787128817030995e-11,-37.87128817030995
3722,0.00013459927408327347,0.00013459931191432212,-3.7831048657199453e-11,-37.83104865719945
3723,0.00013460319561661304,0.00013460323341236885,-3.779575581650092e-11,-37.79575581650092
3724,0.00013460711714290735,0.00013460715491041554,-3.7767508202834365e-11,-37.767508202834364
3725,0.0001346110386604631,0.00013461107640846227,-3.774799917736288e-11,-37.74799917736288
3726,0.00013461496016837165,0.00013461499790650897,-3.773813732861206e-11,-37.73813732861206
3727,0.00013461888173672867,0.00013461891940455567,-3.7667827007461754e-11,-37.66782700746175
3728,0.00013462280329939815,0.0001346228409026024,-3.760320424827798e-11,-37.60320424827798
3729,0.00013462672484164715,0.0001346267624006491,-3.7559001949122e-11,-37.559001949122
3730,0.00013463064638392978,0.0001346306838986958,-3.751476601259361e-11,-37.51476601259361
3731,0.00013463456791492688,0.00013463460539674251,-3.7481815644898844e-11,-37.481815644898845
3732,0.0001346384894362155,0.0001346385268947892,-3.745857371134749e-11,-37.45857371134749
3733,0.00013464241097973947,0.00013464244839283594,-3.7413096471751825e-11,-37.41309647175183
3734,0.0001346463325656815,0.00013464636989088264,-3.7325201150305326e-11,-37.325201150305325
3735,0.00013465025412402935,0.00013465029138892934,-3.726489999387603e-11,-37.26489999387603
3736,0.00013465417567789712,0.00013465421288697606,-3.720907895055882e-11,-37.20907895055882
3737,0.00013465809722377434,0.00013465813438502276,-3.716124842304272e-11,-37.16124842304272
3738,0.00013466201876060707,0.00013466205588306949,-3.712246241846971e-11,-37.12246241846971
3739,0.0001346659402918286,0.00013466597738111618,-3.7089287593820186e-11,-37.08928759382019
3740,0.0001346698618819498,0.00013466989887916288,-3.699721307957457e-11,-36.99721307957457
3741,0.00013467378346191004,0.0001346738203772096,-3.6915299572564217e-11,-36.915299572564216
3742,0.00013467770502386585,0.0001346777418752563,-3.685139046235543e-11,-36.85139046235543
3743,0.00013468162658420772,0.00013468166337330303,-3.678909532260566e-11,-36.78909532260566
3744,0.00013468554813381132,0.00013468558487134973,-3.673753841932778e-11,-36.737538419327784
3745,0.0001346894696707062,0.00013468950636939643,-3.669869023576018e-11,-36.69869023576018
3746,0.0001346933912390978,0.00013469342786744316,-3.662834535566563e-11,-36.62834535566563
3747,0.00013469731283978096,0.00013469734936548985,-3.6525708896221365e-11,-36.52570889622137
3748,0.0001347012344121462,0.00013470127086353655,-3.6451390360954544e-11,-36.45139036095454
3749,0.00013470515598639206,0.00013470519236158328,-3.637519122280944e-11,-36.37519122280944
3750,0.0001347090775484847,0.00013470911385962998,-3.6311145286286483e-11,-36.31114528628648
3751,0.00013471299910118294,0.0001347130353576767,-3.6256493771852735e-11,-36.25649377185273
3752,0.00013471692067276302,0.0001347169568557234,-3.6182960388694174e-11,-36.18296038869418
3753,0.0001347208422646758,0.0001347208783537701,-3.608909431167369e-11,-36.08909431167369
3754,0.0001347247638550988,0.00013472479985181683,-3.5996718036858416e-11,-35.99671803685842
3755,0.00013472868543574313,0.00013472872134986352,-3.5914120398277224e-11,-35.91412039827723
3756,0.0001347326070109342,0.00013473264284791022,-3.583697602557309e-11,-35.836976025573094
3757,0.00013473652857625207,0.00013473656434595695,-3.576970488574259e-11,-35.76970488574259
3758,0.0001347404501296492,0.00013474048584400365,-3.571435444037835e-11,-35.71435444037835
3759,0.00013474437174580765,0.00013474440734205037,-3.559624272964533e-11,-35.59624272964533
3760,0.00013474829335535205,0.00013474832884009707,-3.5484745031635234e-11,-35.484745031635235
3761,0.00013475221494431872,0.00013475225033814377,-3.5393825057178044e-11,-35.39382505717804
3762,0.00013475613653090427,0.0001347561718361905,-3.530528623463712e-11,-35.30528623463712
3763,0.00013476005810698634,0.0001347600933342372,-3.522725086458764e-11,-35.22725086458764
3764,0.00013476397967009972,0.00013476401483228392,-3.51621842059294e-11,-35.1621842059294
3765,0.00013476790127434052,0.00013476793633033062,-3.505599009968645e-11,-35.05599009968645
3766,0.00013477182290159116,0.00013477185782837732,-3.492678616047222e-11,-34.92678616047222
3767,0.00013477574450176182,0.00013477577932642404,-3.4824662230499945e-11,-34.824662230499946
3768,0.0001347796660997998,0.00013477970082447074,-3.4724670953306e-11,-34.724670953306
3769,0.000134783587680523,0.00013478362232251744,-3.464199443901676e-11,-34.64199443901676
3770,0.00013478750924968125,0.00013478754382056416,-3.4570882919566045e-11,-34.570882919566046
3771,0.0001347914308530817,0.00013479146531861086,-3.446552917842699e-11,-34.46552917842699
3772,0.00013479535248415428,0.0001347953868166576,-3.433250331813453e-11,-34.332503318134535
3773,0.00013479927409817185,0.0001347993083147043,-3.421653244590625e-11,-34.21653244590625
3774,0.0001348031957004242,0.00013480322981275099,-3.4112326793552694e-11,-34.1123267935527
3775,0.000134807117301863,0.0001348071513107977,-3.400893472650937e-11,-34.00893472650937
3776,0.00013481103888291507,0.0001348110728088444,-3.392592934659616e-11,-33.92592934659616
3777,0.0001348149604700013,0.00013481499430689114,-3.3836889839491985e-11,-33.83688983949198
3778,0.0001348188821209392,0.00013481891580493783,-3.368399863068405e-11,-33.68399863068405
3779,0.00013482280374193484,0.00013482283730298453,-3.356104969774838e-11,-33.56104969774838
3780,0.00013482672535163986,0.00013482675880103126,-3.3449391402291486e-11,-33.44939140229149
3781,0.00013483064696015177,0.00013483068029907796,-3.333892619001025e-11,-33.33892619001025
3782,0.00013483456855603723,0.00013483460179712466,-3.324108743359945e-11,-33.24108743359945
3783,0.00013483849014100732,0.00013483852329517138,-3.315416407229553e-11,-33.15416407229553
3784,0.00013484241178478176,0.00013484244479321808,-3.300843632276648e-11,-33.008436322766485
3785,0.00013484633342522188,0.0001348463662912648,-3.2866042928598696e-11,-32.866042928598695
3786,0.00013485025504301345,0.0001348502877893115,-3.274629805702821e-11,-32.746298057028206
3787,0.00013485417666002264,0.0001348542092873582,-3.262733557285044e-11,-32.62733557285044
3788,0.00013485809826507204,0.00013485813078540493,-3.2520332895732307e-11,-32.52033289573231
3789,0.0001348620198557098,0.00013486205228345163,-3.2427741840466664e-11,-32.427741840466666
3790,0.0001348659414972004,0.00013486597378149835,-3.2284297962813957e-11,-32.28429796281396
3791,0.00013486986315030882,0.00013486989527954505,-3.212923623546682e-11,-32.12923623546682
3792,0.00013487378477589277,0.00013487381677759175,-3.200169898604224e-11,-32.00169898604224
3793,0.00013487770640231004,0.00013487773827563848,-3.187332844593295e-11,-31.87332844593295
3794,0.00013488162801544618,0.00013488165977368517,-3.175823900296584e-11,-31.758239002965844
3795,0.00013488554961679872,0.00013488558127173187,-3.165493315710029e-11,-31.654933157100288
3796,0.00013488947125191595,0.0001348895027697786,-3.151786265349832e-11,-31.51786265349832
3797,0.00013489339291685465,0.0001348934242678253,-3.1350970654146104e-11,-31.350970654146103
3798,0.00013489731455082425,0.00013489734576587202,-3.121504777854371e-11,-31.21504777854371
3799,0.00013490123618567653,0.00013490126726391872,-3.107824219974259e-11,-31.07824219974259
3800,0.00013490515780746284,0.00013490518876196542,-3.095450258526758e-11,-30.95450258526758
3801,0.00013490907941781033,0.00013490911026001214,-3.084220181870832e-11,-30.842201818708322
3802,0.0001349130010507706,0.00013491303175805884,-3.070728825401335e-11,-30.707288254013353
3803,0.0001349169227242116,0.00013491695325610554,-3.0531893941224505e-11,-30.531893941224507
3804,0.00013492084436855014,0.00013492087475415227,-3.038560213551522e-11,-30.38560213551522
3805,0.0001349247660091796,0.00013492479625219897,-3.024301938543801e-11,-30.24301938543801
3806,0.00013492868763915412,0.0001349287177502457,-3.011109157800079e-11,-30.111091578000792
3807,0.00013493260925821155,0.0001349326392482924,-2.999008084618382e-11,-29.99008084618382
3808,0.00013493653089198472,0.0001349365607463391,-2.985435437380497e-11,-29.854354373804973
3809,0.0001349404525711758,0.00013494048224438581,-2.9673210021899404e-11,-29.673210021899404
3810,0.00013494437422488704,0.0001349444037424325,-2.9517545478144363e-11,-29.517545478144363
3811,0.00013494829587157732,0.00013494832524047924,-2.936890192950274e-11,-29.36890192950274
3812,0.00013495221750915956,0.00013495224673852594,-2.922936638384141e-11,-29.22936638384141
3813,0.00013495613913533939,0.00013495616823657264,-2.9101233256902836e-11,-29.101233256902837
3814,0.00013496006078626276,0.00013496008973461936,-2.894835660350907e-11,-28.94835660350907
3815,0.00013496398245780054,0.00013496401123266606,-2.877486552631886e-11,-28.77486552631886
3816,0.00013496790411709954,0.00013496793273071279,-2.8613613248512318e-11,-28.61361324851232
3817,0.0001349718257709046,0.00013497185422875948,-2.8457854894164303e-11,-28.457854894164303
3818,0.00013497574741875006,0.00013497577572680618,-2.8308056128107897e-11,-28.308056128107896
3819,0.00013497966905183753,0.0001349796972248529,-2.8173015386498093e-11,-28.173015386498093
3820,0.00013498359069167735,0.0001349836187228996,-2.8031222260863103e-11,-28.031222260863103
3821,0.0001349875123845062,0.0001349875402209463,-2.78364401093006e-11,-27.8364401093006
3822,0.00013499143405037588,0.00013499146171899303,-2.766861715975298e-11,-27.66861715975298
3823,0.00013499535571084268,0.00013499538321703973,-2.75061970606814e-11,-27.5061970606814
3824,0.00013499927735901565,0.00013499930471508646,-2.7356070811358796e-11,-27.356070811358794
3825,0.00013500320255760908,0.00013500322621313315,-2.3655524079250714e-11,-23.655524079250714
3826,0.00013500713040558922,0.00013500714771117985,-1.7305590642111387e-11,-17.305590642111387
3827,0.00013501105312329289,0.00013501106920922658,-1.608593369831146e-11,-16.08593369831146
3828,0.00013501497455391224,0.00013501499070727328,-1.6153361044569964e-11,-16.153361044569962
3829,0.0001350188954254661,0.00013501891220531998,-1.6779853880043882e-11,-16.77985388004388
3830,0.00013502281650884244,0.0001350228337033667,-1.719452426683056e-11,-17.19452426683056
3831,0.00013502673758574382,0.0001350267552014134,-1.7615669590306484e-11,-17.615669590306485
3832,0.000135030658680434,0.00013503067669946013,-1.8019026137687896e-11,-18.019026137687895
3833,0.00013503457977471914,0.00013503459819750682,-1.842278768879084e-11,-18.42278768879084
3834,0.00013503850092263186,0.00013503851969555352,-1.8772921673096784e-11,-18.772921673096786
3835,0.00013504242209666972,0.00013504244119360025,-1.9096930532119138e-11,-19.09693053211914
3836,0.00013504634326827938,0.00013504636269164695,-1.942336757032699e-11,-19.42336757032699
3837,0.00013505026443479153,0.00013505028418969367,-1.975490214767911e-11,-19.75490214767911
3838,0.0001350541856055451,0.00013505420568774037,-2.0082195271922356e-11,-20.082195271922355
3839,0.00013505810676992208,0.00013505812718578707,-2.0415864995717805e-11,-20.415864995717804
3840,0.00013506202793694326,0.0001350620486838338,-2.0746890540149942e-11,-20.74689054014994
3841,0.0001350659491095637,0.0001350659701818805,-2.107231680377744e-11,-21.07231680377744
3842,0.00013506987028804964,0.00013506989167992722,-2.13918775878619e-11,-21.391877587861902
3843,0.0001350737915069448,0.00013507381317797392,-2.1671029126985763e-11,-21.671029126985765
3844,0.0001350777127397184,0.00013507773467602062,-2.1936302227780507e-11,-21.93630222778051
3845,0.00013508163395599526,0.00013508165617406734,-2.2218072088045867e-11,-22.21807208804587
3846,0.00013508555516612665,0.00013508557767211404,-2.2505987395960255e-11,-22.505987395960254
3847,0.0001350894763841494,0.00013508949917016074,-2.2786011338362208e-11,-22.786011338362208
3848,0.00013509339759887584,0.00013509342066820746,-2.3069331634839277e-11,-23.069331634839276
3849,0.00013509731880359118,0.00013509734216625416,-2.3362662993391153e-11,-23.362662993391154
3850,0.00013510124000516645,0.0001351012636643009,-2.3659134445380036e-11,-23.659134445380037
3851,0.00013510516127043014,0.0001351051851623476,-2.3891917449407288e-11,-23.891917449407288
3852,0.00013510908254031238,0.00013510910666039429,-2.4120081914810076e-11,-24.120081914810076
3853,0.00013511300379072538,0.000135113028158441,-2.4367715642569676e-11,-24.367715642569674
3854,0.00013511692504185527,0.0001351169496564877,-2.461463244164272e-11,-24.61463244164272
3855,0.00013512084628801573,0.0001351208711545344,-2.486651868137335e-11,-24.86651868137335
3856,0.00013512476753353331,0.00013512479265258113,-2.511904782588721e-11,-25.11904782588721
3857,0.0001351286887801394,0.00013512871415062783,-2.5370488431419896e-11,-25.370488431419897
3858,0.00013513261000564717,0.00013513263564867456,-2.5643027394388715e-11,-25.643027394388714
3859,0.00013513653131427142,0.00013513655714672126,-2.5832449846721644e-11,-25.832449846721644
3860,0.00013514045260203092,0.00013514047864476796,-2.604273703802759e-11,-26.042737038027592
3861,0.0001351443738812433,0.00013514440014281468,-2.626157137453e-11,-26.26157137453
3862,0.00013514829515426583,0.00013514832164086138,-2.6486595556760403e-11,-26.486595556760403
3863,0.00013515221643258484,0.0001351522431389081,-2.670632327585294e-11,-26.70632327585294
3864,0.00013515613770856115,0.0001351561646369548,-2.6928393657684624e-11,-26.928393657684623
3865,0.0001351600589727092,0.0001351600861350015,-2.7162292305747362e-11,-27.16229230574736
3866,0.00013516398024001697,0.00013516400763304823,-2.7393031263418826e-11,-27.393031263418827
3867,0.00013516790156005014,0.00013516792913109493,-2.7571044791815963e-11,-27.57104479181596
3868,0.00013517182287835428,0.00013517185062914163,-2.775078735162767e-11,-27.75078735162767
3869,0.00013517574418438793,0.00013517577212718835,-2.794280042373659e-11,-27.942800423736593
3870,0.0001351796654851235,0.00013517969362523505,-2.814011155818158e-11,-28.14011155818158
3871,0.00013518358678641328,0.00013518361512328178,-2.8336868502686102e-11,-28.3368685026861
3872,0.00013518750808130667,0.00013518753662132847,-2.854002180632742e-11,-28.54002180632742
3873,0.0001351914293686821,0.00013519145811937517,-2.875069307625297e-11,-28.75069307625297
3874,0.00013519535067441839,0.0001351953796174219,-2.894300351791275e-11,-28.94300351791275
3875,0.0001351992720184233,0.0001351993011154686,-2.9097045309171176e-11,-29.097045309171175
3876,0.00013520319335711333,0.00013520322261351532,-2.92564019950044e-11,-29.2564019950044
3877,0.00013520711468597356,0.00013520714411156202,-2.942558846430919e-11,-29.42558846430919
3878,0.0001352110360064038,0.00013521106560960872,-2.960320493076571e-11,-29.60320493076571
3879,0.00013521495732409,0.00013521498710765544,-2.978356545871068e-11,-29.78356545871068
3880,0.00013521887864099716,0.00013521890860570214,-2.996470498591658e-11,-29.96470498591658
3881,0.00013522279993960195,0.00013522283010374884,-3.0164146902891153e-11,-30.164146902891154
3882,0.0001352267213019856,0.00013522675160179557,-3.0299809976547964e-11,-30.299809976547966
3883,0.0001352306426715759,0.00013523067309984227,-3.042826638546932e-11,-30.428266385469318
3884,0.000135234564024284,0.000135234594597889,-3.057360498773361e-11,-30.573604987733606
3885,0.00013523848536501685,0.0001352385160959357,-3.073091884693849e-11,-30.730918846938486
3886,0.00013524240670399247,0.0001352424375939824,-3.088998992681442e-11,-30.889989926814422
3887,0.00013524632804602383,0.00013524635909202911,-3.1046005291287426e-11,-31.046005291287425
3888,0.0001352502493760373,0.0001352502805900758,-3.12140385218464e-11,-31.214038521846398
3889,0.00013525417072166566,0.00013525420208812254,-3.1366456882981855e-11,-31.366456882981854
3890,0.00013525809211050474,0.00013525812358616924,-3.147566450205817e-11,-31.475664502058173
3891,0.00013526201348503634,0.00013526204508421594,-3.1599179605368316e-11,-31.599179605368317
3892,0.00013526593484637875,0.00013526596658226266,-3.173588391968653e-11,-31.73588391968653
3893,0.0001352698562116539,0.00013526988808030936,-3.1868655453254374e-11,-31.868655453254373
3894,0.00013527377756370127,0.00013527380957835609,-3.2014654822532684e-11,-32.014654822532684
3895,0.00013527769891535937,0.00013527773107640278,-3.2161043420390917e-11,-32.16104342039092
3896,0.00013528162027252793,0.00013528165257444948,-3.230192156070749e-11,-32.30192156070749
3897,0.00013528554166823242,0.0001352855740724962,-3.2404263794787197e-11,-32.4042637947872
3898,0.00013528946307050872,0.0001352894955705429,-3.250003419160849e-11,-32.50003419160849
3899,0.0001352933844570821,0.0001352934170685896,-3.261150752217476e-11,-32.61150752217476
3900,0.00013529730584421504,0.00013529733856663633,-3.272242129599981e-11,-32.72242129599981
3901,0.00013530122722400564,0.00013530126006468303,-3.284067739535715e-11,-32.84067739535715
3902,0.0001353051485898081,0.00013530518156272973,-3.2972921627198406e-11,-32.9729216271984
3903,0.00013530906994960109,0.00013530910306077645,-3.311117537484132e-11,-33.11117537484132
3904,0.00013531299137296723,0.00013531302455882315,-3.318585592521353e-11,-33.18585592521353
3905,0.00013531691278763046,0.00013531694605686988,-3.3269239420634394e-11,-33.26923942063439
3906,0.00013532083419465977,0.00013532086755491658,-3.336025681065678e-11,-33.360256810656786
3907,0.0001353247555975629,0.00013532478905296328,-3.345540037599205e-11,-33.455400375992056
3908,0.00013532867699301153,0.00013532871055101,-3.3557998481784465e-11,-33.557998481784466
3909,0.00013533259838184502,0.0001353326320490567,-3.366721168450197e-11,-33.66721168450197
3910,0.00013533651975553828,0.00013533655354710342,-3.379156514714199e-11,-33.79156514714199
3911,0.00013534044118083765,0.00013534047504515012,-3.38643124837255e-11,-33.8643124837255
3912,0.00013534436263046892,0.00013534439654319682,-3.39127279112086e-11,-33.9127279112086
3913,0.00013534828404754713,0.00013534831804124355,-3.399369642760541e-11,-33.993696427605414
3914,0.00013535220545621358,0.00013535223953929025,-3.408307667234735e-11,-34.083076672347346
3915,0.00013535612685887087,0.00013535616103733697,-3.4178466107630284e-11,-34.178466107630285
3916,0.00013536004827880487,0.00013536008253538367,-3.425657880839972e-11,-34.256578808399716
3917,0.00013536396966694667,0.00013536400403343037,-3.4366483704998216e-11,-34.36648370499822
3918,0.00013536789109976736,0.0001353679255314771,-3.443170974137581e-11,-34.43170974137581
3919,0.00013537181256061167,0.0001353718470295238,-3.4468912133150633e-11,-34.46891213315063
3920,0.00013537573398745447,0.0001353757685275705,-3.4540116026626446e-11,-34.54011602662645
3921,0.00013537965542791786,0.00013537969002561722,-3.459769935925987e-11,-34.59769935925987
3922,0.0001353835768585781,0.00013538361152366392,-3.466508583109647e-11,-34.66508583109647
3923,0.00013538749828229338,0.00013538753302171064,-3.473941726836914e-11,-34.73941726836914
3924,0.00013539141969628194,0.00013539145451975734,-3.4823475408591833e-11,-34.82347540859183
3925,0.00013539534113911076,0.00013539537601780404,-3.4878693283135434e-11,-34.87869328313543
3926,0.00013539926260565716,0.00013539929751585076,-3.4910193611739665e-11,-34.910193611739665
3927,0.00013540318406773702,0.00013540321901389746,-3.494616044671872e-11,-34.94616044671872
3928,0.00013540710550666903,0.00013540714051194416,-3.5005275133605615e-11,-35.005275133605615
3929,0.00013541102694642536,0.0001354110620099909,-3.506356552868582e-11,-35.06356552868582
3930,0.00013541494838046201,0.00013541498350803759,-3.512757557811687e-11,-35.12757557811687
3931,0.00013541886980994341,0.0001354189050060843,-3.519614090297561e-11,-35.196140902975614
3932,0.0001354227912757047,0.000135422826504131,-3.5228426329477993e-11,-35.22842632947799
3933,0.0001354267127570475,0.0001354267480021777,-3.524513022577366e-11,-35.245130225773664
3934,0.00013543063421902294,0.00013543066950022443,-3.5281201496526984e-11,-35.28120149652698
3935,0.0001354345556807477,0.00013543459099827113,-3.5317523434822584e-11,-35.31752343482258
3936,0.00013543847713495282,0.00013543851249631786,-3.536136504702084e-11,-35.36136504702084
3937,0.00013544239858173912,0.00013544243399436456,-3.5412625448109594e-11,-35.412625448109594
3938,0.00013544632000618564,0.00013544635549241126,-3.548622561812198e-11,-35.48622561812198
3939,0.0001354502415069784,0.00013545027699045798,-3.548347957796456e-11,-35.483479577964566
3940,0.00013545416300214476,0.00013545419848850468,-3.5486359923666097e-11,-35.4863599236661
3941,0.00013545808447407867,0.0001354581199865514,-3.551247274325503e-11,-35.51247274325503
3942,0.00013546200594921712,0.0001354620414845981,-3.553538098648275e-11,-35.53538098648275
3943,0.00013546592741431145,0.0001354659629826448,-3.5568333359951534e-11,-35.56833335995153
3944,0.00013546984887204645,0.00013546988448069153,-3.560864508092672e-11,-35.60864508092672
3945,0.00013547377032693242,0.00013547380597873823,-3.565180581416065e-11,-35.65180581416065
3946,0.00013547769183735043,0.00013547772747678492,-3.563943449816645e-11,-35.63943449816645
3947,0.00013548161333977032,0.00013548164897483165,-3.5635061341598675e-11,-35.63506134159868
3948,0.00013548553482388298,0.00013548557047287835,-3.564899537239419e-11,-35.64899537239419
3949,0.00013548945630892622,0.00013548949197092507,-3.566199885957011e-11,-35.66199885957011
3950,0.000135493377783635,0.00013549341346897177,-3.5685336772118783e-11,-35.68533677211878
3951,0.00013549729925061753,0.00013549733496701847,-3.571640095329408e-11,-35.71640095329408
3952,0.00013550122076050447,0.0001355012564650652,-3.570456073373407e-11,-35.70456073373407
3953,0.00013550514223131325,0.0001355051779631119,-3.5731798657022445e-11,-35.731798657022445
3954,0.00013550906367336388,0.0001355090994611586,-3.578779471767535e-11,-35.78779471767535
3955,0.0001355129851807998,0.00013551302095920532,-3.577840552686162e-11,-35.778405526861626
3956,0.0001355169066752191,0.00013551694245725202,-3.578203291496505e-11,-35.78203291496505
3957,0.00013552082816034784,0.00013552086395529874,-3.5794950912799675e-11,-35.79495091279968
3958,0.00013552474963401837,0.00013552478545334544,-3.5819327084453775e-11,-35.819327084453775
3959,0.00013552867115139373,0.00013552870695139214,-3.579999841601368e-11,-35.79999841601368
3960,0.00013553259267194334,0.00013553262844943887,-3.57774955288732e-11,-35.7774955288732
3961,0.00013553651418406448,0.00013553654994748557,-3.576342109389635e-11,-35.763421093896355
3962,0.00013554043569388252,0.0001355404714455323,-3.5751649775384406e-11,-35.75164977538441
3963,0.00013554435719584308,0.000135544392943579,-3.574773591396195e-11,-35.747735913961954
3964,0.00013554827868959732,0.0001355483144416257,-3.575202837878304e-11,-35.75202837878304
3965,0.0001355522001742413,0.00013555223593967241,-3.576543112340898e-11,-35.76543112340898
3966,0.0001355561217097124,0.0001355561574377191,-3.5728006714134286e-11,-35.72800671413429
3967,0.00013556004324897508,0.00013556007893576584,-3.568679076854725e-11,-35.68679076854725
3968,0.00013556396476766062,0.00013556400043381254,-3.566615192309687e-11,-35.66615192309687
3969,0.0001355678862834562,0.00013556792193185924,-3.5648403045642304e-11,-35.648403045642304
3970,0.00013557180780853195,0.00013557184342990596,-3.562137402100751e-11,-35.62137402100751
3971,0.0001355757293012005,0.00013557576492795266,-3.562675217877907e-11,-35.62675217877907
3972,0.00013557965081620029,0.00013557968642599936,-3.560979907861406e-11,-35.60979907861406
3973,0.00013558357237789846,0.00013558360792404608,-3.554614762905156e-11,-35.54614762905156
3974,0.00013558749391646662,0.00013558752942209278,-3.550562616916611e-11,-35.505626169166106
3975,0.00013559141544650024,0.00013559145092013948,-3.547363925062687e-11,-35.47363925062687
3976,0.00013559533697137004,0.0001355953724181862,-3.544681617019474e-11,-35.44681617019474
3977,0.0001355992584871981,0.0001355992939162329,-3.542903482088511e-11,-35.42903482088511
3978,0.0001356031799875931,0.00013560321541427963,-3.542668654739972e-11,-35.42668654739972
3979,0.00013560710153853736,0.00013560713691232633,-3.537378897392546e-11,-35.37378897392546
3980,0.00013561102309975415,0.00013561105841037303,-3.531061888302249e-11,-35.31061888302249
3981,0.00013561494463934057,0.00013561497990841975,-3.526907919466675e-11,-35.26907919466675
3982,0.000135618866180187,0.00013561890140646645,-3.5226279446546146e-11,-35.226279446546144
3983,0.0001356227877095248,0.00013562282290451318,-3.519498839606626e-11,-35.19498839606626
3984,0.00013562670922991988,0.00013562674440255988,-3.517264000773536e-11,-35.17264000773536
3985,0.00013563063076303065,0.00013563066590060657,-3.513757593369522e-11,-35.137575933695224
3986,0.00013563455234460073,0.0001356345873986533,-3.505405257619411e-11,-35.05405257619411
3987,0.00013563847390358393,0.0001356385088967,-3.499311607729173e-11,-34.99311607729173
3988,0.00013564239545762715,0.00013564243039474672,-3.493711958295796e-11,-34.93711958295796
3989,0.0001356463169970681,0.00013564635189279342,-3.489572534032366e-11,-34.89572534032366
3990,0.00013565023853204944,0.00013565027339084012,-3.4858790692275335e-11,-34.858790692275335
3991,0.00013565416005293995,0.00013565419488888685,-3.483594690486677e-11,-34.83594690486677
3992,0.00013565808163681025,0.00013565811638693355,-3.475012330403651e-11,-34.750123304036514
3993,0.00013566200321758529,0.00013566203788498027,-3.466739499198848e-11,-34.66739499198848
3994,0.0001356659247762484,0.00013566595938302697,-3.460677857667248e-11,-34.606778576672475
3995,0.00013566984634283798,0.00013566988088107367,-3.4538235694798705e-11,-34.53823569479871
3996,0.00013567376788503144,0.0001356738023791204,-3.449408896100406e-11,-34.49408896100406
3997,0.00013567768942206887,0.0001356777238771671,-3.445509823195583e-11,-34.45509823195583
3998,0.00013568161098078378,0.0001356816453752138,-3.439443001888104e-11,-34.39443001888104
3999,0.00013568553258235872,0.00013568556687326052,-3.4290901803149906e-11,-34.29090180314991
4000,0.00013568945415554404,0.00013568948837130722,-3.421576317735982e-11,-34.21576317735982
4001,0.00013569337572464255,0.00013569340986935391,-3.414471137034375e-11,-34.14471137034375
4002,0.00013569729728495498,0.00013569733136740064,-3.408244566668296e-11,-34.082445666682965
4003,0.00013570121883588903,0.00013570125286544734,-3.402955831181417e-11,-34.02955831181417
4004,0.0001357051403842289,0.00013570517436349406,-3.39792651816936e-11,-33.9792651816936
4005,0.0001357090619901152,0.00013570909586154076,-3.387142558181347e-11,-33.87142558181347
4006,0.00013571298358258148,0.00013571301735958746,-3.3777005992478875e-11,-33.77700599247888
4007,0.00013571690515881696,0.0001357169388576342,-3.369881723492704e-11,-33.69881723492704
4008,0.00013572082673206864,0.00013572086035568089,-3.3623612255964e-11,-33.623612255964
4009,0.00013572474829339387,0.0001357247818537276,-3.356033374484378e-11,-33.56033374484378
4010,0.00013572866984169212,0.0001357287033517743,-3.351008219387652e-11,-33.51008219387652
4011,0.0001357325914428281,0.000135732624849821,-3.340699291739492e-11,-33.40699291739492
4012,0.00013573651305786417,0.00013573654634786773,-3.329000357275086e-11,-33.29000357275086
4013,0.00013574043463765803,0.00013574046784591443,-3.320825640945882e-11,-33.20825640945882
4014,0.00013574435622243778,0.00013574438934396116,-3.312152337984628e-11,-33.12152337984628
4015,0.00013574827779524792,0.00013574831084200786,-3.304675994221798e-11,-33.04675994221798
4016,0.00013575219936219648,0.00013575223234005456,-3.2977858081004896e-11,-32.9778580810049
4017,0.00013575612094843885,0.00013575615383810128,-3.288966243555662e-11,-32.889662435556616
4018,0.0001357600425673998,0.00013576007533614798,-3.2768748197732997e-11,-32.768748197733
4019,0.0001357639641562881,0.0001357639968341947,-3.267790661109288e-11,-32.67790661109288
4020,0.00013576788575020941,0.0001357679183322414,-3.2582031995337754e-11,-32.58203199533775
4021,0.0001357718073292341,0.0001357718398302881,-3.2501054019276984e-11,-32.501054019276985
4022,0.0001357757288987692,0.00013577576132833483,-3.242956563115111e-11,-32.429565631151114
4023,0.0001357796504842164,0.00013577968282638153,-3.2342165139576134e-11,-32.34216513957613
4024,0.0001357835721131243,0.00013578360432442822,-3.221130394313115e-11,-32.211303943131156
4025,0.00013578749372025224,0.00013578752582247495,-3.210222271492309e-11,-32.102222714923094
4026,0.0001357914153236487,0.00013579144732052165,-3.199687295822702e-11,-31.99687295822702
4027,0.00013579533691305233,0.00013579536881856835,-3.1905516023189265e-11,-31.905516023189264
4028,0.00013579925849750246,0.00013579929031661507,-3.1819112618142214e-11,-31.819112618142213
4029,0.0001358031800727761,0.00013580321181466177,-3.174188568344265e-11,-31.741885683442646
4030,0.00013580710170273225,0.0001358071333127085,-3.160997625323225e-11,-31.60997625323225
4031,0.00013581102333196196,0.0001358110548107552,-3.147879323847742e-11,-31.478793238477422
4032,0.00013581494493724802,0.0001358149763088019,-3.1371553880025035e-11,-31.371553880025036
4033,0.00013581886654253497,0.00013581889780684862,-3.126431365421091e-11,-31.26431365421091
4034,0.00013582278813540567,0.00013582281930489532,-3.116948965746598e-11,-31.169489657465977
4035,0.0001358267097158217,0.00013582674080294204,-3.108712035186231e-11,-31.087120351862314
4036,0.00013583063133628764,0.00013583066230098874,-3.096470110589801e-11,-30.96470110589801
4037,0.00013583455297970425,0.00013583458379903544,-3.081933119729599e-11,-30.81933119729599
4038,0.0001358384745932393,0.00013583850529708217,-3.0703842876349627e-11,-30.703842876349626
4039,0.00013584239620519791,0.00013584242679512887,-3.0589930958257e-11,-30.589930958257003
4040,0.00013584631780640387,0.0001358463482931756,-3.048677172363022e-11,-30.48677172363022
4041,0.00013585023939459418,0.0001358502697912223,-3.039662811924369e-11,-30.396628119243694
4042,0.00013585416100692234,0.000135854191289269,-3.028234665084058e-11,-30.282346650840577
4043,0.00013585808266032608,0.00013585811278731571,-3.012698964103176e-11,-30.126989641031763
4044,0.00013586200428655003,0.0001358620342853624,-2.999881238706477e-11,-29.998812387064767
4045,0.00013586592590752916,0.0001358659557834091,-2.9875879961107174e-11,-29.875879961107174
4046,0.0001358698475187889,0.00013586987728145584,-2.976266694683999e-11,-29.76266694683999
4047,0.00013587376911954185,0.00013587379877950254,-2.965996069188087e-11,-29.659960691880872
4048,0.00013587769073046012,0.00013587772027754926,-2.954708914708791e-11,-29.54708914708791
4049,0.00013588161238898075,0.00013588164177559596,-2.9386615218020995e-11,-29.386615218020996
4050,0.0001358855340269999,0.00013588556327364266,-2.9246642765989206e-11,-29.246642765989204
4051,0.00013588945565386066,0.00013588948477168938,-2.911782873298126e-11,-29.117828732981256
4052,0.00013589337727434904,0.00013589340626973608,-2.8995387044031984e-11,-28.995387044031983
4053,0.00013589729888372065,0.00013589732776778278,-2.8884062140743127e-11,-28.884062140743126
4054,0.0001359012204942657,0.0001359012492658295,-2.877156380544299e-11,-28.77156380544299
4055,0.000135905142157504,0.0001359051707638762,-2.8606372214567993e-11,-28.606372214567994
4056,0.00013590906380645342,0.00013590909226192293,-2.8455469513859563e-11,-28.455469513859562
4057,0.0001359129854394651,0.00013591301375996963,-2.832050453087656e-11,-28.320504530876562
4058,0.00013591690706817185,0.00013591693525801633,-2.818984448103963e-11,-28.18984448103963
4059,0.0001359208286854673,0.00013592085675606305,-2.8070595767488326e-11,-28.070595767488328
4060,0.0001359247502966643,0.00013592477825410975,-2.7957445447211765e-11,-27.957445447211764
4061,0.00013592867196464935,0.00013592869975215648,-2.7787507137910464e-11,-27.787507137910463
4062,0.00013593259362362434,0.00013593262125020318,-2.7626578846818114e-11,-27.626578846818113
4063,0.00013593651526302292,0.00013593654274824987,-2.7485226964362272e-11,-27.485226964362273
4064,0.000135940436899543,0.0001359404642462966,-2.7346753611569324e-11,-27.346753611569323
4065,0.00013594435852408096,0.0001359443857443433,-2.7220262346190654e-11,-27.220262346190655
4066,0.0001359482801369577,0.00013594830724239002,-2.710543232569837e-11,-27.10543232569837
4067,0.00013595220180971206,0.00013595222874043672,-2.6930724665250413e-11,-26.930724665250413
4068,0.00013595612347792164,0.00013595615023848342,-2.6760561790574136e-11,-26.760561790574137
4069,0.0001359600451235958,0.00013596007173653015,-2.6612934356208567e-11,-26.612934356208566
4070,0.00013596396676735485,0.00013596399323457685,-2.6467222002350368e-11,-26.46722200235037
4071,0.00013596788839871686,0.00013596791473262354,-2.6333906687182912e-11,-26.33390668718291
4072,0.00013597181001438058,0.00013597183623067027,-2.62162896979012e-11,-26.2162896979012
4073,0.00013597573169201209,0.00013597575772871697,-2.6036704889505588e-11,-26.03670488950559
4074,0.00013597965336849464,0.00013597967922676367,-2.5858269037257214e-11,-25.858269037257212
4075,0.00013598357502031527,0.0001359836007248104,-2.5704495125250554e-11,-25.704495125250553
4076,0.0001359874966708984,0.0001359875222228571,-2.5551958694498514e-11,-25.551958694498513
4077,0.00013599141830867664,0.00013599144372090382,-2.5412227179294505e-11,-25.412227179294504
4078,0.00013599533991512613,0.00013599536521895052,-2.5303824390595877e-11,-25.303824390595878
4079,0.00013599926161465213,0.00013599928671699721,-2.5102345095108877e-11,-25.102345095108877
4080,0.00013600318676818275,0.00013600320821504394,-2.1446861193421082e-11,-21.446861193421082
4081,0.00013600711467397575,0.00013600712971309064,-1.503911489804842e-11,-15.03911489804842
4082,0.00013601103735219096,0.00013601105121113736,-1.3858946413409054e-11,-13.858946413409054
4083,0.00013601495877386832,0.00013601497270918406,-1.3935315744190185e-11,-13.935315744190184
4084,0.00013601887962335637,0.00013601889420723076,-1.45838743978038e-11,-14.5838743978038
4085,0.00013602280071098064,0.0001360228157052775,-1.4994296853373626e-11,-14.994296853373626
4086,0.00013602672182955525,0.00013602673720332419,-1.5373768941891214e-11,-15.373768941891214
4087,0.00013603064297371576,0.0001360306587013709,-1.572765516018075e-11,-15.72765516018075
4088,0.0001360345641120953,0.0001360345801994176,-1.6087322317348926e-11,-16.087322317348924
4089,0.000136038485255179,0.0001360385016974643,-1.6442285311026067e-11,-16.442285311026065
4090,0.00013604240640640181,0.00013604242319551103,-1.6789109226099413e-11,-16.789109226099413
4091,0.00013604632756437243,0.00013604634469355773,-1.71291853107967e-11,-17.1291853107967
4092,0.0001360502487170627,0.00013605026619160446,-1.7474541758229586e-11,-17.474541758229588
4093,0.0001360541698645959,0.00013605418768965116,-1.782505526750601e-11,-17.82505526750601
4094,0.00013605809108128378,0.00013605810918769785,-1.8106414079622726e-11,-18.106414079622727
4095,0.00013606201228529398,0.00013606203068574458,-1.8400450603267587e-11,-18.400450603267586
4096,0.00013606593349786147,0.00013606595218379128,-1.8685929817320618e-11,-18.685929817320616
4097,0.00013606985469863308,0.00013606987368183798,-1.89832049070648e-11,-18.983204907064803
4098,0.0001360737759114674,0.0001360737951798847,-1.9268417298963183e-11,-19.268417298963183
4099,0.00013607769711578558,0.0001360777166779314,-1.9562145827875896e-11,-19.562145827875895
4100,0.00013608161831944163,0.0001360816381759781,-1.9856536479055345e-11,-19.856536479055343
4101,0.00013608553952220315,0.00013608555967402483,-2.0151821678342257e-11,-20.15182167834226
4102,0.00013608946075859642,0.00013608948117207152,-2.041347511597405e-11,-20.413475115974048
4103,0.00013609338201051147,0.00013609340267011825,-2.0659606790043888e-11,-20.65960679004389
4104,0.00013609730326112745,0.00013609732416816495,-2.090703750094669e-11,-20.90703750094669
4105,0.00013610122450035883,0.00013610124566621165,-2.1165852822551567e-11,-21.165852822551567
4106,0.00013610514575093422,0.00013610516716425837,-2.1413324163930783e-11,-21.41332416393078
4107,0.00013610906699173064,0.00013610908866230507,-2.1670574439699677e-11,-21.670574439699678
4108,0.00013611298822912654,0.0001361130101603518,-2.1931225261372464e-11,-21.931225261372465
4109,0.00013611690946418168,0.0001361169316583985,-2.2194216821325538e-11,-22.194216821325536
4110,0.00013612083072945982,0.0001361208531564452,-2.242698537835884e-11,-22.42698537835884
4111,0.0001361247520195278,0.00013612477465449192,-2.2634964113504185e-11,-22.634964113504186
4112,0.0001361286732934254,0.00013612869615253862,-2.2859113236161174e-11,-22.859113236161175
4113,0.0001361325945593668,0.00013613261765058534,-2.3091218559620513e-11,-23.09121855962051
4114,0.00013613651583304978,0.00013613653914863204,-2.331558227299249e-11,-23.31558227299249
4115,0.00013614043710239682,0.00013614046064667874,-2.3544281927692673e-11,-23.544281927692673
4116,0.00013614435836735027,0.00013614438214472547,-2.3777375203276635e-11,-23.777375203276634
4117,0.00013614827963113587,0.00013614830364277217,-2.4011636300125635e-11,-24.011636300125634
4118,0.00013615220092133277,0.0001361522251408189,-2.4219486123632672e-11,-24.21948612363267
4119,0.00013615612224396833,0.0001361561466388656,-2.4394897268660245e-11,-24.394897268660245
4120,0.00013616004354679895,0.0001361600681369123,-2.459011334503723e-11,-24.59011334503723
4121,0.00013616396484857375,0.00013616398963495901,-2.4786385271699893e-11,-24.786385271699892
4122,0.0001361678861435673,0.0001361679111330057,-2.4989438422165527e-11,-24.989438422165527
4123,0.00013617180743600045,0.0001361718326310524,-2.5195051970271595e-11,-25.195051970271596
4124,0.000136175728719836,0.00013617575412909914,-2.5409263133185256e-11,-25.409263133185256
4125,0.00013617965001037492,0.00013617967562714584,-2.5616770918011927e-11,-25.616770918011927
4126,0.0001361835713383807,0.00013618359712519253,-2.5786811847048854e-11,-25.786811847048853
4127,0.00013618749268452256,0.00013618751862323926,-2.5938716702930367e-11,-25.938716702930368
4128,0.00013619141400946327,0.00013619144012128596,-2.6111822698613965e-11,-26.111822698613963
4129,0.00013619533532878078,0.00013619536161933268,-2.629055190886516e-11,-26.290551908865158
4130,0.0001361992566488256,0.00013619928311737938,-2.646855378208894e-11,-26.46855378208894
4131,0.00013620317795768222,0.00013620320461542608,-2.6657743862791252e-11,-26.657743862791254
4132,0.00013620709927122422,0.0001362071261134728,-2.6842248590910222e-11,-26.842248590910224
4133,0.00013621102059616568,0.0001362110476115195,-2.70153538276523e-11,-27.015353827652298
4134,0.0001362149419520328,0.00013621496910956623,-2.7157533444256726e-11,-27.157533444256725
4135,0.00013621886330853026,0.00013621889060761293,-2.7299082678613015e-11,-27.299082678613015
4136,0.00013622278464526068,0.00013622281210565963,-2.7460398951452788e-11,-27.460398951452788
4137,0.00013622670598997127,0.00013622673360370635,-2.7613735089727253e-11,-27.613735089727253
4138,0.00013623062732743323,0.00013623065510175305,-2.7774319824256196e-11,-27.774319824256196
4139,0.00013623454864841907,0.00013623457659979978,-2.7951380718414478e-11,-27.951380718414477
4140,0.0001362384699858855,0.00013623849809784648,-2.811196098060946e-11,-28.11196098060946
4141,0.00013624239136783385,0.00013624241959589317,-2.8228059327908172e-11,-28.228059327908174
4142,0.00013624631273618783,0.0001362463410939399,-2.8357752079671866e-11,-28.357752079671865
4143,0.00013625023410312553,0.0001362502625919866,-2.848886107052337e-11,-28.48886107052337
4144,0.0001362541554674607,0.0001362541840900333,-2.862257260737476e-11,-28.62257260737476
4145,0.0001362580768210963,0.00013625810558808002,-2.8766983728890596e-11,-28.766983728890597
4146,0.00013626199816945306,0.00013626202708612672,-2.891667366815394e-11,-28.916673668153937
4147,0.0001362659195209084,0.00013626594858417345,-2.9063265066028534e-11,-29.063265066028535
4148,0.00013626984089169615,0.00013626987008222015,-2.919052400075543e-11,-29.19052400075543
4149,0.00013627376230520156,0.00013627379158026684,-2.927506528857124e-11,-29.275065288571238
4150,0.00013627768369438198,0.00013627771307831357,-2.938393160080366e-11,-29.38393160080366
4151,0.00013628160506908086,0.00013628163457636027,-2.950727941171859e-11,-29.50727941171859
4152,0.00013628552643852107,0.00013628555607440697,-2.963588590132567e-11,-29.63588590132567
4153,0.0001362894478146998,0.0001362894775724537,-2.9757753911800424e-11,-29.757753911800425
4154,0.00013629336919157098,0.0001362933990705004,-2.987892941524256e-11,-29.87892941524256
4155,0.00013629729056984538,0.00013629732056854712,-2.9998701744233066e-11,-29.998701744233067
4156,0.00013630121198791309,0.00013630124206659382,-3.007868073641211e-11,-30.078680736412107
4157,0.00013630513339673794,0.00013630516356464051,-3.016790257921664e-11,-30.167902579216644
4158,0.0001363090547878572,0.00013630908506268724,-3.027483003980906e-11,-30.27483003980906
4159,0.00013631297619229636,0.00013631300656073394,-3.036843758882152e-11,-30.368437588821518
4160,0.00013631689757743123,0.00013631692805878066,-3.048134943883024e-11,-30.48134943883024
4161,0.00013632081895804485,0.00013632084955682736,-3.0598782520318446e-11,-30.598782520318444
4162,0.00013632474033698722,0.00013632477105487406,-3.071788684524543e-11,-30.717886845245427
4163,0.00013632866177872962,0.00013632869255292079,-3.077419117168102e-11,-30.77419117168102
4164,0.0001363325831963062,0.00013633261405096748,-3.0854661280339146e-11,-30.854661280339148
4165,0.00013633650462827325,0.0001363365355490142,-3.092074096329725e-11,-30.92074096329725
4166,0.00013634042603932221,0.0001363404570470609,-3.10077387008702e-11,-31.007738700870203
4167,0.00013634434743607104,0.0001363443785451076,-3.110903657720726e-11,-31.10903657720726
4168,0.00013634826883225252,0.00013634830004315433,-3.121090181654118e-11,-31.21090181654118
4169,0.00013635219022681177,0.00013635222154120103,-3.131438926627063e-11,-31.314389266270627
4170,0.00013635611167227735,0.00013635614303924773,-3.13669703882358e-11,-31.3669703882358
4171,0.00013636003312048035,0.00013636006453729446,-3.141681411655588e-11,-31.416814116555877
4172,0.00013636395455378836,0.00013636398603534115,-3.148155280405694e-11,-31.481552804056943
4173,0.00013636787596981646,0.00013636790753338785,-3.156357139736286e-11,-31.563571397362864
4174,0.00013637179740094393,0.00013637182903143458,-3.1630490659378285e-11,-31.630490659378285
4175,0.00013637571880533486,0.00013637575052948128,-3.172414642828236e-11,-31.724146428282364
4176,0.00013637964022445166,0.000136379672027528,-3.180307634643931e-11,-31.80307634643931
4177,0.00013638356168359141,0.0001363835935255747,-3.1841983293764655e-11,-31.841983293764656
4178,0.00013638748314226965,0.0001363875150236214,-3.1881351758849777e-11,-31.881351758849778
4179,0.00013639140458570996,0.00013639143652166813,-3.193595817047315e-11,-31.93595817047315
4180,0.00013639532603281455,0.00013639535801971482,-3.198690027690912e-11,-31.986900276909118
4181,0.00013639924746739425,0.00013639927951776155,-3.2050367303682075e-11,-32.05036730368207
4182,0.0001364031688946927,0.00013640320101580825,-3.21211155611949e-11,-32.1211155611949
4183,0.00013640709031433718,0.00013640712251385495,-3.219951777104944e-11,-32.19951777104944
4184,0.00013641101180294268,0.00013641104401190167,-3.220895900356745e-11,-32.20895900356745
4185,0.00013641493327551233,0.00013641496550994837,-3.2234436047002435e-11,-32.23443604700243
4186,0.0001364188547294204,0.0001364188870079951,-3.2278574703490895e-11,-32.2785747034909
4187,0.00013642277618530014,0.0001364228085060418,-3.2320741657013527e-11,-32.32074165701353
4188,0.00013642669763141795,0.0001364267300040885,-3.2372670550056784e-11,-32.37267055005678
4189,0.00013643061907052783,0.00013643065150213522,-3.2431607400682335e-11,-32.43160740068234
4190,0.0001364345405143068,0.00013643457300018192,-3.248587513465208e-11,-32.485875134652076
4191,0.00013643846200909928,0.00013643849449822864,-3.2489129367472794e-11,-32.48912936747279
4192,0.00013644238349105328,0.00013644241599627534,-3.250522207189878e-11,-32.50522207189878
4193,0.00013644630495264934,0.00013644633749432204,-3.254167270499225e-11,-32.54167270499225
4194,0.00013645022643164948,0.00013645025899236877,-3.256071929113212e-11,-32.56071929113212
4195,0.00013645414788869998,0.00013645418049041547,-3.260171549604385e-11,-32.601715496043845
4196,0.00013645806933793595,0.00013645810198846216,-3.2650526223639037e-11,-32.650526223639034
4197,0.000136461990803225,0.0001364620234865089,-3.26832839015027e-11,-32.6832839015027
4198,0.00013646591231368838,0.0001364659449845556,-3.267086721164758e-11,-32.67086721164758
4199,0.00013646983380330994,0.0001364698664826023,-3.2679292356994585e-11,-32.67929235699459
4200,0.0001364737552835349,0.000136473787980649,-3.2697114119940196e-11,-32.697114119940196
4201,0.00013647767676038428,0.0001364777094786957,-3.271831143792962e-11,-32.71831143792962
4202,0.0001364815982284913,0.00013648163097674244,-3.2748251138821724e-11,-32.74825113882172
4203,0.00013648551968481422,0.00013648555247478913,-3.278997492470635e-11,-32.78997492470635
4204,0.00013648944117940087,0.00013648947397283583,-3.279343496620446e-11,-32.79343496620446
4205,0.00013649336269955223,0.00013649339547088256,-3.277133033362699e-11,-32.77133033362699
4206,0.00013649728419458458,0.00013649731696892926,-3.277434468671704e-11,-32.77434468671704
4207,0.00013650120569888924,0.00013650123846697598,-3.276808675309262e-11,-32.76808675309262
4208,0.00013650512714252446,0.00013650515996502268,-3.282249822516538e-11,-32.822498225165376
4209,0.0001365090485634007,0.00013650908146306938,-3.289966870003681e-11,-32.89966870003681
4210,0.0001365129700262104,0.0001365130029611161,-3.293490570432346e-11,-32.93490570432346
4211,0.00013651689155162866,0.0001365169244591628,-3.2907534153117326e-11,-32.907534153117325
4212,0.00013652081307712483,0.00013652084595720953,-3.28800847019851e-11,-32.8800847019851
4213,0.00013652473457959757,0.00013652476745525623,-3.287565866345636e-11,-32.87565866345636
4214,0.00013652865608415528,0.00013652868895330293,-3.2869147649939825e-11,-32.869147649939826
4215,0.00013653257757796823,0.00013653261045134965,-3.287338143231833e-11,-32.873381432318325
4216,0.00013653649906374406,0.00013653653194939635,-3.2885652296981246e-11,-32.88565229698125
4217,0.00013654042055470813,0.00013654045344744308,-3.2892734956093225e-11,-32.89273495609323
4218,0.00013654434208896208,0.00013654437494548978,-3.285652769928242e-11,-32.85652769928242
4219,0.00013654826361609416,0.00013654829644353647,-3.282744232259718e-11,-32.827442322597186
4220,0.0001365521851292927,0.0001365522179415832,-3.2812290515921535e-11,-32.81229051592153
4221,0.0001365561066405771,0.0001365561394396299,-3.27990528139713e-11,-32.7990528139713
4222,0.0001365600281420518,0.0001365600609376766,-3.279562481064739e-11,-32.79562481064739
4223,0.00013656394963184479,0.00013656398243572332,-3.2803878543630926e-11,-32.80387854363093
4224,0.0001365678711571434,0.00013656790393377002,-3.2776626634134526e-11,-32.77662663413452
4225,0.0001365717927113648,0.00013657182543181672,-3.272045192406865e-11,-32.720451924068655
4226,0.00013657571423786059,0.00013657574692986345,-3.269200286563845e-11,-32.69200286563845
4227,0.00013657963576355338,0.00013657966842791014,-3.2664356767337185e-11,-32.66435676733718
4228,0.00013658355728033946,0.00013658358992595687,-3.2645617416987946e-11,-32.645617416987946
4229,0.00013658747878861314,0.00013658751142400357,-3.263539043605049e-11,-32.635390436050486
4230,0.0001365914002916996,0.00013659143292205027,-3.2630350684882014e-11,-32.63035068488202
4231,0.00013659532185260367,0.000136595354420097,-3.25674933320957e-11,-32.5674933320957
4232,0.00013659924340438044,0.0001365992759181437,-3.2513763253983294e-11,-32.51376325398329
4233,0.0001366031649377241,0.00013660319741619042,-3.247846632042156e-11,-32.47846632042156
4234,0.00013660708647038775,0.00013660711891423712,-3.244384937135736e-11,-32.44384937135736
4235,0.00013661100799223182,0.00013661104041228381,-3.242005200103304e-11,-32.42005200103304
4236,0.00013661492950350253,0.00013661496191033054,-3.240682801424029e-11,-32.40682801424029
4237,0.00013661885105029577,0.00013661888340837724,-3.235808147141371e-11,-32.35808147141371
4238,0.00013662277262055654,0.00013662280490642396,-3.228586742677379e-11,-32.28586742677379
4239,0.0001366266941686911,0.00013662672640447066,-3.2235779563229524e-11,-32.23577956322953
4240,0.0001366306157134035,0.00013663064790251736,-3.218911387542249e-11,-32.18911387542249
4241,0.00013663453724965913,0.00013663456940056409,-3.215090496456084e-11,-32.150904964560844
4242,0.00013663845877695386,0.00013663849089861078,-3.212165693044468e-11,-32.12165693044468
4243,0.00013664238029900013,0.00013664241239665748,-3.209765735641519e-11,-32.09765735641519
4244,0.00013664630187942874,0.0001366463338947042,-3.2015275474066323e-11,-32.01527547406632
4245,0.0001366502234495316,0.0001366502553927509,-3.1943219316367774e-11,-31.943219316367774
4246,0.0001366541450016402,0.00013665417689079763,-3.188915744528553e-11,-31.88915744528553
4247,0.00013665806655234367,0.00013665809838884433,-3.1836500673113776e-11,-31.836500673113775
4248,0.00013666198809217107,0.00013666201988689103,-3.179471996661509e-11,-31.79471996661509
4249,0.00013666590961992607,0.00013666594138493776,-3.176501168867671e-11,-31.765011688676708
4250,0.00013666983118381716,0.00013666986288298445,-3.169916730469509e-11,-31.699167304695088
4251,0.0001366737527752647,0.00013667378438103115,-3.160576645882682e-11,-31.605766458826817
4252,0.00013667767433866014,0.00013667770587907788,-3.1540417744973403e-11,-31.540417744973404
4253,0.00013668159590221358,0.00013668162737712458,-3.147491100865335e-11,-31.47491100865335
4254,0.00013668551745471219,0.0001366855488751713,-3.142045912294461e-11,-31.42045912294461
4255,0.0001366894389979509,0.000136689470373218,-3.137526710983547e-11,-31.375267109835473
4256,0.0001366933605447441,0.0001366933918712647,-3.132652059411395e-11,-31.326520594113948
4257,0.00013669728214408798,0.00013669731336931143,-3.1225223449613357e-11,-31.225223449613356
4258,0.00013670120373120552,0.00013670123486735812,-3.1136152609066395e-11,-31.136152609066393
4259,0.00013670512530438814,0.00013670515636540485,-3.106101672088679e-11,-31.06101672088679
4260,0.00013670904686545517,0.00013670907786345155,-3.09979963854089e-11,-30.9979963854089
4261,0.0001367129684199078,0.00013671299936149825,-3.094159044212469e-11,-30.94159044212469
4262,0.00013671688995847372,0.00013671692085954497,-3.09010712590638e-11,-30.9010712590638
4263,0.00013672081155951155,0.00013672084235759167,-3.079808012998386e-11,-30.798080129983862
4264,0.0001367247331605844,0.0001367247638556384,-3.069505400827881e-11,-30.695054008278806
4265,0.00013672865474090296,0.0001367286853536851,-3.0612782145345393e-11,-30.612782145345392
4266,0.00013673257631358548,0.0001367326068517318,-3.0538146318312795e-11,-30.538146318312794
4267,0.00013673649787835843,0.00013673652834977852,-3.0471420098494184e-11,-30.471420098494185
4268,0.00013674041942556703,0.00013674044984782522,-3.042225819781533e-11,-30.422258197815328
4269,0.00013674434101601906,0.00013674437134587192,-3.032985286638183e-11,-30.32985286638183
4270,0.00013674826262822807,0.00013674829284391864,-3.0215690578902526e-11,-30.215690578902525
4271,0.0001367521842213601,0.00013675221434196534,-3.012060523522392e-11,-30.12060523522392
4272,0.00013675610580824094,0.00013675613584001207,-3.003177113022132e-11,-30.03177113022132
4273,0.00013676002737466307,0.00013676005733805876,-2.9963395703373086e-11,-29.963395703373084
4274,0.00013676394893183638,0.00013676397883610546,-2.9904269090262295e-11,-29.904269090262293
4275,0.00013676787051141543,0.0001367679003341522,-2.982273676163073e-11,-29.822736761630733
4276,0.00013677179212630083,0.0001367718218321989,-2.970589806687854e-11,-29.70589806687854
4277,0.00013677571373763028,0.00013677574333024559,-2.959261531130661e-11,-29.59261531130661
4278,0.0001367796353339394,0.0001367796648282923,-2.9494352930001966e-11,-29.494352930001966
4279,0.0001367835569160955,0.000136783586326339,-2.9410243507016514e-11,-29.410243507016514
4280,0.00013678747849111574,0.00013678750782438574,-2.9333270004574765e-11,-29.333270004574764
4281,0.0001367914000460108,0.00013679142932243243,-2.927642165259407e-11,-29.276421652594074
4282,0.00013679532168933074,0.00013679535082047913,-2.913114840061573e-11,-29.13114840061573
4283,0.0001367992433019637,0.00013679927231852586,-2.901656216298193e-11,-29.01656216298193
4284,0.0001368031649058192,0.00013680319381657256,-2.8910753355086027e-11,-28.910753355086026
4285,0.00013680708649923306,0.00013680711531461928,-2.881538622726279e-11,-28.81538622726279
4286,0.00013681100808444417,0.00013681103681266598,-2.8728221820710872e-11,-28.72822182071087
4287,0.0001368149296489697,0.00013681495831071268,-2.8661742988722968e-11,-28.661742988722967
4288,0.00013681885128002177,0.0001368188798087594,-2.8528737646956625e-11,-28.528737646956625
4289,0.00013682277290758227,0.0001368228013068061,-2.83992238427615e-11,-28.3992238427615
4290,0.00013682669451848924,0.00013682672280485283,-2.8286363600776187e-11,-28.286363600776188
4291,0.00013683061612217764,0.00013683064430289953,-2.818072189554012e-11,-28.18072189554012
4292,0.00013683453771641603,0.00013683456580094623,-2.8084530204859653e-11,-28.084530204859654
4293,0.00013683845929367026,0.00013683848729899295,-2.8005322703841498e-11,-28.005322703841497
4294,0.00013684238091079103,0.00013684240879703965,-2.7886248628155127e-11,-27.886248628155126
4295,0.00013684630255234636,0.00013684633029508635,-2.7742739996527668e-11,-27.742739996527668
4296,0.00013685022417106793,0.00013685025179313308,-2.762206515054373e-11,-27.62206515054373
4297,0.00013685414578456243,0.00013685417329117977,-2.7506617351653564e-11,-27.506617351653563
4298,0.00013685806738677838,0.00013685809478922647,-2.740244810138795e-11,-27.40244810138795
4299,0.00013686198897592094,0.0001368620162872732,-2.7311352269338382e-11,-27.311352269338382
4300,0.0001368659105810299,0.0001368659377853199,-2.720429001531087e-11,-27.20429001531087
4301,0.0001368698322357317,0.00013686985928336662,-2.704763491734599e-11,-27.04763491734599
4302,0.0001368737538625999,0.00013687378078141332,-2.6918813430448107e-11,-26.918813430448107
4303,0.00013687767548535877,0.00013687770227946002,-2.6794101259519323e-11,-26.794101259519323
4304,0.00013688159709489704,0.00013688162377750675,-2.6682609714356556e-11,-26.682609714356555
4305,0.00013688551869524976,0.00013688554527555344,-2.658030369262941e-11,-26.58030369262941
4306,0.00013688944029014997,0.00013688946677360017,-2.648345020494286e-11,-26.48345020494286
4307,0.00013689336195709208,0.00013689338827164687,-2.6314554789711272e-11,-26.314554789711273
4308,0.00013689728359234497,0.00013689730976969357,-2.6177348598207417e-11,-26.177348598207416
4309,0.00013690120522391193,0.0001369012312677403,-2.604382836882936e-11,-26.04382836882936
4310,0.0001369051268415364,0.000136905152765787,-2.5924250599918708e-11,-25.924250599918707
4311,0.00013690904845082075,0.00013690907426383372,-2.5813012974904736e-11,-25.813012974904737
4312,0.00013691297003757107,0.00013691299576188041,-2.5724309353633595e-11,-25.724309353633593
4313,0.00013691689171577723,0.0001369169172599271,-2.5544149890981513e-11,-25.54414989098151
4314,0.0001369208133619468,0.00013692083875797384,-2.539602705753828e-11,-25.39602705753828
4315,0.00013692473499925462,0.00013692476025602054,-2.5256765923446805e-11,-25.256765923446807
4316,0.00013692865662502283,0.00013692868175406726,-2.512904444096807e-11,-25.12904444096807
4317,0.00013693257824212463,0.00013693260325211396,-2.5009989338819718e-11,-25.009989338819718
4318,0.00013693649983637088,0.00013693652475016066,-2.49137897876735e-11,-24.9137897876735
4319,0.00013694042151117923,0.00013694044624820739,-2.473702816041988e-11,-24.73702816041988
4320,0.00013694434316736798,0.00013694436774625408,-2.4578886106280492e-11,-24.578886106280493
4321,0.00013694826481051666,0.00013694828924430078,-2.4433784131140348e-11,-24.43378413114035
4322,0.00013695218644400246,0.0001369522107423475,-2.4298345053652373e-11,-24.298345053652373
4323,0.0001369561080681876,0.0001369561322403942,-2.4172206614765684e-11,-24.172206614765685
4324,0.00013696002967111294,0.0001369600537384409,-2.4067327971018612e-11,-24.067327971018614
4325,0.00013696395134234234,0.00013696397523648763,-2.3894145295136365e-11,-23.894145295136365
4326,0.00013696787300770513,0.00013696789673453433,-2.3726829210104383e-11,-23.726829210104384
4327,0.0001369717946552531,0.00013697181823258106,-2.3577327949124108e-11,-23.577327949124108
4328,0.00013697571629663692,0.00013697573973062775,-2.3433990838280336e-11,-23.433990838280337
4329,0.0001369796379271365,0.00013697966122867445,-2.3301537951730983e-11,-23.30153795173098
4330,0.00013698355953798924,0.00013698358272672118,-2.3188731946959348e-11,-23.188731946959347
4331,0.00013698748120741773,0.00013698750422476788,-2.3017350157990654e-11,-23.017350157990656
4332,0.0001369914028812722,0.0001369914257228146,-2.2841542411808385e-11,-22.841542411808383
4333,0.00013699532453629077,0.0001369953472208613,-2.268457053707376e-11,-22.68457053707376
4334,0.00013699924618354423,0.000136999268718908,-2.2535363772508587e-11,-22.53536377250859
4335,0.00013700317121038402,0.00013700319021695473,-1.9006570710714362e-11,-19.006570710714364
4336,0.00013700709912820532,0.00013700711171500142,-1.258679611380982e-11,-12.58679611380982
4337,0.0001370110218356249,0.00013701103321304815,-1.1377423261296787e-11,-11.377423261296787
4338,0.00013701494331888297,0.00013701495471109485,-1.1392211887349707e-11,-11.392211887349706
4339,0.00013701886422162897,0.00013701887620914155,-1.1987512578686923e-11,-11.987512578686923
4340,0.0001370227853361983,0.00013702279770718827,-1.2370989981080216e-11,-12.370989981080216
4341,0.0001370267064535687,0.00013702671920523497,-1.2751666265845729e-11,-12.75166626584573
4342,0.00013703062758553544,0.0001370306407032817,-1.3117746262023721e-11,-13.117746262023722
4343,0.00013703454871578433,0.0001370345622013284,-1.34855440681238e-11,-13.4855440681238
4344,0.0001370384698576743,0.0001370384836993751,-1.3841700795497902e-11,-13.841700795497902
4345,0.00013704239105583515,0.00013704240519742182,-1.4141586671178485e-11,-14.141586671178485
4346,0.00013704631227502955,0.00013704632669546852,-1.4420438970502741e-11,-14.42043897050274
4347,0.0001370502334794919,0.00013705024819351522,-1.4714023327631567e-11,-14.714023327631567
4348,0.0001370541546790393,0.00013705416969156194,-1.5012522644258813e-11,-15.012522644258812
4349,0.00013705807588654573,0.00013705809118960864,-1.5303062914053006e-11,-15.303062914053006
4350,0.00013706199709407623,0.00013706201268765534,-1.559357911455897e-11,-15.593579114558969
4351,0.0001370659182983891,0.00013706593418570206,-1.588731298316738e-11,-15.887312983167382
4352,0.00013706983950338442,0.00013706985568374876,-1.6180364346508213e-11,-16.180364346508213
4353,0.00013707376074135615,0.0001370737771817955,-1.6440439348407193e-11,-16.440439348407192
4354,0.00013707768199394042,0.0001370776986798422,-1.668590177158101e-11,-16.685901771581012
4355,0.00013708160325144803,0.00013708162017788889,-1.6926440859794625e-11,-16.926440859794624
4356,0.00013708552450039885,0.0001370855416759356,-1.7175536769709093e-11,-17.175536769709094
4357,0.00013708944574988802,0.0001370894631739823,-1.742409429192976e-11,-17.42409429192976
4358,0.00013709336699384604,0.00013709338467202904,-1.767818300705863e-11,-17.67818300705863
4359,0.0001370972882429639,0.00013709730617007573,-1.792711184141832e-11,-17.92711184141832
4360,0.00013710120948370075,0.00013710122766812243,-1.8184421694096592e-11,-18.184421694096592
4361,0.00013710513073663064,0.00013710514916616916,-1.842953852782793e-11,-18.42953852782793
4362,0.00013710905204455555,0.00013710907066421586,-1.8619660317667166e-11,-18.619660317667165
4363,0.00013711297332888713,0.00013711299216226258,-1.8833375458086915e-11,-18.833375458086916
4364,0.0001371168946090387,0.00013711691366030928,-1.9051270577352355e-11,-19.051270577352355
4365,0.00013712081588555824,0.00013712083515835598,-1.9272797746790568e-11,-19.27279774679057
4366,0.00013712473715924982,0.0001371247566564027,-1.9497152894965383e-11,-19.49715289496538
4367,0.00013712865843476695,0.0001371286781544494,-1.9719682463522167e-11,-19.71968246352217
4368,0.00013713257969396198,0.0001371325996524961,-1.995853412657958e-11,-19.95853412657958
4369,0.0001371365009976261,0.00013713652115054283,-2.0152916722536468e-11,-20.152916722536467
4370,0.00013714042232300684,0.00013714044264858953,-2.0325582694768362e-11,-20.32558269476836
4371,0.00013714434363530642,0.00013714436414663625,-2.0511329837261838e-11,-20.511329837261837
4372,0.00013714826493711264,0.00013714828564468295,-2.0707570322061497e-11,-20.707570322061496
4373,0.00013715218624260007,0.00013715220714272965,-2.090012958811986e-11,-20.90012958811986
4374,0.00013715610753653454,0.00013715612864077638,-2.110424184147769e-11,-21.104241841477688
4375,0.00013716002884059272,0.00013716005013882307,-2.1298230357049932e-11,-21.29823035704993
4376,0.00013716395013177644,0.00013716397163686977,-2.1505093339739572e-11,-21.505093339739574
4377,0.00013716787146692734,0.0001371678931349165,-2.1667989159619385e-11,-21.667989159619385
4378,0.000137171792813446,0.0001371718146329632,-2.181951720103585e-11,-21.81951720103585
4379,0.00013717571415284012,0.00013717573613100992,-2.1978169805978262e-11,-21.97816980597826
4380,0.00013717963547922674,0.00013717965762905662,-2.214982988253958e-11,-22.149829882539578
4381,0.00013718355680302245,0.00013718357912710332,-2.2324080877032484e-11,-22.324080877032483
4382,0.00013718747812088296,0.00013718750062515004,-2.2504267092373173e-11,-22.504267092373173
4383,0.00013719139943462288,0.00013719142212319674,-2.26885738722805e-11,-22.6885738722805
4384,0.00013719532077393506,0.00013719534362124347,-2.2847308415802098e-11,-22.847308415802097
4385,0.00013719924214290654,0.00013719926511929017,-2.2976383633113398e-11,-22.976383633113397
4386,0.00013720316349566709,0.00013720318661733687,-2.3121669787097593e-11,-23.12166978709759
4387,0.00013720708484907295,0.0001372071081153836,-2.326631065105378e-11,-23.26631065105378
4388,0.00013721100619785555,0.0001372110296134303,-2.3415574742808823e-11,-23.415574742808822
4389,0.00013721492754244512,0.00013721495111147702,-2.356903190515079e-11,-23.56903190515079
4390,0.00013721884887529144,0.00013721887260952371,-2.3734232278063385e-11,-23.734232278063384
4391,0.00013722277020892533,0.0001372227941075704,-2.3898645086517886e-11,-23.898645086517885
4392,0.00013722669158913484,0.00013722671560561714,-2.4016482304365885e-11,-24.016482304365883
4393,0.00013723061297593703,0.00013723063710366384,-2.4127726814063652e-11,-24.127726814063653
4394,0.00013723453434317094,0.00013723455860171054,-2.425853960088163e-11,-24.258539600881633
4395,0.00013723845570969286,0.00013723848009975726,-2.4390064410371337e-11,-24.390064410371338
4396,0.00013724237707755113,0.00013724240159780396,-2.4520252832263237e-11,-24.520252832263235
4397,0.00013724629843748433,0.00013724632309585066,-2.4658366338355136e-11,-24.658366338355137
4398,0.00013725021978802955,0.00013725024459389738,-2.480586784263837e-11,-24.80586784263837
4399,0.00013725414118624448,0.00013725416609194408,-2.4905699606587686e-11,-24.905699606587685
4400,0.0001372580625870172,0.0001372580875899908,-2.5002973602086836e-11,-25.002973602086836
4401,0.00013726198397337024,0.0001372620090880375,-2.511466726963961e-11,-25.11466726963961
4402,0.00013726590535773878,0.0001372659305860842,-2.5228345433743845e-11,-25.228345433743847
4403,0.00013726982674269994,0.00013726985208413093,-2.5341431000045655e-11,-25.341431000045656
4404,0.000137273748116777,0.00013727377358217763,-2.5465400628011558e-11,-25.465400628011558
4405,0.00013727766948231756,0.00013727769508022436,-2.559790680309769e-11,-25.59790680309769
4406,0.00013728159087759986,0.00013728161657827105,-2.5700671198398306e-11,-25.700671198398307
4407,0.00013728551229010605,0.00013728553807631775,-2.578621171404133e-11,-25.78621171404133
4408,0.00013728943371470715,0.00013728945957436448,-2.5859657331034027e-11,-25.85965733103403
4409,0.00013729335511226886,0.00013729338107241118,-2.5960142326792265e-11,-25.960142326792266
4410,0.00013729727651115182,0.0001372973025704579,-2.6059306086678058e-11,-26.059306086678056
4411,0.0001373011979113013,0.0001373012240685046,-2.6157203308691007e-11,-26.157203308691006
4412,0.00013730511929646997,0.0001373051455665513,-2.627008133159195e-11,-26.27008133159195
4413,0.0001373090406902056,0.00013730906706459803,-2.637439242260678e-11,-26.37439242260678
4414,0.00013731296213675563,0.00013731298856264472,-2.6425889098453975e-11,-26.425889098453975
4415,0.00013731688356252082,0.00013731691006069145,-2.649817063467913e-11,-26.49817063467913
4416,0.00013732080497670142,0.00013732083155873815,-2.658203673559202e-11,-26.58203673559202
4417,0.00013732472639550202,0.00013732475305678485,-2.6661282834207517e-11,-26.661282834207515
4418,0.0001373286478022875,0.00013732867455483157,-2.675254408840355e-11,-26.75254408840355
4419,0.00013733256919954207,0.00013733259605287827,-2.68533362115322e-11,-26.8533362115322
4420,0.00013733649059980544,0.00013733651755092497,-2.695111953810693e-11,-26.95111953810693
4421,0.0001373404120641098,0.0001373404390489717,-2.6984861888383643e-11,-26.984861888383644
4422,0.0001373443335027138,0.0001373443605470184,-2.7044304600637822e-11,-27.044304600637822
4423,0.0001373482549367849,0.0001373482820450651,-2.7108280199544837e-11,-27.108280199544836
4424,0.00013735217636767292,0.00013735220354311182,-2.7175438907610052e-11,-27.17543890761005
4425,0.00013735609778948887,0.00013735612504115852,-2.7251669650248486e-11,-27.251669650248488
4426,0.00013736001920461443,0.00013736004653920524,-2.7334590814757947e-11,-27.33459081475795
4427,0.00013736394062945775,0.00013736396803725194,-2.7407794193880258e-11,-27.407794193880257
4428,0.00013736786210206693,0.00013736788953529864,-2.743323171814606e-11,-27.433231718146057
4429,0.00013737178355987116,0.00013737181103334536,-2.747347421281253e-11,-27.47347421281253
4430,0.00013737570500404453,0.00013737573253139206,-2.7527347541136976e-11,-27.527347541136976
4431,0.0001373796264482262,0.0001373796540294388,-2.7581212602419858e-11,-27.581212602419857
4432,0.0001373835478828979,0.0001373835755274855,-2.764458758042837e-11,-27.64458758042837
4433,0.0001373874693102938,0.00013738749702553219,-2.7715238395270944e-11,-27.715238395270944
4434,0.00013739139075218674,0.0001373914185235789,-2.7771392180234888e-11,-27.771392180234887
4435,0.0001373953122394802,0.0001373953400216256,-2.7782145405801817e-11,-27.782145405801817
4436,0.00013739923370823697,0.00013739926151967234,-2.7811435371437e-11,-27.811435371437
4437,0.00013740315516579948,0.00013740318301771903,-2.7851919561872773e-11,-27.851919561872773
4438,0.00013740707662177209,0.00013740710451576573,-2.7893993653479332e-11,-27.89399365347933
4439,0.00013741099806881444,0.00013741102601381246,-2.7944998020225056e-11,-27.944998020225057
4440,0.00013741491950616745,0.00013741494751185916,-2.8005691712050903e-11,-28.005691712050904
4441,0.00013741884096773397,0.00013741886900990588,-2.8042171916758632e-11,-28.042171916758633
4442,0.000137422762467037,0.00013742279050795258,-2.8040915597491264e-11,-28.040915597491264
4443,0.00013742668395649136,0.00013742671200599928,-2.8049507926813266e-11,-28.049507926813266
4444,0.0001374306054194214,0.000137430633504046,-2.8084624611763822e-11,-28.08462461176382
4445,0.00013743452688583265,0.0001374345550020927,-2.81162600590638e-11,-28.116260059063798
4446,0.00013743844834400838,0.0001374384765001394,-2.8156131024750813e-11,-28.156131024750813
4447,0.00013744236978947456,0.00013744239799818613,-2.8208711577509843e-11,-28.208711577509842
4448,0.00013744629128048362,0.00013744631949623283,-2.821574921512661e-11,-28.21574921512661
4449,0.00013745021278935312,0.00013745024099427953,-2.820492641088526e-11,-28.20492641088526
4450,0.00013745413427351,0.00013745416249232625,-2.8218816260442245e-11,-28.218816260442246
4451,0.00013745805575773672,0.00013745808399037295,-2.823263623316921e-11,-28.23263623316921
4452,0.0001374619772334178,0.00013746200548841968,-2.825500188741971e-11,-28.25500188741971
4453,0.00013746589870136409,0.00013746592698646637,-2.8285102294178826e-11,-28.285102294178827
4454,0.0001374698201631838,0.00013746984848451307,-2.832132928346917e-11,-28.321329283469172
4455,0.00013747374168049124,0.0001374737699825598,-2.8302068567400237e-11,-28.302068567400237
4456,0.0001374776631942502,0.0001374776914806065,-2.8286356309516577e-11,-28.286356309516577
4457,0.00013748158468702724,0.00013748161297865322,-2.829162599286078e-11,-28.29162599286078
4458,0.00013748550618140302,0.00013748553447669992,-2.8295296911681436e-11,-28.295296911681437
4459,0.0001374894276651833,0.00013748945597474662,-2.8309563331757978e-11,-28.30956333175798
4460,0.00013749334914101434,0.00013749337747279334,-2.8331779013742966e-11,-28.331779013742967
4461,0.00013749727062492553,0.00013749729897084004,-2.834591451640718e-11,-28.34591451640718
4462,0.0001375011921775025,0.00013750122046888677,-2.8291384269986425e-11,-28.291384269986423
4463,0.0001375051136567486,0.00013750514196693347,-2.831018487775841e-11,-28.31018487775841
4464,0.00013750903510254442,0.00013750906346498017,-2.836243575174184e-11,-28.36243575174184
4465,0.00013751295660445532,0.0001375129849630269,-2.835857157388394e-11,-28.35857157388394
4466,0.00013751687809683986,0.0001375169064610736,-2.8364233738414582e-11,-28.364233738414583
4467,0.00013752079957820968,0.0001375208279591203,-2.8380910610971102e-11,-28.380910610971103
4468,0.00013752472109074954,0.00013752474945716701,-2.8366417484220293e-11,-28.366417484220293
4469,0.0001375286426361041,0.0001375286709552137,-2.8319109623466495e-11,-28.319109623466495
4470,0.0001375325641553142,0.00013753259245326044,-2.8297946241005067e-11,-28.297946241005068
4471,0.00013753648567131017,0.00013753651395130714,-2.8279996975883972e-11,-28.27999697588397
4472,0.000137540407179604,0.00013754043544935384,-2.8269749828786106e-11,-28.269749828786107
4473,0.00013754432868274538,0.00013754435694740056,-2.826465518988265e-11,-28.26465518988265
4474,0.00013754825017313384,0.00013754827844544726,-2.8272313424822948e-11,-28.272313424822947
4475,0.00013755217172320365,0.00013755219994349396,-2.82202903146109e-11,-28.220290314610903
4476,0.00013755609326795076,0.00013755612144154068,-2.8173589932334347e-11,-28.173589932334348
4477,0.00013756001479210174,0.00013756004293958738,-2.8147485650837522e-11,-28.147485650837524
4478,0.00013756393631664214,0.0001375639644376341,-2.812099197813045e-11,-28.120991978130448
4479,0.00013756785782990358,0.0001375678859356808,-2.810577723351869e-11,-28.10577723351869
4480,0.00013757177933393098,0.0001375718074337275,-2.809979653038977e-11,-28.09979653038977
4481,0.00013757570085507268,0.00013757572893177423,-2.8076701560442896e-11,-28.076701560442896
4482,0.00013757962242185714,0.00013757965042982093,-2.8007963793228618e-11,-28.00796379322862
4483,0.0001375835439642586,0.00013758357192786766,-2.7963609055247182e-11,-27.963609055247183
4484,0.00013758746549892418,0.00013758749342591435,-2.7926990181081593e-11,-27.926990181081592
4485,0.0001375913870276809,0.00013759141492396105,-2.789628015454594e-11,-27.89628015454594
4486,0.00013759530854731797,0.00013759533642200778,-2.7874689813268988e-11,-27.874689813268986
4487,0.00013759923005299222,0.00013759925792005448,-2.7867062261250172e-11,-27.867062261250172
4488,0.00013760315162111495,0.0001376031794181012,-2.7796986263294396e-11,-27.796986263294396
4489,0.00013760707317956653,0.0001376071009161479,-2.7736581375822244e-11,-27.736581375822244
4490,0.00013761099473012185,0.0001376110224141946,-2.768407275987736e-11,-27.68407275987736
4491,0.00013761491627998026,0.00013761494391224133,-2.7632261069088948e-11,-27.632261069088948
4492,0.00013761883781185073,0.00013761886541028802,-2.759843729522908e-11,-27.59843729522908
4493,0.00013762275933448974,0.00013762278690833472,-2.7573844987871895e-11,-27.573844987871894
4494,0.00013762668087408103,0.00013762670840638145,-2.753230042060638e-11,-27.53230042060638
4495,0.0001376306024595578,0.00013763062990442815,-2.7444870357417147e-11,-27.444870357417148
4496,0.00013763452401934523,0.00013763455140247487,-2.738312965155333e-11,-27.383129651553332
4497,0.0001376384455722193,0.00013763847290052157,-2.7328302279527205e-11,-27.328302279527204
4498,0.0001376423671181514,0.00013764239439856827,-2.7280416864276124e-11,-27.280416864276123
4499,0.0001376462886547655,0.000137646315896615,-2.72418494890712e-11,-27.2418494890712
4500,0.00013765021019199582,0.0001376502373946617,-2.7202665880456486e-11,-27.202665880456486
4501,0.0001376541317726735,0.0001376541588927084,-2.712003490265849e-11,-27.12003490265849
4502,0.00013765805336153617,0.00013765808039075512,-2.702921895739975e-11,-27.02921895739975
4503,0.00013766197491686132,0.00013766200188880182,-2.6971940502417232e-11,-26.971940502417233
4504,0.0001376658964764941,0.00013766592338684854,-2.691035445799332e-11,-26.91035445799332
4505,0.00013766981802329587,0.00013766984488489524,-2.6861599377074635e-11,-26.861599377074636
4506,0.00013767373955973292,0.00013767376638294194,-2.6823209024979422e-11,-26.823209024979423
4507,0.00013767766113867826,0.00013767768788098866,-2.6742310412517678e-11,-26.74231041251768
4508,0.00013768158272724085,0.00013768160937903536,-2.6651794520210173e-11,-26.651794520210174
4509,0.00013768550429806267,0.0001376855308770821,-2.6579019428051048e-11,-26.579019428051048
4510,0.00013768942586785178,0.0001376894523751288,-2.650727701135616e-11,-26.507277011356162
4511,0.00013769334742722673,0.00013769337387317549,-2.6445948763103813e-11,-26.445948763103814
4512,0.0001376972689718399,0.0001376972953712222,-2.6399382306900615e-11,-26.399382306900616
4513,0.00013770119053565822,0.0001377012168692689,-2.6333610699989823e-11,-26.333610699989823
4514,0.00013770511213495335,0.00013770513836731564,-2.6232362290376884e-11,-26.232362290376884
4515,0.00013770903372338104,0.00013770905986536233,-2.614198129992469e-11,-26.14198129992469
4516,0.00013771295530355624,0.00013771298136340903,-2.6059852795623533e-11,-26.059852795623534
4517,0.00013771687687023652,0.00013771690286145576,-2.5991219247343086e-11,-25.991219247343086
4518,0.00013772079842919378,0.00013772082435950246,-2.5930308687977688e-11,-25.93030868797769
4519,0.00013772471998191,0.00013772474585754916,-2.587563914868282e-11,-25.875639148682822
4520,0.000137728641590725,0.00013772866735559588,-2.576487087478932e-11,-25.76487087478932
4521,0.0001377325631937761,0.00013773258885364258,-2.5659866490695293e-11,-25.659866490695293
4522,0.0001377364847753832,0.00013773651035168928,-2.5576306080584934e-11,-25.576306080584935
4523,0.00013774040635710573,0.000137740431849736,-2.549263028425837e-11,-25.492630284258368
4524,0.00013774432792307853,0.0001377443533477827,-2.5424704177895468e-11,-25.424704177895467
4525,0.0001377482494741141,0.00013774827484582943,-2.5371715341703335e-11,-25.371715341703336
4526,0.0001377521710778943,0.00013775219634387613,-2.5265981831648312e-11,-25.26598183164831
4527,0.0001377560926926132,0.00013775611784192283,-2.5149309643244757e-11,-25.149309643244756
4528,0.00013776001428944155,0.00013776003933996955,-2.5050528010414657e-11,-25.050528010414656
4529,0.00013776393587954747,0.00013776396083801625,-2.4958468783419674e-11,-24.958468783419672
4530,0.00013776785746090326,0.00013776788233606297,-2.487515971847795e-11,-24.875159718477953
4531,0.00013777177903194702,0.00013777180383410967,-2.4802162663029065e-11,-24.802162663029065
4532,0.00013777570060914663,0.00013777572533215637,-2.4723009751590294e-11,-24.723009751590293
4533,0.00013777962223529412,0.0001377796468302031,-2.459490898808657e-11,-24.59490898808657
4534,0.0001377835438455638,0.0001377835683282498,-2.448268601303319e-11,-24.482686013033188
4535,0.00013778746544142542,0.00013778748982629652,-2.4384871109070186e-11,-24.384871109070186
4536,0.0001377913870333125,0.00013779141132434322,-2.4291030727641188e-11,-24.29103072764119
4537,0.00013779530861428535,0.00013779533282238992,-2.4208104575801734e-11,-24.208104575801734
4538,0.00013779923018596884,0.00013779925432043664,-2.4134467813966026e-11,-24.134467813966026
4539,0.00013780315181502047,0.00013780317581848334,-2.4003462879418027e-11,-24.003462879418027
4540,0.00013780707343981344,0.00013780709731653007,-2.3876716636793443e-11,-23.876716636793443
4541,0.00013781099504242347,0.00013781101881457677,-2.3772153306143184e-11,-23.772153306143185
4542,0.00013781491663137485,0.00013781494031262347,-2.3681248618936626e-11,-23.681248618936625
4543,0.00013781883821720813,0.0001378188618106702,-2.359346207007308e-11,-23.59346207007308
4544,0.0001378227597879448,0.0001378227833087169,-2.3520772087784497e-11,-23.520772087784497
4545,0.00013782668143114032,0.0001378267048067636,-2.3375623275110502e-11,-23.375623275110502
4546,0.00013783060306037426,0.00013783062630481031,-2.3244436059072254e-11,-23.244436059072253
4547,0.00013783452467535712,0.000137834547802857,-2.3127499894544753e-11,-23.127499894544755
4548,0.00013783844628191926,0.0001378384693009037,-2.3018984457240404e-11,-23.018984457240403
4549,0.000137842367879412,0.00013784239079895044,-2.291953845242406e-11,-22.91953845242406
4550,0.00013784628945803418,0.00013784631229699714,-2.283896295931477e-11,-22.83896295931477
4551,0.00013785021108867645,0.00013785023379504386,-2.2706367418864573e-11,-22.706367418864573
4552,0.00013785413273104813,0.00013785415529309056,-2.256204243721134e-11,-22.56204243721134
4553,0.0001378580543529797,0.00013785807679113726,-2.2438157566750272e-11,-22.43815756675027
4554,0.00013786197596867052,0.00013786199828918398,-2.2320513472414246e-11,-22.320513472414248
4555,0.0001378658975739206,0.00013786591978723068,-2.221331008236893e-11,-22.21331008236893
4556,0.00013786981917043848,0.0001378698412852774,-2.2114838937935976e-11,-22.114838937935975
4557,0.00013787374078387345,0.0001378737627833241,-2.199945066174508e-11,-21.99945066174508
4558,0.00013787766243845742,0.0001378776842813708,-2.1842913389451296e-11,-21.842913389451297
4559,0.00013788158407122128,0.00013788160577941753,-2.1708196255084924e-11,-21.708196255084925
4560,0.00013788550569376299,0.00013788552727746423,-2.158370124985129e-11,-21.583701249851288
4561,0.00013788942730938404,0.00013788944877551096,-2.1466126923925063e-11,-21.466126923925064
4562,0.00013789334891395477,0.00013789337027355765,-2.1359602894961027e-11,-21.35960289496103
4563,0.00013789727052064007,0.00013789729177160435,-2.1250964292289884e-11,-21.250964292289883
4564,0.00013790119218518688,0.00013790121326965108,-2.108446420491797e-11,-21.084464204917968
4565,0.00013790511382069654,0.00013790513476769778,-2.0947001247234614e-11,-20.947001247234613
4566,0.00013790903545293534,0.0001379090562657445,-2.0812809164875323e-11,-20.812809164875322
4567,0.00013791295707164445,0.0001379129777637912,-2.0692146760111315e-11,-20.692146760111317
4568,0.00013791687868143913,0.0001379168992618379,-2.05803987740297e-11,-20.5803987740297
4569,0.0001379208002845755,0.00013792082075988462,-2.0475309144539863e-11,-20.475309144539864
4570,0.0001379247219608088,0.00013792474225793132,-2.029712252326589e-11,-20.29712252326589
4571,0.00013792864360493738,0.00013792866375597802,-2.0151040646202253e-11,-20.151040646202254
4572,0.00013793256524510298,0.00013793258525402475,-2.000892177202454e-11,-20.00892177202454
4573,0.00013793648687117994,0.00013793650675207145,-1.988089150876708e-11,-19.880891508767082
4574,0.00013794040848854637,0.00013794042825011814,-1.976157177997348e-11,-19.76157177997348
4575,0.00013794433008595836,0.00013794434974816487,-1.966220652111393e-11,-19.66220652111393
4576,0.00013794825177178743,0.00013794827124621157,-1.947442414140732e-11,-19.47442414140732
4577,0.00013795217342521903,0.0001379521927442583,-1.9319039267602672e-11,-19.319039267602673
4578,0.0001379560950706006,0.000137956114242305,-1.917170440519335e-11,-19.17170440519335
4579,0.00013796001670372704,0.0001379600357403517,-1.903662465941039e-11,-19.03662465941039
4580,0.00013796393832793362,0.00013796395723839842,-1.8910464807530794e-11,-18.910464807530794
4581,0.00013796785992838348,0.00013796787873644512,-1.8808061641288995e-11,-18.808061641288994
4582,0.00013797178161611102,0.00013797180023449184,-1.8618380823578362e-11,-18.618380823578363
4583,0.00013797570327808413,0.00013797572173253854,-1.8454454415323493e-11,-18.454454415323493
4584,0.00013797962492883051,0.00013797964323058524,-1.830175473082933e-11,-18.30175473082933
4585,0.00013798354656859854,0.00013798356472863196,-1.8160033433588268e-11,-18.160033433588268
4586,0.00013798746819917578,0.00013798748622667866,-1.802750289105831e-11,-18.02750289105831
4587,0.00013799138981087841,0.0001379914077247254,-1.7913846980203665e-11,-17.913846980203665
4588,0.00013799531149736894,0.0001379953292227721,-1.7725403155856675e-11,-17.725403155856675
4589,0.00013799923316702608,0.00013799925072081879,-1.7553792708649804e-11,-17.553792708649805
4590,0.00013800315818530528,0.0001380031722188655,-1.4033560236158981e-11,-14.033560236158982
4591,0.000138007086143274,0.0001380070937169122,-7.573638229118495e-12,-7.573638229118496
4592,0.00013801100881655784,0.0001380110152149589,-6.398401075430354e-12,-6.398401075430354
4593,0.00013801493027179533,0.00013801493671300563,-6.441210310319967e-12,-6.441210310319967
4594,0.00013801885120294995,0.00013801885821105233,-7.008102383968012e-12,-7.008102383968012
4595,0.0001380227723411353,0.00013802277970909906,-7.367963775955388e-12,-7.367963775955388
4596,0.0001380266934803457,0.00013802670120714576,-7.72680005478868e-12,-7.726800054788679
4597,0.00013803061461802982,0.00013803062270519246,-8.087162646335341e-12,-8.087162646335342
4598,0.00013803453579812645,0.00013803454420323918,-8.405112739672357e-12,-8.405112739672358
4599,0.0001380384569729568,0.00013803846570128588,-8.728329074011678e-12,-8.728329074011679
4600,0.0001380423781414599,0.00013804238719933258,-9.057872676704354e-12,-9.057872676704353
4601,0.00013804629932592365,0.0001380463086973793,-9.371455657900707e-12,-9.371455657900707
4602,0.00013805022051160094,0.000138050230195426,-9.683825064500342e-12,-9.683825064500342
4603,0.00013805414175829708,0.00013805415169347273,-9.935175654147657e-12,-9.935175654147656
4604,0.00013805806298805822,0.00013805807319151943,-1.0203461210678652e-11,-10.203461210678652
4605,0.00013806198421313973,0.00013806199468956612,-1.0476426400626529e-11,-10.47642640062653
4606,0.00013806590543993845,0.00013806591618761285,-1.0747674404068569e-11,-10.747674404068569
4607,0.00013806982666848494,0.00013806983768565955,-1.1017174619398453e-11,-11.017174619398453
4608,0.00013807374789512832,0.00013807375918370627,-1.1288577961906756e-11,-11.288577961906757
4609,0.00013807766910966425,0.00013807768068175297,-1.1572088725600476e-11,-11.572088725600477
4610,0.00013808159035096608,0.00013808160217979967,-1.1828833600526667e-11,-11.828833600526666
4611,0.0001380855116259401,0.0001380855236778464,-1.2051906300161757e-11,-12.051906300161757
4612,0.0001380894329025508,0.0001380894451758931,-1.2273342315302318e-11,-12.273342315302319
4613,0.00013809335416899713,0.00013809336667393982,-1.2504942698704876e-11,-12.504942698704877
4614,0.00013809727543198766,0.00013809728817198652,-1.2739998868112015e-11,-12.739998868112014
4615,0.00013810119669218116,0.00013810120967003322,-1.2977852062283732e-11,-12.977852062283732
4616,0.00013810511795190895,0.00013810513116807994,-1.3216171002603694e-11,-13.216171002603694
4617,0.00013810903919631465,0.00013810905266612664,-1.3469811996445438e-11,-13.469811996445438
4618,0.00013811296047615995,0.00013811297416417334,-1.3688013402824606e-11,-13.688013402824605
4619,0.00013811688178233612,0.00013811689566222007,-1.3879883956557953e-11,-13.879883956557952
4620,0.00013812080308908065,0.00013812081716026677,-1.4071186117302375e-11,-14.071186117302375
4621,0.00013812472437442548,0.00013812473865831346,-1.4283887989476773e-11,-14.283887989476773
4622,0.00013812864568566564,0.0001381286601563602,-1.4470694560123093e-11,-14.470694560123093
4623,0.00013813256697250712,0.0001381325816544069,-1.4681899772513537e-11,-14.681899772513537
4624,0.00013813648825300353,0.00013813650315245361,-1.4899450088383073e-11,-14.899450088383073
4625,0.0001381404095216029,0.0001381404246505003,-1.51288974089014e-11,-15.1288974089014
4626,0.00013814433083271483,0.000138144346148547,-1.5315832186454617e-11,-15.315832186454617
4627,0.0001381482521767747,0.00013814826764659374,-1.5469819035767954e-11,-15.469819035767953
4628,0.00013815217350400077,0.00013815218914464044,-1.5640639668797224e-11,-15.640639668797224
4629,0.00013815609481240224,0.00013815611064268716,-1.58302849246766e-11,-15.830284924676599
4630,0.00013816001613454888,0.00013816003214073386,-1.6006184990673855e-11,-16.006184990673855
4631,0.0001381639374409014,0.00013816395363878056,-1.6197879171818793e-11,-16.197879171818794
4632,0.0001381678587534763,0.00013816787513682728,-1.6383350981170566e-11,-16.383350981170565
4633,0.00013817178005037214,0.00013817179663487398,-1.6584501844714466e-11,-16.584501844714467
4634,0.00013817570139553685,0.0001381757181329207,-1.6737383864908986e-11,-16.737383864908985
4635,0.00013817962275680768,0.0001381796396309674,-1.6874159736570582e-11,-16.874159736570583
4636,0.000138183544098794,0.0001381835611290141,-1.7030220122538797e-11,-17.030220122538797
4637,0.00013818746543446594,0.00013818748262706083,-1.7192594901959568e-11,-17.192594901959566
4638,0.00013819138676434849,0.00013819140412510753,-1.7360759049930868e-11,-17.360759049930866
4639,0.0001381953081003482,0.00013819532562315425,-1.7522806047929842e-11,-17.52280604792984
4640,0.00013819922941065563,0.00013819924712120095,-1.7710545330600097e-11,-17.710545330600098
4641,0.00013820315076397432,0.00013820316861924765,-1.7855273337305896e-11,-17.855273337305896
4642,0.000138207072143762,0.00013820709011729438,-1.7973532391114155e-11,-17.973532391114155
4643,0.00013821099351038737,0.00013821101161534108,-1.8104953713506497e-11,-18.104953713506497
4644,0.00013821491486946589,0.00013821493311338777,-1.8243921896170967e-11,-18.243921896170967
4645,0.00013821883622747475,0.0001382188546114345,-1.838395975269881e-11,-18.38395975269881
4646,0.0001382227575766292,0.0001382227761094812,-1.85328520173188e-11,-18.532852017318802
4647,0.0001382266789355091,0.0001382266976075279,-1.8672018798716216e-11,-18.672018798716216
4648,0.0001382306002750788,0.00013823061910557462,-1.8830495817116793e-11,-18.830495817116795
4649,0.0001382345216722638,0.00013823454060362132,-1.893135751891986e-11,-18.93135751891986
4650,0.00013823844307019254,0.00013823846210166805,-1.9031475512242712e-11,-19.03147551224271
4651,0.0001382423644445645,0.00013824238359971475,-1.9155150264322754e-11,-19.155150264322753
4652,0.0001382462858182425,0.00013824630509776144,-1.9279518960003294e-11,-19.279518960003294
4653,0.00013825020718845893,0.00013825022659580817,-1.9407349242170038e-11,-19.40734924217004
4654,0.00013825412855061672,0.00013825414809385487,-1.9543238155139378e-11,-19.543238155139377
4655,0.00013825804989240674,0.0001382580695919016,-1.9699494863015976e-11,-19.699494863015975
4656,0.00013826197130587951,0.0001382619910899483,-1.9784068785317174e-11,-19.784068785317174
4657,0.00013826589271806046,0.000138265912587995,-1.986993453450689e-11,-19.86993453450689
4658,0.00013826981412150925,0.00013826983408604172,-1.9964532475098856e-11,-19.964532475098856
4659,0.00013827373551583133,0.00013827375558408842,-2.0068257094053535e-11,-20.068257094053536
4660,0.00013827765690753997,0.00013827767708213514,-2.017459518234499e-11,-20.17459518234499
4661,0.0001382815782926978,0.00013828159858018184,-2.0287484047267656e-11,-20.287484047267657
4662,0.00013828549967304115,0.00013828552007822854,-2.0405187393252408e-11,-20.405187393252408
4663,0.00013828942108699846,0.00013828944157627526,-2.0489276812707777e-11,-20.489276812707775
4664,0.00013829334250807954,0.00013829336307432196,-2.056624242757872e-11,-20.56624242757872
4665,0.0001382972639204946,0.0001382972845723687,-2.0651874097519396e-11,-20.651874097519396
4666,0.00013830118533037907,0.0001383012060704154,-2.0740036322435706e-11,-20.740036322435706
4667,0.0001383051067259149,0.00013830512756846209,-2.0842547204163342e-11,-20.842547204163342
4668,0.00013830902812964914,0.0001383090490665088,-2.0936859674323293e-11,-20.936859674323294
4669,0.00013831294951840715,0.0001383129705645555,-2.104614836461706e-11,-21.04614836461706
4670,0.0001383168709310586,0.0001383168920626022,-2.1131543624274024e-11,-21.131543624274023
4671,0.00013832079238371422,0.00013832081356064893,-2.1176934724007085e-11,-21.176934724007083
4672,0.00013832471381456507,0.00013832473505869563,-2.1244130565996708e-11,-21.24413056599671
4673,0.00013832863523700336,0.00013832865655674233,-2.1319738976588134e-11,-21.319738976588134
4674,0.00013833255665753283,0.00013833257805478906,-2.139725623352444e-11,-21.397256233524438
4675,0.00013833647806984803,0.00013833649955283575,-2.1482987731380146e-11,-21.482987731380145
4676,0.00013834039947330733,0.00013834042105088248,-2.157757515521104e-11,-21.57757515521104
4677,0.0001383443208986991,0.00013834434254892918,-2.16502300906644e-11,-21.650230090664397
4678,0.00013834824236528387,0.00013834826404697588,-2.168169201140667e-11,-21.68169201140667
4679,0.0001383521638099667,0.0001383521855450226,-2.173505590023532e-11,-21.73505590023532
4680,0.00013835608523879957,0.0001383561070430693,-2.1804269740623536e-11,-21.804269740623536
4681,0.0001383600066726391,0.00013836002854111603,-2.1868476925114594e-11,-21.868476925114592
4682,0.0001383639280983299,0.00013836395003916273,-2.194083283760878e-11,-21.94083283760878
4683,0.00013836784951449266,0.00013836787153720942,-2.202271677300488e-11,-22.02271677300488
4684,0.00013837177095471056,0.00013837179303525615,-2.2080545596115206e-11,-22.080545596115204
4685,0.00013837569243530009,0.00013837571453330285,-2.2098002768975264e-11,-22.098002768975263
4686,0.00013837961389238883,0.00013837963603134957,-2.213896075576041e-11,-22.13896075576041
4687,0.0001383835353420249,0.00013838355752939627,-2.21873713856489e-11,-22.1873713856489
4688,0.00013838745678828324,0.00013838747902744297,-2.2239159738985547e-11,-22.23915973898555
4689,0.00013839137822943936,0.0001383914005254897,-2.2296050347745913e-11,-22.29605034774591
4690,0.00013839529965631965,0.0001383953220235364,-2.2367216754931612e-11,-22.36721675493161
4691,0.00013839922113752774,0.0001383992435215831,-2.2384055363347213e-11,-22.384055363347212
4692,0.00013840314261269061,0.00013840316501962982,-2.240693921202605e-11,-22.40693921202605
4693,0.00013840706407939105,0.00013840708651767652,-2.243828547550157e-11,-22.43828547550157
4694,0.00013841098554225712,0.00013841100801572324,-2.2473466128380304e-11,-22.473466128380302
4695,0.00013841490699940102,0.00013841492951376994,-2.2514368929274872e-11,-22.514368929274873
4696,0.00013841882844875373,0.00013841885101181664,-2.2563062915401138e-11,-22.563062915401137
4697,0.00013842274988457118,0.00013842277250986337,-2.262529218986893e-11,-22.62529218986893
4698,0.00013842667137252903,0.00013842669400791007,-2.2635381043449615e-11,-22.635381043449616
4699,0.0001384305928713365,0.00013843061550595676,-2.2634620258785182e-11,-22.63462025878518
4700,0.00013843451434573,0.0001384345370040035,-2.265827348443067e-11,-22.65827348443067
4701,0.000138438435821921,0.0001384384585020502,-2.2680129184189337e-11,-22.680129184189337
4702,0.00013844235728877933,0.00013844238000009691,-2.2711317587828544e-11,-22.711317587828542
4703,0.00013844627874804572,0.0001384463014981436,-2.2750097900340146e-11,-22.750097900340148
4704,0.00013845020020341402,0.0001384502229961903,-2.2792776299132594e-11,-22.792776299132594
4705,0.0001384541217127034,0.00013845414449423704,-2.278153363759995e-11,-22.781533637599953
4706,0.00013845804321742082,0.00013845806599228374,-2.277486292110341e-11,-22.77486292110341
4707,0.00013846196470165183,0.00013846198749033046,-2.2788678638336848e-11,-22.788678638336847
4708,0.000138465886187503,0.00013846590898837716,-2.2800874178053834e-11,-22.800874178053835
4709,0.00013846980766286135,0.00013846983048642386,-2.2823562517975917e-11,-22.82356251797592
4710,0.00013847372913041464,0.00013847375198447058,-2.285405594802256e-11,-22.854055948022562
4711,0.00013847765060539657,0.00013847767348251728,-2.287712072293893e-11,-22.87712072293893
4712,0.00013848157213056984,0.000138481594980564,-2.2849994174318724e-11,-22.849994174318724
4713,0.0001384854936393071,0.0001384855164786107,-2.2839303615637365e-11,-22.839303615637366
4714,0.0001384894151346518,0.0001384894379766574,-2.2842005610081525e-11,-22.842005610081525
4715,0.0001384933366280826,0.00013849335947470413,-2.2846621546620774e-11,-22.846621546620774
4716,0.0001384972581215762,0.00013849728097275083,-2.2851174626539072e-11,-22.851174626539073
4717,0.00013850117957923513,0.00013850120247079753,-2.2891562404296656e-11,-22.891562404296657
4718,0.0001385051010667799,0.00013850512396884425,-2.290206436601011e-11,-22.902064366010112
4719,0.00013850902253852412,0.00013850904546689095,-2.2928366839664066e-11,-22.928366839664065
4720,0.00013851294405042464,0.00013851296696493765,-2.2914513012724263e-11,-22.914513012724264
4721,0.00013851686555746138,0.00013851688846298438,-2.2905522998045394e-11,-22.905522998045395
4722,0.0001385207870581712,0.00013852080996103107,-2.2902859872249118e-11,-22.902859872249117
4723,0.00013852470855032345,0.0001385247314590778,-2.290875435420027e-11,-22.90875435420027
4724,0.0001385286300198635,0.0001385286529571245,-2.2937261010870888e-11,-22.937261010870888
4725,0.00013853255155780132,0.0001385325744551712,-2.2897369879023466e-11,-22.897369879023465
4726,0.00013853647309679953,0.00013853649595321792,-2.2856418397451353e-11,-22.856418397451353
4727,0.00013854039461261782,0.00013854041745126462,-2.2838646805961274e-11,-22.838646805961275
4728,0.00013854431613005458,0.00013854433894931135,-2.2819256771678217e-11,-22.819256771678216
4729,0.00013854823763632598,0.00013854826044735805,-2.281103206820785e-11,-22.81103206820785
4730,0.0001385521591341195,0.00013855218194540474,-2.281128525652018e-11,-22.81128525652018
4731,0.00013855608064004978,0.00013855610344345147,-2.2803401697263387e-11,-22.803401697263386
4732,0.00013856000220009446,0.00013856002494149817,-2.274140371022404e-11,-22.741403710224038
4733,0.00013856392373469382,0.0001385639464395449,-2.270485108081119e-11,-22.70485108081119
4734,0.0001385678452527792,0.0001385678679375916,-2.268481239547339e-11,-22.68481239547339
4735,0.00013857176677484036,0.0001385717894356383,-2.2660797940769084e-11,-22.660797940769083
4736,0.0001385756882873401,0.00013857571093368502,-2.2646344929498657e-11,-22.646344929498657
4737,0.00013857960978621493,0.00013857963243173172,-2.264551678877426e-11,-22.64551678877426
4738,0.00013858353133231832,0.00013858355392977844,-2.2597460123790033e-11,-22.597460123790032
4739,0.0001385874528942507,0.00013858747542782514,-2.2533574459453226e-11,-22.533574459453227
4740,0.00013859137442936994,0.00013859139692587184,-2.249650190088856e-11,-22.49650190088856
4741,0.00013859529596667427,0.00013859531842391856,-2.2457244295475575e-11,-22.457244295475576
4742,0.00013859921749244557,0.00013859923992196526,-2.2429519700937025e-11,-22.429519700937025
4743,0.00013860313900945266,0.00013860316142001196,-2.241055930886987e-11,-22.41055930886987
4744,0.00013860706052990727,0.0001386070829180587,-2.2388151424944755e-11,-22.388151424944756
4745,0.0001386109821071097,0.00013861100441610539,-2.2308995694580336e-11,-22.308995694580336
4746,0.00013861490366438766,0.00013861492591415208,-2.2249764428854845e-11,-22.249764428854846
4747,0.00013861882520770872,0.0001386188474121988,-2.220449009769576e-11,-22.20449009769576
4748,0.00013862274674789643,0.0001386227689102455,-2.2162349083710106e-11,-22.162349083710104
4749,0.0001386266682780079,0.00013862669040829223,-2.2130284346559933e-11,-22.130284346559932
4750,0.00013863058979419075,0.00013863061190633893,-2.2112148192089356e-11,-22.112148192089357
4751,0.00013863451135878832,0.00013863453340438563,-2.204559731486709e-11,-22.04559731486709
4752,0.00013863843293781172,0.00013863845490243236,-2.1964620639848928e-11,-21.964620639848928
4753,0.00013864235449034533,0.00013864237640047905,-2.1910133734410017e-11,-21.910133734410017
4754,0.00013864627604574366,0.00013864629789852578,-2.185278212288591e-11,-21.85278212288591
4755,0.00013865019758546395,0.00013865021939657248,-2.1811108535561868e-11,-21.811108535561868
4756,0.000138654119117496,0.00013865414089461918,-2.1777123188473246e-11,-21.777123188473247
4757,0.00013865804065822567,0.0001386580623926659,-2.1734440236031674e-11,-21.734440236031674
4758,0.0001386619622503129,0.0001386619838907126,-2.1640399710881636e-11,-21.640399710881635
4759,0.0001386658838209816,0.00013866590538875933,-2.156777773517432e-11,-21.56777773517432
4760,0.00013866980538338684,0.00013866982688680603,-2.1503419196059983e-11,-21.503419196059983
4761,0.00013867372693897374,0.00013867374838485272,-2.1445878987567973e-11,-21.445878987567973
4762,0.00013867764849325448,0.00013867766988289945,-2.1389644971643265e-11,-21.389644971643264
4763,0.0001386815700251904,0.00013868159138094615,-2.1355755766182288e-11,-21.355755766182288
4764,0.00013868549161034265,0.00013868551287899287,-2.1268650231808336e-11,-21.268650231808337
4765,0.0001386894132044925,0.00013868943437703957,-2.1172547066235253e-11,-21.172547066235254
4766,0.00013869333476610696,0.00013869335587508627,-2.1108979317080473e-11,-21.108979317080472
4767,0.00013869725633346361,0.000138697277373133,-2.103966938927472e-11,-21.03966938927472
4768,0.00013870117787989826,0.0001387011988711797,-2.0991281446316692e-11,-20.99128144631669
4769,0.00013870509942919899,0.0001387051203692264,-2.09400274149157e-11,-20.940027414915697
4770,0.00013870902100027776,0.00013870904186727312,-2.0866995366841695e-11,-20.866995366841696
4771,0.00013871294260168907,0.00013871296336531982,-2.076363075721839e-11,-20.76363075721839
4772,0.00013871686417989737,0.00013871688486336652,-2.0683469158288448e-11,-20.683469158288446
4773,0.00013872078575156578,0.00013872080636141324,-2.0609847466862938e-11,-20.609847466862938
4774,0.000138724707321945,0.00013872472785945994,-2.053751494603062e-11,-20.537514946030623
4775,0.00013872862887825393,0.00013872864935750667,-2.04792527402069e-11,-20.4792527402069
4776,0.00013873255043442715,0.00013873257085555337,-2.0421126222285063e-11,-20.421126222285064
4777,0.00013873647204252088,0.00013873649235360006,-2.0311079186781752e-11,-20.311079186781754
4778,0.00013874039364028293,0.0001387404138516468,-2.0211363866145762e-11,-20.211363866145764
4779,0.00013874431521990354,0.0001387443353496935,-2.0129789958360886e-11,-20.129789958360885
4780,0.00013874823679768802,0.00013874825684774021,-2.0050052201165222e-11,-20.050052201165222
4781,0.000138752158364278,0.0001387521783457869,-1.9981508912715634e-11,-19.981508912715633
4782,0.00013875607991690008,0.0001387560998438336,-1.9926933536379448e-11,-19.926933536379448
4783,0.00013876000151835018,0.00013876002134188034,-1.9823530166528477e-11,-19.823530166528478
4784,0.00013876392313477056,0.00013876394283992703,-1.9705156485445532e-11,-19.70515648544553
4785,0.00013876784472212383,0.00013876786433797376,-1.9615849939346272e-11,-19.615849939346273
4786,0.0001387717663108939,0.00013877178583602046,-1.9525126557848007e-11,-19.525126557848008
4787,0.0001387756878870286,0.00013877570733406716,-1.9447038576888106e-11,-19.447038576888108
4788,0.00013877960945239638,0.00013877962883211388,-1.937971750954756e-11,-19.37971750954756
4789,0.0001387835310408841,0.00013878355033016058,-1.9289276481400066e-11,-19.289276481400066
4790,0.00013878745266836156,0.00013878747182820728,-1.9159845727091354e-11,-19.159845727091355
4791,0.00013879137426873553,0.000138791393326254,-1.9057518482106683e-11,-19.057518482106683
4792,0.00013879529586347043,0.0001387953148243007,-1.8960830281041327e-11,-18.96083028104133
4793,0.00013879921744982195,0.00013879923632234743,-1.8872525483539334e-11,-18.872525483539334
4794,0.0001388031390256974,0.00013880315782039413,-1.8794696735318875e-11,-18.794696735318876
4795,0.00013880706060747419,0.00013880707931844083,-1.8710966647568522e-11,-18.710966647568522
4796,0.00013881098223837113,0.00013881100081648755,-1.8578116428028007e-11,-18.578116428028007
4797,0.00013881490385316377,0.00013881492231453425,-1.846137048677167e-11,-18.46137048677167
4798,0.00013881882545350885,0.00013881884381258095,-1.835907210866984e-11,-18.359072108669842
4799,0.00013882274705015883,0.00013882276531062768,-1.826046885420217e-11,-18.26046885420217
4800,0.00013882666863371381,0.00013882668680867437,-1.8174960566468723e-11,-18.174960566468723
4801,0.00013883059020574005,0.0001388306083067211,-1.8100981061221238e-11,-18.100981061221237
4802,0.0001388345118555659,0.0001388345298047678,-1.794920189147657e-11,-17.94920189147657
4803,0.0001388384334743379,0.0001388384513028145,-1.782847660298656e-11,-17.82847660298656
4804,0.00013884235508633013,0.00013884237280086122,-1.7714531101731642e-11,-17.71453110173164
4805,0.00013884627669227088,0.00013884629429890792,-1.76066370477974e-11,-17.6066370477974
4806,0.0001388501982856176,0.00013885021579695465,-1.7511337059193693e-11,-17.511337059193693
4807,0.00013885411986466422,0.00013885413729500135,-1.743033712803893e-11,-17.430337128038932
4808,0.00013885804149162364,0.00013885805879304804,-1.730142440552823e-11,-17.30142440552823
4809,0.00013886196313446278,0.00013886198029109477,-1.7156631997213387e-11,-17.15663199721339
4810,0.00013886588474787583,0.00013886590178914147,-1.7041265649011428e-11,-17.04126564901143
4811,0.00013886980636221603,0.0001388698232871882,-1.6924972172426722e-11,-16.92497217242672
4812,0.00013887372796329096,0.0001388737447852349,-1.682194393652743e-11,-16.82194393652743
4813,0.00013887764955287699,0.0001388776662832816,-1.6730404611579208e-11,-16.730404611579207
4814,0.0001388815711710291,0.00013888158778132832,-1.6610299215681315e-11,-16.610299215681316
4815,0.0001388854928148066,0.00013888550927937502,-1.6464568430386184e-11,-16.464568430386183
4816,0.0001388894144385003,0.00013888943077742171,-1.6338921433239228e-11,-16.33892143323923
4817,0.00013889333606007065,0.00013889335227546844,-1.6215397791836977e-11,-16.215397791836978
4818,0.00013889725766946546,0.00013889727377351514,-1.610404968662163e-11,-16.10404968662163
4819,0.0001389011792677453,0.00013890119527156186,-1.6003816578133115e-11,-16.003816578133115
4820,0.00013890510088191145,0.00013890511676960856,-1.5887697115997093e-11,-15.887697115997092
4821,0.00013890902253993996,0.00013890903826765526,-1.572771530629627e-11,-15.727715306296268
4822,0.00013891294417351906,0.00013891295976570199,-1.559218293321135e-11,-15.592182933211351
4823,0.00013891686579900735,0.00013891688126374868,-1.5464741337523444e-11,-15.464741337523444
4824,0.00013892078741623105,0.00013892080276179538,-1.534556434394585e-11,-15.34556434394585
4825,0.00013892470902234093,0.0001389247242598421,-1.5237501181577753e-11,-15.237501181577754
4826,0.00013892863063462386,0.0001389286457578888,-1.5123264951510284e-11,-15.123264951510285
4827,0.00013893255229659063,0.00013893256725593553,-1.495934491294318e-11,-14.959344912943179
4828,0.0001389364739403347,0.00013893648875398223,-1.4813647548180014e-11,-14.813647548180015
4829,0.0001389403955707681,0.00013894041025202893,-1.4681260825068237e-11,-14.681260825068238
4830,0.00013894431719545854,0.00013894433175007566,-1.4554617120864116e-11,-14.554617120864116
4831,0.00013894823880870904,0.00013894825324812235,-1.4439413321672867e-11,-14.439413321672866
4832,0.00013895216042021834,0.00013895217474616908,-1.432595075117063e-11,-14.325950751170629
4833,0.0001389560820864093,0.00013895609624421578,-1.4157806498309194e-11,-14.157806498309194
4834,0.00013896000373850222,0.00013896001774226248,-1.400376026182186e-11,-14.00376026182186
4835,0.00013896392537404045,0.0001389639392403092,-1.3866268762516315e-11,-13.866268762516315
4836,0.00013896784700565606,0.0001389678607383559,-1.3732699852460714e-11,-13.732699852460714
4837,0.0001389717686254626,0.00013897178223640263,-1.361094004536277e-11,-13.61094004536277
4838,0.00013897569023701585,0.00013897570373444933,-1.3497433483357385e-11,-13.497433483357385
4839,0.00013897961190628152,0.00013897962523249602,-1.3326214514449944e-11,-13.326214514449944
4840,0.00013898353356806283,0.00013898354673054275,-1.3162479928664441e-11,-13.16247992866444
4841,0.00013898745520884583,0.00013898746822858945,-1.3019743628454552e-11,-13.019743628454552
4842,0.0001389913768470699,0.00013899138972663615,-1.2879566262212163e-11,-12.879566262212164
4843,0.00013899529847297316,0.00013899531122468287,-1.2751709715247791e-11,-12.751709715247792
4844,0.0001389992200854188,0.00013899923272272957,-1.2637310773539287e-11,-12.637310773539287
4845,0.000139003145126713,0.00013900315422077627,-9.094063263906757e-12,-9.094063263906756
4846,0.00013900707306511306,0.000139007075718823,-2.6537099405622985e-12,-2.6537099405622984
4847,0.00013901099579960227,0.0001390109972168697,-1.41726743293806e-12,-1.41726743293806
4848,0.00013901491728436012,0.00013901491871491642,-1.4305563092308346e-12,-1.4305563092308347
4849,0.00013901883819031824,0.00013901884021296312,-2.022644889001737e-12,-2.0226448890017372
4850,0.00013902275932287027,0.00013902276171100982,-2.388139551531859e-12,-2.388139551531859
4851,0.0001390266804540506,0.00013902668320905654,-2.7550059466506097e-12,-2.7550059466506096
4852,0.00013903060164895099,0.00013903060470710324,-3.0581522622093457e-12,-3.0581522622093456
4853,0.00013903452284055957,0.00013903452620514997,-3.364590405299128e-12,-3.364590405299128
4854,0.00013903844403912957,0.00013903844770319667,-3.664067103079815e-12,-3.664067103079815
4855,0.00013904236523898855,0.00013904236920124336,-3.962254820002689e-12,-3.962254820002689
4856,0.00013904628644130406,0.0001390462906992901,-4.257986032958308e-12,-4.257986032958308
4857,0.00013905020765190337,0.0001390502121973368,-4.5454334263201054e-12,-4.5454334263201055
4858,0.00013905412884866072,0.0001390541336953835,-4.846722801712971e-12,-4.846722801712971
4859,0.00013905805006084423,0.0001390580551934302,-5.1325859859653875e-12,-5.132585985965387
4860,0.0001390619713148417,0.0001390619766914769,-5.3766352058174785e-12,-5.376635205817479
4861,0.00013906589258440264,0.00013906589818952364,-5.6051210016391376e-12,-5.605121001639137
4862,0.00013906981384040283,0.00013906981968757033,-5.847167510343268e-12,-5.847167510343268
4863,0.00013907373509398487,0.00013907374118561706,-6.091632196467855e-12,-6.091632196467855
4864,0.0001390776563414182,0.00013907766268366376,-6.342245555742934e-12,-6.342245555742934
4865,0.00013908157759194958,0.00013908158418171046,-6.589760888625298e-12,-6.589760888625298
4866,0.00013908549884290215,0.00013908550567975718,-6.836855036068706e-12,-6.836855036068706
4867,0.00013908942008848557,0.00013908942717780388,-7.089318315300588e-12,-7.089318315300588
4868,0.00013909334138129304,0.00013909334867585058,-7.294557542606605e-12,-7.294557542606605
4869,0.00013909726268918854,0.0001390972701738973,-7.484708768534825e-12,-7.4847087685348255
4870,0.00013910118397877802,0.000139101191671944,-7.693165989203943e-12,-7.693165989203942
4871,0.00013910510526323887,0.0001391051131699907,-7.906751838514622e-12,-7.906751838514622
4872,0.00013910902654520657,0.00013910903466803743,-8.12283086493104e-12,-8.122830864931041
4873,0.0001391129478251523,0.00013911295616608413,-8.340931847083982e-12,-8.340931847083981
4874,0.00013911686909534268,0.00013911687766413085,-8.56878818222935e-12,-8.56878818222935
4875,0.00013912079038273141,0.00013912079916217755,-8.779446143573233e-12,-8.779446143573233
4876,0.00013912471170250486,0.00013912472066022425,-8.957719392600788e-12,-8.957719392600788
4877,0.00013912863303687073,0.00013912864215827098,-9.121400256168643e-12,-9.121400256168643
4878,0.0001391325543466668,0.00013913256365631767,-9.309650875688496e-12,-9.309650875688495
4879,0.00013913647565873684,0.0001391364851543644,-9.495627570886941e-12,-9.495627570886942
4880,0.0001391403969646177,0.0001391404066524111,-9.687793407081965e-12,-9.687793407081966
4881,0.0001391443182806037,0.0001391443281504578,-9.869854099558664e-12,-9.869854099558664
4882,0.00013914823957560712,0.00013914824964850452,-1.0072897410889583e-11,-10.072897410889583
4883,0.0001391521608979266,0.00013915217114655122,-1.024862462795549e-11,-10.248624627955492
4884,0.00013915608225020443,0.00013915609264459795,-1.0394393522956985e-11,-10.394393522956985
4885,0.0001391600035912528,0.00013916001414264465,-1.0551391852224617e-11,-10.551391852224617
4886,0.00013916392492195815,0.00013916393564069134,-1.0718733199167218e-11,-10.718733199167218
4887,0.00013916784625407405,0.00013916785713873807,-1.088466402618847e-11,-10.88466402618847
4888,0.00013917176758546288,0.00013917177863678477,-1.1051321892081536e-11,-11.051321892081535
4889,0.0001391756889125599,0.0001391757001348315,-1.122227159937944e-11,-11.222271599379441
4890,0.00013917961023221563,0.0001391796216328782,-1.1400662565657873e-11,-11.400662565657873
4891,0.00013918353160170504,0.0001391835431309249,-1.1529219859591377e-11,-11.529219859591377
4892,0.00013918745296978493,0.00013918746462897162,-1.1659186697664275e-11,-11.659186697664275
4893,0.00013919137432008533,0.00013919138612701831,-1.1806932987693003e-11,-11.806932987693003
4894,0.00013919529568171083,0.000139195307625065,-1.1943354189718924e-11,-11.943354189718924
4895,0.00013919921702601368,0.00013919922912311174,-1.2097098069325407e-11,-12.097098069325407
4896,0.0001392031383730519,0.00013920315062115844,-1.2248106533955763e-11,-12.248106533955763
4897,0.00013920705970692552,0.00013920707211920514,-1.2412279625309927e-11,-12.412279625309926
4898,0.00013921098107997474,0.00013921099361725186,-1.2537277131145455e-11,-12.537277131145455
4899,0.0001392149024756352,0.00013921491511529856,-1.2639663356728309e-11,-12.639663356728308
4900,0.00013921882385807644,0.00013921883661334529,-1.2755268852824464e-11,-12.755268852824464
4901,0.00013922274523611893,0.00013922275811139198,-1.287527306555461e-11,-12.875273065554609
4902,0.00013922666659282293,0.00013922667960943868,-1.301661575939704e-11,-13.016615759397041
4903,0.00013923058796647708,0.0001392306011074854,-1.314100833463043e-11,-13.14100833463043
4904,0.00013923450932301583,0.0001392345226055321,-1.3282516287989002e-11,-13.282516287989
4905,0.00013923843069827053,0.00013923844410357883,-1.340530830976526e-11,-13.40530830976526
4906,0.00013924235210742149,0.00013924236560162553,-1.3494204051661365e-11,-13.494204051661365
4907,0.00013924627351155378,0.00013924628709967223,-1.3588118456993689e-11,-13.588118456993689
4908,0.00013925019489117546,0.00013925020859771896,-1.3706543502154555e-11,-13.706543502154556
4909,0.0001392541162866578,0.00013925413009576565,-1.3809107862154349e-11,-13.809107862154349
4910,0.0001392580376715818,0.00013925805159381238,-1.392223058948562e-11,-13.92223058948562
4911,0.00013926195903526863,0.00013926197309185908,-1.4056590452131104e-11,-14.056590452131104
4912,0.00013926588041506224,0.00013926589458990578,-1.4174843542827414e-11,-14.174843542827414
4913,0.00013926980184760838,0.0001392698160879525,-1.4240344126300139e-11,-14.240344126300139
4914,0.00013927372327457826,0.0001392737375859992,-1.4311420951281336e-11,-14.311420951281336
4915,0.00013927764468069635,0.0001392776590840459,-1.440334955901959e-11,-14.40334955901959
4916,0.00013928156608740148,0.00013928158058209263,-1.4494691152596606e-11,-14.494691152596605
4917,0.00013928548748473593,0.00013928550208013932,-1.4595403397130196e-11,-14.595403397130196
4918,0.00013928940887712545,0.00013928942357818605,-1.470106060645733e-11,-14.70106060645733
4919,0.0001392933302643573,0.00013929334507623275,-1.481187544683414e-11,-14.811875446834142
4920,0.00013929725170576976,0.00013929726657427945,-1.4868509695990822e-11,-14.868509695990822
4921,0.00013930117314354829,0.00013930118807232617,-1.4928777892674077e-11,-14.928777892674077
4922,0.00013930509456144791,0.00013930510957037287,-1.500892496329491e-11,-15.008924963294909
4923,0.00013930901598276042,0.00013930903106841957,-1.5085659155212136e-11,-15.085659155212136
4924,0.00013931293739498143,0.0001393129525664663,-1.517148487023663e-11,-15.17148487023663
4925,0.000139316858800821,0.000139316874064513,-1.5263692009512997e-11,-15.263692009512997
4926,0.00013932078020005792,0.00013932079556255972,-1.5362501804494527e-11,-15.362501804494526
4927,0.00013932470165500105,0.00013932471706060642,-1.5405605373168915e-11,-15.405605373168916
4928,0.00013932862310763797,0.00013932863855865312,-1.5451015148284397e-11,-15.451015148284396
4929,0.000139332544539407,0.00013933256005669984,-1.5517292860769305e-11,-15.517292860769304
4930,0.00013933646597453028,0.00013933648155474654,-1.5580216268572977e-11,-15.580216268572977
4931,0.00013934038740023988,0.00013934040305279327,-1.5652553397264526e-11,-15.652553397264526
4932,0.00013934430881924864,0.00013934432455083996,-1.5731591329062905e-11,-15.731591329062905
4933,0.00013934823023259714,0.00013934824604888666,-1.5816289528038124e-11,-15.816289528038125
4934,0.00013935215170156128,0.0001393521675469334,-1.5845372112902767e-11,-15.845372112902767
4935,0.0001393560731666591,0.0001393560890449801,-1.5878320989819547e-11,-15.878320989819548
4936,0.0001393599946114747,0.0001393600105430268,-1.5931552118092176e-11,-15.931552118092176
4937,0.00013936391605901067,0.0001393639320410735,-1.5982062847588768e-11,-15.982062847588768
4938,0.00013936783749686108,0.0001393678535391202,-1.6042259134562933e-11,-16.042259134562933
4939,0.00013937175892776832,0.00013937177503716694,-1.610939862514464e-11,-16.109398625144642
4940,0.00013937568035738774,0.00013937569653521363,-1.6177825903961773e-11,-16.17782590396177
4941,0.00013937960184076084,0.00013937961803326033,-1.6192499496164192e-11,-16.192499496164192
4942,0.0001393835233162128,0.00013938353953130706,-1.621509426943879e-11,-16.21509426943879
4943,0.00013938744477340882,0.00013938746102935376,-1.6255944947313916e-11,-16.255944947313917
4944,0.00013939136623207144,0.00013939138252740046,-1.629532902491032e-11,-16.29532902491032
4945,0.00013939528768070115,0.00013939530402544718,-1.6344746038360363e-11,-16.344746038360363
4946,0.0001393992091221641,0.00013939922552349388,-1.640132979080086e-11,-16.40132979080086
4947,0.00013940313057023599,0.0001394031470215406,-1.6451304626268648e-11,-16.451304626268648
4948,0.00013940705206826596,0.0001394070685195873,-1.6451321350087158e-11,-16.45132135008716
4949,0.00013941097354301183,0.000139410990017634,-1.6474622182921533e-11,-16.474622182921532
4950,0.00013941489501199746,0.00013941491151568073,-1.6503683273478106e-11,-16.503683273478106
4951,0.00013941881648067925,0.00013941883301372743,-1.6533048184588464e-11,-16.533048184588463
4952,0.00013942273793945937,0.00013942275451177415,-1.657231478887948e-11,-16.57231478887948
4953,0.00013942665938968102,0.00013942667600982085,-1.6620139841174608e-11,-16.62013984117461
4954,0.00013943058085827997,0.00013943059750786755,-1.6649587585330944e-11,-16.649587585330945
4955,0.0001394345023706299,0.00013943451900591428,-1.66352843836957e-11,-16.6352843836957
4956,0.00013943842386055446,0.00013943844050396097,-1.664340652164055e-11,-16.64340652164055
4957,0.00013944234534169682,0.0001394423620020077,-1.666031088691791e-11,-16.660310886917912
4958,0.0001394462668190938,0.0001394462835000544,-1.668096060149507e-11,-16.68096060149507
4959,0.00013945018828776033,0.0001394502049981011,-1.6710340772751006e-11,-16.710340772751007
4960,0.00013945410974382631,0.00013945412649614782,-1.6752321514550514e-11,-16.752321514550513
4961,0.00013945803124239985,0.00013945804799419452,-1.675179467360985e-11,-16.751794673609847
4962,0.0001394619527618573,0.00013946196949224125,-1.6730383957527822e-11,-16.73038395752782
4963,0.00013946587425605846,0.00013946589099028795,-1.6734229487108357e-11,-16.734229487108358
4964,0.00013946979574966175,0.00013946981248833464,-1.6738672899976908e-11,-16.73867289997691
4965,0.00013947371723466493,0.00013947373398638137,-1.6751716448423104e-11,-16.751716448423103
4966,0.00013947763871159156,0.00013947765548442807,-1.677283651700774e-11,-16.77283651700774
4967,0.0001394815601797762,0.00013948157698247477,-1.6802698561919238e-11,-16.80269856191924
4968,0.00013948548170656739,0.0001394854984805215,-1.677395411260714e-11,-16.77395411260714
4969,0.00013948940322866697,0.0001394894199785682,-1.674990122293582e-11,-16.74990122293582
4970,0.00013949332472999891,0.0001394933414766149,-1.674661598193297e-11,-16.746615981932973
4971,0.00013949724623239971,0.00013949726297466161,-1.6742261907323433e-11,-16.74226190732343
4972,0.0001395011676988358,0.0001395011844727083,-1.677387252639366e-11,-16.77387252639366
4973,0.0001395050891888605,0.00013950510597075504,-1.678189453826788e-11,-16.78189453826788
4974,0.00013950901062391205,0.00013950902746880174,-1.6844889693150316e-11,-16.844889693150318
4975,0.00013951293216548112,0.00013951294896684844,-1.680136732428175e-11,-16.801367324281753
4976,0.00013951685368979129,0.00013951687046489516,-1.6775103881906006e-11,-16.775103881906006
4977,0.00013952077520128887,0.00013952079196294186,-1.6761652998703608e-11,-16.761652998703607
4978,0.0001395246967100533,0.00013952471346098859,-1.6750935280757828e-11,-16.75093528075783
4979,0.00013952861821382744,0.00013952863495903528,-1.6745207847256402e-11,-16.745207847256403
4980,0.00013953253969527384,0.00013953255645708198,-1.676180814803449e-11,-16.76180814803449
4981,0.0001395364612218993,0.0001395364779551287,-1.6733229419024456e-11,-16.733229419024457
4982,0.00013954038277183212,0.0001395403994531754,-1.6681343297756903e-11,-16.681343297756904
4983,0.0001395443042992714,0.00013954432095122213,-1.6651950739491147e-11,-16.65195073949115
4984,0.00013954822582312553,0.00013954824244926883,-1.662614331254915e-11,-16.62614331254915
4985,0.0001395521473365541,0.00013955216394731553,-1.66107614381725e-11,-16.6107614381725
4986,0.00013955606883418641,0.00013955608544536226,-1.6611175847347878e-11,-16.611175847347877
4987,0.00013955999033405354,0.00013956000694340895,-1.6609355417690166e-11,-16.609355417690168
4988,0.00013956391189194614,0.00013956392844145568,-1.6549509544858148e-11,-16.549509544858147
4989,0.00013956783343949865,0.00013956784993950238,-1.650000373525018e-11,-16.50000373525018
4990,0.00013957175496912753,0.00013957177143754908,-1.6468421549381926e-11,-16.468421549381926
4991,0.0001395756764977841,0.0001395756929355958,-1.643781170312701e-11,-16.43781170312701
4992,0.00013957959801563677,0.0001395796144336425,-1.6418005741785535e-11,-16.418005741785535
4993,0.0001395835195226269,0.0001395835359316892,-1.6409062293589974e-11,-16.409062293589972
4994,0.0001395874410608788,0.00013958745742973593,-1.636885712258329e-11,-16.36885712258329
4995,0.00013959136263179094,0.00013959137892778262,-1.6295991689278144e-11,-16.295991689278143
4996,0.00013959528417525715,0.00013959530042582932,-1.6250572183448164e-11,-16.250572183448163
4997,0.00013959920571540767,0.00013959922192387605,-1.620846838470208e-11,-16.20846838470208
4998,0.00013960312724693125,0.00013960314342192275,-1.61749915013273e-11,-16.1749915013273
4999,0.00013960704876949127,0.00013960706491996947,-1.6150478205203433e-11,-16.150478205203434
5000,0.00013961097028618205,0.00013961098641801617,-1.61318341291201e-11,-16.1318341291201
5001,0.00013961489186041352,0.00013961490791606287,-1.605564935665378e-11,-16.05564935665378
5002,0.00013961881342553176,0.0001396188294141096,-1.5988577845548288e-11,-15.988577845548289
5003,0.00013962273497140573,0.0001396227509121563,-1.5940750570638706e-11,-15.940750570638706
5004,0.00013962665651579223,0.00013962667241020302,-1.589441079400472e-11,-15.89441079400472
5005,0.00013963057805002448,0.00013963059390824972,-1.585822524834242e-11,-15.85822524834242
5006,0.00013963449957772259,0.00013963451540629642,-1.5828573836807982e-11,-15.828573836807982
5007,0.0001396384211249944,0.00013963843690434314,-1.5779348754247524e-11,-15.779348754247524
5008,0.00013964234271286074,0.00013964235840238984,-1.5689529109470135e-11,-15.689529109470135
5009,0.00013964626427316696,0.00013964627990043657,-1.5627269612866784e-11,-15.627269612866783
5010,0.00013965018582271448,0.00013965020139848326,-1.557576878994628e-11,-15.57576878994628
5011,0.00013965410736848196,0.00013965412289652996,-1.552804801079509e-11,-15.52804801079509
5012,0.00013965802891013275,0.0001396580443945767,-1.5484443947292828e-11,-15.484443947292828
5013,0.00013966195044008264,0.0001396619658926234,-1.5452540756266356e-11,-15.452540756266355
5014,0.00013966587203536303,0.00013966588739067009,-1.5355307065982967e-11,-15.355307065982968
5015,0.00013966979360660093,0.0001396698088887168,-1.5282115884135097e-11,-15.282115884135097
5016,0.0001396737151684959,0.0001396737303867635,-1.521826762477324e-11,-15.21826762477324
5017,0.000139677636718498,0.00013967765188481024,-1.516631225009192e-11,-15.16631225009192
5018,0.0001396815582709847,0.00013968157338285693,-1.511187223639697e-11,-15.11187223639697
5019,0.00013968547979922473,0.00013968549488090363,-1.508167891351167e-11,-15.08167891351167
5020,0.0001396894013850687,0.00013968941637895036,-1.4993881658151672e-11,-14.993881658151672
5021,0.00013969332297889917,0.00013969333787699706,-1.4898097898538603e-11,-14.898097898538603
5022,0.0001396972445464321,0.00013969725937504376,-1.482861165235455e-11,-14.828611652354551
5023,0.00013970116612132334,0.00013970118087309048,-1.4751767142866273e-11,-14.751767142866273
5024,0.0001397050876795416,0.00013970510237113718,-1.469159557570164e-11,-14.69159557570164
5025,0.00013970900922776253,0.0001397090238691839,-1.4641421382559388e-11,-14.641421382559388
5026,0.00013971293078935792,0.0001397129453672306,-1.457787268825779e-11,-14.57787268825779
5027,0.0001397168523924161,0.0001397168668652773,-1.4472861202639533e-11,-14.472861202639534
5028,0.00013972077398511571,0.00013972078836332403,-1.4378208320102475e-11,-14.378208320102475
5029,0.00013972469555981984,0.00013972470986137073,-1.430155088969906e-11,-14.30155088969906
5030,0.0001397286171295406,0.00013972863135941745,-1.4229876859056203e-11,-14.229876859056203
5031,0.0001397325386887997,0.00013973255285746415,-1.4168664457805985e-11,-14.168664457805985
5032,0.00013973646024099777,0.00013973647435551085,-1.4114513085834404e-11,-14.114513085834403
5033,0.00013974038184867148,0.00013974039585355758,-1.4004886097357769e-11,-14.004886097357769
5034,0.0001397443034454523,0.00013974431735160427,-1.3906151979687878e-11,-13.906151979687877
5035,0.00013974822503282452,0.000139748238849651,-1.3816826487155653e-11,-13.816826487155653
5036,0.0001397521466086158,0.0001397521603476977,-1.3739081900128833e-11,-13.739081900128832
5037,0.0001397560681766334,0.0001397560818457444,-1.3669111015573679e-11,-13.669111015573678
5038,0.0001397599897235427,0.00013976000334379112,-1.362024843600959e-11,-13.620248436009591
5039,0.00013976391134127143,0.00013976392484183782,-1.3500566393954999e-11,-13.500566393955
5040,0.00013976783295080336,0.00013976784633988452,-1.3389081164269886e-11,-13.389081164269886
5041,0.00013977175454454665,0.00013977176783793124,-1.329338460161654e-11,-13.29338460161654
5042,0.0001397756761310088,0.00013977568933597794,-1.3204969161282845e-11,-13.204969161282845
5043,0.0001397795977081473,0.00013977961083402467,-1.3125877371741548e-11,-13.125877371741549
5044,0.00013978351926883774,0.00013978353233207137,-1.3063233633888268e-11,-13.063233633888268
5045,0.0001397874408664319,0.00013978745383011807,-1.2963686174853633e-11,-12.963686174853633
5046,0.00013979136249137421,0.0001397913753281648,-1.283679058337979e-11,-12.83679058337979
5047,0.00013979528409263593,0.0001397952968262115,-1.2733575566551233e-11,-12.733575566551233
5048,0.0001397992056893754,0.0001397992183242582,-1.2634882784089168e-11,-12.634882784089168
5049,0.00013980312727434894,0.00013980313982230491,-1.254795598044335e-11,-12.547955980443351
5050,0.00013980704884814863,0.0001398070613203516,-1.2472202991492223e-11,-12.472202991492223
5051,0.00013981097042704867,0.00013981098281839834,-1.2391349671576235e-11,-12.391349671576235
5052,0.00013981489206668174,0.00013981490431644504,-1.2249763303295538e-11,-12.249763303295538
5053,0.00013981881367651608,0.00013981882581449174,-1.2137975662519465e-11,-12.137975662519464
5054,0.0001398227352831804,0.00013982274731253846,-1.2029358066265413e-11,-12.029358066265413
5055,0.0001398266568810653,0.00013982666881058516,-1.1929519878418226e-11,-11.929519878418226
5056,0.00013983057846746094,0.00013983059030863189,-1.1841170953887814e-11,-11.841170953887813
5057,0.00013983450003959984,0.00013983451180667858,-1.17670787458245e-11,-11.767078745824499
5058,0.00013983842167139147,0.00013983843330472528,-1.1633333815546195e-11,-11.633333815546196
5059,0.00013984234330311797,0.000139842354802772,-1.1499654045818458e-11,-11.499654045818458
5060,0.0001398462649100455,0.0001398462763008187,-1.1390773205276927e-11,-11.390773205276927
5061,0.00013985018651698852,0.00013985019779886543,-1.1281876914854438e-11,-11.281876914854438
5062,0.0001398541081110603,0.00013985411929691213,-1.1185851838942828e-11,-11.185851838942828
5063,0.0001398580296927751,0.00013985804079495883,-1.1102183740451687e-11,-11.102183740451688
5064,0.000139861951312607,0.00013986196229300556,-1.0980398563022908e-11,-10.980398563022908
5065,0.00013986587295691143,0.00013986588379105225,-1.0834140828366895e-11,-10.834140828366895
5066,0.00013986979457151238,0.00013986980528909895,-1.0717586574054652e-11,-10.717586574054652
5067,0.00013987371618223195,0.00013987372678714568,-1.0604913736414853e-11,-10.604913736414852
5068,0.0001398776377832718,0.00013987764828519238,-1.0501920574455842e-11,-10.501920574455841
5069,0.0001398815593665557,0.00013988156978323908,-1.0416683391475625e-11,-10.416683391475626
5070,0.00013988548099428565,0.0001398854912812858,-1.0287000153585995e-11,-10.287000153585995
5071,0.0001398894026412686,0.0001398894127793325,-1.0138063897462856e-11,-10.138063897462857
5072,0.0001398933242659498,0.00013989333427737923,-1.0011429436082256e-11,-10.011429436082256
5073,0.00013989724588493434,0.00013989725577542592,-9.890491589756328e-12,-9.890491589756328
5074,0.00013990116749278947,0.00013990117727347262,-9.780683160046127e-12,-9.780683160046127
5075,0.0001399050890862428,0.00013990509877151935,-9.685276567263812e-12,-9.685276567263811
5076,0.00013990901070304258,0.00013990902026956605,-9.566523469630605e-12,-9.566523469630605
5077,0.0001399129323611694,0.00013991294176761277,-9.406443377002846e-12,-9.406443377002846
5078,0.0001399168539925801,0.00013991686326565947,-9.273079381157845e-12,-9.273079381157844
5079,0.00013992077561933574,0.00013992078476370617,-9.144370434445464e-12,-9.144370434445465
5080,0.0001399246972437459,0.0001399247062617529,-9.01800699650293e-12,-9.01800699650293
5081,0.00013992861883760032,0.0001399286277597996,-8.92219927602185e-12,-8.92219927602185
5082,0.00013993254044336863,0.00013993254925784632,-8.814477691548195e-12,-8.814477691548195
5083,0.0001399364621024937,0.00013993647075589302,-8.653399319770119e-12,-8.653399319770118
5084,0.00013994038374956754,0.00013994039225393972,-8.504372180399871e-12,-8.504372180399871
5085,0.00013994430537858055,0.00013994431375198644,-8.373405897659322e-12,-8.373405897659323
5086,0.00013994822700366818,0.00013994823525003314,-8.246364968884256e-12,-8.246364968884256
5087,0.00013995214861699517,0.00013995215674807987,-8.131084706334793e-12,-8.131084706334793
5088,0.00013995607022156934,0.00013995607824612656,-8.024557235028859e-12,-8.024557235028858
5089,0.000139959991883824,0.00013995999974417326,-7.860349259469795e-12,-7.860349259469795
5090,0.00013996391352470638,0.00013996392124222,-7.717513619235852e-12,-7.717513619235852
5091,0.00013996783516478893,0.0001399678427402667,-7.575477767839497e-12,-7.575477767839497
5092,0.00013997175679188547,0.00013997176423831339,-7.446427920859033e-12,-7.446427920859033
5093,0.00013997567841001393,0.0001399756857363601,-7.326346187673554e-12,-7.326346187673554
5094,0.00013997960000428902,0.0001399796072344068,-7.230117796749549e-12,-7.230117796749549
5095,0.00013998352168992102,0.0001399835287324535,-7.042532497892842e-12,-7.042532497892842
5096,0.00013998744334545087,0.00013998745023050023,-6.8850493676237826e-12,-6.8850493676237825
5097,0.0001399913649895895,0.00013999137172854693,-6.7389574345849965e-12,-6.7389574345849965
5098,0.00013999528662310618,0.00013999529322659366,-6.6034874844401595e-12,-6.603487484440159
5099,0.00013999920824742985,0.00013999921472464036,-6.4772105116208814e-12,-6.477210511620881
5100,0.00014000313324196687,0.00014000313622268706,-2.980720196458744e-12,-2.980720196458744
5101,0.00014000706114702748,0.00014000705772073378,3.4262936932413504e-12,3.4262936932413504
5102,0.00014001098392659345,0.00014001097921878048,4.707812963283792e-12,4.707812963283792
5103,0.00014001490541725348,0.0001400149007168272,4.700426266777594e-12,4.700426266777594
5104,0.00014001882634302705,0.0001400188222148739,4.128153135117177e-12,4.128153135117177
5105,0.00014002274747773423,0.0001400227437129206,3.7648136225604675e-12,3.7648136225604674
5106,0.00014002666860697007,0.00014002666521096733,3.3960027379504185e-12,3.3960027379504183
5107,0.00014003058974560378,0.00014003058670901403,3.036589744876528e-12,3.036589744876528
5108,0.00014003451094714073,0.00014003450820706075,2.7400799663408473e-12,2.7400799663408475
5109,0.00014003843216407513,0.00014003842970510745,2.4589676746930997e-12,2.4589676746930995
5110,0.0001400423533749346,0.00014004235120315415,2.17178043564259e-12,2.17178043564259
5111,0.00014004627459595492,0.00014004627270120088,1.8947540411970168e-12,1.8947540411970167
5112,0.00014005019580916558,0.00014005019419924757,1.609918002977759e-12,1.609918002977759
5113,0.00014005411702712158,0.0001400541156972943,1.3298272737219816e-12,1.3298272737219816
5114,0.00014005803824393404,0.000140058037195341,1.0485930364348836e-12,1.0485930364348837
5115,0.0001400619594657332,0.0001400619586933877,7.723455057249698e-13,0.7723455057249697
5116,0.00014006588070500728,0.00014006588019143442,5.135728474755799e-13,0.5135728474755799
5117,0.00014006980198515053,0.00014006980168948112,2.956694069584656e-13,0.2956694069584656
5118,0.0001400737232504111,0.00014007372318752782,6.288328584996866e-14,0.06288328584996866
5119,0.00014007764451506234,0.00014007764468557454,-1.7051221108957376e-13,-0.17051221108957376
5120,0.00014008156577160254,0.00014008156618362124,-4.120187057966432e-13,-0.4120187057966432
5121,0.00014008548702954863,0.00014008548768166794,-6.521193155466506e-13,-0.6521193155466507
5122,0.0001400894082848403,0.00014008940917971467,-8.948743774755544e-13,-0.8948743774755544
5123,0.00014009332954249373,0.00014009333067776137,-1.13526764049697e-12,-1.13526764049697
5124,0.0001400972508144915,0.0001400972521758081,-1.361316610620805e-12,-1.361316610620805
5125,0.0001401011721352395,0.0001401011736738548,-1.5386152974205672e-12,-1.5386152974205671
5126,0.00014010509343067277,0.0001401050951719015,-1.741228722590096e-12,-1.741228722590096
5127,0.00014010901471613637,0.00014010901666994821,-1.9538118475215524e-12,-1.9538118475215525
5128,0.00014011293600793578,0.0001401129381679949,-2.1600591389024923e-12,-2.160059138902492
5129,0.00014011685730165124,0.00014011685966604164,-2.3643904010991615e-12,-2.3643904010991617
5130,0.00014012077858157118,0.00014012078116408834,-2.5825171601587535e-12,-2.5825171601587535
5131,0.0001401246998554763,0.00014012470266213504,-2.8066587476106433e-12,-2.8066587476106433
5132,0.00014012862117691679,0.00014012862416018176,-2.9832649815878934e-12,-2.9832649815878933
5133,0.00014013254251786067,0.00014013254565822846,-3.140367800839899e-12,-3.140367800839899
5134,0.00014013646383880245,0.00014013646715627519,-3.3174727407114382e-12,-3.3174727407114384
5135,0.0001401403851493278,0.00014014038865432188,-3.504994098745023e-12,-3.504994098745023
5136,0.00014014430647279165,0.00014014431015236858,-3.679576940417872e-12,-3.679576940417872
5137,0.00014014822778174883,0.0001401482316504153,-3.86866648847374e-12,-3.8686664884737403
5138,0.0001401521490877147,0.000140152153148462,-4.060747323218441e-12,-4.0607473232184415
5139,0.00014015607040165746,0.0001401560746465087,-4.244851248899298e-12,-4.244851248899297
5140,0.0001401599917584158,0.00014015999614455543,-4.386139624212887e-12,-4.386139624212887
5141,0.0001401639131130791,0.00014016391764260213,-4.529523030489424e-12,-4.529523030489424
5142,0.00014016783444415837,0.00014016783914064886,-4.696490490312843e-12,-4.6964904903128435
5143,0.00014017175578826872,0.00014017176063869555,-4.8504268429099964e-12,-4.850426842909997
5144,0.0001401756771202752,0.00014017568213674225,-5.016467065930452e-12,-5.016467065930452
5145,0.00014017959844595098,0.00014017960363478898,-5.188837999646159e-12,-5.188837999646159
5146,0.0001401835197681401,0.00014018352513283568,-5.364695592023308e-12,-5.364695592023308
5147,0.00014018744114393402,0.00014018744663088238,-5.486948358744026e-12,-5.4869483587440255
5148,0.00014019136251036487,0.0001401913681289291,-5.61856424121622e-12,-5.61856424121622
5149,0.00014019528388285513,0.0001401952896269758,-5.744120680376718e-12,-5.744120680376718
5150,0.00014019920523253808,0.00014019921112502252,-5.8924844506477306e-12,-5.89248445064773
5151,0.00014020312659242137,0.00014020313262306922,-6.030647857144619e-12,-6.030647857144619
5152,0.00014020704794834684,0.00014020705412111592,-6.172769089462057e-12,-6.172769089462057
5153,0.00014021096929636866,0.00014021097561916265,-6.322793992986589e-12,-6.322793992986589
5154,0.00014021489065834468,0.00014021489711720935,-6.4588646724501456e-12,-6.4588646724501455
5155,0.0001402188120473009,0.00014021881861525607,-6.567955170586781e-12,-6.567955170586781
5156,0.0001402227334391523,0.00014022274011330277,-6.6741504694521195e-12,-6.67415046945212
5157,0.00014022665480859048,0.00014022666161134947,-6.802758991938273e-12,-6.802758991938274
5158,0.00014023057618503976,0.0001402305831093962,-6.924356439760887e-12,-6.924356439760887
5159,0.0001402344975442404,0.0001402345046074429,-7.063202487050626e-12,-7.063202487050626
5160,0.00014023841891092198,0.00014023842610548962,-7.194567647770433e-12,-7.194567647770433
5161,0.00014024234027546647,0.00014024234760353632,-7.328069852287372e-12,-7.3280698522873715
5162,0.00014024626168599399,0.00014024626910158302,-7.415589036895181e-12,-7.415589036895181
5163,0.00014025018309939786,0.00014025019059962974,-7.500231887349495e-12,-7.5002318873494955
5164,0.0001402541044898704,0.00014025411209767644,-7.607806047432747e-12,-7.607806047432747
5165,0.00014025802587148978,0.00014025803359572314,-7.724233368775646e-12,-7.7242333687756455
5166,0.00014026194726650097,0.00014026195509376986,-7.827268895934547e-12,-7.827268895934547
5167,0.00014026586864662944,0.00014026587659181656,-7.945187130789885e-12,-7.945187130789885
5168,0.00014026979001385,0.00014026979808986326,-8.07601328039964e-12,-8.076013280399641
5169,0.00014027371143894622,0.00014027371958791,-8.14896376936522e-12,-8.148963769365219
5170,0.00014027763286832167,0.00014027764108595669,-8.217635020776215e-12,-8.217635020776214
5171,0.00014028155427599052,0.0001402815625840034,-8.308012894147162e-12,-8.308012894147163
5172,0.00014028547568499476,0.0001402854840820501,-8.39705535570226e-12,-8.397055355702259
5173,0.00014028939708694117,0.0001402894055800968,-8.493155648139586e-12,-8.493155648139586
5174,0.00014029331848226234,0.00014029332707814353,-8.595881201897373e-12,-8.595881201897374
5175,0.00014029723987542156,0.00014029724857619023,-8.700768681892151e-12,-8.700768681892152
5176,0.00014030116129791725,0.00014030117007423696,-8.776319711083599e-12,-8.7763197110836
5177,0.00014030508274382516,0.00014030509157228366,-8.82845850566745e-12,-8.828458505667449
5178,0.00014030900416742132,0.00014030901307033036,-8.90290904254877e-12,-8.902909042548771
5179,0.0001403129255898376,0.00014031293456837708,-8.978539489549353e-12,-8.978539489549354
5180,0.00014031684700620774,0.00014031685606642378,-9.06021604417491e-12,-9.06021604417491
5181,0.00014032076841548067,0.0001403207775644705,-9.148989840431665e-12,-9.148989840431664
5182,0.0001403246898124917,0.0001403246990625172,-9.250025502473308e-12,-9.250025502473308
5183,0.00014032861125485912,0.0001403286205605639,-9.305704786356464e-12,-9.305704786356463
5184,0.00014033253271510137,0.00014033254205861063,-9.34350926270272e-12,-9.343509262702721
5185,0.000140336454152492,0.00014033646355665733,-9.404165332713182e-12,-9.404165332713182
5186,0.00014034037558799492,0.00014034038505470405,-9.466709134231213e-12,-9.466709134231213
5187,0.00014034429701740656,0.00014034430655275075,-9.535344200394702e-12,-9.535344200394702
5188,0.00014034821843946353,0.00014034822805079745,-9.611333924890192e-12,-9.611333924890191
5189,0.00014035213984869483,0.00014035214954884417,-9.70014935451037e-12,-9.700149354510371
5190,0.00014035606130646352,0.00014035607104689087,-9.74042735679799e-12,-9.740427356797989
5191,0.00014035998277877395,0.00014035999254493757,-9.766163632972419e-12,-9.766163632972418
5192,0.00014036390422768498,0.0001403639140429843,-9.815299323063756e-12,-9.815299323063755
5193,0.00014036782567619725,0.000140367835541031,-9.864833755609078e-12,-9.864833755609078
5194,0.00014037174711739386,0.0001403717570390777,-9.921683842313247e-12,-9.921683842313247
5195,0.00014037566855121847,0.00014037567853712442,-9.985905961689231e-12,-9.985905961689232
5196,0.00014037958997085157,0.00014037960003517112,-1.0064319555666584e-11,-10.064319555666584
5197,0.00014038351144842406,0.00014038352153321784,-1.0084793792122126e-11,-10.084793792122126
5198,0.0001403874329306661,0.00014038744303126454,-1.0100598451135936e-11,-10.100598451135935
5199,0.00014039135438900235,0.00014039136452931124,-1.0140308900691314e-11,-10.140308900691313
5200,0.00014039527585036843,0.00014039528602735797,-1.017698954727568e-11,-10.17698954727568
5201,0.0001403991973020416,0.00014039920752540467,-1.0223363069702285e-11,-10.223363069702284
5202,0.00014040311874637343,0.0001404031290234514,-1.0277077968984277e-11,-10.277077968984276
5203,0.00014040704018261063,0.0001404070505214981,-1.0338887467475938e-11,-10.338887467475937
5204,0.00014041096167620437,0.0001404109720195448,-1.0343340421323607e-11,-10.343340421323607
5205,0.00014041488316634317,0.00014041489351759151,-1.0351248348024228e-11,-10.351248348024228
5206,0.00014041880463547206,0.0001404188150156382,-1.0380166161263707e-11,-10.380166161263707
5207,0.00014042272610674967,0.00014042273651368494,-1.04069352755327e-11,-10.4069352755327
5208,0.00014042664756774677,0.00014042665801173164,-1.0443984876116363e-11,-10.443984876116364
5209,0.0001404305690129118,0.00014043057950977834,-1.0496866538923746e-11,-10.496866538923745
5210,0.00014043449046882467,0.00014043450100782506,-1.0539000397175063e-11,-10.539000397175062
5211,0.00014043841197645878,0.00014043842250587176,-1.0529412987099154e-11,-10.529412987099153
5212,0.00014044233347262853,0.00014044234400391849,-1.0531289957900161e-11,-10.53128995790016
5213,0.00014044625495264617,0.00014044626550196518,-1.0549319020301151e-11,-10.549319020301152
5214,0.00014045017643241336,0.00014045018700001188,-1.0567598533403985e-11,-10.567598533403984
5215,0.0001404540979018589,0.0001404541084980586,-1.059619970539899e-11,-10.59619970539899
5216,0.00014045801936288642,0.0001404580299961053,-1.0633218894111715e-11,-10.633218894111716
5217,0.00014046194084105817,0.000140461951494152,-1.0653093837816416e-11,-10.653093837816416
5218,0.00014046586236370068,0.00014046587299219873,-1.0628498061012278e-11,-10.628498061012278
5219,0.00014046978386385032,0.00014046979449024543,-1.0626395115373471e-11,-10.626395115373471
5220,0.0001404737053550375,0.00014047371598829213,-1.0633254645678352e-11,-10.633254645678353
5221,0.00014047762684215144,0.00014047763748633885,-1.0644187415125045e-11,-10.644187415125044
5222,0.00014048154832037413,0.00014048155898438555,-1.0664011428432693e-11,-10.664011428432692
5223,0.00014048546978542698,0.00014048548048243228,-1.0697005299739631e-11,-10.697005299739631
5224,0.00014048939129634904,0.00014048940198047898,-1.0684129938155442e-11,-10.684129938155442
5225,0.00014049331282441616,0.00014049332347852567,-1.06541095184116e-11,-10.6541095184116
5226,0.0001404972343268272,0.0001404972449765724,-1.0649745198091531e-11,-10.649745198091532
5227,0.0001405011558042069,0.0001405011664746191,-1.0670412205693341e-11,-10.67041220569334
5228,0.0001405050773134216,0.00014050508797266582,-1.0659244218585328e-11,-10.659244218585329
5229,0.00014050899874182851,0.00014050900947071252,-1.072888401490206e-11,-10.728884014902059
5230,0.00014051292021966403,0.00014051293096875922,-1.0749095196805502e-11,-10.749095196805502
5231,0.0001405168417559944,0.00014051685246680595,-1.0710811557309116e-11,-10.710811557309116
5232,0.00014052076328600338,0.00014052077396485265,-1.0678849277264243e-11,-10.678849277264243
5233,0.0001405246847959141,0.00014052469546289937,-1.0666985286571603e-11,-10.666985286571604
5234,0.0001405286063062878,0.00014052861696094607,-1.0654658287341204e-11,-10.654658287341203
5235,0.00014053252780552866,0.00014053253845899277,-1.0653464119963374e-11,-10.653464119963374
5236,0.00014053644929621663,0.0001405364599570395,-1.0660822871158576e-11,-10.660822871158576
5237,0.0001405403708014799,0.0001405403814550862,-1.0653606285973241e-11,-10.653606285973241
5238,0.00014054429235302958,0.0001405443029531329,-1.0600103321110915e-11,-10.600103321110915
5239,0.00014054821388096515,0.00014054822445117962,-1.0570214469300704e-11,-10.570214469300703
5240,0.00014055213540538168,0.00014055214594922632,-1.0543844639586783e-11,-10.543844639586784
5241,0.00014055605691766173,0.00014055606744727304,-1.0529611314781556e-11,-10.529611314781556
5242,0.00014055997842940939,0.00014055998894531974,-1.0515910360348074e-11,-10.515910360348073
5243,0.00014056389992009603,0.00014056391044336644,-1.0523270412585883e-11,-10.523270412585884
5244,0.00014056782146766597,0.00014056783194141316,-1.0473747201533045e-11,-10.473747201533046
5245,0.0001405717430204966,0.00014057175343945986,-1.0418963278908982e-11,-10.418963278908983
5246,0.00014057566454878922,0.00014057567493750656,-1.0388717345113263e-11,-10.388717345113262
5247,0.00014057958607464788,0.0001405795964355533,-1.0360905418089719e-11,-10.360905418089718
5248,0.00014058350759911035,0.00014058351793359999,-1.0334489645308739e-11,-10.33448964530874
5249,0.00014058742911458934,0.0001405874394316467,-1.0317057381993594e-11,-10.317057381993594
5250,0.00014059135063156355,0.0001405913609296934,-1.029812986835732e-11,-10.29812986835732
5251,0.00014059527219928384,0.0001405952824277401,-1.0228456272037861e-11,-10.22845627203786
5252,0.00014059919374809042,0.00014059920392578683,-1.0177696419987086e-11,-10.177696419987086
5253,0.00014060311528807634,0.00014060312542383353,-1.0135757203130785e-11,-10.135757203130785
5254,0.00014060703681625133,0.00014060704692188026,-1.0105628932375834e-11,-10.105628932375835
5255,0.00014061095834366058,0.00014061096841992696,-1.0076266379405202e-11,-10.076266379405201
5256,0.00014061487984554202,0.00014061488991797366,-1.0072431637636284e-11,-10.072431637636283
5257,0.00014061880140562235,0.00014061881141602038,-1.001039803455557e-11,-10.01039803455557
5258,0.0001406227229756306,0.00014062273291406708,-9.93843647349657e-12,-9.93843647349657
5259,0.0001406266445247279,0.0001406266544121138,-9.887385919738298e-12,-9.887385919738298
5260,0.00014063056606512312,0.0001406305759101605,-9.845037389456829e-12,-9.845037389456829
5261,0.00014063448759911557,0.0001406344974082072,-9.809091642210027e-12,-9.809091642210026
5262,0.00014063840912839978,0.00014063841890625393,-9.77785415131746e-12,-9.777854151317461
5263,0.00014064233065461096,0.00014064234040430063,-9.749689668852479e-12,-9.74968966885248
5264,0.0001406462522427836,0.00014064626190234732,-9.659563736961363e-12,-9.659563736961363
5265,0.00014065017380589378,0.00014065018340039405,-9.59450027669953e-12,-9.594500276699529
5266,0.00014065409535148957,0.00014065410489844075,-9.546951180962354e-12,-9.546951180962354
5267,0.00014065801689723263,0.00014065802639648745,-9.4992548234651e-12,-9.4992548234651
5268,0.00014066193843967508,0.00014066194789453417,-9.454859102641544e-12,-9.454859102641544
5269,0.00014066585994536152,0.00014066586939258087,-9.447219353348288e-12,-9.447219353348288
5270,0.00014066978153561894,0.0001406697908906276,-9.355008663309808e-12,-9.355008663309807
5271,0.00014067370312297796,0.0001406737123886743,-9.265696343833979e-12,-9.265696343833978
5272,0.0001406776246816572,0.000140677633886721,-9.20506380101066e-12,-9.20506380101066
5273,0.00014068154623601888,0.00014068155538476772,-9.148748849393775e-12,-9.148748849393776
5274,0.0001406854677820677,0.00014068547688281442,-9.100746719778826e-12,-9.100746719778826
5275,0.00014068938931141304,0.00014068939838086114,-9.069448106988786e-12,-9.069448106988787
5276,0.00014069331088027904,0.00014069331987890784,-8.998628807128608e-12,-8.998628807128608
5277,0.000140697232473773,0.00014069724137695454,-8.903181556764825e-12,-8.903181556764824
5278,0.0001407011540444758,0.00014070116287500127,-8.830525482899184e-12,-8.830525482899185
5279,0.0001407050756111426,0.00014070508437304797,-8.761905378725676e-12,-8.761905378725675
5280,0.00014070899717148706,0.0001407090058710947,-8.69960763689069e-12,-8.699607636890692
5281,0.0001407129187107035,0.0001407129273691414,-8.658437905421257e-12,-8.658437905421257
5282,0.00014071684025040245,0.0001407168488671881,-8.616785649774958e-12,-8.616785649774958
5283,0.00014072076185780928,0.00014072077036523481,-8.50742553766308e-12,-8.50742553766308
5284,0.0001407246834456919,0.0001407246918632815,-8.417589629853103e-12,-8.417589629853103
5285,0.00014072860502270133,0.00014072861336132824,-8.33862691458044e-12,-8.338626914580441
5286,0.00014073252658835313,0.00014073253485937494,-8.271021813375759e-12,-8.271021813375759
5287,0.00014073644814632542,0.00014073645635742164,-8.211096224579009e-12,-8.21109622457901
5288,0.0001407403696837459,0.00014074037785546836,-8.171722474008297e-12,-8.171722474008297
5289,0.00014074429128860185,0.00014074429935351506,-8.064913218557734e-12,-8.064913218557734
5290,0.0001407482128886064,0.00014074822085156176,-7.962955361253229e-12,-7.962955361253229
5291,0.00014075213447202738,0.00014075214234960848,-7.877581108013356e-12,-7.877581108013357
5292,0.00014075605604880489,0.00014075606384765518,-7.798850303585389e-12,-7.798850303585389
5293,0.00014075997761611608,0.00014075998534570188,-7.729585803850663e-12,-7.7295858038506635
5294,0.00014076389916823525,0.0001407639068437486,-7.67551336179724e-12,-7.67551336179724
5295,0.00014076782074842298,0.0001407678283417953,-7.59337233496099e-12,-7.59337233496099
5296,0.00014077174236506857,0.00014077174983984203,-7.47477346508682e-12,-7.47477346508682
5297,0.00014077566395333255,0.00014077567133788873,-7.384556189162672e-12,-7.384556189162672
5298,0.0001407795855375882,0.00014077959283593543,-7.298347235775257e-12,-7.298347235775257
5299,0.00014078350711707404,0.00014078351433398215,-7.216908121425475e-12,-7.216908121425474
5300,0.00014078742868586702,0.00014078743583202885,-7.1461618425816134e-12,-7.146161842581614
5301,0.00014079135024757,0.00014079135733007558,-7.082505595424504e-12,-7.082505595424504
5302,0.00014079527186493658,0.00014079527882812228,-6.9631857040005765e-12,-6.963185704000576
5303,0.00014079919347671218,0.00014079920032616897,-6.849456799234668e-12,-6.849456799234668
5304,0.00014080311506698063,0.0001408031218242157,-6.757235077439083e-12,-6.757235077439083
5305,0.00014080703665642237,0.0001408070433222624,-6.665840032694964e-12,-6.665840032694963
5306,0.0001408109582338128,0.00014081096482030912,-6.58649632877889e-12,-6.58649632877889
5307,0.0001408148797982712,0.00014081488631835582,-6.520084636010517e-12,-6.520084636010517
5308,0.00014081880140657274,0.00014081880781640252,-6.409829786055795e-12,-6.409829786055796
5309,0.0001408227230328087,0.00014082272931444925,-6.281640551654796e-12,-6.281640551654796
5310,0.00014082664463018976,0.00014082665081249595,-6.182306192557163e-12,-6.182306192557163
5311,0.00014083056622928047,0.00014083057231054267,-6.081262209263846e-12,-6.081262209263846
5312,0.00014083448781528993,0.00014083449380858937,-5.9932994504422185e-12,-5.993299450442218
5313,0.000140838409390356,0.00014083841530663607,-5.9162800862485734e-12,-5.916280086248573
5314,0.00014084233098595237,0.0001408423368046828,-5.818730432347069e-12,-5.818730432347069
5315,0.0001408462526220859,0.0001408462583027295,-5.680643597628612e-12,-5.680643597628612
5316,0.00014085017423197033,0.0001408501798007762,-5.56880586671217e-12,-5.56880586671217
5317,0.00014085409583540755,0.00014085410129882292,-5.4634153711194675e-12,-5.463415371119467
5318,0.00014085801743033007,0.00014085802279686962,-5.3665395488681625e-12,-5.366539548868163
5319,0.00014086193901450975,0.00014086194429491631,-5.2804065709479844e-12,-5.280406570947984
5320,0.00014086586060415264,0.00014086586579296304,-5.188810406700869e-12,-5.18881040670087
5321,0.00014086978224314651,0.00014086978729100974,-5.047863229810961e-12,-5.047863229810961
5322,0.00014087370386567393,0.00014087370878905646,-4.923382536046003e-12,-4.923382536046003
5323,0.00014087762547371996,0.00014087763028710316,-4.813383205438282e-12,-4.8133832054382815
5324,0.00014088154707714176,0.00014088155178514986,-4.708008105516428e-12,-4.708008105516428
5325,0.0001408854686693963,0.0001408854732831966,-4.613800287971176e-12,-4.613800287971175
5326,0.00014088939025435127,0.00014088939478124329,-4.5268920241825075e-12,-4.526892024182508
5327,0.00014089331188774218,0.00014089331627929,-4.391547841489679e-12,-4.391547841489679
5328,0.0001408972335288267,0.0001408972377773367,-4.2485100246556215e-12,-4.248510024655621
5329,0.000140901155142228,0.0001409011592753834,-4.13315541294218e-12,-4.1331554129421795
5330,0.00014090507675384688,0.00014090508077343013,-4.019583256705358e-12,-4.019583256705358
5331,0.0001409089983533047,0.00014090900227147683,-3.9181721354513835e-12,-3.9181721354513837
5332,0.00014091291993750265,0.00014091292376952356,-3.832020915829653e-12,-3.8320209158296534
5333,0.00014091684157782383,0.00014091684526757026,-3.6897464315351344e-12,-3.6897464315351343
5334,0.00014092076322353933,0.00014092076676561695,-3.5420776348566854e-12,-3.5420776348566854
5335,0.00014092468484270092,0.00014092468826366368,-3.4209627654210453e-12,-3.4209627654210455
5336,0.00014092860646204653,0.00014092860976171038,-3.299663852666626e-12,-3.299663852666626
5337,0.00014093252806477566,0.00014093253125975708,-3.194981422407719e-12,-3.1949814224077193
5338,0.00014093644966878502,0.0001409364527578038,-3.089018793328596e-12,-3.089018793328596
5339,0.00014094037130648056,0.0001409403742558505,-2.9493699485402394e-12,-2.9493699485402396
5340,0.00014094429296241526,0.00014094429575389723,-2.791481977179974e-12,-2.791481977179974
5341,0.00014094821458760542,0.00014094821725194393,-2.6643385099844455e-12,-2.6643385099844457
5342,0.00014095213621418795,0.00014095213874999062,-2.535802683253957e-12,-2.535802683253957
5343,0.00014095605782714886,0.00014095606024803735,-2.420888501568033e-12,-2.420888501568033
5344,0.00014095997942858383,0.00014095998174608405,-2.3175002292323135e-12,-2.3175002292323135
5345,0.0001409639010515192,0.00014096390324413075,-2.192611550189849e-12,-2.1926115501898487
5346,0.00014096782271520833,0.00014096782474217747,-2.0269691480515326e-12,-2.0269691480515326
5347,0.00014097174434986784,0.00014097174624022417,-1.8903563403966786e-12,-1.8903563403966785
5348,0.0001409756659807593,0.0001409756677382709,-1.757511596077135e-12,-1.757511596077135
5349,0.0001409795875995506,0.0001409795892363176,-1.6367670087884531e-12,-1.6367670087884532
5350,0.00014098350920790288,0.0001409835107343643,-1.526461418172059e-12,-1.526461418172059
5351,0.000140987430829793,0.00014098743223241102,-1.4026180184440876e-12,-1.4026180184440875
5352,0.00014099135249695297,0.00014099135373045772,-1.2335047598909935e-12,-1.2335047598909934
5353,0.00014099527414046872,0.00014099527522850444,-1.0880357281053546e-12,-1.0880357281053545
5354,0.00014099919577482143,0.00014099919672655114,-9.517297225602597e-13,-0.9517297225602598
5355,0.00014100312064268741,0.00014100311822459784,2.4180895665030097e-12,2.4180895665030095
5356,0.00014100704861993768,0.00014100703972264457,8.897293106294141e-12,8.897293106294141
5357,0.00014101097134504382,0.00014101096122069127,1.012435254884693e-11,10.124352548846929
5358,0.000141014892876792,0.000141014882718738,1.0158053997596686e-11,10.158053997596687
5359,0.00014101881382025367,0.0001410188042167847,9.603468973859067e-12,9.603468973859068
5360,0.00014102273497260828,0.0001410227257148314,9.257776884538632e-12,9.257776884538632
5361,0.00014102665612832332,0.00014102664721287811,8.915445198536654e-12,8.915445198536654
5362,0.00014103057730005826,0.0001410305687109248,8.589133439889832e-12,8.589133439889832
5363,0.00014103449847542354,0.0001410344902089715,8.26645202379736e-12,8.266452023797362
5364,0.00014103841964862603,0.00014103841170701824,7.941607787001107e-12,7.941607787001106
5365,0.00014104234088789484,0.00014104233320506494,7.682829897476235e-12,7.682829897476235
5366,0.00014104626212912592,0.00014104625470311166,7.426014251253235e-12,7.426014251253235
5367,0.00014105018337167655,0.00014105017620115836,7.170518187494368e-12,7.170518187494368
5368,0.00014105410461387043,0.00014105409769920506,6.914665367010645e-12,6.914665367010644
5369,0.00014105802585270648,0.00014105801919725178,6.655454691083571e-12,6.655454691083571
5370,0.00014106194709506402,0.00014106194069529848,6.399765530917784e-12,6.399765530917784
5371,0.00014106586833577476,0.00014106586219334518,6.142429576072209e-12,6.1424295760722085
5372,0.00014106978955955705,0.0001410697836913919,5.868165132450934e-12,5.868165132450934
5373,0.00014107371083389063,0.0001410737051894386,5.6444520216976105e-12,5.64445202169761
5374,0.0001410776321272986,0.00014107762668748533,5.43981325265977e-12,5.4398132526597704
5375,0.00014108155341244457,0.00014108154818553203,5.226912537806938e-12,5.226912537806938
5376,0.00014108547469723586,0.00014108546968357873,5.013657126213378e-12,5.013657126213378
5377,0.0001410893959720936,0.00014108939118162545,4.790468145895288e-12,4.7904681458952885
5378,0.00014109331724845622,0.00014109331267967215,4.568784065297663e-12,4.568784065297662
5379,0.000141097238516767,0.00014109723417771888,4.339048103055965e-12,4.339048103055965
5380,0.0001411011597816068,0.00014110115567576558,4.105841230189381e-12,4.10584123018938
5381,0.0001411050810899312,0.00014110507717381227,3.916118914640596e-12,3.9161189146405957
5382,0.000141109002419057,0.000141108998671859,3.747197993552901e-12,3.7471979935529007
5383,0.00014111292373706472,0.0001411129201699057,3.5671590128672356e-12,3.5671590128672355
5384,0.00014111684503468756,0.00014111684166795242,3.3667351339850413e-12,3.366735133985041
5385,0.00014112076634091632,0.00014112076316599912,3.1749171911621135e-12,3.1749171911621135
5386,0.00014112468764599745,0.00014112468466404582,2.98195162033961e-12,2.98195162033961
5387,0.00014112860894802606,0.00014112860616209255,2.7859335054055276e-12,2.7859335054055276
5388,0.00014113253023863433,0.00014113252766013925,2.578495082412841e-12,2.5784950824128408
5389,0.0001411364515841867,0.00014113644915818594,2.4260007458101476e-12,2.4260007458101476
5390,0.00014114037293577375,0.00014114037065623267,2.2795410784995088e-12,2.2795410784995087
5391,0.00014114429426470725,0.00014114429215427937,2.1104278741565233e-12,2.110427874156523
5392,0.000141148215600903,0.00014114821365232607,1.948576927015389e-12,1.9485769270153888
5393,0.0001411521369319886,0.0001411521351503728,1.7816158097746784e-12,1.7816158097746784
5394,0.00014115605826188184,0.0001411560566484195,1.6134623411947771e-12,1.613462341194777
5395,0.00014115997957530116,0.00014115997814646622,1.4288349355999905e-12,1.4288349355999905
5396,0.00014116390091135637,0.00014116389964451292,1.2668434487522476e-12,1.2668434487522475
5397,0.00014116782228989173,0.00014116782114255961,1.1473321143297135e-12,1.1473321143297135
5398,0.00014117174364346174,0.00014117174264060634,1.002855398582442e-12,1.002855398582442
5399,0.00014117566499556215,0.00014117566413865304,8.569091010004751e-13,0.856909101000475
5400,0.00014117958635350626,0.00014117958563669976,7.168064904978791e-13,0.716806490497879
5401,0.00014118350769956443,0.00014118350713474646,5.648179613137047e-13,0.5648179613137047
5402,0.0001411874290316943,0.00014118742863279316,3.9890112050047804e-13,0.39890112050047805
5403,0.00014119135038054268,0.00014119135013083989,2.497027856071951e-13,0.2497027856071951
5404,0.00014119527176229324,0.00014119527162888658,1.3340665272716684e-13,0.13340665272716684
5405,0.00014119919314508288,0.0001411991931269333,1.8149564999140053e-14,0.018149564999140052
5406,0.00014120311451531404,0.00014120311462498,-1.0966597201805789e-13,-0.10966597201805789
5407,0.00014120703588891154,0.0001412070361230267,-2.341151697099056e-13,-0.2341151697099056
5408,0.00014121095724394157,0.00014121095762107343,-3.771318717066538e-13,-0.3771318717066538
5409,0.00014121487859806322,0.00014121487911912013,-5.210569182835104e-13,-0.5210569182835104
5410,0.0001412187999550951,0.00014121880061716686,-6.620717764940356e-13,-0.6620717764940357
5411,0.00014122272137176217,0.00014122272211521356,-7.434513952496027e-13,-0.7434513952496028
5412,0.00014122664276381886,0.00014122664361326025,-8.494414004335812e-13,-0.8494414004335813
5413,0.0001412305641577449,0.00014123056511130698,-9.535620784418689e-13,-0.9535620784418689
5414,0.0001412344855364695,0.00014123448660935368,-1.0728841924802499e-12,-1.07288419248025
5415,0.0001412384069148214,0.00014123840810740038,-1.1925789739103684e-12,-1.1925789739103685
5416,0.00014124232829023094,0.0001412423296054471,-1.3152161716163954e-12,-1.3152161716163955
5417,0.00014124624966226206,0.0001412462511034938,-1.4412317432918872e-12,-1.4412317432918873
5418,0.00014125017104996542,0.0001412501726015405,-1.5515750912489382e-12,-1.551575091248938
5419,0.00014125409247910863,0.00014125409409958723,-1.6204786058703344e-12,-1.6204786058703344
5420,0.00014125801387837995,0.00014125801559763392,-1.7192539774328883e-12,-1.7192539774328883
5421,0.0001412619352790944,0.00014126193709568065,-1.8165862487988096e-12,-1.8165862487988096
5422,0.00014126585667778737,0.00014126585859372735,-1.915939988010276e-12,-1.9159399880102759
5423,0.00014126977806865653,0.00014126978009177405,-2.023117519833778e-12,-2.023117519833778
5424,0.0001412736994510894,0.00014127370158982077,-2.1387313913917153e-12,-2.1387313913917154
5425,0.00014127762085398228,0.00014127762308786747,-2.233885202437516e-12,-2.233885202437516
5426,0.0001412815422983761,0.0001412815445859142,-2.2875381124602964e-12,-2.2875381124602963
5427,0.00014128546372308248,0.0001412854660839609,-2.360878426316992e-12,-2.360878426316992
5428,0.00014128938513770104,0.0001412893875820076,-2.4443065637623077e-12,-2.4443065637623076
5429,0.00014129330655131755,0.00014129330908005432,-2.528736775065543e-12,-2.5287367750655427
5430,0.00014129722795630818,0.00014129723057810102,-2.621792844642964e-12,-2.621792844642964
5431,0.00014130114935368085,0.00014130115207614774,-2.722466898155029e-12,-2.722466898155029
5432,0.0001413050707670606,0.00014130507357419444,-2.8071338450026265e-12,-2.8071338450026264
5433,0.00014130899222440958,0.00014130899507224114,-2.847831569056269e-12,-2.847831569056269
5434,0.0001413129136598604,0.00014131291657028787,-2.910427466488688e-12,-2.910427466488688
5435,0.00014131683509569418,0.00014131683806833457,-2.9726403966087303e-12,-2.9726403966087305
5436,0.0001413207565227536,0.0001413207595663813,-3.043627693595535e-12,-3.043627693595535
5437,0.0001413246779407952,0.000141324681064428,-3.1236327879418793e-12,-3.1236327879418795
5438,0.0001413285993511444,0.0001413286025624747,-3.2113302967020083e-12,-3.211330296702008
5439,0.00014133252077748297,0.00014133252406052141,-3.2830384526082443e-12,-3.283038452608244
5440,0.0001413364422480426,0.0001413364455585681,-3.310525525555857e-12,-3.310525525555857
5441,0.00014134036369977215,0.0001413403670566148,-3.3568426694694922e-12,-3.356842669469492
5442,0.0001413442851403449,0.00014134428855466154,-3.4143166332087635e-12,-3.4143166332087636
5443,0.00014134820657958906,0.00014134821005270823,-3.4731191782901985e-12,-3.4731191782901987
5444,0.00014135212800983334,0.00014135213155075493,-3.5409216042902728e-12,-3.540921604290273
5445,0.00014135604943128673,0.00014135605304880166,-3.6175149312402397e-12,-3.6175149312402395
5446,0.00014135997087274927,0.00014135997454684836,-3.674099090256552e-12,-3.674099090256552
5447,0.0001413638923565221,0.00014136389604489508,-3.688372991328084e-12,-3.6883729913280843
5448,0.0001413678138185579,0.00014136781754294178,-3.724383899125452e-12,-3.7243838991254523
5449,0.00014137173527152503,0.00014137173904098848,-3.769463453364249e-12,-3.7694634533642493
5450,0.00014137565672163078,0.0001413756605390352,-3.81740443397667e-12,-3.8174044339766704
5451,0.00014137957816310798,0.0001413795820370819,-3.8739739291586e-12,-3.8739739291585997
5452,0.00014138349959129213,0.00014138350353512863,-3.943836501916722e-12,-3.9438365019167225
5453,0.00014138742105939566,0.00014138742503317533,-3.973779672255775e-12,-3.9737796722557754
5454,0.00014139134255381256,0.00014139134653122203,-3.9774094727090395e-12,-3.9774094727090397
5455,0.00014139526402412282,0.00014139526802926875,-4.005145939261378e-12,-4.005145939261379
5456,0.0001413991854891744,0.00014139918952731545,-4.038141057400815e-12,-4.038141057400815
5457,0.00014140310694643805,0.00014140311102536218,-4.078924135270487e-12,-4.078924135270487
5458,0.0001414070284084887,0.00014140703252340888,-4.114920189498092e-12,-4.114920189498092
5459,0.0001414109498467354,0.00014141095402145557,-4.174720173473159e-12,-4.174720173473159
5460,0.00014141487133439003,0.0001414148755195023,-4.185112278401487e-12,-4.185112278401487
5461,0.0001414187928354553,0.000141418797017549,-4.182093696922961e-12,-4.182093696922961
5462,0.00014142271431191985,0.0001414227185155957,-4.203675852473512e-12,-4.203675852473512
5463,0.00014142663578929474,0.00014142664001364242,-4.22434768477499e-12,-4.2243476847749895
5464,0.0001414305572575531,0.00014143056151168912,-4.254136031043812e-12,-4.254136031043812
5465,0.00014143447872413302,0.00014143448300973585,-4.2856028306958585e-12,-4.285602830695859
5466,0.00014143840017630564,0.00014143840450778255,-4.331476915391707e-12,-4.331476915391708
5467,0.00014144232168616412,0.00014144232600582924,-4.319665129033673e-12,-4.319665129033672
5468,0.00014144624319192058,0.00014144624750387597,-4.3119553944901826e-12,-4.311955394490183
5469,0.00014145016467671505,0.00014145016900192267,-4.325207624749527e-12,-4.3252076247495275
5470,0.00014145408616346526,0.00014145409049996937,-4.336504116920034e-12,-4.336504116920034
5471,0.00014145800763916828,0.0001414580119980161,-4.3588478160765384e-12,-4.358847816076539
5472,0.00014146192910697097,0.0001414619334960628,-4.389091825413402e-12,-4.389091825413402
5473,0.0001414658505811382,0.00014146585499410952,-4.412971324052286e-12,-4.412971324052286
5474,0.0001414697721057492,0.00014146977649215622,-4.386407015573676e-12,-4.386407015573676
5475,0.00014147369361446882,0.00014147369799020291,-4.375734102282674e-12,-4.375734102282674
5476,0.0001414776151092361,0.00014147761948824964,-4.3790135428039e-12,-4.3790135428039
5477,0.00014148153660220378,0.00014148154098629634,-4.384092569196071e-12,-4.3840925691960715
5478,0.00014148545808532743,0.00014148546248434306,-4.399015636318379e-12,-4.399015636318379
5479,0.0001414893795575354,0.00014148938398238976,-4.424854369598108e-12,-4.4248543695981075
5480,0.00014149330105891816,0.00014149330548043646,-4.421518306618424e-12,-4.421518306618424
5481,0.00014149722260423266,0.00014149722697848319,-4.374250534239954e-12,-4.374250534239954
5482,0.0001415011441083646,0.00014150114847652988,-4.368165286916553e-12,-4.368165286916553
5483,0.00014150506558710857,0.0001415050699745766,-4.3874680429247245e-12,-4.387468042924724
5484,0.00014150898702852707,0.0001415089914726233,-4.444096247654294e-12,-4.4440962476542945
5485,0.00014151290851875184,0.00014151291297067,-4.451918170017582e-12,-4.451918170017582
5486,0.00014151682999386582,0.00014151683446871673,-4.474850916214398e-12,-4.474850916214399
5487,0.00014152075153977902,0.00014152075596676343,-4.426984420291227e-12,-4.426984420291227
5488,0.0001415246730743842,0.00014152467746481013,-4.390425936186645e-12,-4.390425936186645
5489,0.00014152859458058114,0.00014152859896285686,-4.3822757174055285e-12,-4.382275717405529
5490,0.00014153251609450766,0.00014153252046090355,-4.366395896076111e-12,-4.366395896076111
5491,0.00014153643759844023,0.00014153644195895025,-4.36051003353223e-12,-4.36051003353223
5492,0.00014154035909385077,0.00014154036345699698,-4.36314621690452e-12,-4.3631462169045205
5493,0.0001415442805956063,0.00014154428495504368,-4.359437378112882e-12,-4.359437378112882
5494,0.0001415482021484313,0.0001415482064530904,-4.30465912044517e-12,-4.304659120445169
5495,0.00014155212368381382,0.0001415521279511371,-4.26732329048797e-12,-4.26732329048797
5496,0.00014155604520596732,0.0001415560494491838,-4.243216488863624e-12,-4.243216488863624
5497,0.0001415599667250655,0.00014155997094723053,-4.2221650231714505e-12,-4.222165023171451
5498,0.00014156388823429147,0.00014156389244527722,-4.210985760360844e-12,-4.210985760360844
5499,0.00014156780973030765,0.00014156781394332395,-4.213016308399583e-12,-4.213016308399584
5500,0.00014157173126940178,0.00014157173544137065,-4.1719688749352055e-12,-4.171968874935206
5501,0.00014157565282839024,0.00014157565693941735,-4.111027117652294e-12,-4.111027117652293
5502,0.00014157957435946108,0.00014157957843746407,-4.078002997104743e-12,-4.078002997104743
5503,0.00014158349589651263,0.00014158349993551077,-4.038998146323219e-12,-4.038998146323219
5504,0.00014158741741356932,0.0001415874214335575,-4.019988179111727e-12,-4.019988179111727
5505,0.00014159133892684115,0.0001415913429316042,-4.004763053264165e-12,-4.004763053264165
5506,0.00014159526044001767,0.0001415952644296509,-3.989633228787564e-12,-3.9896332287875644
5507,0.00014159918200721064,0.00014159918592769762,-3.920486988404803e-12,-3.920486988404803
5508,0.00014160310355870113,0.00014160310742574432,-3.8670431938760405e-12,-3.8670431938760403
5509,0.0001416070251014928,0.00014160702892379104,-3.822298251532727e-12,-3.8222982515327266
5510,0.00014161094663193906,0.00014161095042183774,-3.789898685646636e-12,-3.7898986856466363
5511,0.00014161486815577833,0.00014161487191988444,-3.764106112274401e-12,-3.764106112274401
5512,0.00014161878966825053,0.00014161879341793117,-3.7496806397391555e-12,-3.7496806397391556
5513,0.00014162271121485287,0.00014162271491597786,-3.701124997810098e-12,-3.701124997810098
5514,0.00014162663280248427,0.00014162663641402456,-3.6115402996434867e-12,-3.6115402996434867
5515,0.000141630554349539,0.0001416305579120713,-3.562532301463014e-12,-3.562532301463014
5516,0.0001416344758912716,0.000141634479410118,-3.51884638069673e-12,-3.51884638069673
5517,0.000141638397432464,0.00014163840090816469,-3.475700690767941e-12,-3.475700690767941
5518,0.00014164231894952186,0.0001416423224062114,-3.4566895580391135e-12,-3.4566895580391135
5519,0.00014164624048262288,0.0001416462439042581,-3.4216352418185295e-12,-3.4216352418185294
5520,0.0001416501620697613,0.00014165016540230484,-3.332543530379747e-12,-3.332543530379747
5521,0.0001416540836304423,0.00014165408690035153,-3.2699092521904224e-12,-3.2699092521904225
5522,0.0001416580051865377,0.00014165800839839823,-3.2118605528795166e-12,-3.2118605528795166
5523,0.0001416619267308845,0.00014166192989644496,-3.165560458045044e-12,-3.165560458045044
5524,0.00014166584826804743,0.00014166585139449166,-3.1264442325953515e-12,-3.1264442325953516
5525,0.00014166976978397392,0.00014166977289253838,-3.108564464833513e-12,-3.108564464833513
5526,0.00014167369137435545,0.00014167369439058508,-3.0162296336462832e-12,-3.016229633646283
5527,0.0001416776129526651,0.00014167761588863178,-2.9359666889182676e-12,-2.9359666889182674
5528,0.00014168153451604186,0.0001416815373866785,-2.870636650447275e-12,-2.870636650447275
5529,0.00014168545607263082,0.0001416854588847252,-2.8120943952023994e-12,-2.8120943952023993
5530,0.00014168937762023488,0.00014168938038277193,-2.7625370588861828e-12,-2.7625370588861826
5531,0.0001416932991529413,0.00014169330188081863,-2.727877338046275e-12,-2.727877338046275
5532,0.00014169722071280668,0.00014169722337886533,-2.6660586509412024e-12,-2.6660586509412023
5533,0.000141701142310209,0.00014170114487691205,-2.566703068586043e-12,-2.566703068586043
5534,0.00014170506388231724,0.00014170506637495875,-2.4926415163391555e-12,-2.4926415163391553
5535,0.00014170898545088682,0.00014170898787300548,-2.4221186644579892e-12,-2.4221186644579893
5536,0.0001417129070068383,0.00014171290937105218,-2.364213892985481e-12,-2.364213892985481
5537,0.0001417168285555601,0.00014171683086909887,-2.313538771334486e-12,-2.313538771334486
5538,0.0001417207500859667,0.0001417207523671456,-2.281178914352963e-12,-2.281178914352963
5539,0.00014172467170185272,0.0001417246738651923,-2.1633395823107274e-12,-2.1633395823107273
5540,0.00014172859328802673,0.000141728595363239,-2.075212268704371e-12,-2.075212268704371
5541,0.00014173251486503875,0.00014173251686128572,-1.996246978451549e-12,-1.9962469784515489
5542,0.00014173643643228736,0.00014173643835933242,-1.9270450642872303e-12,-1.9270450642872303
5543,0.00014174035799139134,0.00014174035985737912,-1.86598778526284e-12,-1.8659877852628401
5544,0.00014174427953145334,0.00014174428135542585,-1.8239725116241387e-12,-1.8239725116241388
5545,0.00014174820112717248,0.00014174820285347254,-1.7263000718266e-12,-1.7263000718266
5546,0.0001417521227303869,0.00014175212435151927,-1.6211323797803431e-12,-1.6211323797803432
5547,0.00014175604431410104,0.00014175604584956597,-1.535464931167976e-12,-1.535464931167976
5548,0.00014175996589483404,0.00014175996734761267,-1.4527786319541294e-12,-1.4527786319541294
5549,0.00014176388746491996,0.0001417638888456594,-1.3807394420195793e-12,-1.3807394420195793
5550,0.00014176780902474902,0.0001417678103437061,-1.318957075687285e-12,-1.318957075687285
5551,0.00014177173059002677,0.00014177173184175282,-1.251726051337165e-12,-1.251726051337165
5552,0.0001417756522041204,0.00014177565333979951,-1.1356791223264826e-12,-1.1356791223264826
5553,0.00014177957380312687,0.0001417795748378462,-1.0347193544369135e-12,-1.0347193544369135
5554,0.0001417834953869852,0.00014178349633589294,-9.489077340406601e-13,-0.9489077340406602
5555,0.00014178741697267228,0.00014178741783393964,-8.612673627350212e-13,-0.8612673627350212
5556,0.00014179133852210946,0.00014179133933198636,-8.098769115956747e-13,-0.8098769115956748
5557,0.00014179526006991345,0.00014179526083003306,-7.601196212937975e-13,-0.7601196212937975
5558,0.00014179918170520228,0.00014179918232807976,-6.228774884879243e-13,-0.6228774884879243
5559,0.00014180310331006593,0.00014180310382612649,-5.160605623069911e-13,-0.5160605623069912
5560,0.0001418070249044264,0.00014180702532417318,-4.197467904619026e-13,-0.4197467904619026
5561,0.0001418109464897695,0.00014181094682221988,-3.324503822954847e-13,-0.3324503822954847
5562,0.00014181486806666795,0.0001418148683202666,-2.535986622202305e-13,-0.2535986622202305
5563,0.00014181878962337652,0.0001418187898183133,-1.9493679237067546e-13,-0.19493679237067546
5564,0.0001418227112428446,0.00014182271131636003,-7.351544608592803e-14,-0.07351544608592803
5565,0.0001418266328623137,0.00014182663281440673,4.790695729593758e-14,0.04790695729593758
5566,0.00014183055446375024,0.00014183055431245343,1.5129680172480703e-13,0.15129680172480703
5567,0.0001418344760585399,0.00014183447581050016,2.480397278948196e-13,0.2480397278948196
5568,0.00014183839764327958,0.00014183839730854685,3.347327233421407e-13,0.3347327233421407
5569,0.00014184231921223733,0.00014184231880659355,4.056437738111654e-13,0.4056437738111654
5570,0.00014184624081322266,0.00014184624030464028,5.085823732958464e-13,0.5085823732958463
5571,0.00014185016244640413,0.00014185016180268698,6.437171423390595e-13,0.6437171423390594
5572,0.00014185408405468562,0.0001418540833007337,7.53951907448536e-13,0.7539519074485359
5573,0.00014185800565841503,0.0001418580047987804,8.596346226317778e-13,0.8596346226317777
5574,0.00014186192724993343,0.0001418619262968271,9.531063211120214e-13,0.9531063211120213
5575,0.0001418658488305817,0.00014186584779487383,1.035707862821034e-12,1.0357078628210339
5576,0.0001418697704144095,0.00014186976929292052,1.1214889629261318e-12,1.1214889629261318
5577,0.00014187369206062264,0.00014187369079096725,1.2696553812966974e-12,1.2696553812966973
5578,0.0001418776136765485,0.00014187761228901395,1.3875345577687717e-12,1.3875345577687717
5579,0.00014188153528889153,0.00014188153378706065,1.5018308797416505e-12,1.5018308797416504
5580,0.0001418854568876281,0.00014188545528510737,1.602520708395325e-12,1.602520708395325
5581,0.0001418893784780472,0.00014188937678315407,1.6948931342928855e-12,1.6948931342928855
5582,0.00014189330006147066,0.0001418932982812008,1.7802698540927006e-12,1.7802698540927007
5583,0.0001418972217094624,0.0001418972197792475,1.9302149061272286e-12,1.9302149061272287
5584,0.00014190114334569832,0.0001419011412772942,2.068404116635822e-12,2.068404116635822
5585,0.00014190506495759017,0.00014190506277534092,2.182249247874621e-12,2.182249247874621
5586,0.0001419089865647578,0.00014190898427338762,2.291370184987249e-12,2.2913701849872488
5587,0.00014191290816259879,0.00014191290577143432,2.3911644626464504e-12,2.3911644626464503
5588,0.00014191682973902354,0.00014191682726948104,2.4695424947925457e-12,2.4695424947925457
5589,0.000141920751386809,0.00014192074876752774,2.619281250258704e-12,2.619281250258704
5590,0.00014192467302512514,0.00014192467026557447,2.759550665265537e-12,2.759550665265537
5591,0.00014192859464765025,0.00014192859176362116,2.884029082205933e-12,2.884029082205933
5592,0.00014193251626195603,0.00014193251326166786,3.0002881624767166e-12,3.000288162476717
5593,0.0001419364378665576,0.0001419364347597146,3.1068430098875058e-12,3.106843009887506
5594,0.000141940359452546,0.0001419403562577613,3.1947847080819328e-12,3.194784708081933
5595,0.00014194428109270848,0.00014194427775580799,3.336900492283454e-12,3.336900492283454
5596,0.00014194820274167133,0.0001419481992538547,3.487816609993769e-12,3.487816609993769
5597,0.0001419521243695708,0.0001419521207519014,3.6176693899981213e-12,3.617669389998121
5598,0.0001419560459966433,0.00014195604224994814,3.746695167690356e-12,3.746695167690356
5599,0.0001419599676005737,0.00014195996374799483,3.8525788668513225e-12,3.8525788668513226
5600,0.0001419638891956056,0.00014196388524604153,3.949564057996777e-12,3.949564057996777
5601,0.0001419678108215544,0.00014196780674408826,4.0774661414523936e-12,4.077466141452393
5602,0.00014197173248059987,0.00014197172824213496,4.2384649056859544e-12,4.238464905685954
5603,0.00014197565411416322,0.00014197564974018168,4.373981530734317e-12,4.373981530734317
5604,0.00014197957574265128,0.00014197957123822838,4.5044228969930575e-12,4.5044228969930575
5605,0.000141983497358871,0.00014198349273627508,4.62259591935893e-12,4.62259591935893
5606,0.00014198741896235441,0.0001419874142343218,4.72803260196418e-12,4.7280326019641805
5607,0.00014199134057928166,0.0001419913357323685,4.846913147562762e-12,4.846913147562762
5608,0.00014199526225186818,0.00014199525723041523,5.0214529464093635e-12,5.021452946409363
5609,0.00014199918389131506,0.00014199917872846193,5.16285313007199e-12,5.16285313007199
5610,0.00014200310874491883,0.00014200310022650863,8.518410200342136e-12,8.518410200342137
5611,0.00014200703673286099,0.00014200702172455535,1.5008305626962287e-11,15.008305626962288
5612,0.00014201095944718365,0.00014201094322260205,1.6224581594707535e-11,16.224581594707534
5613,0.0001420148809556101,0.00014201486472064875,1.6234961339731097e-11,16.234961339731097
5614,0.0001420188019327601,0.00014201878621869548,1.5714064618791893e-11,15.714064618791893
5615,0.00014202272310825337,0.00014202270771674217,1.5391511192765883e-11,15.391511192765883
5616,0.00014202664427445379,0.00014202662921478887,1.5059664907289175e-11,15.059664907289175
5617,0.0001420305654660391,0.0001420305507128356,1.4753203508062793e-11,14.753203508062793
5618,0.00014203448666135312,0.0001420344722108823,1.445047081563286e-11,14.45047081563286
5619,0.00014203840786922988,0.00014203839370892902,1.416030085509068e-11,14.16030085509068
5620,0.00014204232906375944,0.00014204231520697572,1.38567837152839e-11,13.8567837152839
5621,0.00014204625029306544,0.00014204623670502242,1.3588043010680895e-11,13.588043010680895
5622,0.00014205017156290116,0.00014205015820306914,1.3359832005899852e-11,13.359832005899852
5623,0.00014205409281925198,0.00014205407970111584,1.3118136128178304e-11,13.118136128178303
5624,0.00014205801407650193,0.00014205800119916257,1.2877339352213344e-11,12.877339352213344
5625,0.0001420619353338475,0.00014206192269720927,1.263663822998505e-11,12.636638229985051
5626,0.0001420658565893271,0.00014206584419525597,1.2394071114502747e-11,12.394071114502747
5627,0.00014206977784881434,0.0001420697656933027,1.215551164393082e-11,12.155511643930819
5628,0.00014207369908975423,0.0001420736871913494,1.18984048352144e-11,11.8984048352144
5629,0.0001420776203611153,0.00014207760868939612,1.1671719167364772e-11,11.671719167364772
5630,0.00014208154167670155,0.00014208153018744281,1.1489258729547078e-11,11.489258729547078
5631,0.0001420854629718576,0.0001420854516854895,1.1286368073882045e-11,11.286368073882045
5632,0.0001420893842621519,0.00014208937318353624,1.1078615665940206e-11,11.078615665940205
5633,0.00014209330555985317,0.00014209329468158294,1.0878270229085191e-11,10.87827022908519
5634,0.0001420972268466653,0.00014209721617962966,1.0667035634815872e-11,10.667035634815871
5635,0.00014210114812823003,0.00014210113767767636,1.045055366466205e-11,10.45055366466205
5636,0.00014210506942179233,0.00014210505917572306,1.0246069258908516e-11,10.246069258908516
5637,0.0001421089907365585,0.00014210898067376979,1.00627887034625e-11,10.0627887034625
5638,0.00014211291208272614,0.00014211290217181648,9.910909651592692e-12,9.910909651592693
5639,0.0001421168333892457,0.00014211682366986318,9.71938251889748e-12,9.71938251889748
5640,0.00014212075470342823,0.0001421207451679099,9.53551831031696e-12,9.53551831031696
5641,0.0001421246760279795,0.0001421246666659566,9.36202289631806e-12,9.36202289631806
5642,0.00014212859734092677,0.0001421285881640033,9.176923456202427e-12,9.176923456202427
5643,0.00014213251865155755,0.00014213250966205003,8.989507509725062e-12,8.989507509725062
5644,0.00014213643994833255,0.00014213643116009673,8.788235811849038e-12,8.788235811849038
5645,0.00014214036132148474,0.00014214035265814346,8.663341278114842e-12,8.663341278114842
5646,0.000142144282664456,0.00014214427415619015,8.508265835610221e-12,8.50826583561022
5647,0.00014214820401571232,0.00014214819565423685,8.36147545953192e-12,8.36147545953192
5648,0.00014215212535454802,0.00014215211715228358,8.20226443626057e-12,8.20226443626057
5649,0.00014215604668316466,0.00014215603865033028,8.032834373832676e-12,8.032834373832676
5650,0.0001421599680229938,0.000142159960148377,7.87461677790692e-12,7.874616777906921
5651,0.00014216388935320816,0.0001421638816464237,7.70678445001051e-12,7.70678445001051
5652,0.00014216781071124747,0.0001421678031444704,7.566777059563712e-12,7.566777059563712
5653,0.00014217173209099456,0.00014217172464251713,7.448477429489148e-12,7.448477429489148
5654,0.000142175653458807,0.00014217564614056382,7.318243172950406e-12,7.318243172950407
5655,0.00014217957482081997,0.00014217956763861055,7.1822094105708226e-12,7.182209410570823
5656,0.00014218349619012126,0.00014218348913665725,7.0534640075603924e-12,7.053464007560392
5657,0.00014218741754226446,0.00014218741063470395,6.907560508859184e-12,6.907560508859184
5658,0.00014219133888819245,0.00014219133213275067,6.7554417669940944e-12,6.755441766994094
5659,0.0001421952602308728,0.00014219525363079737,6.600075433046596e-12,6.600075433046595
5660,0.0001421991816351148,0.00014219917512884407,6.506270721869073e-12,6.506270721869074
5661,0.0001422031030222497,0.0001422030966268908,6.395358899607934e-12,6.395358899607934
5662,0.0001422070244146806,0.0001422070181249375,6.289743106803789e-12,6.289743106803789
5663,0.00014221094579544986,0.00014221093962298422,6.1724656354323895e-12,6.172465635432389
5664,0.00014221486717311242,0.00014221486112103092,6.05208149115595e-12,6.05208149115595
5665,0.0001422187885331912,0.00014221878261907762,5.914113566310761e-12,5.914113566310761
5666,0.00014222270989237625,0.00014222270411712434,5.775251906509738e-12,5.775251906509737
5667,0.00014222663129713795,0.00014222662561517104,5.681966907643596e-12,5.681966907643596
5668,0.0001422305527151825,0.00014223054711321774,5.601964767748172e-12,5.601964767748171
5669,0.00014223447411199194,0.00014223446861126446,5.500727471207501e-12,5.500727471207501
5670,0.00014223839550687203,0.00014223839010931116,5.397560864005946e-12,5.397560864005946
5671,0.00014224231690797734,0.0001422423116073579,5.300619447523206e-12,5.300619447523205
5672,0.00014224623827054813,0.0001422462331054046,5.16514353426642e-12,5.16514353426642
5673,0.0001422501596434981,0.00014225015460345129,5.0400467968270554e-12,5.040046796827055
5674,0.00014225408104835062,0.000142254076101498,4.9468525998928595e-12,4.94685259989286
5675,0.00014225800248528404,0.0001422579975995447,4.8857393218262604e-12,4.885739321826261
5676,0.00014226192390019973,0.00014226191909759144,4.80260828288126e-12,4.80260828288126
5677,0.00014226584530851655,0.00014226584059563813,4.712878410043753e-12,4.712878410043753
5678,0.00014226976671419112,0.00014226976209368483,4.62050628230179e-12,4.62050628230179
5679,0.00014227368811203488,0.00014227368359173156,4.52030331463367e-12,4.5203033146336695
5680,0.00014227760950077462,0.00014227760508977826,4.410996355533298e-12,4.410996355533298
5681,0.0001422815309123983,0.00014228152658782498,4.324573299321871e-12,4.324573299321871
5682,0.00014228545236431435,0.00014228544808587168,4.278442665286958e-12,4.278442665286958
5683,0.00014228937379478455,0.00014228936958391838,4.2108661599145755e-12,4.210866159914575
5684,0.00014229329521634626,0.0001422932910819651,4.13438114476164e-12,4.13438114476164
5685,0.00014229721663603666,0.0001422972125800118,4.056024850869103e-12,4.056024850869103
5686,0.0001423011380472656,0.0001423011340780585,3.969207090856783e-12,3.969207090856783
5687,0.00014230505944973825,0.00014230505557610523,3.873633015943873e-12,3.8736330159438728
5688,0.00014230898087276198,0.00014230897707415193,3.798610047420534e-12,3.7986100474205338
5689,0.0001423129023375888,0.00014231289857219865,3.765390147065687e-12,3.7653901470656868
5690,0.0001423168237813453,0.00014231682007024535,3.711099943005919e-12,3.711099943005919
5691,0.00014232074521859238,0.00014232074156829205,3.65030032462782e-12,3.6503003246278203
5692,0.00014232466665073992,0.00014232466306633878,3.5844011342263812e-12,3.5844011342263813
5693,0.00014232858807437421,0.00014232858456438547,3.5099887341564775e-12,3.5099887341564777
5694,0.00014233250948868657,0.00014233250606243217,3.426254390912598e-12,3.426254390912598
5695,0.00014233643092553905,0.0001423364275604789,3.3650601500487684e-12,3.3650601500487682
5696,0.00014234035240323774,0.0001423403490585256,3.344712141831158e-12,3.344712141831158
5697,0.00014234427385808668,0.00014234427055657232,3.301514355987981e-12,3.301514355987981
5698,0.00014234819530471352,0.00014234819205461902,3.2500944958647057e-12,3.2500944958647056
5699,0.00014235211674821276,0.00014235211355266572,3.1955470377344616e-12,3.1955470377344617
5700,0.00014235603818390152,0.00014235603505071244,3.133189068468795e-12,3.133189068468795
5701,0.00014235995960744147,0.00014235995654875914,3.0586823157048307e-12,3.058682315704831
5702,0.00014236388106283907,0.00014236387804680587,3.01603319037104e-12,3.01603319037104
5703,0.0001423678025508193,0.00014236779954485257,3.005966725565218e-12,3.005966725565218
5704,0.00014237172401477527,0.00014237172104289927,2.9718759940254305e-12,2.9718759940254307
5705,0.000142375645473446,0.000142375642540946,2.9324999937352106e-12,2.9324999937352105
5706,0.0001423795669270103,0.0001423795640389927,2.888017590947964e-12,2.888017590947964
5707,0.0001423834883725035,0.00014238348553703942,2.835464089033138e-12,2.835464089033138
5708,0.00014238740980507074,0.00014238740703508611,2.7699846203977227e-12,2.7699846203977225
5709,0.00014239133128372404,0.0001423913285331328,2.7505912250879314e-12,2.7505912250879314
5710,0.000142395252779257,0.00014239525003117954,2.748077448140915e-12,2.748077448140915
5711,0.00014239917425041027,0.00014239917152922624,2.7211840300928466e-12,2.7211840300928465
5712,0.00014240309572113806,0.00014240309302727294,2.6938651169021863e-12,2.6938651169021863
5713,0.00014240701718364691,0.00014240701452531966,2.6583272465126737e-12,2.6583272465126737
5714,0.0001424109386383889,0.00014241093602336636,2.6150225312302353e-12,2.615022531230235
5715,0.00014241486008114142,0.00014241485752141306,2.559728355958746e-12,2.5597283559587463
5716,0.00014241878158328798,0.00014241877901945978,2.563828185158837e-12,2.563828185158837
5717,0.00014242270308445392,0.00014242270051750648,2.566947434809078e-12,2.566947434809078
5718,0.00014242662456304014,0.0001424266220155532,2.5474869273848097e-12,2.5474869273848095
5719,0.00014243054604395403,0.0001424305435135999,2.530354120709705e-12,2.530354120709705
5720,0.00014243446751430742,0.0001424344650116466,2.502660805403831e-12,2.502660805403831
5721,0.00014243838897686834,0.00014243838650969333,2.467175003823652e-12,2.467175003823652
5722,0.0001424423104405473,0.00014244230800774003,2.4328072586287944e-12,2.4328072586287943
5723,0.0001424462319572907,0.00014244622950578676,2.4515039456225465e-12,2.4515039456225467
5724,0.00014245015346223304,0.00014245015100383345,2.4583995798597716e-12,2.4583995798597718
5725,0.00014245407495049224,0.00014245407250188015,2.4486120802729303e-12,2.4486120802729303
5726,0.0001424579964396174,0.00014245799399992688,2.4396905058561988e-12,2.439690505856199
5727,0.00014246191789153045,0.00014246191549797358,2.393556863160257e-12,2.393556863160257
5728,0.00014246583935907014,0.0001424658369960203,2.3630498263763486e-12,2.3630498263763484
5729,0.00014246976084494374,0.000142469758494067,2.350876729644333e-12,2.350876729644333
5730,0.000142473682375381,0.0001424736799921137,2.383267296652392e-12,2.383267296652392
5731,0.00014247760388279242,0.00014247760149016042,2.392631984497018e-12,2.3926319844970183
5732,0.000142481525381374,0.00014248152298820712,2.393166875638814e-12,2.393166875638814
5733,0.00014248544687545095,0.00014248544448625385,2.3891970964893125e-12,2.3891970964893123
5734,0.00014248936836050357,0.00014248936598430055,2.3762030147672367e-12,2.3762030147672366
5735,0.00014249328983170168,0.00014249328748234725,2.3493544284790005e-12,2.3493544284790007
5736,0.00014249721135241495,0.00014249720898039397,2.372020975937417e-12,2.372020975937417
5737,0.00014250113290100084,0.00014250113047844067,2.4225601657410364e-12,2.4225601657410363
5738,0.00014250505439607122,0.00014250505197648737,2.4195838410421835e-12,2.4195838410421837
5739,0.0001425089758484608,0.0001425089734745341,2.373926705201049e-12,2.373926705201049
5740,0.0001425128973476528,0.0001425128949725808,2.375072002165954e-12,2.375072002165954
5741,0.00014251681884518204,0.0001425168164706275,2.374554539574081e-12,2.3745545395740812
5742,0.00014252074033313888,0.00014252073796867422,2.3644646560013335e-12,2.3644646560013336
5743,0.00014252466187678135,0.00014252465946672092,2.4100604259995054e-12,2.4100604259995055
5744,0.0001425285834104967,0.00014252858096476764,2.4457290511710197e-12,2.44572905117102
5745,0.0001425325049259902,0.00014253250246281434,2.4631758427952763e-12,2.4631758427952763
5746,0.00014253642644091778,0.00014253642396086104,2.480056735095604e-12,2.480056735095604
5747,0.00014254034794484915,0.00014254034545890776,2.4859413779120407e-12,2.4859413779120407
5748,0.00014254426943890623,0.00014254426695695446,2.481951757862783e-12,2.4819517578627828
5749,0.00014254819095403678,0.0001425481884550012,2.4990355857047455e-12,2.4990355857047457
5750,0.00014255211250647319,0.0001425521099530479,2.553425292418893e-12,2.553425292418893
5751,0.00014255603404676138,0.00014255603145109459,2.5956667848408835e-12,2.5956667848408834
5752,0.00014255995557456896,0.0001425599529491413,2.625427646584633e-12,2.625427646584633
5753,0.00014256387708820738,0.000142563874447188,2.641019368291767e-12,2.641019368291767
5754,0.0001425677985972638,0.00014256779594523474,2.6520290618825967e-12,2.6520290618825966
5755,0.00014257172010041425,0.00014257171744328143,2.6571328080843007e-12,2.6571328080843006
5756,0.00014257564164968522,0.00014257563894132813,2.7083570781356595e-12,2.7083570781356596
5757,0.0001425795632027291,0.00014257956043937486,2.7633542362219962e-12,2.7633542362219963
5758,0.0001425834847458974,0.00014258348193742156,2.8084758304000315e-12,2.8084758304000315
5759,0.00014258740627674552,0.00014258740343546828,2.8412772287162993e-12,2.8412772287162995
5760,0.00014259132779130814,0.00014259132493351498,2.857793151460314e-12,2.857793151460314
5761,0.00014259524928622258,0.00014259524643156168,2.8546608913840035e-12,2.8546608913840035
5762,0.00014259917082443626,0.0001425991679296084,2.894827844264106e-12,2.894827844264106
5763,0.00014260309239375236,0.0001426030894276551,2.9660972506561914e-12,2.9660972506561913
5764,0.0001426070139424379,0.0001426070109257018,3.0167360786394623e-12,3.0167360786394624
5765,0.00014261093547568993,0.00014261093242374853,3.0519413971176193e-12,3.0519413971176195
5766,0.00014261485701351655,0.00014261485392179523,3.0917213169271987e-12,3.091721316927199
5767,0.00014261877852910968,0.00014261877541984193,3.1092677467311067e-12,3.1092677467311067
5768,0.00014262270003965625,0.00014262269691788865,3.121767594892855e-12,3.121767594892855
5769,0.00014262662161919777,0.00014262661841593535,3.2032624101292487e-12,3.203262410129249
5770,0.00014263054317954825,0.00014263053991398207,3.265566169286291e-12,3.265566169286291
5771,0.00014263446472453185,0.00014263446141202877,3.3125030702667732e-12,3.3125030702667733
5772,0.0001426383862751085,0.00014263838291007547,3.365033017889402e-12,3.365033017889402
5773,0.00014264230780930984,0.0001426423044081222,3.401187636684733e-12,3.401187636684733
5774,0.00014264622933371507,0.0001426462259061689,3.4275461635910057e-12,3.4275461635910056
5775,0.0001426501508754631,0.00014265014740421562,3.4712474800281393e-12,3.4712474800281394
5776,0.0001426540724585224,0.00014265406890226232,3.556260070528325e-12,3.556260070528325
5777,0.0001426579940080927,0.00014265799040030902,3.607783661694453e-12,3.607783661694453
5778,0.00014266191556220332,0.00014266191189835574,3.663847566298298e-12,3.663847566298298
5779,0.00014266583710456735,0.00014266583339640244,3.708164899304784e-12,3.7081648993047835
5780,0.00014266975863871557,0.00014266975489444917,3.744266392193663e-12,3.744266392193663
5781,0.000142673680160574,0.00014267367639249587,3.768078128196767e-12,3.768078128196767
5782,0.0001426776017614049,0.00014267759789054257,3.870862337292086e-12,3.870862337292086
5783,0.00014268152333310924,0.0001426815193885893,3.94451994291456e-12,3.94451994291456
5784,0.00014268544490141804,0.000142685440886636,4.014782044173243e-12,4.014782044173243
5785,0.0001426893664471119,0.0001426893623846827,4.0624292059969205e-12,4.062429205996921
5786,0.000142693287993557,0.00014269328388272941,4.110827584400859e-12,4.110827584400859
5787,0.00014269720952952777,0.0001426972053807761,4.1487516482467404e-12,4.148751648246741
5788,0.00014270113109138163,0.00014270112687882284,4.2125587892412056e-12,4.212558789241205
5789,0.00014270505268974408,0.00014270504837686954,4.312874541040318e-12,4.312874541040318
5790,0.00014270897426084733,0.00014270896987491624,4.38593109208342e-12,4.38593109208342
5791,0.00014271289582684795,0.00014271289137296296,4.453884981126991e-12,4.453884981126991
5792,0.00014271681738461123,0.00014271681287100966,4.5136015628499396e-12,4.5136015628499395
5793,0.00014272073893230767,0.00014272073436905636,4.563251300296306e-12,4.563251300296306
5794,0.00014272466048168944,0.00014272465586710308,4.614586348704639e-12,4.614586348704639
5795,0.00014272858208150846,0.00014272857736514978,4.716358671912377e-12,4.716358671912377
5796,0.00014273250366981323,0.0001427324988631965,4.806616713838211e-12,4.806616713838211
5797,0.0001427364252405633,0.0001427364203612432,4.8793200860236255e-12,4.879320086023625
5798,0.000142740346809278,0.0001427403418592899,4.949988085470633e-12,4.9499880854706335
5799,0.00014274426836674445,0.00014274426335733663,5.009407812638756e-12,5.009407812638756
5800,0.00014274818990757556,0.00014274818485538333,5.052192219298618e-12,5.052192219298618
5801,0.00014275211150609383,0.00014275210635343006,5.152663770949917e-12,5.152663770949917
5802,0.00014275603311099714,0.00014275602785147675,5.259520378930363e-12,5.259520378930363
5803,0.000142759954688532,0.00014275994934952345,5.339008552785921e-12,5.339008552785921
5804,0.00014276387626770603,0.00014276387084757018,5.420135850590896e-12,5.4201358505908965
5805,0.00014276779783419834,0.00014276779234561688,5.488581452424743e-12,5.488581452424743
5806,0.00014277171939009527,0.0001427717138436636,5.546431661422921e-12,5.546431661422921
5807,0.00014277564096615067,0.0001427756353417103,5.624440360098959e-12,5.624440360098959
5808,0.00014277956258247206,0.000142779556839757,5.742715053523556e-12,5.742715053523557
5809,0.00014278348417384027,0.00014278347833780372,5.836036535792802e-12,5.836036535792802
5810,0.00014278740575776524,0.00014278739983585042,5.921914807517609e-12,5.921914807517609
5811,0.00014279132733418352,0.00014279132133389712,6.000286388660778e-12,6.000286388660778
5812,0.00014279524889932772,0.00014279524283194385,6.067383866408302e-12,6.067383866408302
5813,0.00014279917046552227,0.00014279916432999055,6.13553171922053e-12,6.1355317192205305
5814,0.00014280309208355226,0.00014280308582803724,6.255515006848747e-12,6.255515006848747
5815,0.0001428070136897286,0.00014280700732608397,6.363644630810017e-12,6.363644630810017
5816,0.0001428109352782506,0.00014281092882413067,6.454119919746163e-12,6.454119919746162
5817,0.0001428148568641357,0.0001428148503221774,6.541958293473552e-12,6.541958293473551
5818,0.00014281877843867505,0.0001428187718202241,6.6184509522518034e-12,6.618450952251804
5819,0.000142822699997593,0.0001428226933182708,6.679322209288449e-12,6.67932220928845
5820,0.00014282662161619125,0.00014282661481631752,6.799873727275266e-12,6.799873727275266
5821,0.00014283054323644044,0.00014283053631436422,6.922076214120235e-12,6.922076214120235
5822,0.00014283446483096993,0.00014283445781241094,7.01855898597896e-12,7.018558985978959
5823,0.00014283838642605053,0.00014283837931045764,7.115592884907013e-12,7.115592884907013
5824,0.00014284230800807826,0.00014284230080850434,7.1995739112501875e-12,7.199573911250187
5825,0.00014284622957875246,0.00014284622230655106,7.272201389283528e-12,7.272201389283528
5826,0.00014285015117875482,0.00014285014380459776,7.374157051078634e-12,7.374157051078634
5827,0.00014285407281251048,0.0001428540653026445,7.509865986487341e-12,7.509865986487341
5828,0.00014285799441622835,0.0001428579868006912,7.615537154917446e-12,7.615537154917446
5829,0.00014286191601771983,0.00014286190829873789,7.718981941291406e-12,7.718981941291406
5830,0.0001428658376083043,0.0001428658297967846,7.811519680915216e-12,7.811519680915216
5831,0.00014286975918804436,0.0001428697512948313,7.893213040674446e-12,7.893213040674446
5832,0.00014287368077993903,0.00014287367279287804,7.987060984413597e-12,7.9870609844135965
5833,0.00014287760241725212,0.00014287759429092473,8.126327376885609e-12,8.126327376885609
5834,0.0001428815240333751,0.00014288151578897143,8.244403661312641e-12,8.24440366131264
5835,0.00014288544563867845,0.00014288543728701816,8.351660285684626e-12,8.351660285684625
5836,0.00014288936723744444,0.00014288935878506486,8.452379577532338e-12,8.452379577532337
5837,0.00014289328882486987,0.00014289328028311156,8.541758304391231e-12,8.541758304391232
5838,0.00014289721041202682,0.00014289720178115828,8.630868528582109e-12,8.63086852858211
5839,0.00014290113205125835,0.00014290112327920498,8.772053362588225e-12,8.772053362588226
5840,0.00014290505367914612,0.00014290504477725168,8.901894433209115e-12,8.901894433209115
5841,0.00014290897528878083,0.0001429089662752984,9.013482418155125e-12,9.013482418155125
5842,0.00014291289689588913,0.0001429128877733451,9.122544022303864e-12,9.122544022303863
5843,0.0001429168184898134,0.00014291680927139183,9.218421565404853e-12,9.218421565404853
5844,0.00014292074007107663,0.00014292073076943853,9.301638093691153e-12,9.301638093691153
5845,0.00014292466171168358,0.00014292465226748522,9.444198346573285e-12,9.444198346573286
5846,0.00014292858335072247,0.00014292857376553195,9.585190517853351e-12,9.58519051785335
5847,0.00014293250496533102,0.00014293249526357865,9.701752361580801e-12,9.701752361580802
5848,0.00014293642657938241,0.00014293641676162537,9.817757033811811e-12,9.81775703381181
5849,0.00014294034818440916,0.00014294033825967207,9.924737078209595e-12,9.924737078209596
5850,0.00014294426977198626,0.00014294425975771877,1.0014267484952419e-11,10.01426748495242
5851,0.00014294819140366985,0.0001429481812557655,1.014790434737918e-11,10.14790434737918
5852,0.00014295211305324348,0.0001429521027538122,1.0299431277488419e-11,10.29943127748842
5853,0.00014295603467344778,0.00014295602425185892,1.0421588851258393e-11,10.421588851258393
5854,0.00014295995629453383,0.00014295994574990562,1.0544628206655249e-11,10.544628206655249
5855,0.00014296387790208707,0.00014296386724795232,1.0654134740270521e-11,10.654134740270521
5856,0.0001429677994979422,0.00014296778874599904,1.075194313902049e-11,10.75194313902049
5857,0.00014297172111907421,0.00014297171024404574,1.087502846458946e-11,10.875028464589459
5858,0.0001429756427780527,0.00014297563174209247,1.103596022512876e-11,11.035960225128761
5859,0.00014297956440651103,0.00014297955324013917,1.116637185714292e-11,11.16637185714292
5860,0.00014298348603202873,0.00014298347473818587,1.1293842861814757e-11,11.293842861814758
5861,0.0001429874076461764,0.0001429873962362326,1.1409943811198684e-11,11.409943811198684
5862,0.0001429913292488997,0.0001429913177342793,1.1514620413870913e-11,11.514620413870913
5863,0.00014299525086667315,0.000142995239232326,1.1634347152160066e-11,11.634347152160066
5864,0.0001429991725287008,0.00014299916073037271,1.1798328068679157e-11,11.798328068679156
5865,0.00014300309737965217,0.0001430030822284194,1.5151232746754534e-11,15.151232746754534
5866,0.0001430070253597146,0.0001430070037264661,2.1633248490140658e-11,21.63324849014066
5867,0.00014301094810179935,0.00014301092522451284,2.2877286511609516e-11,22.877286511609515
5868,0.00014301486959463375,0.00014301484672255954,2.287207420966529e-11,22.872074209665293
5869,0.00014301879054932112,0.00014301876822060626,2.232871485259126e-11,22.32871485259126
5870,0.0001430227117418359,0.00014302268971865296,2.202318293988735e-11,22.023182939887352
5871,0.000143026632940947,0.00014302661121669966,2.1724247340305897e-11,21.724247340305897
5872,0.00014303055413937042,0.00014303053271474638,2.1424624031286435e-11,21.424624031286434
5873,0.00014303447534994563,0.00014303445421279308,2.1137152541531354e-11,21.137152541531353
5874,0.00014303839657032842,0.0001430383757108398,2.0859488609103305e-11,20.859488609103305
5875,0.00014304231779235882,0.0001430422972088865,2.0583472311611728e-11,20.58347231161173
5876,0.00014304623900869367,0.0001430462187069332,2.0301760456162596e-11,20.301760456162597
5877,0.0001430501602403033,0.00014305014020497993,2.0035323355915472e-11,20.035323355915473
5878,0.000143054081527839,0.00014305406170302663,1.982481235817607e-11,19.824812358176068
5879,0.0001430580028001885,0.00014305798320107335,1.9599115130342043e-11,19.599115130342042
5880,0.00014306192407098964,0.00014306190469912005,1.9371869580490545e-11,19.371869580490543
5881,0.00014306584534491717,0.00014306582619716675,1.914775040891857e-11,19.147750408918572
5882,0.00014306976661701426,0.00014306974769521348,1.892180077881879e-11,18.92180077881879
5883,0.000143073687885283,0.00014307366919326018,1.8692022830847963e-11,18.692022830847964
5884,0.00014307760915062987,0.00014307759069130687,1.845932298512734e-11,18.45932298512734
5885,0.00014308153042446656,0.0001430815121893536,1.8235112957413313e-11,18.235112957413314
5886,0.00014308545174049697,0.0001430854336874003,1.8053096663015578e-11,18.053096663015577
5887,0.0001430893730581964,0.00014308935518544702,1.7872749362337112e-11,17.872749362337114
5888,0.000143093294360163,0.00014309327668349372,1.7676669258143818e-11,17.676669258143818
5889,0.00014309721566863173,0.00014309719818154042,1.74870913041143e-11,17.4870913041143
5890,0.00014310113697068582,0.00014310111967958715,1.729109866793127e-11,17.29109866793127
5891,0.00014310505826837716,0.00014310504117763385,1.7090743310626378e-11,17.090743310626376
5892,0.0001431089795576861,0.00014310896267568054,1.688200555264513e-11,16.88200555264513
5893,0.0001431129008815171,0.00014311288417372727,1.6707789821827884e-11,16.707789821827884
5894,0.00014311682223396474,0.00014311680567177397,1.656219076709671e-11,16.56219076709671
5895,0.00014312074357153036,0.0001431207271698207,1.6401709655190403e-11,16.401709655190402
5896,0.00014312466489994354,0.0001431246486678674,1.623207614222484e-11,16.23207614222484
5897,0.00014312858622862057,0.0001431285701659141,1.6062706469857954e-11,16.062706469857954
5898,0.00014313250755525162,0.00014313249166396082,1.589129079957137e-11,15.89129079957137
5899,0.000143136428877075,0.00014313641316200752,1.5715067478696388e-11,15.715067478696387
5900,0.00014314035018962712,0.00014314033466005424,1.552957287399394e-11,15.529572873993938
5901,0.0001431442715539572,0.00014314425615810094,1.5395856241392336e-11,15.395856241392336
5902,0.00014314819292587713,0.00014314817765614764,1.5269729484784056e-11,15.269729484784056
5903,0.00014315211427290013,0.00014315209915419436,1.5118705760008122e-11,15.118705760008122
5904,0.00014315603562716975,0.00014315602065224106,1.4974928679922756e-11,14.974928679922757
5905,0.00014315995696560001,0.0001431599421502878,1.4815312219249005e-11,14.815312219249005
5906,0.00014316387830660073,0.0001431638636483345,1.4658266239295892e-11,14.658266239295893
5907,0.00014316779964432098,0.00014316778514638119,1.449793978882949e-11,14.49793978882949
5908,0.00014317172100340204,0.0001431717066444279,1.435897412693507e-11,14.35897412693507
5909,0.00014317564240297486,0.0001431756281424746,1.426050024489163e-11,14.260500244891631
5910,0.00014317956377365916,0.0001431795496405213,1.4133137850172423e-11,14.133137850172423
5911,0.00014318348514786398,0.00014318347113856803,1.4009295941222439e-11,14.009295941222438
5912,0.0001431874065107103,0.00014318739263661473,1.3874095550842736e-11,13.874095550842735
5913,0.0001431913278757691,0.00014319131413466146,1.3741107637626316e-11,13.741107637626316
5914,0.00014319524922569096,0.00014319523563270816,1.3592982798409065e-11,13.592982798409064
5915,0.00014319917058903622,0.00014319915713075485,1.345828135786914e-11,13.45828135786914
5916,0.0001432030919989242,0.00014320307862880158,1.3370122602399781e-11,13.370122602399782
5917,0.00014320701339739697,0.00014320700012684828,1.3270548688832138e-11,13.270548688832138
5918,0.00014321093478072915,0.00014321092162489498,1.3155834162976277e-11,13.155834162976277
5919,0.00014321485616652018,0.0001432148431229417,1.3043578472122342e-11,13.043578472122341
5920,0.00014321877754391366,0.0001432187646209884,1.2922925255971746e-11,12.922925255971746
5921,0.00014322269891127196,0.00014322268611903513,1.279223682714295e-11,12.79223682714295
5922,0.00014322662028907665,0.00014322660761708183,1.2671994821771324e-11,12.671994821771325
5923,0.00014323054171094923,0.00014323052911512852,1.2595820701591348e-11,12.595820701591348
5924,0.000143234463129067,0.00014323445061317525,1.2515891745342567e-11,12.515891745342566
5925,0.00014323838452745297,0.00014323837211122195,1.2416231014285961e-11,12.41623101428596
5926,0.00014324230592975185,0.00014324229360926867,1.2320483168869856e-11,12.320483168869856
5927,0.00014324622732322294,0.00014324621510731537,1.2215907559629993e-11,12.215907559629994
5928,0.0001432501487105301,0.00014325013660536207,1.2105168017094062e-11,12.105168017094062
5929,0.0001432540700873932,0.0001432540581034088,1.1983984409240686e-11,11.983984409240687
5930,0.00014325799152112704,0.0001432579796014555,1.1919671542142865e-11,11.919671542142865
5931,0.00014326191295648924,0.00014326190109950222,1.1856987011182846e-11,11.856987011182847
5932,0.000143265834361335,0.00014326582259754892,1.1763786065090126e-11,11.763786065090127
5933,0.00014326975578228247,0.00014326974409559562,1.1686686849406478e-11,11.686686849406478
5934,0.00014327367718549236,0.00014327366559364234,1.1591850004865803e-11,11.591850004865803
5935,0.00014327759858690403,0.00014327758709168904,1.1495214983917007e-11,11.495214983917007
5936,0.0001432815199746865,0.00014328150858973574,1.1384950755613494e-11,11.384950755613493
5937,0.00014328544141941585,0.00014328543008778247,1.1331633379058043e-11,11.331633379058044
5938,0.0001432893628697498,0.00014328935158582917,1.128392062300293e-11,11.28392062300293
5939,0.00014329328429740884,0.00014329327308387586,1.1213532971132673e-11,11.213532971132674
5940,0.00014329720572653858,0.0001432971945819226,1.1144615985299283e-11,11.144615985299284
5941,0.00014330112714772513,0.0001433011160799693,1.1067755836194668e-11,11.067755836194667
5942,0.00014330504856191527,0.00014330503757801601,1.098389924915584e-11,10.98389924915584
5943,0.00014330896996229443,0.0001433089590760627,1.0886231715373132e-11,10.886231715373132
5944,0.00014331289141908537,0.0001433128805741094,1.0844975952461311e-11,10.844975952461311
5945,0.00014331681288199118,0.00014331680207215614,1.08098350355922e-11,10.809835035592199
5946,0.00014332073431904115,0.00014332072357020284,1.0748838309259143e-11,10.748838309259144
5947,0.00014332465576683226,0.00014332464506824956,1.0698582692533737e-11,10.698582692533737
5948,0.00014332857719974223,0.00014332856656629626,1.0633445967310099e-11,10.633445967310099
5949,0.0001433324986254849,0.00014333248806434296,1.0561141933889865e-11,10.561141933889864
5950,0.00014333642003605662,0.00014333640956238968,1.0473666930520584e-11,10.473666930520585
5951,0.0001433403415142982,0.00014334033106043638,1.0453861809435791e-11,10.453861809435791
5952,0.00014334426298749637,0.0001433442525584831,1.0429013250895139e-11,10.429013250895139
5953,0.0001433481844374495,0.0001433481740565298,1.0380919695931995e-11,10.380919695931995
5954,0.00014335210589080997,0.0001433520955545765,1.0336233463136321e-11,10.336233463136322
5955,0.00014335602733411685,0.00014335601705262323,1.028149361333057e-11,10.28149361333057
5956,0.0001433599487701939,0.00014335993855066993,1.0219523951072979e-11,10.21952395107298
5957,0.000143363870198907,0.00014336386004871665,1.0150190333449758e-11,10.150190333449757
5958,0.00014336779168428764,0.00014336778154676335,1.0137524277094967e-11,10.137524277094967
5959,0.00014337171316590968,0.00014337170304481005,1.0121099617068821e-11,10.121099617068822
5960,0.00014337563462671053,0.00014337562454285678,1.0083853748786884e-11,10.083853748786884
5961,0.00014337955608965475,0.00014337954604090348,1.0048751266884787e-11,10.048751266884787
5962,0.00014338347754236654,0.00014338346753895017,1.0003416355929315e-11,10.003416355929316
5963,0.00014338739898769342,0.0001433873890369969,9.950696510296176e-12,9.950696510296176
5964,0.00014339132043418443,0.0001433913105350436,9.899140826745742e-12,9.899140826745743
5965,0.0001433952419332824,0.0001433952320330903,9.900192096277239e-12,9.90019209627724
5966,0.00014339916342135184,0.00014339915353113702,9.890214807100104e-12,9.890214807100104
5967,0.00014340308489252195,0.00014340307502918372,9.863338221290763e-12,9.863338221290762
5968,0.00014340700636392877,0.00014340699652723045,9.836698316815676e-12,9.836698316815676
5969,0.00014341092782490334,0.00014341091802527715,9.799626191931879e-12,9.799626191931878
5970,0.00014341484927797986,0.00014341483952332384,9.754656006587231e-12,9.754656006587231
5971,0.00014341877074420988,0.00014341876102137057,9.72283930778907e-12,9.72283930778907
5972,0.00014342269225673738,0.00014342268251941727,9.737320101740166e-12,9.737320101740165
5973,0.00014342661374955182,0.000143426604017464,9.732087823370914e-12,9.732087823370914
5974,0.00014343053523117215,0.0001434305255155107,9.715661455726346e-12,9.715661455726346
5975,0.0001434344567099399,0.0001434344470135574,9.69638249795586e-12,9.696382497955861
5976,0.00014343837817945874,0.00014343836851160412,9.667854618027716e-12,9.667854618027716
5977,0.00014344229964084255,0.00014344229000965082,9.631191725253924e-12,9.631191725253924
5978,0.00014344622112647245,0.00014344621150769754,9.618774899873534e-12,9.618774899873534
5979,0.00014345014264642908,0.00014345013300574424,9.640684836845881e-12,9.640684836845882
5980,0.0001434540641422449,0.00014345405450379094,9.63845395535072e-12,9.638453955350721
5981,0.00014345798563477908,0.00014345797600183766,9.632941410719881e-12,9.632941410719882
5982,0.00014346190711995963,0.00014346189749988436,9.620075264854158e-12,9.620075264854158
5983,0.0001434658285967566,0.0001434658189979311,9.598825498584637e-12,9.598825498584638
5984,0.0001434697500604024,0.0001434697404959778,9.564424603908356e-12,9.564424603908357
5985,0.0001434736715845176,0.00014347366199402449,9.590493106733489e-12,9.590493106733488
5986,0.00014347759310728682,0.0001434775834920712,9.615215599666535e-12,9.615215599666536
5987,0.00014348151460726776,0.0001434815049901179,9.617149843447304e-12,9.617149843447304
5988,0.00014348543610888498,0.0001434854264881646,9.620720365146787e-12,9.620720365146788
5989,0.0001434893575994299,0.00014348934798621133,9.613218553474926e-12,9.613218553474926
5990,0.00014349327908175135,0.00014349326948425803,9.59749331227025e-12,9.59749331227025
5991,0.0001434972005812727,0.00014349719098230473,9.598967962750102e-12,9.598967962750102
5992,0.00014350112211990125,0.00014350111248035146,9.639549785591506e-12,9.639549785591505
5993,0.0001435050436136521,0.00014350503397839815,9.63525393263863e-12,9.63525393263863
5994,0.00014350896506268247,0.00014350895547644488,9.586237586101429e-12,9.58623758610143
5995,0.00014351288656909076,0.00014351287697449158,9.594599170096072e-12,9.594599170096071
5996,0.00014351680806568107,0.00014351679847253828,9.593142788422826e-12,9.593142788422826
5997,0.00014352072955115702,0.000143520719970585,9.580572006333943e-12,9.580572006333943
5998,0.00014352465106585904,0.0001435246414686317,9.597227330372285e-12,9.597227330372284
5999,0.00014352857261470663,0.00014352856296667843,9.648028192370234e-12,9.648028192370234
6000,0.0001435324941371115,0.00014353248446472513,9.672386366268271e-12,9.67238636626827
6001,0.00014353641565564778,0.00014353640596277182,9.692875944184554e-12,9.692875944184554
6002,0.00014354033715796046,0.00014354032746081855,9.697141900262524e-12,9.697141900262524
6003,0.0001435442586564701,0.00014354424895886525,9.697604854590175e-12,9.697604854590175
6004,0.00014354818014287126,0.00014354817045691197,9.685959276425183e-12,9.685959276425182
6005,0.00014355210170786272,0.00014355209195495867,9.752904044296712e-12,9.752904044296713
6006,0.00014355602324522804,0.00014355601345300537,9.792222663186953e-12,9.792222663186953
6007,0.00014355994477277808,0.0001435599349510521,9.821725972704629e-12,9.821725972704629
6008,0.0001435638662923122,0.0001435638564490988,9.843213396090359e-12,9.84321339609036
6009,0.00014356778780546964,0.0001435677779471455,9.858324138608724e-12,9.858324138608724
6010,0.00014357170931379598,0.00014357169944519222,9.868603757561656e-12,9.868603757561656
6011,0.00014357563082688992,0.00014357562094323892,9.883650992937768e-12,9.883650992937767
6012,0.00014357955238690378,0.00014357954244128564,9.945618134425308e-12,9.945618134425308
6013,0.00014358347392332352,0.00014358346393933234,9.983991166390816e-12,9.983991166390815
6014,0.00014358739545849013,0.00014358738543737904,1.0021111077485365e-11,10.021111077485365
6015,0.00014359131698681528,0.00014359130693542577,1.0051389510241205e-11,10.051389510241204
6016,0.00014359523850835117,0.00014359522843347247,1.0074878696097994e-11,10.074878696097995
6017,0.00014359915999111975,0.00014359914993151916,1.0059600579869252e-11,10.059600579869253
6018,0.0001436030815627237,0.0001436030714295659,1.0133157815475608e-11,10.133157815475608
6019,0.00014360700312167005,0.0001436069929276126,1.0194057451504119e-11,10.194057451504118
6020,0.00014361092465746888,0.00014361091442565931,1.0231809560885444e-11,10.231809560885443
6021,0.00014361484619247283,0.000143614835923706,1.0268766814549066e-11,10.268766814549066
6022,0.0001436187677192055,0.0001436187574217527,1.0297452771153959e-11,10.297452771153958
6023,0.00014362268923042093,0.00014362267891979944,1.0310621490740968e-11,10.310621490740967
6024,0.00014362661077388183,0.00014362660041784613,1.0356035683980303e-11,10.356035683980302
6025,0.00014363053234883188,0.00014363052191589286,1.0432939011436438e-11,10.432939011436437
6026,0.00014363445390548212,0.00014363444341393956,1.0491542551209113e-11,10.491542551209113
6027,0.00014363837544976302,0.00014363836491198626,1.0537776753656553e-11,10.537776753656553
6028,0.00014364229699030578,0.00014364228641003298,1.0580272789643589e-11,10.580272789643589
6029,0.0001436462185206203,0.00014364620790807968,1.0612540624965722e-11,10.612540624965723
6030,0.0001436501400372593,0.0001436501294061264,1.063113287618521e-11,10.631132876185209
6031,0.0001436540616115086,0.0001436540509041731,1.0707335483777267e-11,10.707335483777268
6032,0.00014365798318797968,0.0001436579724022198,1.0785759865566236e-11,10.785759865566236
6033,0.00014366190473907308,0.00014366189390026653,1.0838806543944271e-11,10.838806543944271
6034,0.0001436658262919037,0.00014366581539831323,1.0893590466568334e-11,10.893590466568334
6035,0.00014366974783262853,0.00014366973689635993,1.0936268594310239e-11,10.936268594310238
6036,0.00014367366936329245,0.00014367365839440665,1.0968885786677402e-11,10.968885786677403
6037,0.00014367759091248814,0.00014367757989245335,1.1020034785992936e-11,11.020034785992936
6038,0.0001436815125024217,0.00014368150139050005,1.1111921651947549e-11,11.111921651947549
6039,0.00014368543406981232,0.00014368542288854678,1.1181265542386354e-11,11.181265542386354
6040,0.00014368935562794364,0.00014368934438659347,1.1241350156536753e-11,11.241350156536754
6041,0.000143693277180284,0.0001436932658846402,1.1295643802938418e-11,11.295643802938418
6042,0.00014369719871363813,0.0001436971873826869,1.133095122615617e-11,11.33095122615617
6043,0.0001437011202460934,0.0001437011088807336,1.1365359791562821e-11,11.36535979156282
6044,0.00014370504185158274,0.00014370503037878032,1.1472802410817496e-11,11.472802410817495
6045,0.0001437089634277627,0.00014370895187682702,1.1550935684323152e-11,11.550935684323152
6046,0.0001437128849976126,0.00014371287337487375,1.1622738843444752e-11,11.622738843444752
6047,0.000143716806556451,0.00014371679487292045,1.1683530547146992e-11,11.683530547146992
6048,0.0001437207281074067,0.00014372071637096714,1.1736439558954176e-11,11.736439558954176
6049,0.00014372464963844904,0.00014372463786901387,1.176943516498459e-11,11.769435164984591
6050,0.00014372857123259278,0.00014372855936706057,1.1865532204815399e-11,11.865532204815398
6051,0.00014373249282626337,0.0001437324808651073,1.196115607171308e-11,11.96115607171308
6052,0.00014373641440198497,0.000143736402363154,1.2038830971645265e-11,12.038830971645265
6053,0.00014374033597177083,0.0001437403238612007,1.2110570135733634e-11,12.110570135733633
6054,0.00014374425753153116,0.00014374424535924742,1.2172283736543138e-11,12.172283736543138
6055,0.00014374817907735263,0.00014374816685729412,1.2220058508962517e-11,12.220058508962516
6056,0.0001437521006442366,0.00014375208835534084,1.228889575172612e-11,12.28889575172612
6057,0.00014375602225470002,0.00014375600985338754,1.2401312473707724e-11,12.401312473707724
6058,0.00014375994383843263,0.00014375993135143424,1.2486998380862077e-11,12.486998380862078
6059,0.000143763865418751,0.00014376385284948096,1.2569270026955057e-11,12.569270026955056
6060,0.0001437677869906208,0.00014376777434752766,1.264309313603916e-11,12.64309313603916
6061,0.00014377170855266148,0.00014377169584557436,1.2707087112172999e-11,12.707087112173
6062,0.00014377563010179402,0.00014377561734362109,1.2758172929606932e-11,12.758172929606932
6063,0.00014377955170854164,0.00014377953884166778,1.2866873846797938e-11,12.866873846797938
6064,0.0001437834733142712,0.00014378346033971448,1.2974556698148982e-11,12.974556698148982
6065,0.00014378739489586168,0.0001437873818377612,1.3058100465755993e-11,13.058100465755993
6066,0.0001437913164777452,0.0001437913033358079,1.3141937293210227e-11,13.141937293210226
6067,0.00014379523804687488,0.00014379522483385463,1.3213020243933699e-11,13.213020243933698
6068,0.00014379915960482782,0.00014379914633190133,1.327292647972167e-11,13.27292647972167
6069,0.0001438030812002321,0.00014380306782994803,1.3370284067208319e-11,13.370284067208319
6070,0.00014380700281730057,0.00014380698932799476,1.3489305803034813e-11,13.489305803034812
6071,0.00014381092440391924,0.00014381091082604145,1.357787777505716e-11,13.577877775057159
6072,0.00014381484599061757,0.00014381483232408818,1.3666529381729076e-11,13.666529381729076
6073,0.00014381876756700823,0.00014381875382213488,1.3744873342821901e-11,13.7448733428219
6074,0.00014382268912876828,0.00014382267532018158,1.3808586700328446e-11,13.808586700328446
6075,0.00014382661071557688,0.0001438265968182283,1.3897348570361304e-11,13.897348570361304
6076,0.00014383053234178988,0.000143830518316275,1.4025514873886355e-11,14.025514873886355
6077,0.00014383445393768694,0.00014383443981432173,1.4123365204155345e-11,14.123365204155345
6078,0.0001438383755299401,0.00014383836131236843,1.4217571666447882e-11,14.217571666447881
6079,0.00014384229711725363,0.00014384228281041512,1.4306838503642575e-11,14.306838503642574
6080,0.00014384621869366034,0.00014384620430846185,1.4385198483822498e-11,14.385198483822498
6081,0.00014385014024250332,0.00014385012580650855,1.4435994765066268e-11,14.435994765066269
6082,0.00014385406188286242,0.00014385404730455527,1.4578307142226715e-11,14.578307142226716
6083,0.00014385798349235532,0.00014385796880260197,1.468975334063362e-11,14.689753340633619
6084,0.00014386190509571825,0.00014386189030064867,1.4795069568377506e-11,14.795069568377507
6085,0.00014386582668696947,0.0001438658117986954,1.488827406523234e-11,14.888274065232341
6086,0.00014386974826980086,0.0001438697332967421,1.497305875643587e-11,14.97305875643587
6087,0.00014387366983062232,0.0001438736547947888,1.5035833520121694e-11,15.035833520121695
6088,0.00014387759146893288,0.00014387757629283552,1.517609735148734e-11,15.17609735148734
6089,0.00014388151309128647,0.00014388149779088222,1.5300404247644048e-11,15.300404247644048
6090,0.00014388543469915716,0.00014388541928892892,1.5410228235655424e-11,15.410228235655424
6091,0.000143889356298681,0.00014388934078697564,1.551170535771665e-11,15.511705357716648
6092,0.00014389327788875056,0.00014389326228502234,1.5603728209728746e-11,15.603728209728747
6093,0.0001438971994603052,0.00014389718378306907,1.5677236114136253e-11,15.677236114136253
6094,0.00014390112108197316,0.00014390110528111577,1.5800857387944137e-11,15.800857387944136
6095,0.00014390504271649394,0.00014390502677916246,1.593733147193102e-11,15.93733147193102
6096,0.00014390896432982212,0.0001439089482772092,1.6052612927102875e-11,16.052612927102874
6097,0.00014391288593732613,0.0001439128697752559,1.6162070237939516e-11,16.162070237939517
6098,0.00014391680753461476,0.0001439167912733026,1.626131214169689e-11,16.26131214169689
6099,0.00014392072911646893,0.0001439207127713493,1.6345119614377304e-11,16.345119614377303
6100,0.00014392465072260658,0.000143924634269396,1.645321055942607e-11,16.453210559426072
6101,0.0001439285723687576,0.00014392855576744274,1.6601314853012153e-11,16.601314853012152
6102,0.0001439324939882093,0.00014393247726548943,1.672271985494915e-11,16.72271985494915
6103,0.00014393641560314738,0.00014393639876353616,1.6839611214821873e-11,16.839611214821872
6104,0.00014394033720508103,0.00014394032026158286,1.6943498165946827e-11,16.943498165946828
6105,0.00014394425879668356,0.00014394424175962956,1.7037053998515656e-11,17.037053998515656
6106,0.0001439481803883454,0.00014394816325767628,1.7130669109838265e-11,17.130669109838266
6107,0.00014395210204552669,0.00014395208475572298,1.7289803696856454e-11,17.289803696856453
6108,0.00014395602367140448,0.00014395600625376968,1.7417634792174827e-11,17.417634792174827
6109,0.0001439599452936536,0.0001439599277518164,1.7541837198347163e-11,17.541837198347164
6110,0.0001439638669019029,0.0001439638492498631,1.765203978975717e-11,17.652039789757172
6111,0.00014396778850145337,0.00014396777074790983,1.775354352898173e-11,17.75354352898173
6112,0.00014397171008030029,0.00014397169224595653,1.783434375009632e-11,17.83434375009632
6113,0.00014397563174755538,0.00014397561374400323,1.800355214739005e-11,18.00355214739005
6114,0.00014397955338317888,0.00014397953524204995,1.8141128919196462e-11,18.14112891919646
6115,0.00014398347500949507,0.00014398345674009665,1.826939841166328e-11,18.26939841166328
6116,0.00014398739662496737,0.00014398737823814335,1.8386824012156494e-11,18.386824012156495
6117,0.0001439913182306038,0.00014399129973619008,1.849441373054092e-11,18.49441373054092
6118,0.0001439952398144333,0.00014399522123423677,1.8580196511159386e-11,18.580196511159386
6119,0.000143999161469563,0.0001439991427322835,1.8737279489511635e-11,18.737279489511636
6120,0.00014400308632061588,0.0001440030642303302,2.2090285676015412e-11,22.090285676015412
6121,0.0001440070143006183,0.0001440069857283769,2.857224140881129e-11,28.57224140881129
6122,0.0001440109370528615,0.00014401090722642362,2.982643786253525e-11,29.82643786253525
6123,0.00014401485856601123,0.00014401482872447032,2.984154090721819e-11,29.84154090721819
6124,0.00014401877949831238,0.00014401875022251705,2.927579532315744e-11,29.27579532315744
6125,0.0001440227006798457,0.00014402267172056375,2.8959281960329292e-11,28.959281960329292
6126,0.0001440266219114546,0.00014402659321861044,2.8692844155350755e-11,28.692844155350755
6127,0.00014403054312706092,0.00014403051471665717,2.8410403743146767e-11,28.410403743146766
6128,0.00014403446435453556,0.00014403443621470387,2.8139831685549163e-11,28.139831685549165
6129,0.00014403838558529306,0.0001440383577127506,2.7872542456604574e-11,27.872542456604574
6130,0.00014404230682253064,0.0001440422792107973,2.7611733341414605e-11,27.611733341414606
6131,0.00014404622805641454,0.000144046200708844,2.734757054495965e-11,27.34757054495965
6132,0.00014405014927673096,0.00014405012220689072,2.706984023225359e-11,27.06984023225359
6133,0.00014405407053673014,0.00014405404370493741,2.683179272194751e-11,26.831792721947508
6134,0.00014405799183197867,0.0001440579652029841,2.662899454872779e-11,26.62899454872779
6135,0.00014406191312502594,0.00014406188670103084,2.6423995092732217e-11,26.423995092732216
6136,0.00014406583441221274,0.00014406580819907754,2.621313519873371e-11,26.21313519873371
6137,0.00014406975568932468,0.00014406972969712426,2.5992200410257488e-11,25.99220041025749
6138,0.00014407367697035148,0.00014407365119517096,2.5775180513195786e-11,25.775180513195785
6139,0.0001440775982555564,0.00014407757269321766,2.556233872473103e-11,25.562338724731028
6140,0.00014408151952748034,0.00014408149419126439,2.5336215947544302e-11,25.336215947544304
6141,0.00014408544083820385,0.00014408541568931108,2.5148892754562794e-11,25.148892754562794
6142,0.000144089362170063,0.00014408933718735778,2.498270521557215e-11,24.982705215572153
6143,0.0001440932834935075,0.0001440932586854045,2.480810299378547e-11,24.808102993785468
6144,0.00014409720481339827,0.0001440971801834512,2.4629947055432977e-11,24.62994705543298
6145,0.00014410112612952747,0.00014410110168149793,2.4448029531853155e-11,24.448029531853155
6146,0.00014410504743381965,0.00014410502317954463,2.4254275014214788e-11,24.254275014214787
6147,0.00014410896873796896,0.00014410894467759133,2.4060377625835142e-11,24.06037762583514
6148,0.00014411289004610274,0.00014411286617563806,2.387046468043938e-11,23.87046468043938
6149,0.00014411681139006927,0.00014411678767368475,2.3716384508424046e-11,23.716384508424046
6150,0.00014412073274919088,0.00014412070917173148,2.3577459395690878e-11,23.577459395690877
6151,0.00014412465408867618,0.00014412463066977818,2.3418897999256228e-11,23.418897999256227
6152,0.00014412857542353061,0.00014412855216782488,2.3255705731397403e-11,23.255705731397402
6153,0.00014413249674943688,0.0001441324736658716,2.3083565271958512e-11,23.083565271958513
6154,0.0001441364180937804,0.0001441363951639183,2.2929862104143606e-11,22.929862104143606
6155,0.0001441403394162105,0.00014414031666196503,2.2754245475699292e-11,22.754245475699292
6156,0.00014414426074899962,0.00014414423816001173,2.2588987884017045e-11,22.588987884017044
6157,0.00014414818214368344,0.00014414815965805842,2.2485625009117216e-11,22.485625009117218
6158,0.0001441521035105595,0.00014415208115610515,2.2354454354267153e-11,22.354454354267155
6159,0.0001441560248675276,0.00014415600265415185,2.2213375744968886e-11,22.213375744968886
6160,0.00014415994622678414,0.00014415992415219855,2.2074585588301138e-11,22.074585588301137
6161,0.0001441638675783222,0.00014416384565024527,2.1928076915052303e-11,21.9280769150523
6162,0.0001441677889248843,0.00014416776714829197,2.17765923230379e-11,21.7765923230379
6163,0.00014417171026826907,0.00014417168864633867,2.1621930395241865e-11,21.621930395241865
6164,0.0001441756316644592,0.0001441756101443854,2.152007380242027e-11,21.52007380242027
6165,0.0001441795530586886,0.0001441795316424321,2.1416256511284898e-11,21.4162565112849
6166,0.00014418347443286112,0.00014418345314047882,2.1292382293110174e-11,21.292382293110172
6167,0.00014418739581188662,0.00014418737463852552,2.1173361099384766e-11,21.173361099384767
6168,0.00014419131718272678,0.00014419129613657222,2.1046154558727853e-11,21.046154558727853
6169,0.00014419523854772954,0.00014419521763461894,2.0913110592259116e-11,20.913110592259116
6170,0.00014419915989120826,0.00014419913913266564,2.0758542610581327e-11,20.758542610581326
6171,0.00014420308129328482,0.00014420306063071237,2.0662572449509753e-11,20.662572449509753
6172,0.00014420700270932607,0.00014420698212875906,2.0580567002155173e-11,20.580567002155174
6173,0.00014421092410414027,0.00014421090362680576,2.0477334502566586e-11,20.477334502566585
6174,0.00014421484549693555,0.0001442148251248525,2.0372083055902504e-11,20.372083055902504
6175,0.0001442187668850516,0.0001442187466228992,2.026215240950241e-11,20.26215240950241
6176,0.0001442226882662591,0.0001442226681209459,2.014531317264913e-11,20.14531317264913
6177,0.00014422660963720014,0.0001442265896189926,2.0018207517004366e-11,20.018207517004367
6178,0.00014423053103949153,0.0001442305111170393,1.9922452217698325e-11,19.922452217698325
6179,0.00014423445247429336,0.00014423443261508604,1.9859207316845457e-11,19.859207316845456
6180,0.00014423837388718498,0.00014423835411313273,1.9774052235074752e-11,19.774052235074752
6181,0.00014424229529331955,0.00014424227561117946,1.9682140080104466e-11,19.682140080104467
6182,0.00014424621669688328,0.00014424619710922616,1.958765711915289e-11,19.58765711915289
6183,0.0001442501380925932,0.00014425011860727286,1.9485320333189102e-11,19.4853203331891
6184,0.00014425405947938324,0.00014425404010531958,1.937406365332195e-11,19.37406365332195
6185,0.0001442579808879232,0.00014425796160336628,1.928455690929154e-11,19.28455690929154
6186,0.00014426190233731884,0.00014426188310141298,1.9235905857571303e-11,19.235905857571304
6187,0.00014426582376588843,0.0001442658045994597,1.91664287186855e-11,19.1664287186855
6188,0.00014426974518495,0.0001442697260975064,1.908744358753292e-11,19.08744358753292
6189,0.00014427366660241565,0.0001442736475955531,1.9006862537887498e-11,19.0068625378875
6190,0.00014427758801132006,0.00014427756909359983,1.8917720221312315e-11,18.917720221312315
6191,0.00014428150941188757,0.00014428149059164653,1.8820241040552022e-11,18.820241040552023
6192,0.00014428543083053175,0.00014428541208969325,1.8740838491563036e-11,18.740838491563036
6193,0.00014428935229221973,0.00014428933358773995,1.8704479771708735e-11,18.704479771708733
6194,0.00014429327373407315,0.00014429325508578665,1.8648286494680658e-11,18.648286494680658
6195,0.00014429719516556903,0.00014429717658383338,1.8581735644563447e-11,18.581735644563448
6196,0.0001443011165955031,0.00014430109808188007,1.8513623028321824e-11,18.513623028321824
6197,0.0001443050380165808,0.0001443050195799268,1.8436653998214037e-11,18.436653998214037
6198,0.00014430895942894282,0.0001443089410779735,1.8350969310787127e-11,18.35096931078713
6199,0.00014431288086094894,0.0001443128625760202,1.8284928740422396e-11,18.284928740422398
6200,0.00014431680233519616,0.00014431678407406692,1.8261129228798787e-11,18.261129228798787
6201,0.00014432072378829617,0.00014432070557211362,1.8216182543536228e-11,18.216182543536227
6202,0.00014432464523176004,0.00014432462707016035,1.8161599686205052e-11,18.16159968620505
6203,0.00014432856667281546,0.00014432854856820705,1.810460840927297e-11,18.10460840927297
6204,0.00014433248810517675,0.00014433247006625374,1.8038922996434892e-11,18.03892299643489
6205,0.00014433640952752765,0.00014433639156430047,1.796322717204331e-11,17.963227172043307
6206,0.00014434033097486014,0.00014434031306234717,1.7912512964903996e-11,17.912512964903996
6207,0.00014434425246116924,0.00014434423456039387,1.7900775365079613e-11,17.900775365079614
6208,0.0001443481739234393,0.0001443481560584406,1.786499869916161e-11,17.86499869916161
6209,0.0001443520953785175,0.0001443520775564873,1.782203019497286e-11,17.82203019497286
6210,0.00014435601682120884,0.00014435599905453402,1.7766674816488734e-11,17.766674816488734
6211,0.0001443599382682641,0.00014435992055258071,1.7715683378853917e-11,17.715683378853917
6212,0.00014436385969239385,0.0001443638420506274,1.7641766432071785e-11,17.641766432071783
6213,0.00014436778116078177,0.00014436776354867414,1.761210762085752e-11,17.612107620857522
6214,0.0001443717026548982,0.00014437168504672084,1.7608177360877206e-11,17.608177360877207
6215,0.00014437562412460066,0.00014437560654476754,1.7579833117692026e-11,17.579833117692026
6216,0.00014437954559110616,0.00014437952804281426,1.7548291887560838e-11,17.54829188756084
6217,0.00014438346705099889,0.00014438344954086096,1.751013791864428e-11,17.510137918644283
6218,0.000144387388502883,0.00014438737103890769,1.746397530064528e-11,17.46397530064528
6219,0.00014439130994046536,0.00014439129253695438,1.740351097178902e-11,17.40351097178902
6220,0.00014439523142864685,0.00014439521403500108,1.7393645762011467e-11,17.393645762011467
6221,0.00014439915293810372,0.0001443991355330478,1.7405055905674705e-11,17.405055905674704
6222,0.00014440307441321252,0.0001444030570310945,1.738211800951757e-11,17.38211800951757
6223,0.00014440699589133278,0.00014440697852914123,1.736219153910462e-11,17.36219153910462
6224,0.00014441091735891104,0.00014441090002718793,1.7331723099918054e-11,17.331723099918054
6225,0.0001444148388187094,0.00014441482152523463,1.729347475120238e-11,17.293474751202382
6226,0.00014441876027319946,0.00014441874302328136,1.7249918094440112e-11,17.249918094440112
6227,0.0001444226817839441,0.00014442266452132805,1.7262616026338773e-11,17.262616026338772
6228,0.00014442660328765154,0.00014442658601937478,1.7268276754301537e-11,17.26827675430154
6229,0.00014443052477178703,0.00014443050751742148,1.7254365545961756e-11,17.254365545961758
6230,0.00014443444625675668,0.00014443442901546818,1.724128849566843e-11,17.24128849566843
6231,0.000144438367731047,0.0001444383505135149,1.7217532081081177e-11,17.217532081081178
6232,0.0001444422891972027,0.0001444422720115616,1.7185641087329146e-11,17.185641087329145
6233,0.00014444621067330034,0.0001444461935096083,1.7163692037763426e-11,17.163692037763425
6234,0.0001444501321976766,0.00014445011500765503,1.7190021562261585e-11,17.190021562261585
6235,0.0001444540536963583,0.00014445403650570172,1.719065657947401e-11,17.19065657947401
6236,0.00014445797518863722,0.00014445795800374845,1.7184888759441658e-11,17.18488875944166
6237,0.00014446189668927096,0.00014446187950179515,1.718747580135048e-11,17.18747580135048
6238,0.00014446581815245465,0.00014446580099984185,1.715261279260323e-11,17.152612792603232
6239,0.00014446973962213574,0.00014446972249788857,1.71242471635302e-11,17.1242471635302
6240,0.00014447366112556694,0.00014447364399593527,1.7129631663884468e-11,17.129631663884467
6241,0.00014447758265847041,0.00014447756549398197,1.7164488438469225e-11,17.164488438469224
6242,0.00014448150416541177,0.0001444814869920287,1.717338307046197e-11,17.17338307046197
6243,0.00014448542566930546,0.0001444854084900754,1.7179230064357967e-11,17.179230064357967
6244,0.00014448934717430022,0.00014448932998812212,1.7186178092665178e-11,17.186178092665177
6245,0.0001444932686602479,0.00014449325148616882,1.7174079074046597e-11,17.1740790740466
6246,0.00014449719013684314,0.00014449717298421552,1.715262761906794e-11,17.15262761906794
6247,0.00014450111168747115,0.00014450109448226224,1.7205208903663436e-11,17.205208903663436
6248,0.00014450503318663566,0.00014450501598030894,1.7206326716103268e-11,17.20632671610327
6249,0.00014450895463933813,0.00014450893747835567,1.716098245390406e-11,17.160982453904058
6250,0.0001445128761550833,0.00014451285897640236,1.7178680915957603e-11,17.178680915957603
6251,0.0001445167976505068,0.00014451678047444906,1.7176057743011383e-11,17.176057743011384
6252,0.0001445207191424074,0.0001445207019724958,1.7169911617735998e-11,17.169911617736
6253,0.00014452464063823085,0.0001445246234705425,1.71676883527611e-11,17.1676883527611
6254,0.00014452856218615952,0.0001445285449685892,1.7217570299207758e-11,17.217570299207758
6255,0.00014453248371213827,0.0001445324664666359,1.7245502355832013e-11,17.245502355832013
6256,0.0001445364052344665,0.0001445363879646826,1.7269783876636455e-11,17.269783876636456
6257,0.00014454032674419948,0.00014454030946272934,1.728147013948797e-11,17.281470139487972
6258,0.00014454424824752662,0.00014454423096077603,1.7286750583538735e-11,17.286750583538733
6259,0.0001445481697458267,0.00014454815245882273,1.7287003961586445e-11,17.287003961586446
6260,0.00014455209129278008,0.00014455207395686946,1.7335910613968844e-11,17.335910613968846
6261,0.0001445560128278714,0.00014455599545491616,1.7372955227222514e-11,17.372955227222516
6262,0.00014455993435834278,0.00014455991695296286,1.7405379919493952e-11,17.405379919493953
6263,0.00014456385587967448,0.00014456383845100958,1.7428664895871554e-11,17.428664895871556
6264,0.00014456777739661858,0.00014456775994905628,1.7447562295792488e-11,17.447562295792487
6265,0.00014457169890973645,0.000144571681447103,1.7462633437826503e-11,17.462633437826504
6266,0.0001445756204095697,0.0001445756029451497,1.7464419986166324e-11,17.464419986166323
6267,0.00014457954197804907,0.0001445795244431964,1.7534852659531794e-11,17.534852659531794
6268,0.0001445834635184294,0.00014458344594124313,1.7577186254928337e-11,17.577186254928336
6269,0.00014458738505591272,0.00014458736743928983,1.7616622889225053e-11,17.616622889225052
6270,0.00014459130658619836,0.00014459128893733655,1.7648861803454236e-11,17.648861803454235
6271,0.00014459522810032963,0.00014459521043538325,1.7664946376363927e-11,17.66494637636393
6272,0.00014459914959958186,0.00014459913193342995,1.7666151900759514e-11,17.666151900759512
6273,0.00014460307115847073,0.00014460305343147668,1.772699404696783e-11,17.726994046967828
6274,0.00014460699272062663,0.00014460697492952337,1.7791103246687548e-11,17.79110324668755
6275,0.00014461091426424717,0.0001446108964275701,1.7836677061591727e-11,17.83667706159173
6276,0.00014461483580205362,0.0001446148179256168,1.78764368152409e-11,17.876436815240897
6277,0.00014461875734169912,0.0001446187394236635,1.7918035619720094e-11,17.918035619720094
6278,0.00014462267886361835,0.00014462266092171022,1.7941908125254966e-11,17.941908125254965
6279,0.00014462660038397037,0.00014462658241975692,1.7964213443654564e-11,17.964213443654565
6280,0.0001446305219556845,0.00014463050391780365,1.8037880834201645e-11,18.037880834201644
6281,0.00014463444351964412,0.00014463442541585034,1.810379376686562e-11,18.10379376686562
6282,0.00014463836505869884,0.00014463834691389704,1.8144801789581028e-11,18.144801789581027
6283,0.00014464228660201583,0.00014464226841194377,1.8190072054981965e-11,18.190072054981965
6284,0.0001446462081338636,0.00014464618990999047,1.822387311480632e-11,18.22387311480632
6285,0.0001446501296458649,0.00014465011140803717,1.8237827718338054e-11,18.237827718338053
6286,0.00014465405122108613,0.0001446540329060839,1.8315002231862582e-11,18.315002231862582
6287,0.00014465797279569802,0.0001446579544041306,1.8391567423766173e-11,18.391567423766173
6288,0.00014466189435260153,0.0001446618759021773,1.845042423316634e-11,18.45042423316634
6289,0.00014466581590394953,0.00014466579740022401,1.850372550931953e-11,18.50372550931953
6290,0.00014466973744527444,0.0001446697188982707,1.854700371585885e-11,18.54700371585885
6291,0.00014467365897402325,0.00014467364039631744,1.857770580061359e-11,18.57770580061359
6292,0.00014467758051560868,0.00014467756189436414,1.862124454093496e-11,18.62124454093496
6293,0.00014468150210947153,0.00014468148339241084,1.871706069108793e-11,18.71706069108793
6294,0.00014468542367546413,0.00014468540489045756,1.8785006557035425e-11,18.785006557035423
6295,0.000144689345238611,0.00014468932638850426,1.885010674464585e-11,18.85010674464585
6296,0.00014469326679451329,0.00014469324788655099,1.8907962293339728e-11,18.90796229333973
6297,0.00014469718833078833,0.00014469716938459768,1.8946190638525318e-11,18.94619063852532
6298,0.00014470110985212052,0.00014470109088264438,1.8969476129898952e-11,18.96947612989895
6299,0.0001447050314519837,0.0001447050123806911,1.907129258013511e-11,19.07129258013511
6300,0.00014470895303504111,0.0001447089338787378,1.915630330038655e-11,19.156303300386547
6301,0.0001447128746039969,0.00014471285537678453,1.922721237218661e-11,19.22721237218661
6302,0.00014471679616562727,0.00014471677687483123,1.929079603200827e-11,19.29079603200827
6303,0.00014472071771811005,0.00014472069837287793,1.9345232115470346e-11,19.345232115470345
6304,0.00014472463924522576,0.00014472461987092466,1.9374301093597724e-11,19.374301093597722
6305,0.00014472856081510727,0.00014472854136897135,1.944613591142276e-11,19.44613591142276
6306,0.0001447324824159451,0.00014473246286701808,1.9548927005201875e-11,19.548927005201875
6307,0.00014473640399229143,0.00014473638436506478,1.96272266495309e-11,19.6272266495309
6308,0.00014474032556468228,0.00014474030586311148,1.9701570799074045e-11,19.701570799074045
6309,0.00014474424712463505,0.0001447442273611582,1.9763476845769165e-11,19.763476845769166
6310,0.00014474816867604152,0.0001447481488592049,1.981683661462956e-11,19.816836614629562
6311,0.00014475209021774606,0.0001447520703572516,1.9860494454559577e-11,19.86049445455958
6312,0.0001447560118353143,0.00014475599185529833,1.9980015980482533e-11,19.980015980482534
6313,0.0001447599334226448,0.00014475991335334502,2.006929975833617e-11,20.06929975833617
6314,0.00014476385500342763,0.00014476383485139172,2.0152035903744897e-11,20.1520359037449
6315,0.00014476777657316953,0.00014476775634943845,2.0223731076330118e-11,20.223731076330118
6316,0.0001447716981347906,0.00014477167784748515,2.028730543911815e-11,20.28730543911815
6317,0.0001447756196760071,0.00014477559934553187,2.0330475225440223e-11,20.330475225440225
6318,0.00014477954128282094,0.00014477952084357857,2.0439242360278914e-11,20.439242360278914
6319,0.00014478346288625713,0.00014478344234162527,2.0544631852984608e-11,20.544631852984608
6320,0.00014478738447232405,0.000144787363839672,2.0632652047416322e-11,20.63265204741632
6321,0.00014479130605187359,0.0001447912853377187,2.0714154885748793e-11,20.714154885748794
6322,0.000144795227621497,0.00014479520683576542,2.0785731582141615e-11,20.785731582141615
6323,0.00014479914917596312,0.00014479912833381212,2.0842150996637818e-11,20.84215099663782
6324,0.00014480307075868837,0.00014480304983185882,2.092682954444866e-11,20.926829544448662
6325,0.00014480699237728523,0.00014480697132990554,2.1047379680077708e-11,21.047379680077707
6326,0.00014481091397030384,0.00014481089282795224,2.114235158910402e-11,21.14235158910402
6327,0.00014481483555928544,0.00014481481432599897,2.123328647134108e-11,21.23328647134108
6328,0.00014481875713545135,0.00014481873582404566,2.131140567732355e-11,21.31140567732355
6329,0.00014482267870270254,0.00014482265732209236,2.138061016646803e-11,21.380610166468028
6330,0.00014482660026245603,0.0001448265788201391,2.1442316936803846e-11,21.442316936803845
6331,0.00014483052189552675,0.0001448305003181858,2.157734095459514e-11,21.57734095459514
6332,0.00014483444349805297,0.00014483442181623249,2.1681820476417466e-11,21.681820476417467
6333,0.0001448383650947185,0.0001448383433142792,2.1780439289186313e-11,21.78043928918631
6334,0.00014484228667933493,0.0001448422648123259,2.1867009010846622e-11,21.867009010846623
6335,0.00014484620825371873,0.00014484618631037264,2.1943346086613122e-11,21.943346086613122
6336,0.00014485012981692102,0.00014485010780841933,2.2008501676954562e-11,22.008501676954562
6337,0.00014485405142670809,0.00014485402930646603,2.2120242046515915e-11,22.120242046515916
6338,0.00014485797305197225,0.00014485795080451276,2.224745948340466e-11,22.24745948340466
6339,0.0001448618946484289,0.00014486187230255946,2.234586942462498e-11,22.34586942462498
6340,0.00014486581624626572,0.00014486579380060616,2.244565955521087e-11,22.44565955521087
6341,0.00014486973782239153,0.00014486971529865288,2.2523738645712957e-11,22.523738645712957
6342,0.00014487365939495195,0.00014487363679669958,2.259825236447588e-11,22.59825236447588
6343,0.0001448775809891431,0.0001448775582947463,2.2694396783941626e-11,22.694396783941627
6344,0.00014488150262352136,0.000144881479792793,2.2830728349552937e-11,22.83072834955294
6345,0.00014488542423154668,0.0001448854012908397,2.2940706971899164e-11,22.940706971899164
6346,0.00014488934583293904,0.00014488932278888643,2.304405260798445e-11,23.04405260798445
6347,0.0001448932674257144,0.00014489324428693313,2.3138781276253365e-11,23.138781276253365
6348,0.0001448971890075592,0.00014489716578497985,2.3222579343479932e-11,23.222579343479932
6349,0.00014490111059442705,0.00014490108728302655,2.331140049226657e-11,23.31140049226657
6350,0.00014490503223056392,0.00014490500878107325,2.3449490660906708e-11,23.449490660906708
6351,0.00014490895385043146,0.00014490893027911997,2.3571311481481908e-11,23.571311481481906
6352,0.00014491287545540841,0.00014491285177716667,2.367824173389492e-11,23.67824173389492
6353,0.00014491679705583884,0.0001449167732752134,2.3780625438707723e-11,23.780625438707723
6354,0.00014492071864498568,0.0001449206947732601,2.3871725580460926e-11,23.871725580460925
6355,0.00014492464022565387,0.0001449246162713068,2.3954347071489912e-11,23.954347071489913
6356,0.00014492856186283296,0.00014492853776935352,2.409347942946835e-11,24.093479429468353
6357,0.00014493248349399938,0.00014493245926740022,2.422659915456389e-11,24.226599154563893
6358,0.00014493640510332523,0.00014493638076544692,2.433787830452107e-11,24.33787830452107
6359,0.00014494032671138945,0.00014494030226349364,2.444789579551518e-11,24.44789579551518
6360,0.00014494424830661053,0.00014494422376154034,2.4545070179939732e-11,24.54507017993973
6361,0.00014494816988713593,0.00014494814525958704,2.4627548881542602e-11,24.6275488815426
6362,0.0001449520915199597,0.00014495206675763377,2.4762325918079004e-11,24.762325918079004
6363,0.0001449560131618812,0.00014495598825568047,2.490620073899022e-11,24.90620073899022
6364,0.00014495993477622358,0.0001449599097537272,2.502249638397927e-11,25.02249638397927
6365,0.00014496385639111207,0.0001449638312517739,2.5139338168707656e-11,25.139338168707656
6366,0.00014496777799284392,0.0001449677527498206,2.5243023322703257e-11,25.243023322703255
6367,0.00014497169958191663,0.00014497167424786731,2.5334049305027862e-11,25.33404930502786
6368,0.0001449756212014548,0.000144975595745914,2.5455540772088115e-11,25.455540772088113
6369,0.00014497954285396853,0.00014497951724396074,2.561000778743859e-11,25.61000778743859
6370,0.00014498346447564808,0.00014498343874200744,2.5733640635104666e-11,25.733640635104667
6371,0.0001449873860954366,0.00014498736024005414,2.5855382444446545e-11,25.855382444446544
6372,0.00014499130770376413,0.00014499128173810086,2.5965663261043298e-11,25.9656632610433
6373,0.00014499522930040514,0.00014499520323614756,2.6064257570843047e-11,26.064257570843047
6374,0.00014499915091413092,0.00014499912473419429,2.6179936630056605e-11,26.179936630056606
6375,0.00014500307576049314,0.00014500304623224098,2.9528252151386395e-11,29.528252151386393
6376,0.00014500700374644253,0.00014500696773028768,3.601615484151857e-11,36.01615484151857
6377,0.000145010926510938,0.0001450108892283344,3.728260359294325e-11,37.282603592943246
6378,0.00014501484805081838,0.0001450148107263811,3.732443726271806e-11,37.32443726271806
6379,0.0001450187690147584,0.00014501873222442783,3.679033056829918e-11,36.79033056829918
6380,0.0001450226901762125,0.00014502265372247453,3.6453737970971984e-11,36.453737970971986
6381,0.0001450266114042642,0.00014502657522052123,3.618374295287563e-11,36.18374295287563
6382,0.00014503053263739167,0.00014503049671856796,3.591882370856493e-11,35.91882370856493
6383,0.0001450344538693166,0.00014503441821661465,3.5652701948519675e-11,35.65270194851968
6384,0.00014503837511302078,0.00014503833971466135,3.5398359421662224e-11,35.39835942166222
6385,0.00014504229636118932,0.00014504226121270808,3.514848123277525e-11,35.148481232775254
6386,0.00014504621760311122,0.00014504618271075478,3.489235644017656e-11,34.89235644017656
6387,0.00014505013885686953,0.00014505010420880148,3.464806804532522e-11,34.64806804532522
6388,0.0001450540601030797,0.0001450540257068482,3.4396231489159143e-11,34.39623148915914
6389,0.00014505798140202332,0.0001450579472048949,3.4197128412468525e-11,34.19712841246852
6390,0.0001450619027128767,0.00014506186870294162,3.4009935079802226e-11,34.009935079802226
6391,0.00014506582400053316,0.00014506579020098832,3.3799544835079784e-11,33.799544835079786
6392,0.00014506974529754726,0.00014506971169903502,3.359851223088785e-11,33.59851223088785
6393,0.0001450736665898912,0.00014507363319708175,3.3392809452942984e-11,33.392809452942984
6394,0.00014507758788316003,0.00014507755469512845,3.3188031580766414e-11,33.18803158076641
6395,0.00014508150916333254,0.00014508147619317517,3.297015735949785e-11,32.97015735949785
6396,0.0001450854304629081,0.00014508539769122187,3.2771686210043463e-11,32.77168621004346
6397,0.00014508935179977358,0.00014508931918926857,3.261050500168933e-11,32.610505001689326
6398,0.00014509327313584077,0.0001450932406873153,3.2448525468170536e-11,32.44852546817054
6399,0.00014509719445333352,0.000145097162185362,3.2267971518557995e-11,32.26797151855799
6400,0.00014510111578270958,0.00014510108368340872,3.2099300858436764e-11,32.09930085843676
6401,0.00014510503710142515,0.00014510500518145542,3.191996972624446e-11,31.91996972624446
6402,0.00014510895840892153,0.00014510892667950212,3.172941940549655e-11,31.729419405496547
6403,0.00014511287971185133,0.00014511284817754884,3.1534302479408236e-11,31.534302479408236
6404,0.000145116801050122,0.00014511676967559554,3.137452645127975e-11,31.37452645127975
6405,0.00014512072241643293,0.00014512069117364227,3.124279065604728e-11,31.24279065604728
6406,0.00014512464376943192,0.00014512461267168896,3.109774294522587e-11,31.097742945225868
6407,0.00014512856510792032,0.00014512853416973566,3.093818465199867e-11,30.93818465199867
6408,0.0001451324864534133,0.0001451324556677824,3.0785630901116926e-11,30.785630901116924
6409,0.0001451364077920346,0.0001451363771658291,3.062620550397102e-11,30.626205503971022
6410,0.00014514032912590265,0.00014514029866387579,3.0462026856080724e-11,30.462026856080723
6411,0.00014514425046750385,0.0001451442201619225,3.030558133439579e-11,30.305581334395786
6412,0.000145148171860973,0.0001451481416599692,3.0201003773592014e-11,30.201003773592014
6413,0.00014515209323776097,0.0001451520631580159,3.007974505763314e-11,30.07974505763314
6414,0.00014515601460110406,0.00014515598465606263,2.9945041421583815e-11,29.945041421583817
6415,0.00014515993596856078,0.00014515990615410933,2.981445143831228e-11,29.814451438312283
6416,0.0001451638573281704,0.00014516382765215606,2.967601432497695e-11,29.67601432497695
6417,0.000145167778682487,0.00014516774915020276,2.953228424505576e-11,29.53228424505576
6418,0.00014517170002477823,0.00014517167064824946,2.93765287638435e-11,29.376528763843503
6419,0.00014517562142402725,0.00014517559214629618,2.9277731057716194e-11,29.277731057716196
6420,0.00014517954282814512,0.00014517951364434288,2.9183802232494977e-11,29.183802232494976
6421,0.00014518346421156273,0.0001451834351423896,2.9069173114665253e-11,29.069173114665254
6422,0.00014518738559544098,0.0001451873566404363,2.895500467433862e-11,28.95500467433862
6423,0.00014519130697359273,0.000145191278138483,2.8835109722082406e-11,28.835109722082407
6424,0.00014519522834529998,0.00014519519963652973,2.8708770245007884e-11,28.708770245007884
6425,0.000145199149706328,0.00014519912113457643,2.857175156626976e-11,28.57175156626976
6426,0.00014520307110343228,0.00014520304263262315,2.8470809118509896e-11,28.470809118509898
6427,0.0001452069925281514,0.00014520696413066985,2.8397481544028727e-11,28.39748154402873
6428,0.0001452109139313186,0.00014521088562871655,2.8302602036132566e-11,28.302602036132566
6429,0.0001452148353288159,0.00014521480712676327,2.8202052611660228e-11,28.20205261166023
6430,0.00014521875672352576,0.00014521872862480997,2.8098715784717593e-11,28.098715784717594
6431,0.00014522267811060234,0.00014522265012285667,2.7987745659484628e-11,27.987745659484627
6432,0.00014522659948880653,0.0001452265716209034,2.7867903128403454e-11,27.867903128403455
6433,0.0001452305208891205,0.0001452304931189501,2.7770170406965125e-11,27.770170406965125
6434,0.00014523444232991252,0.00014523441461699682,2.7712915696010185e-11,27.712915696010185
6435,0.00014523836375027947,0.00014523833611504352,2.763523594427328e-11,27.63523594427328
6436,0.00014524228516098444,0.00014524225761309022,2.754789421645605e-11,27.54789421645605
6437,0.00014524620657047256,0.00014524617911113694,2.745933560722548e-11,27.45933560722548
6438,0.00014525012797133723,0.00014525010060918364,2.736215357917561e-11,27.36215357917561
6439,0.00014525404936449647,0.00014525402210723034,2.7257266126285887e-11,27.257266126285888
6440,0.00014525797077395163,0.00014525794360527707,2.7168674557309272e-11,27.168674557309274
6441,0.0001452618922271166,0.00014526186510332377,2.7123792815756845e-11,27.123792815756843
6442,0.00014526581366212707,0.0001452657866013705,2.706075656961207e-11,27.06075656961207
6443,0.00014526973508556838,0.0001452697080994172,2.6986151181555465e-11,26.986151181555464
6444,0.0001452736564999502,0.0001452736295974639,2.6902486308565788e-11,26.902486308565788
6445,0.00014527757791332963,0.00014527755109551061,2.6817819009352484e-11,26.817819009352483
6446,0.0001452814993302474,0.0001452814725935573,2.673669008524425e-11,26.73669008524425
6447,0.00014528542072277006,0.00014528539409160404,2.6631166015943897e-11,26.631166015943897
6448,0.00014528934218788935,0.00014528931558965074,2.6598238606230132e-11,26.598238606230133
6449,0.00014529326364597837,0.00014529323708769744,2.6558280931474374e-11,26.558280931474375
6450,0.00014529718506268722,0.00014529715858574416,2.6476943054502447e-11,26.476943054502446
6451,0.00014530110649748552,0.00014530108008379086,2.6413694657097573e-11,26.413694657097572
6452,0.00014530502792290079,0.00014530500158183759,2.6341063194621248e-11,26.34106319462125
6453,0.00014530894934051606,0.00014530892307988428,2.6260631764875628e-11,26.26063176487563
6454,0.00014531287077353786,0.00014531284457793098,2.619560687510608e-11,26.19560687510608
6455,0.0001453167922510051,0.0001453167660759777,2.6175027389724645e-11,26.175027389724644
6456,0.0001453207137093174,0.0001453206875740244,2.6135292979301256e-11,26.135292979301255
6457,0.00014532463515640434,0.0001453246090720711,2.608433322747493e-11,26.08433322747493
6458,0.00014532855660176892,0.00014532853057011783,2.6031651084972338e-11,26.03165108497234
6459,0.00014533247803864708,0.00014533245206816453,2.5970482539699996e-11,25.970482539699997
6460,0.00014533639946477626,0.00014533637356621126,2.58985649972492e-11,25.8985649972492
6461,0.00014534032091312711,0.00014534029506425795,2.5848869154105447e-11,25.848869154105447
6462,0.00014534424240295196,0.00014534421656230465,2.5840647296665784e-11,25.840647296665782
6463,0.00014534816387987436,0.00014534813806035138,2.581952297258762e-11,25.81952297258762
6464,0.00014535208531931665,0.00014535205955839808,2.5760918565453206e-11,25.760918565453206
6465,0.00014535600677409097,0.00014535598105644477,2.5717646186500562e-11,25.717646186500563
6466,0.00014535992822022325,0.0001453599025544915,2.5665731740451253e-11,25.665731740451253
6467,0.0001453638496582571,0.0001453638240525382,2.5605718900484673e-11,25.60571890048467
6468,0.00014536777112846748,0.00014536774555058492,2.5577882551807194e-11,25.577882551807193
6469,0.00014537169262627753,0.00014537166704863162,2.5577645897577994e-11,25.577645897577995
6470,0.0001453756140994962,0.00014537558854667832,2.555281788466851e-11,25.55281788466851
6471,0.00014537953556889515,0.00014537951004472505,2.552417009198009e-11,25.52417009198009
6472,0.00014538345703188596,0.00014538343154277175,2.5489114203666355e-11,25.489114203666354
6473,0.0001453873784867633,0.00014538735304081847,2.5445944823920097e-11,25.445944823920097
6474,0.00014539129992729427,0.00014539127453886517,2.538842909129213e-11,25.38842909129213
6475,0.00014539522141561697,0.00014539519603691187,2.5378705098847543e-11,25.378705098847544
6476,0.0001453991429172547,0.0001453991175349586,2.5382296111968086e-11,25.382296111968085
6477,0.00014540306439540888,0.0001454030390330053,2.5362403577083137e-11,25.362403577083136
6478,0.0001454069858761221,0.00014540696053105202,2.5345070084585905e-11,25.345070084585906
6479,0.0001454109073463812,0.00014541088202909872,2.531728247079608e-11,25.31728247079608
6480,0.0001454148288087348,0.00014541480352714542,2.528158936976052e-11,25.28158936976052
6481,0.00014541875026551017,0.00014541872502519214,2.524031802144247e-11,25.24031802144247
6482,0.00014542267177859925,0.00014542264652323884,2.525536040501386e-11,25.25536040501386
6483,0.0001454265932848032,0.00014542656802128554,2.5263517644004044e-11,25.263517644004043
6484,0.00014543051477132422,0.00014543048951933226,2.5251991951494274e-11,25.251991951494276
6485,0.00014543443625861086,0.00014543441101737896,2.524123189545366e-11,25.24123189545366
6486,0.00014543835773512056,0.00014543833251542566,2.5219694896923592e-11,25.219694896923592
6487,0.00014544227920338244,0.0001454422540134724,2.5189910047206776e-11,25.189910047206777
6488,0.00014544620068184885,0.00014544617551151909,2.5170329762547503e-11,25.170329762547503
6489,0.00014545012220837857,0.0001454500970095658,2.5198812756505707e-11,25.198812756505706
6490,0.00014545404371622494,0.0001454540185076125,2.5208612426261934e-11,25.208612426261933
6491,0.00014545796521184354,0.0001454579400056592,2.52061843283916e-11,25.206184328391597
6492,0.0001454618867045396,0.00014546186150370593,2.520083365514511e-11,25.20083365514511
6493,0.0001454658081876477,0.00014546578300175263,2.5185895056826682e-11,25.18589505682668
6494,0.00014546972965860853,0.00014546970449979936,2.5158809165787943e-11,25.158809165787943
6495,0.00014547365116605336,0.00014547362599784606,2.516820730126959e-11,25.16820730126959
6496,0.00014547757270006118,0.00014547754749589276,2.5204168417082188e-11,25.204168417082187
6497,0.00014548149421343676,0.00014548146899393948,2.5219497273972602e-11,25.219497273972603
6498,0.00014548541571271663,0.00014548539049198618,2.5220730445523587e-11,25.220730445523586
6499,0.0001454893372099778,0.0001454893119900329,2.5219944886839513e-11,25.219944886839514
6500,0.00014549325870362166,0.0001454932334880796,2.5215542050237267e-11,25.215542050237268
6501,0.00014549718017695093,0.0001454971549861263,2.5190824625949376e-11,25.190824625949375
6502,0.00014550110174460474,0.00014550107648417303,2.5260431706465553e-11,25.260431706465553
6503,0.00014550502321469973,0.00014550499798221973,2.523247999867692e-11,25.232479998676922
6504,0.00014550894466582343,0.00014550891948026645,2.5185556975484247e-11,25.185556975484246
6505,0.00014551286617857948,0.00014551284097831315,2.5200266319253304e-11,25.200266319253302
6506,0.00014551678768310962,0.00014551676247635985,2.5206749766929604e-11,25.206749766929605
6507,0.00014552070917556802,0.00014552068397440657,2.5201161436566908e-11,25.201161436566906
6508,0.00014552463067047508,0.00014552460547245327,2.5198021803915824e-11,25.198021803915825
6509,0.00014552855222586095,0.00014552852697049997,2.525536097422e-11,25.25536097422
6510,0.0001455324737566769,0.0001455324484685467,2.52881301988368e-11,25.2881301988368
6511,0.00014553639527859868,0.0001455363699665934,2.5312005279351832e-11,25.312005279351833
6512,0.00014554031677660003,0.0001455402914646401,2.5311959932595968e-11,25.31195993259597
6513,0.00014554423827945078,0.00014554421296268682,2.5316763951107088e-11,25.316763951107088
6514,0.0001455481597783175,0.00014554813446073352,2.5317583987420248e-11,25.317583987420246
6515,0.00014555208130879956,0.00014555205595878024,2.5350019304872976e-11,25.350019304872976
6516,0.000145556002867,0.00014555597745682694,2.5410173064016925e-11,25.410173064016924
6517,0.00014555992439467742,0.00014555989895487364,2.5439803767289868e-11,25.439803767289867
6518,0.00014556384591782575,0.00014556382045292037,2.5464905378617578e-11,25.464905378617576
6519,0.00014556776743799706,0.00014556774195096707,2.5487029987620078e-11,25.487029987620076
6520,0.00014557168894586864,0.0001455716634490138,2.549685483797176e-11,25.49685483797176
6521,0.0001455756104550812,0.0001455755849470605,2.5508020710885538e-11,25.50802071088554
6522,0.00014557953201377023,0.0001455795064451072,2.5568663038633463e-11,25.568663038633463
6523,0.00014558345356331052,0.00014558342794315391,2.5620156597399413e-11,25.62015659739941
6524,0.00014558737509414487,0.0001455873494412006,2.5652944253453145e-11,25.652944253453146
6525,0.00014559129662457902,0.00014559127093924734,2.5685331676274903e-11,25.685331676274902
6526,0.0001455952181436977,0.00014559519243729404,2.570640366049319e-11,25.70640366049319
6527,0.00014559913965330726,0.00014559911393534074,2.5717966514032423e-11,25.717966514032423
6528,0.00014560306119043638,0.00014560303543338746,2.5757048912374334e-11,25.757048912374334
6529,0.0001456069827612547,0.00014560695693143416,2.5829820535086506e-11,25.829820535086508
6530,0.00014561090430458405,0.00014561087842948089,2.587510316039221e-11,25.87510316039221
6531,0.00014561482584416626,0.00014561479992752758,2.5916638674569587e-11,25.916638674569587
6532,0.0001456187473755181,0.00014561872142557428,2.5949943820320246e-11,25.949943820320247
6533,0.0001456226688972378,0.000145622642923621,2.5973616778445272e-11,25.973616778445273
6534,0.00014562659041867008,0.0001456265644216677,2.599700236878448e-11,25.997002368784482
6535,0.00014563051199077419,0.0001456304859197144,2.6071059773958058e-11,26.07105977395806
6536,0.00014563443355417683,0.00014563440741776113,2.613641569775592e-11,26.13641569775592
6537,0.00014563835509836113,0.00014563832891580783,2.618255329778979e-11,26.18255329778979
6538,0.0001456422766419229,0.00014564225041385453,2.6228068376041275e-11,26.228068376041275
6539,0.00014564619817403112,0.00014564617191190125,2.626212986122746e-11,26.26212986122746
6540,0.00014565011969433177,0.00014565009340994795,2.6284383815549137e-11,26.284383815549138
6541,0.00014565404125035938,0.00014565401490799468,2.6342364698014154e-11,26.342364698014155
6542,0.0001456579628328947,0.00014565793640604138,2.6426853320709432e-11,26.42685332070943
6543,0.00014566188438772953,0.00014566185790408807,2.6483641445259443e-11,26.483641445259444
6544,0.00014566580594052591,0.0001456657794021348,2.6538391107094856e-11,26.538391107094856
6545,0.00014566972748369662,0.0001456697009001815,2.6583515113622725e-11,26.583515113622724
6546,0.0001456736490170081,0.00014567362239822822,2.6618779873484988e-11,26.61877987348499
6547,0.00014567757055485863,0.00014567754389627492,2.665858369995247e-11,26.65858369995247
6548,0.00014568149214120929,0.00014568146539432162,2.674688765719778e-11,26.746887657197778
6549,0.00014568541371439081,0.00014568538689236835,2.682202246117521e-11,26.82202246117521
6550,0.00014568933527106444,0.00014568930839041505,2.6880649392609757e-11,26.880649392609758
6551,0.00014569325682548413,0.00014569322988846177,2.693702234904287e-11,26.93702234904287
6552,0.00014569717835435873,0.00014569715138650847,2.6967850255459725e-11,26.967850255459723
6553,0.0001457010998747833,0.00014570107288455517,2.6990228134089717e-11,26.990228134089715
6554,0.00014570502147520287,0.0001457049943826019,2.709260096977574e-11,27.09260096977574
6555,0.00014570894305723697,0.0001457089158806486,2.717658836580668e-11,27.17658836580668
6556,0.00014571286462545263,0.0001457128373786953,2.7246757334098745e-11,27.246757334098746
6557,0.00014571678618609002,0.00014571675887674202,2.7309348000255682e-11,27.30934800025568
6558,0.0001457207077377919,0.00014572068037478872,2.7363003187103025e-11,27.363003187103025
6559,0.00014572462927330617,0.00014572460187283544,2.7400470720519127e-11,27.400470720519127
6560,0.00014572855084407676,0.00014572852337088214,2.7473194611230656e-11,27.473194611230657
6561,0.00014573247244343198,0.00014573244486892884,2.757450313985406e-11,27.57450313985406
6562,0.0001457363940186667,0.00014573636636697556,2.765169112459058e-11,27.65169112459058
6563,0.00014574031558993634,0.00014574028786502226,2.7724914073562104e-11,27.724914073562104
6564,0.00014574423714898036,0.00014574420936306896,2.7785911396206356e-11,27.785911396206355
6565,0.0001457481586990328,0.0001457481308611157,2.7837917104973534e-11,27.837917104973535
6566,0.00014575208024079399,0.00014575205235916239,2.7881631594467063e-11,27.881631594467063
6567,0.00014575600185695,0.0001457559738572091,2.7999740892850248e-11,27.999740892850248
6568,0.00014575992344319244,0.0001457598953552558,2.8087936619613688e-11,28.08793661961369
6569,0.00014576384502300378,0.0001457638168533025,2.816970126566576e-11,28.169701265665758
6570,0.00014576776659140254,0.00014576773835134923,2.824005330149465e-11,28.24005330149465
6571,0.0001457716881517014,0.00014577165984939593,2.8302305452628282e-11,28.302305452628282
6572,0.00014577560969138888,0.00014577558134744266,2.8343946215731553e-11,28.343946215731552
6573,0.00014577953129773567,0.00014577950284548936,2.8452246303379392e-11,28.452246303379393
6574,0.00014578345289965357,0.00014578342434353605,2.855611750646779e-11,28.55611750646779
6575,0.00014578737448429316,0.00014578734584158278,2.8642710375844483e-11,28.642710375844484
6576,0.00014579129606254572,0.00014579126733962948,2.8722916237328117e-11,28.722916237328118
6577,0.0001457952176307368,0.0001457951888376762,2.879306059423087e-11,28.79306059423087
6578,0.00014579913918359431,0.0001457991103357229,2.884787140506881e-11,28.84787140506881
6579,0.00014580306076510441,0.0001458030318337696,2.8931334806189785e-11,28.931334806189785
6580,0.00014580698238110784,0.00014580695333181633,2.9049291503117192e-11,29.049291503117193
6581,0.0001458109039777358,0.00014581087482986303,2.9147872775385817e-11,29.147872775385817
6582,0.00014581482556201713,0.00014581479632790972,2.9234107397259665e-11,29.234107397259667
6583,0.00014581874713976472,0.00014581871782595645,2.931380826447641e-11,29.31380826447641
6584,0.00014582266870765158,0.00014582263932400315,2.9383648421354616e-11,29.383648421354618
6585,0.00014582659026911445,0.00014582656082204985,2.9447064599045683e-11,29.44706459904568
6586,0.00014583051188651753,0.00014583048232009657,2.956642094676766e-11,29.56642094676766
6587,0.00014583443349664324,0.00014583440381814327,2.967849996687759e-11,29.678499966877588
6588,0.000145838355085432,0.00014583832531619,2.976924199665322e-11,29.76924199665322
6589,0.00014584227667306055,0.0001458422468142367,2.985882384878913e-11,29.85882384878913
6590,0.00014584619824845898,0.0001458461683122834,2.993617557515875e-11,29.93617557515875
6591,0.00014585011981014485,0.00014585008981033012,2.999981471902659e-11,29.99981471902659
6592,0.00014585404141762988,0.00014585401130837682,3.010925305632521e-11,30.109253056325212
6593,0.00014585796304110226,0.00014585793280642354,3.0234678713598654e-11,30.234678713598655
6594,0.00014586188463563054,0.00014586185430447024,3.033116029283499e-11,30.331160292834987
6595,0.000145865806231633,0.00014586577580251694,3.042911606176525e-11,30.429116061765253
6596,0.00014586972781443128,0.00014586969730056367,3.051386760348736e-11,30.51386760348736
6597,0.00014587364938625875,0.00014587361879861037,3.0587648374476626e-11,30.587648374476625
6598,0.00014587757097805708,0.0001458775402966571,3.068139998685275e-11,30.68139998685275
6599,0.00014588149261028592,0.0001458814617947038,3.081558212165711e-11,30.81558212165711
6600,0.0001458854142163907,0.0001458853832927505,3.092364021538005e-11,30.92364021538005
6601,0.0001458893358156366,0.00014588930479079721,3.1024839375109304e-11,31.024839375109302
6602,0.00014589325740636675,0.0001458932262888439,3.1117522831505096e-11,31.117522831505095
6603,0.0001458971789862385,0.00014589714778689064,3.1199347867618174e-11,31.199347867618176
6604,0.00014590110057016562,0.00014590106928493734,3.128522828064227e-11,31.285228280642272
6605,0.0001459050222037731,0.00014590499078298404,3.142078905982411e-11,31.42078905982411
6606,0.00014590894382181488,0.00014590891228103076,3.15407841110459e-11,31.540784111045898
6607,0.00014591286542442407,0.00014591283377907746,3.164534660143947e-11,31.645346601439474
6608,0.00014591678702275193,0.00014591675527712416,3.174562776718928e-11,31.745627767189283
6609,0.00014592070860967805,0.00014592067677517088,3.183450716473764e-11,31.834507164737637
6610,0.0001459246301868449,0.00014592459827321758,3.1913627306165746e-11,31.913627306165747
6611,0.0001459285518210876,0.00014592851977126428,3.204982331940044e-11,32.04982331940044
6612,0.0001459324734508576,0.000145932441269311,3.218154659209782e-11,32.181546592097824
6613,0.0001459363950577686,0.0001459363627673577,3.229041089855622e-11,32.290410898556225
6614,0.00014594031666362173,0.00014594028426540443,3.239821729474482e-11,32.39821729474482
6615,0.00014594423825701767,0.00014594420576345113,3.249356653323221e-11,32.49356653323221
6616,0.0001459481598360839,0.00014594812726149783,3.257458606134124e-11,32.57458606134124
6617,0.00014595208146306842,0.00014595204875954455,3.270352385602718e-11,32.703523856027175
6618,0.00014595600310352602,0.00014595597025759125,3.284593476006005e-11,32.84593476006005
6619,0.00014595992471566654,0.00014595989175563798,3.296002855306711e-11,32.96002855306711
6620,0.00014596384632830584,0.00014596381325368468,3.3074621160388673e-11,33.07462116038867
6621,0.00014596776792791559,0.00014596773475173137,3.317618420547207e-11,33.17618420547207
6622,0.00014597168951565516,0.0001459716562497781,3.3265877052805385e-11,33.265877052805386
6623,0.00014597561112916278,0.0001459755777478248,3.338133797054184e-11,33.381337970541836
6624,0.00014597953277912756,0.00014597949924587152,3.35332560265848e-11,33.5332560265848
6625,0.0001459834543995677,0.00014598342074391822,3.36556494685374e-11,33.6556494685374
6626,0.00014598737601616776,0.00014598734224196492,3.377420282902538e-11,33.77420282902538
6627,0.00014599129762218327,0.00014599126374001165,3.388217161159436e-11,33.88217161159436
6628,0.00014599521921681189,0.00014599518523805835,3.397875353374176e-11,33.97875353374176
6629,0.00014599914082481503,0.00014599910673610507,3.4088709957048505e-11,34.08870995704851
6630,0.00014600306564064466,0.00014600302823415177,3.740649288152817e-11,37.40649288152817
6631,0.00014600699363210375,0.00014600694973219847,4.3899905270260484e-11,43.89990527026048
6632,0.00014601091641491644,0.0001460108712302452,4.518467123791854e-11,45.18467123791854
6633,0.00014601483794863027,0.0001460147927282919,4.522033837231207e-11,45.22033837231207
6634,0.00014601875891032134,0.0001460187142263386,4.468398274443186e-11,44.68398274443186
6635,0.00014602268008519554,0.00014602263572438532,4.436081021186031e-11,44.36081021186031
6636,0.00014602660130973505,0.00014602655722243202,4.4087303029246405e-11,44.08730302924641
6637,0.00014603052255834171,0.00014603047872047871,4.383786299356239e-11,43.83786299356239
6638,0.00014603444380540217,0.00014603440021852544,4.3586876722950086e-11,43.58687672295009
6639,0.00014603836505546752,0.00014603832171657214,4.333889537286893e-11,43.33889537286893
6640,0.0001460422863141859,0.00014604224321461886,4.3099567040326387e-11,43.099567040326384
6641,0.00014604620756813815,0.00014604616471266556,4.285547258213865e-11,42.855472582138646
6642,0.0001460501288093827,0.00014605008621071226,4.25986704342327e-11,42.598670434232695
6643,0.0001460540500704033,0.00014605400770875899,4.2361644296583207e-11,42.36164429658321
6644,0.00014605797138313485,0.00014605792920680568,4.217632915444536e-11,42.176329154445355
6645,0.0001460618926988551,0.0001460618507048524,4.1994002669806074e-11,41.99400266980607
6646,0.0001460658139952373,0.0001460657722028991,4.1792338192588014e-11,41.79233819258801
6647,0.00014606973530220595,0.0001460696937009458,4.1601260136432644e-11,41.60126013643264
6648,0.00014607365660704752,0.00014607361519899253,4.1408054984035076e-11,41.408054984035076
6649,0.00014607757789391164,0.00014607753669703923,4.119687240436498e-11,41.19687240436498
6650,0.0001460814991889238,0.00014608145819508596,4.0993837847966605e-11,40.9938378479666
6651,0.00014608542049841694,0.00014608537969313266,4.0805284275254705e-11,40.80528427525471
6652,0.00014608934183642285,0.00014608930119117935,4.06452434849557e-11,40.6452434849557
6653,0.00014609326318736106,0.00014609322268922608,4.0498134976854936e-11,40.498134976854935
6654,0.00014609718450365468,0.00014609714418727278,4.0316381899639625e-11,40.31638189963962
6655,0.00014610110584695432,0.00014610106568531948,4.0161634834867996e-11,40.161634834867996
6656,0.00014610502717101305,0.0001461049871833662,3.998764684071708e-11,39.98764684071708
6657,0.00014610894849997717,0.0001461089086814129,3.981856426508547e-11,39.81856426508547
6658,0.0001461128698055224,0.00014611283017945963,3.962606275989784e-11,39.62606275989784
6659,0.00014611679115908937,0.00014611675167750633,3.948158303548954e-11,39.48158303548954
6660,0.00014612071253503498,0.00014612067317555302,3.9359481948652756e-11,39.35948194865276
6661,0.00014612463389183767,0.00014612459467359975,3.921823791720802e-11,39.21823791720802
6662,0.00014612855524341056,0.00014612851617164645,3.907176410105903e-11,39.07176410105903
6663,0.00014613247659399473,0.00014613243766969315,3.89243015738439e-11,38.9243015738439
6664,0.0001461363979375056,0.00014613635916773987,3.876976571165547e-11,38.76976571165547
6665,0.0001461403192753204,0.00014614028066578657,3.860953383072356e-11,38.609533830723564
6666,0.0001461442406248716,0.0001461442021638333,3.846103830278354e-11,38.461038302783535
6667,0.000146148162019786,0.00014614812366188,3.835790601058074e-11,38.35790601058074
6668,0.0001461520834029877,0.0001461520451599267,3.824306100099342e-11,38.24306100099342
6669,0.0001461560047716866,0.00014615596665797342,3.811371316104585e-11,38.11371316104585
6670,0.00014615992614325107,0.00014615988815602012,3.798723094875532e-11,37.98723094875532
6671,0.00014616384750674888,0.00014616380965406684,3.785268202835601e-11,37.852682028356014
6672,0.0001461677688649642,0.00014616773115211354,3.7712850658131916e-11,37.71285065813191
6673,0.00014617169021817822,0.00014617165265016024,3.7568017971706364e-11,37.56801797170636
6674,0.00014617561162509304,0.00014617557414820697,3.7476886062829507e-11,37.47688606282951
6675,0.0001461795330309873,0.00014617949564625367,3.7384733621552743e-11,37.38473362155274
6676,0.000146183454416121,0.0001461834171443004,3.7271820606026685e-11,37.27182060602669
6677,0.0001461873758010947,0.0001461873386423471,3.7158747616470076e-11,37.15874761647007
6678,0.00014619129719009976,0.0001461912601403938,3.704970596164131e-11,37.04970596164131
6679,0.0001461952185691935,0.00014619518163844051,3.6930752991337607e-11,36.930752991337606
6680,0.00014619913993180626,0.0001461991031364872,3.6795319036704896e-11,36.795319036704896
6681,0.0001462030613471894,0.0001462030246345339,3.671265547863162e-11,36.71265547863162
6682,0.00014620698277249526,0.00014620694613258064,3.663991462015609e-11,36.63991462015609
6683,0.000146210904176202,0.00014621086763062733,3.6545574665471065e-11,36.545574665471065
6684,0.00014621482557913002,0.00014621478912867403,3.645045598257565e-11,36.450455982575654
6685,0.000146218746976284,0.00014621871062672076,3.63495632454854e-11,36.3495632454854
6686,0.00014622266836660216,0.00014622263212476746,3.6241834695012784e-11,36.241834695012784
6687,0.0001462265897454268,0.00014622655362281418,3.6122612598624815e-11,36.12261259862481
6688,0.00014623051116380417,0.00014623047512086088,3.604294328169129e-11,36.04294328169129
6689,0.00014623443260600494,0.00014623439661890758,3.598709735593422e-11,35.987097355934225
6690,0.0001462383540258695,0.0001462383181169543,3.5908915184910587e-11,35.90891518491058
6691,0.0001462422754415061,0.000146242239615001,3.582650508620018e-11,35.82650508620018
6692,0.00014624619685286327,0.00014624616111304773,3.573981553309476e-11,35.739815533094756
6693,0.00014625011825660848,0.00014625008261109443,3.56455140404818e-11,35.6455140404818
6694,0.00014625403964956072,0.00014625400410914113,3.5540419586292296e-11,35.540419586292295
6695,0.00014625796107545797,0.00014625792560718785,3.546827010589175e-11,35.46827010589175
6696,0.00014626188253197216,0.00014626184710523455,3.54267376003754e-11,35.426737600375404
6697,0.00014626580396558244,0.00014626576860328128,3.536230116133497e-11,35.36230116133497
6698,0.0001462697253934626,0.00014626969010132798,3.529213460539274e-11,35.29213460539274
6699,0.00014627364681608817,0.00014627361159937467,3.521671349072661e-11,35.21671349072661
6700,0.00014627756823381528,0.0001462775330974214,3.513639386933003e-11,35.13639386933003
6701,0.00014628148963895552,0.0001462814545954681,3.504348741965241e-11,35.04348741965241
6702,0.00014628541107666686,0.00014628537609351482,3.4983152029539513e-11,34.98315202953951
6703,0.00014628933254525869,0.00014628929759156152,3.4953697156753894e-11,34.9536971567539
6704,0.0001462932539904884,0.00014629321908960822,3.49008801666061e-11,34.9008801666061
6705,0.00014629717543019024,0.00014629714058765495,3.4842535290366725e-11,34.842535290366726
6706,0.00014630109686536647,0.00014630106208570165,3.4779664818734124e-11,34.779664818734126
6707,0.00014630501829255042,0.00014630498358374834,3.4708802069471884e-11,34.708802069471886
6708,0.00014630893970793096,0.00014630890508179507,3.4626135882208337e-11,34.62613588220834
6709,0.000146312861161467,0.00014631282657984177,3.45816252359545e-11,34.5816252359545
6710,0.0001463167826400301,0.00014631674807788847,3.4562141635023955e-11,34.562141635023956
6711,0.00014632070409474653,0.0001463206695759352,3.4518811332570246e-11,34.518811332570245
6712,0.00014632462554589783,0.0001463245910739819,3.4471915929427916e-11,34.471915929427915
6713,0.00014632854699109005,0.00014632851257202862,3.4419061425884953e-11,34.419061425884955
6714,0.0001463324684284163,0.00014633243407007532,3.43583409813705e-11,34.3583409813705
6715,0.0001463363898524047,0.00014633635556812201,3.428428268173013e-11,34.28428268173013
6716,0.00014634031132548464,0.00014634027706616874,3.425931589094257e-11,34.25931589094257
6717,0.00014634423281201315,0.00014634419856421544,3.424779770653284e-11,34.24779770653284
6718,0.00014634815427437735,0.00014634812006226216,3.4212115176468466e-11,34.212115176468465
6719,0.00014635207573686235,0.00014635204156030886,3.4176553480736213e-11,34.17655348073621
6720,0.00014635599719093156,0.00014635596305835556,3.4132575990900693e-11,34.13257599090069
6721,0.00014635991863725745,0.00014635988455640229,3.4080855156254336e-11,34.08085515625434
6722,0.00014636384007126328,0.00014636380605444898,3.401681428837654e-11,34.01681428837654
6723,0.00014636776156444004,0.0001463677275524957,3.4011944323268276e-11,34.011944323268274
6724,0.00014637168305707272,0.0001463716490505424,3.400653030550986e-11,34.00653030550986
6725,0.00014637560452685435,0.0001463755705485891,3.3978265236188327e-11,33.97826523618833
6726,0.00014637952599911482,0.00014637949204663583,3.3952478978293746e-11,33.95247897829375
6727,0.0001463834474649423,0.00014638341354468253,3.392025976943905e-11,33.92025976943905
6728,0.0001463873689195989,0.00014638733504272926,3.387686964613047e-11,33.87686964613047
6729,0.00014639129037218114,0.00014639125654077596,3.383140517301539e-11,33.83140517301539
6730,0.00014639521187869974,0.00014639517803882265,3.383987707458108e-11,33.83987707458108
6731,0.0001463991333756337,0.00014639909953686938,3.383876430368135e-11,33.83876430368135
6732,0.0001464030548545157,0.00014640302103491608,3.3819599620819846e-11,33.819599620819844
6733,0.00014640697633369599,0.00014640694253296278,3.380073320197599e-11,33.800733201975994
6734,0.00014641089780219191,0.0001464108640310095,3.377118240440316e-11,33.77118240440316
6735,0.0001464148192625566,0.0001464147855290562,3.3733500388692287e-11,33.733500388692285
6736,0.00014641874073540018,0.0001464187070271029,3.370829726893618e-11,33.70829726893618
6737,0.00014642266224854827,0.00014642262852514963,3.372339863310575e-11,33.72339863310575
6738,0.00014642658375759037,0.00014642655002319632,3.373439404233296e-11,33.73439404233296
6739,0.00014643050524574674,0.00014643047152124305,3.3724503679065e-11,33.724503679065
6740,0.00014643442673084798,0.00014643439301928975,3.371155822381036e-11,33.711558223810364
6741,0.00014643834820652208,0.00014643831451733645,3.368918563066596e-11,33.68918563066596
6742,0.00014644226967217705,0.00014644223601538317,3.365679387103551e-11,33.65679387103551
6743,0.00014644619117525358,0.00014644615751342987,3.366182370175411e-11,33.66182370175411
6744,0.00014645011270170654,0.0001464500790114766,3.36902299341985e-11,33.6902299341985
6745,0.00014645403420227718,0.0001464540005095233,3.369275387554088e-11,33.69275387554088
6746,0.000146457955699823,0.00014645792200757,3.369225300124225e-11,33.69225300124225
6747,0.00014646187718975548,0.00014646184350561672,3.3684138750868204e-11,33.6841387508682
6748,0.00014646579867037265,0.00014646576500366342,3.3666709225163544e-11,33.666709225163544
6749,0.00014646972014047482,0.00014646968650171014,3.363876467310925e-11,33.63876467310925
6750,0.0001464736416697422,0.00014647360799975684,3.3669985358868143e-11,33.669985358868146
6751,0.00014647756320038422,0.00014647752949780354,3.3702580677456476e-11,33.702580677456474
6752,0.00014648148469863586,0.00014648145099585027,3.3702785591667076e-11,33.70278559166707
6753,0.00014648540620302954,0.00014648537249389696,3.3709132565394914e-11,33.70913256539492
6754,0.00014648932769791023,0.00014648929399194366,3.3705966559525985e-11,33.70596655952598
6755,0.00014649324918736617,0.0001464932154899904,3.369737577519208e-11,33.69737577519208
6756,0.00014649717067528103,0.0001464971369880371,3.3687243932995256e-11,33.68724393299526
6757,0.0001465010922335454,0.0001465010584860838,3.374746157875222e-11,33.74746157875222
6758,0.00014650501370284057,0.0001465049799841305,3.3718710055020945e-11,33.71871005502094
6759,0.00014650893516037988,0.0001465089014821772,3.367820266265868e-11,33.678202662658684
6760,0.00014651285666957792,0.00014651282298022394,3.3689353980158293e-11,33.689353980158295
6761,0.00014651677816299464,0.00014651674447827063,3.368472400320091e-11,33.68472400320091
6762,0.0001465206996412594,0.00014652066597631733,3.3664942056937555e-11,33.664942056937555
6763,0.00014652462117452348,0.00014652458747436406,3.370015941005983e-11,33.700159410059825
6764,0.00014652854272284926,0.00014652850897241076,3.375043849976227e-11,33.75043849976227
6765,0.0001465324642483206,0.00014653243047045748,3.3777863122664745e-11,33.77786312266475
6766,0.00014653638576668268,0.00014653635196850418,3.3798178496396964e-11,33.798178496396964
6767,0.00014654030727320595,0.00014654027346655088,3.3806655060032e-11,33.806655060032
6768,0.00014654422878081452,0.0001465441949645976,3.381621691004169e-11,33.81621691004169
6769,0.00014654815027781307,0.0001465481164626443,3.381516875759144e-11,33.815168757591444
6770,0.00014655207182759605,0.00014655203796069103,3.38669050150137e-11,33.8669050150137
6771,0.00014655599337322624,0.00014655595945873773,3.39144885070648e-11,33.9144885070648
6772,0.00014655991489707416,0.00014655988095678443,3.394028972694936e-11,33.94028972694936
6773,0.00014656383642205106,0.00014656380245483115,3.3967219899451076e-11,33.967219899451074
6774,0.0001465677579353187,0.00014656772395287785,3.3982440851120274e-11,33.98244085112027
6775,0.0001465716794393575,0.00014657164545092458,3.398843291126695e-11,33.98843291126695
6776,0.0001465756009624672,0.00014657556694897128,3.401349592499732e-11,34.01349592499732
6777,0.00014657952252562198,0.00014657948844701797,3.407860400017855e-11,34.07860400017855
6778,0.00014658344406609392,0.0001465834099450647,3.412102921065867e-11,34.12102921065867
6779,0.00014658736559242002,0.0001465873314431114,3.4149308618553934e-11,34.14930861855393
6780,0.00014659128712323207,0.0001465912529411581,3.4182073967147966e-11,34.182073967147964
6781,0.00014659520863969657,0.00014659517443920482,3.4200491743132847e-11,34.200491743132844
6782,0.00014659913014628117,0.00014659909593725152,3.420902964550579e-11,34.20902964550579
6783,0.0001466030517081339,0.00014660301743529825,3.4272835648087974e-11,34.27283564808798
6784,0.00014660697326946803,0.00014660693893334495,3.433612307677106e-11,34.33612307677106
6785,0.00014661089480652156,0.00014661086043139164,3.437512990622155e-11,34.375129906221545
6786,0.000146614816345349,0.00014661478192943837,3.4415910625951493e-11,34.41591062595149
6787,0.00014661873786078763,0.00014661870342748507,3.443330255694582e-11,34.43330255694582
6788,0.00014662265936886905,0.00014662262492553177,3.4443337281733044e-11,34.443337281733044
6789,0.00014662658092016255,0.0001466265464235785,3.449658404962201e-11,34.496584049622015
6790,0.00014663050249314467,0.0001466304679216252,3.457151946881992e-11,34.57151946881992
6791,0.00014663442404355107,0.00014663438941967192,3.462387914249136e-11,34.62387914249136
6792,0.00014663834559023255,0.00014663831091771861,3.467251393117901e-11,34.67251393117901
6793,0.0001466422671250451,0.0001466422324157653,3.470927976894908e-11,34.70927976894908
6794,0.00014664618865161392,0.00014664615391381204,3.473780187550066e-11,34.73780187550066
6795,0.0001466501101656221,0.00014665007541185874,3.475376336435872e-11,34.75376336435872
6796,0.00014665403175857003,0.00014665399690990546,3.484866455629833e-11,34.84866455629833
6797,0.00014665795332252353,0.00014665791840795216,3.491457136322003e-11,34.91457136322003
6798,0.00014666187487810954,0.00014666183990599886,3.497211067724525e-11,34.97211067724525
6799,0.000146665796424032,0.00014666576140404559,3.501998641599194e-11,35.01998641599194
6800,0.00014666971796193463,0.00014666968290209228,3.505984233837381e-11,35.05984233837381
6801,0.0001466736394816138,0.000146673604400139,3.508147477380011e-11,35.08147477380011
6802,0.0001466775610517246,0.0001466775258981857,3.515353887327957e-11,35.15353887327957
6803,0.00014668148263450388,0.0001466814473962324,3.5238271468568713e-11,35.23827146856871
6804,0.00014668540419641036,0.00014668536889427913,3.53021312204736e-11,35.3021312204736
6805,0.00014668932575366393,0.00014668929039232583,3.536133809165021e-11,35.36133809165021
6806,0.00014669324729983657,0.00014669321189037253,3.5409464037153255e-11,35.409464037153256
6807,0.00014669716883530264,0.00014669713338841926,3.544688337778279e-11,35.44688337778279
6808,0.000146701090372517,0.00014670105488646595,3.5486051048625567e-11,35.48605104862557
6809,0.00014670501197355888,0.00014670497638451265,3.55890462163586e-11,35.5890462163586
6810,0.00014670893355214036,0.00014670889788255938,3.5669580970571255e-11,35.66958097057125
6811,0.00014671285511333817,0.00014671281938060608,3.5732732087936203e-11,35.732732087936206
6812,0.00014671677666876172,0.0001467167408786528,3.579010890716082e-11,35.79010890716082
6813,0.00014672069821642798,0.0001467206623766995,3.583972847668174e-11,35.839728476681735
6814,0.0001467246197432003,0.0001467245838747462,3.586845408798109e-11,35.86845408798109
6815,0.00014672854133967992,0.00014672850537279293,3.596688698718241e-11,35.966886987182406
6816,0.0001467324629284819,0.00014673242687083962,3.60576422713296e-11,36.0576422713296
6817,0.00014673638450088638,0.00014673634836888635,3.613200002761001e-11,36.13200002761001
6818,0.00014674030606669696,0.00014674026986693305,3.619976391022285e-11,36.19976391022285
6819,0.0001467442276228406,0.00014674419136497975,3.625786085653043e-11,36.257860856530435
6820,0.00014674814916405308,0.00014674811286302647,3.630102660419941e-11,36.301026604199414
6821,0.0001467520707320162,0.00014675203436107317,3.6370943034700454e-11,36.37094303470045
6822,0.00014675599233752862,0.0001467559558591199,3.647840872035635e-11,36.47840872035635
6823,0.00014675991391701316,0.0001467598773571666,3.655984656076858e-11,36.55984656076858
6824,0.00014676383549289267,0.0001467637988552133,3.6637679374747184e-11,36.63767937474719
6825,0.00014676775705453791,0.00014676772035326002,3.670127788813861e-11,36.701277888138605
6826,0.00014677167860932847,0.00014677164185130672,3.675802175013493e-11,36.75802175013493
6827,0.00014677560014901951,0.00014677556334935344,3.6799666064000314e-11,36.79966606400031
6828,0.0001467795217704293,0.00014677948484740014,3.6923029162165874e-11,36.923029162165875
6829,0.0001467834433618147,0.00014678340634544684,3.701636785614461e-11,37.016367856144605
6830,0.0001467873649445592,0.00014678732784349357,3.710106562143896e-11,37.101065621438956
6831,0.00014679128651693248,0.00014679124934154026,3.717539220690691e-11,37.17539220690691
6832,0.00014679520808089997,0.00014679517083958696,3.7241313000036636e-11,37.241313000036634
6833,0.0001467991296249196,0.0001467990923376337,3.7287285909760507e-11,37.287285909760506
6834,0.0001468030512303266,0.0001468030138356804,3.7394646210965235e-11,37.394646210965234
6835,0.0001468069728367036,0.00014680693533372709,3.750297652074863e-11,37.50297652074863
6836,0.00014681089442448753,0.0001468108568317738,3.7592713711950804e-11,37.59271371195081
6837,0.00014681481600608157,0.0001468147783298205,3.7676261057424984e-11,37.67626105742499
6838,0.00014681873757731284,0.00014681869982786724,3.774944559853455e-11,37.74944559853455
6839,0.00014682265913397056,0.00014682262132591393,3.7808056619302214e-11,37.808056619302214
6840,0.0001468265807152659,0.00014682654282396063,3.7891305267077874e-11,37.891305267077875
6841,0.00014683050233608058,0.00014683046432200736,3.80140732195659e-11,38.0140732195659
6842,0.00014683442393039362,0.00014683438582005406,3.8110339557565945e-11,38.11033955756594
6843,0.00014683834552710947,0.00014683830731810078,3.8209008677315595e-11,38.209008677315595
6844,0.0001468422670960565,0.00014684222881614748,3.827990902128817e-11,38.27990902128817
6845,0.00014684618866687995,0.00014684615031419418,3.8352685766855605e-11,38.35268576685561
6846,0.0001468501102299426,0.0001468500718122409,3.8417701684852174e-11,38.417701684852176
6847,0.00014685403184853366,0.0001468539933102876,3.853824604710465e-11,38.53824604710465
6848,0.00014685795346174233,0.00014685791480833433,3.865340799609204e-11,38.65340799609204
6849,0.00014686187505287996,0.00014686183630638103,3.874649892276931e-11,38.74649892276931
6850,0.00014686579664298843,0.00014686575780442773,3.88385606976394e-11,38.8385606976394
6851,0.00014686971822073047,0.00014686967930247445,3.891825600832001e-11,38.91825600832001
6852,0.0001468736397849255,0.00014687360080052115,3.8984404348380686e-11,38.984404348380686
6853,0.00014687756139305927,0.00014687752229856788,3.909449139094416e-11,39.094491390944164
6854,0.00014688148301910607,0.00014688144379661458,3.922249148627617e-11,39.22249148627617
6855,0.00014688540461577405,0.00014688536529466127,3.932111276560496e-11,39.32111276560496
6856,0.00014688932621429834,0.000146889286792708,3.9421590334578316e-11,39.42159033457832
6857,0.00014689324779902942,0.0001468932082907547,3.9508274710618366e-11,39.508274710618366
6858,0.000146897169372752,0.0001468971297888014,3.9583950585689976e-11,39.583950585689976
6859,0.00014690109096615153,0.00014690105128684812,3.9679303402044536e-11,39.67930340204454
6860,0.00014690501260004714,0.00014690497278489482,3.981515230795371e-11,39.81515230795371
6861,0.0001469089342085443,0.00014690889428294152,3.9925602775085403e-11,39.9256027750854
6862,0.00014691285580938193,0.00014691281578098824,4.002839367912914e-11,40.02839367912914
6863,0.00014691677740203145,0.00014691673727903494,4.012299649863088e-11,40.12299649863088
6864,0.00014692069898335526,0.00014692065877708167,4.0206273579608515e-11,40.206273579608514
6865,0.00014692462056956277,0.00014692458027512837,4.0294434395062e-11,40.294434395062
6866,0.0001469285421939791,0.00014692850177317507,4.042080404006197e-11,40.420804040061974
6867,0.00014693246380998397,0.0001469324232712218,4.053876217355726e-11,40.53876217355726
6868,0.000146936385418871,0.0001469363447692685,4.064960249268512e-11,40.64960249268512
6869,0.00014694030701402342,0.00014694026626731522,4.074670819290205e-11,40.74670819290205
6870,0.00014694422860284467,0.00014694418776536191,4.0837482748742854e-11,40.83748274874286
6871,0.0001469481501776867,0.0001469481092634086,4.091427808966261e-11,40.91427808966261
6872,0.00014695207182776062,0.00014695203076145534,4.106630527065423e-11,41.06630527065423
6873,0.00014695599344588617,0.00014695595225950204,4.1186384130703954e-11,41.186384130703956
6874,0.00014695991505401092,0.00014695987375754876,4.1296462147284344e-11,41.296462147284345
6875,0.00014696383666112873,0.00014696379525559546,4.1405533265307146e-11,41.40553326530715
6876,0.00014696775825558423,0.00014696771675364216,4.150194206747265e-11,41.501942067472655
6877,0.00014697167983582918,0.00014697163825168889,4.15841402859735e-11,41.584140285973504
6878,0.00014697560146362655,0.00014697555974973558,4.171389096123826e-11,41.713890961238256
6879,0.00014697952310541875,0.00014697948124778228,4.185763646393535e-11,41.85763646393535
6880,0.00014698344471670872,0.000146983402745829,4.1970879700338096e-11,41.970879700338095
6881,0.00014698736632847478,0.0001469873242438757,4.2084599064124887e-11,42.08459906412489
6882,0.00014699128792799627,0.00014699124574192243,4.2186073828046386e-11,42.18607382804639
6883,0.000146995209513218,0.00014699516723996913,4.2273248859779594e-11,42.27324885977959
6884,0.00014699913113513672,0.00014699908873801583,4.239712088244492e-11,42.397120882444916
6885,0.00014700305592488182,0.00014700301023606256,4.56888192579073e-11,45.6888192579073
6886,0.0001470069839264719,0.00014700693173410925,5.219236264857975e-11,52.19236264857975
6887,0.0001470109067126324,0.00014701085323215595,5.3480476442811065e-11,53.48047644281107
6888,0.00014701482826756177,0.00014701477473020268,5.353735908268546e-11,53.53735908268546
6889,0.0001470187492516578,0.00014701869622824938,5.3023408411384504e-11,53.0234084113845
6890,0.0001470226704522309,0.0001470226177262961,5.272593480422254e-11,52.72593480422254
6891,0.00014702659169567593,0.0001470265392243428,5.247133312594081e-11,52.47133312594081
6892,0.00014703051295879432,0.0001470304607223895,5.223640481107486e-11,52.23640481107486
6893,0.0001470344342139851,0.00014703438222043623,5.199354886413381e-11,51.99354886413381
6894,0.00014703835548040864,0.00014703830371848292,5.1761925712485627e-11,51.76192571248563
6895,0.00014704227675672703,0.00014704222521652965,5.154019736933431e-11,51.54019736933431
6896,0.00014704619803148627,0.00014704614671457635,5.1316909916353904e-11,51.3169099163539
6897,0.00014705011929757567,0.00014705006821262305,5.108495261359616e-11,51.084952613596165
6898,0.0001470540405831306,0.00014705398971066977,5.087246083269774e-11,50.87246083269774
6899,0.0001470579619122375,0.00014705791120871647,5.070352101938719e-11,50.70352101938719
6900,0.00014706188323591256,0.0001470618327067632,5.0529149353192485e-11,50.52914935319249
6901,0.00014706580454558224,0.0001470657542048099,5.0340772342804374e-11,50.34077234280437
6902,0.0001470697258664571,0.0001470696757028566,5.016360050765879e-11,50.16360050765879
6903,0.00014707364717856663,0.00014707359720090332,4.997766330452448e-11,49.977663304524484
6904,0.000147077568487085,0.00014707751869895002,4.978813497984941e-11,49.78813497984941
6905,0.00014708148979203974,0.00014708144019699672,4.959504301815865e-11,49.59504301815865
6906,0.0001470854111199772,0.00014708536169504344,4.94249337572798e-11,49.424933757279796
6907,0.0001470893324872618,0.00014708928319309014,4.929417165691338e-11,49.294171656913385
6908,0.00014709325383650577,0.00014709320469113684,4.9145368920287786e-11,49.14536892028779
6909,0.00014709717518019162,0.00014709712618918356,4.8991008048329996e-11,48.991008048329995
6910,0.00014710109652402983,0.00014710104768723026,4.883679956098755e-11,48.83679956098755
6911,0.0001471050178610032,0.000147104969185277,4.867572620364452e-11,48.67572620364452
6912,0.00014710893919356275,0.0001471088906833237,4.8510239059257304e-11,48.5102390592573
6913,0.00014711286053448332,0.00014711281218137039,4.835311292965859e-11,48.35311292965859
6914,0.00014711678192261214,0.0001471167336794171,4.824319502263402e-11,48.24319502263402
6915,0.00014712070330202842,0.0001471206551774638,4.812456460247663e-11,48.12456460247663
6916,0.00014712462466567874,0.00014712457667551054,4.799016820221794e-11,47.99016820221794
6917,0.0001471285460332033,0.00014712849817355723,4.7859646062897346e-11,47.85964606289735
6918,0.00014713246739306854,0.00014713241967160393,4.7721464604434286e-11,47.72146460443429
6919,0.00014713638874783708,0.00014713634116965066,4.757818641997859e-11,47.578186419978586
6920,0.00014714031009331943,0.00014714026266769736,4.742562207102061e-11,47.425622071020605
6921,0.000147144231494738,0.00014714418416574408,4.732899390765055e-11,47.32899390765055
6922,0.000147148152899038,0.00014714810566379078,4.723524720128926e-11,47.235247201289255
6923,0.00014715207428278219,0.00014715202716183748,4.7120944699363995e-11,47.120944699363996
6924,0.00014715599566859894,0.0001471559486598842,4.70087147312066e-11,47.0087147312066
6925,0.00014715991704787156,0.0001471598701579309,4.688994065426136e-11,46.88994065426136
6926,0.00014716383842092065,0.00014716379165597763,4.676494301290056e-11,46.76494301290056
6927,0.00014716775978255073,0.00014716771315402433,4.6628526391628816e-11,46.62852639162882
6928,0.00014717168118635052,0.00014717163465207103,4.6534279488595246e-11,46.534279488595246
6929,0.00014717560261165514,0.00014717555615011775,4.646153738328722e-11,46.46153738328722
6930,0.0001471795240132294,0.00014717947764816445,4.636506493845419e-11,46.36506493845419
6931,0.0001471834454054804,0.00014718339914621115,4.625926924940457e-11,46.259269249404575
6932,0.00014718736680164934,0.00014718732064425788,4.6157391460430506e-11,46.1573914604305
6933,0.00014719128819051265,0.00014719124214230457,4.604820807327274e-11,46.04820807327274
6934,0.00014719520956974408,0.00014719516364035127,4.5929392796644944e-11,45.92939279664495
6935,0.0001471991309755239,0.000147199085138398,4.583712589072382e-11,45.83712589072382
6936,0.00014720305241881174,0.0001472030066364447,4.5782367040274996e-11,45.782367040275
6937,0.00014720697383987475,0.00014720692813449142,4.570538331922777e-11,45.70538331922777
6938,0.0001472108952530047,0.00014721084963253812,4.5620466572199634e-11,45.62046657219963
6939,0.00014721481666401457,0.00014721477113058482,4.553342974913836e-11,45.533429749138364
6940,0.00014721873806682888,0.00014721869262863154,4.543819733343506e-11,45.438197333435056
6941,0.00014722265946082763,0.00014722261412667824,4.533414937828749e-11,45.33414937828749
6942,0.00014722658087584558,0.00014722653562472497,4.525112060671241e-11,45.25112060671241
6943,0.0001472305023320999,0.00014723045712277167,4.5209328217935316e-11,45.209328217935315
6944,0.00014723442376756842,0.00014723437862081837,4.514675004720842e-11,45.146750047208414
6945,0.00014723834519344113,0.0001472383001188651,4.507457603673372e-11,45.07457603673372
6946,0.00014724226661753177,0.0001472422216169118,4.5000619977358214e-11,45.00061997735821
6947,0.00014724618803295996,0.00014724614311495852,4.491800144078015e-11,44.918001440780145
6948,0.00014725010943959817,0.00014725006461300521,4.482659295192909e-11,44.826592951929086
6949,0.00014725403086632963,0.0001472539861110519,4.475527771089016e-11,44.75527771089016
6950,0.0001472579523349637,0.00014725790760909864,4.472586506777916e-11,44.72586506777916
6951,0.0001472618737825077,0.00014726182910714534,4.4675362361378646e-11,44.675362361378646
6952,0.00014726579522040243,0.00014726575060519206,4.4615210364063227e-11,44.61521036406322
6953,0.00014726971665604018,0.00014726967210323876,4.45528014101904e-11,44.5528014101904
6954,0.00014727363808295787,0.00014727359360128546,4.448167240797965e-11,44.48167240797965
6955,0.00014727755950025198,0.00014727751509933219,4.440091978334043e-11,44.400919783340434
6956,0.00014728148094060923,0.00014728143659737888,4.434323033441938e-11,44.34323033441938
6957,0.000147285402421439,0.00014728535809542558,4.4326013420760743e-11,44.326013420760745
6958,0.00014728932387878826,0.0001472892795934723,4.428531594065259e-11,44.28531594065259
6959,0.00014729324532815905,0.000147293201091519,4.423664003359755e-11,44.23664003359755
6960,0.00014729716677401317,0.0001472971225895657,4.4184447462585944e-11,44.18444746258594
6961,0.00014730108821134547,0.00014730104408761243,4.412373303539355e-11,44.12373303539355
6962,0.0001473050096374364,0.00014730496558565913,4.405177727481617e-11,44.05177727481617
6963,0.0001473089310967887,0.00014730888708370586,4.401308283111663e-11,44.01308283111663
6964,0.0001473128525862348,0.00014731280858175255,4.400448223475306e-11,44.00448223475306
6965,0.0001473167740518005,0.00014731673007979925,4.397200124528382e-11,43.97200124528382
6966,0.00014732069551240087,0.00014732065157784598,4.3934554880915133e-11,43.93455488091514
6967,0.00014732461696721544,0.00014732457307589268,4.389132275296814e-11,43.891322752968144
6968,0.00014732853841391855,0.0001473284945739394,4.383997913936265e-11,43.83997913936265
6969,0.00014733245984713386,0.0001473324160719861,4.3775147752575836e-11,43.77514775257583
6970,0.00014733638132941704,0.0001473363375700328,4.375938423903447e-11,43.759384239034475
6971,0.0001473403028251619,0.00014734025906807952,4.375708236940207e-11,43.75708236940207
6972,0.00014734422429629943,0.00014734418056612622,4.3730173203317444e-11,43.73017320331744
6973,0.00014734814576798614,0.00014734810206417295,4.3703813185633184e-11,43.70381318563319
6974,0.00014735206723068584,0.00014735202356221965,4.366846618903614e-11,43.66846618903614
6975,0.00014735598868549288,0.00014735594506026635,4.362522652588405e-11,43.625226525884045
6976,0.00014735991012985482,0.00014735986655831307,4.3571541740317396e-11,43.57154174031739
6977,0.0001473638316327234,0.00014736378805635977,4.357636362105931e-11,43.57636362105931
6978,0.0001473677531329984,0.00014736770955440647,4.357859192757431e-11,43.57859192757431
6979,0.0001473716746112924,0.0001473716310524532,4.35588392005595e-11,43.558839200559504
6980,0.0001473755960914429,0.0001473755525504999,4.354094300713475e-11,43.54094300713475
6981,0.00014737951756089372,0.00014737947404854662,4.351234709352028e-11,43.51234709352028
6982,0.00014738343902239988,0.00014738339554659332,4.3475806552961655e-11,43.47580655296166
6983,0.00014738736048659754,0.00014738731704464002,4.344195751719117e-11,43.44195751719117
6984,0.00014739128200280053,0.00014739123854268674,4.3460113783612045e-11,43.460113783612044
6985,0.00014739520350583987,0.00014739516004073344,4.3465106426196124e-11,43.46510642619612
6986,0.00014739912499288268,0.00014739908153878014,4.3454102533086917e-11,43.45410253308692
6987,0.00014740304647899331,0.00014740300303682686,4.3442166442949806e-11,43.442166442949805
6988,0.00014740696795468168,0.00014740692453487356,4.3419808107063973e-11,43.41980810706397
6989,0.00014741088942087327,0.0001474108460329203,4.3387952973298796e-11,43.387952973298795
6990,0.00014741481090687762,0.000147414767530967,4.337591063134878e-11,43.37591063134878
6991,0.00014741873243493325,0.00014741868902901369,4.34059195585496e-11,43.4059195585496
6992,0.00014742265394417187,0.0001474226105270604,4.341711145231551e-11,43.41711145231551
6993,0.00014742657543433875,0.0001474265320251071,4.3409231633556214e-11,43.40923163355622
6994,0.00014743049692550028,0.00014743045352315384,4.34023464347649e-11,43.4023464347649
6995,0.00014743441840484606,0.00014743437502120053,4.3383645519382674e-11,43.383645519382675
6996,0.000147438339879731,0.00014743829651924723,4.3360483762581975e-11,43.36048376258198
6997,0.00014744226140176744,0.00014744221801729396,4.338447347037169e-11,43.384473470371695
6998,0.0001474461829258965,0.00014744613951534066,4.341055582387958e-11,43.41055582387958
6999,0.00014745010442406115,0.00014745006101338738,4.341067375797089e-11,43.41067375797089
7000,0.00014745402593131606,0.00014745398251143408,4.3419881968336974e-11,43.41988196833697
7001,0.00014745794742874695,0.00014745790400948078,4.3419266168608056e-11,43.419266168608054
7002,0.0001474618689089379,0.0001474618255075275,4.3401410388819284e-11,43.401410388819286
7003,0.00014746579039192525,0.0001474657470055742,4.3386351037483895e-11,43.3863510374839
7004,0.0001474697119357303,0.0001474696685036209,4.343210938359783e-11,43.43210938359783
7005,0.00014747363345915778,0.00014747359000166763,4.34574901498799e-11,43.4574901498799
7006,0.00014747755497286012,0.00014747751149971433,4.3473145785305104e-11,43.47314578530511
7007,0.00014748147647777323,0.00014748143299776105,4.3480012173188726e-11,43.480012173188726
7008,0.00014748539797496257,0.00014748535449580775,4.347915481321578e-11,43.47915481321578
7009,0.0001474893194546105,0.00014748927599385445,4.346075603787397e-11,43.46075603787397
7010,0.00014749324098211597,0.00014749319749190117,4.349021478668236e-11,43.49021478668236
7011,0.00014749716252525255,0.00014749711898994787,4.353530466794685e-11,43.535304667946846
7012,0.00014750108405796086,0.00014750104048799457,4.356996628614056e-11,43.569966286140556
7013,0.0001475050055282687,0.0001475049619860413,4.3542227407238385e-11,43.542227407238386
7014,0.00014750892697731562,0.000147508883484088,4.349322762188937e-11,43.49322762188937
7015,0.00014751284847837066,0.00014751280498213472,4.349623593055231e-11,43.49623593055231
7016,0.00014751676995765003,0.00014751672648018142,4.347746860778702e-11,43.47746860778702
7017,0.00014752069152231906,0.00014752064797822812,4.354409093393245e-11,43.54409093393245
7018,0.00014752461306308655,0.00014752456947627484,4.358681169792479e-11,43.58681169792479
7019,0.0001475285345877016,0.00014752849097432154,4.3613380045056494e-11,43.613380045056495
7020,0.00014753245611693537,0.00014753241247236827,4.3644567093442985e-11,43.64456709344299
7021,0.0001475363776312777,0.00014753633397041497,4.3660862733410605e-11,43.6608627334106
7022,0.0001475402991363128,0.00014754025546846167,4.3667851121143686e-11,43.667851121143684
7023,0.0001475442206499643,0.0001475441769665084,4.3683455907487e-11,43.683455907487
7024,0.00014754814220913407,0.0001475480984645551,4.3744578970478204e-11,43.7445789704782
7025,0.00014755206375375118,0.00014755201996260182,4.379114935691428e-11,43.791149356914275
7026,0.00014755598528325015,0.00014755594146064851,4.382260162825721e-11,43.82260162825721
7027,0.0001475599068105441,0.0001475598629586952,4.38518488763268e-11,43.851848876326805
7028,0.00014756382832795147,0.00014756378445674194,4.3871209528730984e-11,43.87120952873099
7029,0.00014756774983151,0.00014756770595478864,4.387672136863041e-11,43.87672136863041
7030,0.00014757167138025772,0.00014757162745283534,4.3927422375608275e-11,43.92742237560827
7031,0.00014757559294595017,0.00014757554895088206,4.399506810728937e-11,43.99506810728937
7032,0.000147579514484162,0.00014757947044892876,4.4035233244130834e-11,44.035233244130836
7033,0.00014758343602273936,0.00014758339194697546,4.4075763892629697e-11,44.075763892629695
7034,0.00014758735755070193,0.00014758731344502218,4.4105679741074e-11,44.105679741074006
7035,0.0001475912790691523,0.00014759123494306888,4.412608342307317e-11,44.12608342307317
7036,0.00014759520059375765,0.0001475951564411156,4.4152642039490375e-11,44.152642039490374
7037,0.00014759912216542062,0.0001475990779391623,4.422625830990502e-11,44.22625830990502
7038,0.00014760304372350022,0.000147602999437209,4.4286291207611795e-11,44.2862912076118
7039,0.00014760696526552958,0.00014760692093525573,4.4330273847407634e-11,44.33027384740763
7040,0.00014761088680555133,0.00014761084243330243,4.4372248897145736e-11,44.37224889714574
7041,0.00014761480833465283,0.00014761476393134916,4.4403303672867184e-11,44.40330367286718
7042,0.00014761872982829697,0.00014761868542939585,4.439890110731548e-11,44.39890110731548
7043,0.00014762265140479022,0.00014762260692744255,4.447734766103888e-11,44.47734766103888
7044,0.00014762657298237125,0.00014762652842548928,4.4556881967696874e-11,44.556881967696874
7045,0.00014763049453207463,0.00014763044992353598,4.4608538644679674e-11,44.608538644679676
7046,0.00014763441608306314,0.0001476343714215827,4.466148042649752e-11,44.66148042649752
7047,0.0001476383376225494,0.0001476382929196294,4.470291998878263e-11,44.70291998878263
7048,0.00014764225915210323,0.0001476422144176761,4.4734427120755496e-11,44.7344271207555
7049,0.0001476461806913907,0.00014764613591572282,4.477566786746723e-11,44.77566786746723
7050,0.0001476501022760355,0.00014765005741376952,4.48622659681194e-11,44.8622659681194
7051,0.00014765402384392878,0.00014765397891181625,4.493211252179043e-11,44.93211252179043
7052,0.0001476579453978651,0.00014765790040986295,4.4988002140895045e-11,44.98800214089505
7053,0.00014766186694834587,0.00014766182190790965,4.504043621794057e-11,45.040436217940574
7054,0.0001476657884880875,0.00014766574340595637,4.5082131109837304e-11,45.082131109837306
7055,0.00014766971001306395,0.00014766966490400307,4.5109060875763205e-11,45.109060875763205
7056,0.00014767363159615729,0.00014767358640204977,4.5194107510211607e-11,45.19410751021161
7057,0.00014767755318179836,0.0001476775079000965,4.5281701857135024e-11,45.281701857135026
7058,0.00014768147474149637,0.0001476814293981432,4.534335317052972e-11,45.34335317052972
7059,0.00014768539630263388,0.0001476853508961899,4.540644397914882e-11,45.406443979148825
7060,0.00014768931785132984,0.00014768927239423662,4.545709321547295e-11,45.45709321547295
7061,0.00014769323938967975,0.00014769319389228332,4.549739642546108e-11,45.497396425461076
7062,0.0001476971609380671,0.00014769711539033004,4.554773704363681e-11,45.54773704363681
7063,0.00014770108253566334,0.00014770103688837674,4.5647286589760625e-11,45.647286589760625
7064,0.0001477050041098093,0.00014770495838642344,4.572338584578059e-11,45.72338584578059
7065,0.00014770892567528556,0.00014770887988447016,4.579081538754849e-11,45.79081538754849
7066,0.00014771284723417153,0.00014771280138251686,4.585165466062105e-11,45.85165466062105
7067,0.0001477167687826855,0.0001477167228805636,4.5902121913610525e-11,45.90212191361052
7068,0.00014772069031628065,0.0001477206443786103,4.593767035497122e-11,45.93767035497122
7069,0.00014772461192739408,0.00014772456587665699,4.605073708326028e-11,46.05073708326028
7070,0.00014772853350869235,0.0001477284873747037,4.6133988631276754e-11,46.13398863127676
7071,0.00014773245508451085,0.0001477324088727504,4.6211760431778104e-11,46.2117604317781
7072,0.00014773637664858367,0.00014773633037079714,4.627778652804383e-11,46.27778652804383
7073,0.0001477402982096268,0.00014774025186884383,4.634078295686382e-11,46.34078295686382
7074,0.0001477442197573997,0.00014774417336689053,4.63905091576684e-11,46.390509157668404
7075,0.0001477481413424204,0.00014774809486493726,4.6477483124108724e-11,46.47748312410872
7076,0.00014775206294827354,0.00014775201636298396,4.658528957450743e-11,46.58528957450743
7077,0.00014775598452501448,0.00014775593786103068,4.6663983787112076e-11,46.66398378711207
7078,0.0001477599061024404,0.00014775985935907738,4.6743363025754353e-11,46.743363025754356
7079,0.00014776382766780032,0.00014776378085712408,4.681067623262915e-11,46.81067623262915
7080,0.00014776774922263308,0.0001477677023551708,4.686746227008998e-11,46.86746227008998
7081,0.00014777167079045066,0.0001477716238532175,4.693723314644936e-11,46.93723314644936
7082,0.0001477755924023634,0.0001477755453512642,4.705109920279009e-11,47.05109920279009
7083,0.00014777951399375601,0.00014777946684931093,4.7144445079608216e-11,47.14444507960822
7084,0.0001477834355736342,0.00014778338834735763,4.722627656672422e-11,47.22627656672422
7085,0.0001477873571479268,0.00014778730984540432,4.7302522461088015e-11,47.30252246108802
7086,0.00014779127871145497,0.00014779123134345105,4.7368003908392395e-11,47.368003908392396
7087,0.00014779520026846605,0.00014779515284149775,4.742696829775313e-11,47.42696829775313
7088,0.00014779912188023133,0.00014779907433954447,4.754068684838829e-11,47.54068684838829
7089,0.0001478030434856961,0.00014780299583759117,4.764810491046376e-11,47.64810491046376
7090,0.0001478069650697778,0.00014780691733563787,4.773413993071765e-11,47.73413993071765
7091,0.00014781088663990896,0.0001478108388336846,4.780622435898785e-11,47.80622435898785
7092,0.00014781480820988543,0.0001478147603317313,4.787815412581814e-11,47.87815412581814
7093,0.00014781872975874483,0.00014781868182977802,4.792896680561977e-11,47.928966805619766
7094,0.0001478226513787584,0.00014782260332782472,4.80509336682276e-11,48.0509336682276
7095,0.0001478265729892643,0.00014782652482587142,4.816339286382931e-11,48.163392863829316
7096,0.0001478304945834744,0.00014783044632391814,4.825955625683308e-11,48.25955625683308
7097,0.0001478344161703652,0.00014783436782196484,4.834840036360072e-11,48.34840036360072
7098,0.00014783833774736135,0.00014783828932001157,4.8427349770291714e-11,48.42734977029171
7099,0.00014784225931228836,0.00014784221081805827,4.849423008234409e-11,48.49423008234409
7100,0.00014784618089910403,0.00014784613231610497,4.858299905390118e-11,48.582999053901176
7101,0.00014785010253007234,0.0001478500538141517,4.8715920641049696e-11,48.71592064104969
7102,0.00014785402412976592,0.0001478539753121984,4.881756752206608e-11,48.81756752206608
7103,0.00014785794572495998,0.0001478578968102451,4.891471488275148e-11,48.91471488275148
7104,0.00014786186730785615,0.00014786181830829181,4.899956432792976e-11,48.99956432792976
7105,0.0001478657888826424,0.0001478657398063385,4.9076303886647743e-11,49.07630388664774
7106,0.000147869710454674,0.00014786966130438524,4.915028875869598e-11,49.15028875869598
7107,0.00014787363209337973,0.00014787358280243194,4.92909477817535e-11,49.290947781753495
7108,0.00014787755370096936,0.00014787750430047864,4.940049071745671e-11,49.40049071745671
7109,0.0001478814753028588,0.00014788142579852536,4.950433343313303e-11,49.50433343313303
7110,0.00014788539689310432,0.00014788534729657206,4.959653225115772e-11,49.59653225115772
7111,0.0001478893184749926,0.00014788926879461876,4.968037382199646e-11,49.680373821996454
7112,0.00014789324003899477,0.00014789319029266548,4.974632928249065e-11,49.74632928249065
7113,0.00014789716167463255,0.00014789711179071218,4.9883920365765736e-11,49.88392036576573
7114,0.00014790108329751128,0.0001479010332887589,5.0008752368139634e-11,50.00875236813963
7115,0.000147905004901484,0.0001479049547868056,5.011467837829038e-11,50.11467837829038
7116,0.00014790892650098415,0.0001479088762848523,5.021613183763919e-11,50.21613183763919
7117,0.0001479128480890535,0.00014791279778289903,5.0306154472168324e-11,50.30615447216832
7118,0.00014791676966769142,0.00014791671928094573,5.0386745686209114e-11,50.38674568620912
7119,0.00014792069128132939,0.00014792064077899245,5.05023369250467e-11,50.5023369250467
7120,0.0001479246129194791,0.00014792456227703915,5.064243994212511e-11,50.642439942125115
7121,0.00014792853452726706,0.00014792848377508585,5.075218120551073e-11,50.75218120551073
7122,0.00014793245613468323,0.00014793240527313258,5.086155064176129e-11,50.86155064176129
7123,0.00014793637772980814,0.00014793632677117928,5.095862885745314e-11,50.95862885745314
7124,0.0001479402993134537,0.000147940248269226,5.1044227703173045e-11,51.04422770317304
7125,0.00014794422091453586,0.0001479441697672727,5.1147263149016784e-11,51.14726314901679
7126,0.0001479481425570236,0.0001479480912653194,5.129170419451258e-11,51.29170419451258
7127,0.00014795206416848871,0.00014795201276336612,5.140512258377629e-11,51.40512258377629
7128,0.00014795598577722947,0.00014795593426141282,5.1515816644031085e-11,51.515816644031084
7129,0.0001479599073787972,0.00014795985575945952,5.1619337676922825e-11,51.619337676922825
7130,0.00014796382896921863,0.00014796377725750625,5.171171237964495e-11,51.71171237964495
7131,0.00014796775056735148,0.00014796769875555295,5.181179852452898e-11,51.81179852452898
7132,0.0001479716722040126,0.00014797162025359964,5.1950412959129625e-11,51.95041295912962
7133,0.00014797559382847576,0.00014797554175164637,5.207682938745334e-11,52.07682938745334
7134,0.00014797951544405548,0.00014797946324969307,5.219436240527679e-11,52.19436240527679
7135,0.0001479834370631263,0.0001479833847477398,5.231538649988554e-11,52.31538649988554
7136,0.00014798735866010558,0.0001479873062457865,5.2414319080763106e-11,52.41431908076311
7137,0.00014799128024886216,0.0001479912277438332,5.250502896394432e-11,52.50502896394432
7138,0.00014799520189284857,0.00014799514924187992,5.265096864789304e-11,52.65096864789304
7139,0.00014799912353073892,0.00014799907073992662,5.2790812296706735e-11,52.79081229670673
7140,0.00014800304825015052,0.00014800299223797334,5.601217717619737e-11,56.012177176197376
7141,0.00014800697628535066,0.00014800691373602004,6.254933061737644e-11,62.54933061737644
7142,0.00014801089905304597,0.00014801083523406674,6.381897922888288e-11,63.81897922888288
7143,0.0001480148206231618,0.00014801475673211346,6.38910483427974e-11,63.8910483427974
7144,0.0001480187416508349,0.00014801867823016016,6.34206747383646e-11,63.4206747383646
7145,0.00014802266289985915,0.0001480225997282069,6.317165225604227e-11,63.171652256042265
7146,0.00014802658413524416,0.0001480265212262536,6.290899056460017e-11,62.908990564600174
7147,0.00014803050538492505,0.00014803044272430029,6.266062475642865e-11,62.66062475642865
7148,0.00014803442664441192,0.000148034364222347,6.242206490638597e-11,62.42206490638596
7149,0.00014803834789765426,0.0001480382857203937,6.217726053972074e-11,62.17726053972074
7150,0.000148042269178239,0.00014804220721844044,6.19597985592232e-11,61.95979855922321
7151,0.00014804619045438627,0.00014804612871648713,6.173789912896907e-11,61.73789912896907
7152,0.00014805011176997055,0.00014805005021453383,6.155543671248241e-11,61.55543671248241
7153,0.00014805403309950437,0.00014805397171258056,6.138692380377728e-11,61.38692380377728
7154,0.0001480579544006745,0.00014805789321062726,6.119004724466808e-11,61.19004724466807
7155,0.00014806187572608237,0.00014806181470867395,6.101740840459555e-11,61.01740840459555
7156,0.00014806579703818503,0.00014806573620672068,6.08314643438825e-11,60.831464343882494
7157,0.00014806971835221505,0.00014806965770476738,6.064744766937147e-11,60.647447669371466
7158,0.0001480736396555436,0.00014807357920281408,6.04527295128422e-11,60.4527295128422
7159,0.00014807756098189054,0.0001480775007008608,6.028102972737631e-11,60.281029727376314
7160,0.00014808148235195525,0.0001480814221989075,6.015304773822058e-11,60.153047738220586
7161,0.00014808540369931178,0.00014808534369695423,6.000235754113796e-11,60.00235754113796
7162,0.00014808932505284799,0.00014808926519500093,5.985784705249302e-11,59.857847052493014
7163,0.00014809324639871447,0.00014809318669304762,5.970566683636475e-11,59.70566683636475
7164,0.00014809716773782485,0.00014809710819109435,5.95467304957138e-11,59.546730495713796
7165,0.00014810108907277402,0.00014810102968914105,5.938363296001979e-11,59.38363296001979
7166,0.00014810501041118647,0.00014810495118718777,5.922399869132536e-11,59.223998691325356
7167,0.00014810893179949866,0.00014810887268523447,5.911426417709827e-11,59.11426417709826
7168,0.00014811285318256298,0.00014811279418328117,5.899928179909569e-11,58.99928179909569
7169,0.00014811677454805973,0.0001481167156813279,5.88667318222418e-11,58.866731822241796
7170,0.00014812069591830767,0.0001481206371793746,5.873893306325322e-11,58.738933063253214
7171,0.00014812461728085102,0.00014812455867742132,5.860342969257641e-11,58.60342969257641
7172,0.00014812853863820387,0.00014812848017546802,5.84627358395241e-11,58.46273583952411
7173,0.00014813245998299555,0.00014813240167351472,5.83094808266772e-11,58.309480826677195
7174,0.0001481363813841525,0.00014813632317156144,5.821259104532292e-11,58.212591045322924
7175,0.0001481403027923255,0.00014814024466960814,5.812271735306723e-11,58.12271735306723
7176,0.00014814422417549036,0.00014814416616765487,5.800783548060605e-11,58.00783548060605
7177,0.00014814814557240644,0.00014814808766570157,5.790670486955915e-11,57.90670486955915
7178,0.0001481520669542973,0.00014815200916374827,5.779054903244024e-11,57.79054903244024
7179,0.0001481559883298484,0.000148155930661795,5.766805340443289e-11,57.66805340443289
7180,0.00014815990969483306,0.0001481598521598417,5.753499135889292e-11,57.534991358892924
7181,0.0001481638310953978,0.0001481637736578884,5.743750941341709e-11,57.43750941341709
7182,0.0001481677525243383,0.00014816769515593511,5.7368403180094494e-11,57.3684031800945
7183,0.00014817167393171702,0.0001481716166539818,5.727773520132724e-11,57.277735201327246
7184,0.0001481755953333707,0.0001481755381520285,5.7181342174303346e-11,57.181342174303346
7185,0.00014817951673217215,0.00014817945965007524,5.708209690951924e-11,57.08209690951924
7186,0.0001481834381233165,0.00014818338114812194,5.697519454820711e-11,56.975194548207114
7187,0.00014818735950543338,0.00014818730264616866,5.685926471303106e-11,56.85926471303106
7188,0.00014819128091061968,0.00014819122414421536,5.6766404314840716e-11,56.76640431484071
7189,0.0001481952023599826,0.00014819514564226206,5.6717720547319925e-11,56.71772054731993
7190,0.00014819912377972655,0.00014819906714030878,5.66394177588046e-11,56.6394177588046
7191,0.0001482030451948102,0.00014820298863835548,5.6556454716986227e-11,56.556454716986224
7192,0.00014820696660825235,0.0001482069101364022,5.64718501388686e-11,56.471850138868604
7193,0.0001482108880132622,0.0001482108316344489,5.637881328677469e-11,56.37881328677469
7194,0.00014821480941000793,0.0001482147531324956,5.627751232046144e-11,56.27751232046144
7195,0.00014821873082528756,0.00014821867463054233,5.6194745221080686e-11,56.19474522108069
7196,0.00014822265228315505,0.00014822259612858903,5.6154566016716035e-11,56.15456601671603
7197,0.00014822657372139504,0.00014822651762663575,5.6094759283582444e-11,56.09475928358244
7198,0.00014823049514911229,0.00014823043912468245,5.6024429826263794e-11,56.02442982626379
7199,0.00014823441657539936,0.00014823436062272915,5.595267019785942e-11,55.95267019785942
7200,0.00014823833799283435,0.00014823828212077588,5.5872058465292515e-11,55.87205846529252
7201,0.00014824225940184862,0.00014824220361882258,5.5783026032607514e-11,55.783026032607516
7202,0.0001482461808291543,0.00014824612511686927,5.571228501214419e-11,55.712285012144186
7203,0.0001482501022993739,0.000148250046614916,5.568445790629023e-11,55.68445790629023
7204,0.000148254023749127,0.0001482539681129627,5.563616428892121e-11,55.63616428892121
7205,0.00014825794518872593,0.00014825788961100942,5.557771649479061e-11,55.57771649479061
7206,0.0001482618666263439,0.00014826181110905612,5.551728778197572e-11,55.51728778197572
7207,0.00014826578805894185,0.00014826573260710282,5.545183902336684e-11,55.45183902336684
7208,0.0001482697094781896,0.00014826965410514955,5.5373040049727276e-11,55.37304004972728
7209,0.0001482736309194706,0.00014827357560319625,5.531627434105718e-11,55.31627434105718
7210,0.00014827755240186193,0.00014827749710124294,5.530061897668252e-11,55.30061897668252
7211,0.00014828147386116152,0.00014828141859928967,5.52618718407574e-11,55.2618718407574
7212,0.00014828539531212706,0.00014828534009733637,5.521479068667787e-11,55.214790686677865
7213,0.00014828931675957643,0.0001482892615953831,5.5164193329427694e-11,55.1641933294277
7214,0.00014829323819851072,0.0001482931830934298,5.510508091936536e-11,55.10508091936536
7215,0.0001482971596262493,0.0001482971045914765,5.503477279372446e-11,55.03477279372446
7216,0.0001483010810864537,0.00014830102608952322,5.499693047872238e-11,54.99693047872238
7217,0.00014830500257754717,0.00014830494758756992,5.498997724624474e-11,54.98997724624474
7218,0.00014830892404440216,0.00014830886908561664,5.4958785508683855e-11,54.95878550868385
7219,0.00014831284550628567,0.00014831279058366334,5.492262232469136e-11,54.92262232469136
7220,0.00014831676696255375,0.00014831671208171004,5.488084370528186e-11,54.88084370528186
7221,0.00014832068841059078,0.00014832063357975676,5.483083401271423e-11,54.83083401271423
7222,0.00014832460984512215,0.00014832455507780346,5.476731868473449e-11,54.767318684734484
7223,0.0001483285313285884,0.0001483284765758502,5.475273819839363e-11,54.75273819839363
7224,0.00014833245282561754,0.0001483323980738969,5.47517206475497e-11,54.751720647549696
7225,0.00014833637429796274,0.00014833631957194359,5.472601914715995e-11,54.72601914715995
7226,0.00014834029577080965,0.0001483402410699903,5.470081933422047e-11,54.70081933422047
7227,0.00014834421723465479,0.000148344162568037,5.46666177701136e-11,54.6666177701136
7228,0.000148348138690588,0.0001483480840660837,5.4624504294863125e-11,54.62450429486312
7229,0.00014835206013625788,0.00014835200556413043,5.457212743658725e-11,54.57212743658725
7230,0.00014835598164029433,0.00014835592706217713,5.457811719280431e-11,54.57811719280431
7231,0.00014835990314142556,0.00014835984856022383,5.458120172087998e-11,54.581201720879974
7232,0.00014836382462067715,0.00014836377005827056,5.456240658832896e-11,54.56240658832896
7233,0.00014836774610172177,0.00014836769155631725,5.4545404509330806e-11,54.54540450933081
7234,0.00014837166757203292,0.00014837161305436398,5.451766893724526e-11,54.51766893724526
7235,0.00014837558903440902,0.00014837553455241068,5.448199833340478e-11,54.48199833340478
7236,0.00014837951049996402,0.00014837945605045738,5.444950663743908e-11,54.449506637439086
7237,0.00014838343201718427,0.0001483833775485041,5.4468680156548294e-11,54.468680156548295
7238,0.000148387353519228,0.0001483872990465508,5.4472677203382433e-11,54.47267720338243
7239,0.00014839127500763978,0.00014839122054459753,5.446304225104126e-11,54.46304225104126
7240,0.00014839519649349482,0.00014839514204264423,5.445085058734704e-11,54.45085058734704
7241,0.00014839911797456915,0.00014839906354069092,5.443387821548841e-11,54.43387821548841
7242,0.0001484030394356273,0.00014840298503873765,5.439688965548706e-11,54.39688965548706
7243,0.00014840696092249437,0.00014840690653678435,5.438571001320569e-11,54.38571001320569
7244,0.00014841088245117338,0.00014841082803483107,5.4416342302445575e-11,54.41634230244558
7245,0.00014841480395472498,0.00014841474953287777,5.44218472034511e-11,54.4218472034511
7246,0.0001484187254508052,0.00014841867103092447,5.4419880731760753e-11,54.419880731760756
7247,0.00014842264694130415,0.0001484225925289712,5.441233294991678e-11,54.41233294991678
7248,0.00014842656842104746,0.0001484265140270179,5.4394029557261095e-11,54.39402955726109
7249,0.0001484304898962462,0.00014843043552506462,5.4371181568569113e-11,54.37118156856911
7250,0.00014843441140974538,0.00014843435702311132,5.4386634051612246e-11,54.38663405161225
7251,0.00014843833294028483,0.00014843827852115802,5.441912680467506e-11,54.41912680467506
7252,0.00014844225444761252,0.00014844220001920474,5.442840776500692e-11,54.42840776500692
7253,0.0001484461759473967,0.00014844612151725144,5.4430145253198434e-11,54.43014525319843
7254,0.00014845009744679695,0.00014845004301529814,5.443149879829562e-11,54.43149879829562
7255,0.0001484540189271748,0.00014845396451334487,5.4413829934961383e-11,54.413829934961385
7256,0.00014845794041914802,0.00014845788601139157,5.4407756451231554e-11,54.407756451231556
7257,0.0001484618619543128,0.00014846180750943826,5.444487451918241e-11,54.44487451918241
7258,0.00014846578347623527,0.000148465729007485,5.44687502773238e-11,54.4687502773238
7259,0.00014846970499114083,0.0001484696505055317,5.448560913321497e-11,54.48560913321497
7260,0.00014847362650033743,0.00014847357200357841,5.4496759014146704e-11,54.496759014146704
7261,0.00014847754799793405,0.0001484774935016251,5.449630893471985e-11,54.49630893471985
7262,0.00014848146948600756,0.0001484814149996718,5.448633573840592e-11,54.48633573840592
7263,0.0001484853909969594,0.00014848533649771854,5.449924086133974e-11,54.49924086133974
7264,0.00014848931254497798,0.00014848925799576523,5.4549212742356607e-11,54.54921274235661
7265,0.00014849323406993667,0.00014849317949381196,5.4576124700261825e-11,54.57612470026182
7266,0.0001484971555863331,0.00014849710099185866,5.459447444256038e-11,54.59447444256038
7267,0.00014850107710362738,0.00014850102248990536,5.4613722012677973e-11,54.613722012677975
7268,0.00014850499855723672,0.00014850494398795208,5.456928463138594e-11,54.56928463138594
7269,0.0001485089200062304,0.00014850886548599878,5.4520231611710255e-11,54.52023161171025
7270,0.00014851284155086266,0.0001485127869840455,5.456681714987169e-11,54.56681714987169
7271,0.00014851676309995924,0.0001485167084820922,5.46178670260036e-11,54.6178670260036
7272,0.0001485206846228486,0.0001485206299801389,5.4642709675642415e-11,54.642709675642415
7273,0.00014852460614844446,0.00014852455147818563,5.46702588191644e-11,54.6702588191644
7274,0.00014852852765800243,0.00014852847297623233,5.468177009178528e-11,54.68177009178528
7275,0.0001485324491560627,0.00014853239447427905,5.4681783644312435e-11,54.68178364431243
7276,0.0001485363706795135,0.00014853631597232575,5.470718774804627e-11,54.707187748046266
7277,0.0001485402922419285,0.00014854023747037245,5.477155604498016e-11,54.77155604498016
7278,0.00014854421377873912,0.00014854415896841918,5.4810319931828847e-11,54.81031993182884
7279,0.000148548135312972,0.00014854808046646588,5.484650612801245e-11,54.84650612801245
7280,0.00014855205683496434,0.00014855200196451257,5.487045176298386e-11,54.870451762983855
7281,0.00014855597835655273,0.0001485559234625593,5.4893993424225796e-11,54.8939934242258
7282,0.00014855989985919802,0.000148559844960606,5.4898592013530284e-11,54.89859201353028
7283,0.000148563821409148,0.0001485637664586527,5.4950495292297216e-11,54.95049529229722
7284,0.000148567742973798,0.00014856768795669942,5.501709856358947e-11,55.01709856358947
7285,0.0001485716645110417,0.00014857160945474612,5.505629556210101e-11,55.05629556210101
7286,0.0001485755860492081,0.00014857553095279285,5.509641524376639e-11,55.096415243766394
7287,0.00014857950757524163,0.00014857945245083955,5.512440207970541e-11,55.12440207970541
7288,0.0001485834290926708,0.00014858337394888624,5.5143784551678316e-11,55.143784551678316
7289,0.0001485873506173803,0.00014858729544693297,5.517044733281924e-11,55.17044733281924
7290,0.00014859127218861228,0.00014859121694497967,5.524363260576527e-11,55.24363260576527
7291,0.00014859519373988745,0.0001485951384430264,5.5296861050637525e-11,55.296861050637524
7292,0.00014859911528696318,0.0001485990599410731,5.5345890082340144e-11,55.34589008234014
7293,0.00014860303682135583,0.0001486029814391198,5.5382236035713864e-11,55.382236035713866
7294,0.00014860695834859362,0.00014860690293716652,5.5411427095005864e-11,55.41142709500586
7295,0.0001486108798542829,0.00014861082443521322,5.541906969032982e-11,55.41906969032982
7296,0.0001486148014376926,0.00014861474593325994,5.550443264076205e-11,55.50443264076205
7297,0.0001486187230051115,0.00014861866743130664,5.557380485598261e-11,55.57380485598261
7298,0.0001486226445579593,0.00014862258892935334,5.5628605963211106e-11,55.62860596321111
7299,0.0001486265661039697,0.00014862651042740006,5.5676569630753986e-11,55.67656963075399
7300,0.00014863048764076782,0.00014863043192544676,5.571532104927769e-11,55.71532104927769
7301,0.00014863440916288784,0.00014863435342349346,5.573939437615996e-11,55.739394376159964
7302,0.00014863833071109762,0.00014863827492154019,5.578955742912489e-11,55.78955742912489
7303,0.00014864225229734208,0.00014864219641958688,5.5877755188767406e-11,55.87775518876741
7304,0.00014864617385768473,0.0001486461179176336,5.594005111456375e-11,55.94005111456375
7305,0.00014865009541832546,0.0001486500394156803,5.6002645141747423e-11,56.00264514174742
7306,0.00014865401696306227,0.000148653960913727,5.6049335251208393e-11,56.04933525120839
7307,0.0001486579385000745,0.00014865788241177373,5.608830077255611e-11,56.08830077255611
7308,0.00014866186001502555,0.00014866180390982043,5.610520511072842e-11,56.10520511072842
7309,0.00014866578161819446,0.00014866572540786713,5.621032732049354e-11,56.21032732049354
7310,0.00014866970319338087,0.00014866964690591386,5.6287467004023276e-11,56.28746700402328
7311,0.00014867362475709135,0.00014867356840396055,5.6353130787028014e-11,56.353130787028014
7312,0.00014867754631237465,0.00014867748990200728,5.641036736470162e-11,56.41036736470162
7313,0.00014868146785890465,0.00014868141140005398,5.645885066324072e-11,56.45885066324072
7314,0.00014868538938812368,0.00014868533289810068,5.649002299358272e-11,56.49002299358272
7315,0.00014868931096045362,0.0001486892543961474,5.656430621096377e-11,56.56430621096377
7316,0.0001486932325530105,0.0001486931758941941,5.6658816385389874e-11,56.658816385389876
7317,0.00014869715412182255,0.00014869709739224083,5.6729581719086916e-11,56.729581719086916
7318,0.00014870107569091125,0.00014870101889028753,5.680062371407332e-11,56.800623714073325
7319,0.00014870499724832062,0.00014870494038833422,5.685998638510212e-11,56.85998638510212
7320,0.00014870891879536518,0.00014870886188638095,5.6908984218887224e-11,56.90898421888723
7321,0.00014871284033868813,0.00014871278338442765,5.6954260474505164e-11,56.95426047450516
7322,0.0001487167619348182,0.00014871670488247437,5.7052343826926075e-11,57.05234382692608
7323,0.00014872068352332773,0.00014872062638052107,5.7142806647537237e-11,57.142806647537235
7324,0.00014872460509148905,0.00014872454787856777,5.721292127019541e-11,57.21292127019541
7325,0.00014872852665862187,0.0001487284693766145,5.728200736446265e-11,57.28200736446265
7326,0.00014873244821385893,0.0001487323908746612,5.7339197728018654e-11,57.339197728018654
7327,0.0001487363697561361,0.0001487363123727079,5.738342818932607e-11,57.38342818932607
7328,0.00014874029133933646,0.00014874023387075462,5.7468581834528895e-11,57.4685818345289
7329,0.00014874421294353701,0.00014874415536880132,5.757473568976619e-11,57.57473568976619
7330,0.00014874813451878078,0.00014874807686684804,5.765193272759085e-11,57.651932727590854
7331,0.00014875205609445768,0.00014875199836489474,5.7729562931288475e-11,57.72956293128848
7332,0.00014875597765813198,0.00014875591986294144,5.7795190529045707e-11,57.795190529045705
7333,0.00014875989921136288,0.00014875984136098817,5.78503747120068e-11,57.8503747120068
7334,0.00014876382077706152,0.00014876376285903487,5.791802665074533e-11,57.91802665074533
7335,0.00014876774238738394,0.00014876768435708156,5.80303023722344e-11,58.0303023722344
7336,0.0001487716639725005,0.0001487716058551283,5.8117372209251825e-11,58.117372209251826
7337,0.00014877558555371258,0.000148775527353175,5.820053759030064e-11,58.20053759030064
7338,0.00014877950712191288,0.0001487794488512217,5.827069116292186e-11,58.27069116292186
7339,0.00014878342868161366,0.0001487833703492684,5.833234524103209e-11,58.332345241032094
7340,0.00014878735023121086,0.0001487872918473151,5.838389574751715e-11,58.38389574751715
7341,0.00014879127185671033,0.00014879121334536184,5.851134848338238e-11,58.51134848338238
7342,0.00014879519345186676,0.00014879513484340853,5.86084582222524e-11,58.6084582222524
7343,0.00014879911503984936,0.00014879905634145526,5.869839409350268e-11,58.69839409350268
7344,0.0001488030366165232,0.00014880297783950196,5.87770212210979e-11,58.777021221097904
7345,0.0001488069581847051,0.00014880689933754866,5.884715644359735e-11,58.84715644359735
7346,0.0001488108797320093,0.00014881082083559538,5.889641391669771e-11,58.89641391669771
7347,0.00014881480134842763,0.00014881474233364208,5.901478553779653e-11,59.01478553779653
7348,0.0001488187229574462,0.0001488186638316888,5.912575739775297e-11,59.12575739775297
7349,0.00014882264454959087,0.0001488225853297355,5.92198553585131e-11,59.219855358513094
7350,0.0001488265661348562,0.0001488265068277822,5.930707400227869e-11,59.30707400227869
7351,0.00014883048770690331,0.00014883042832582893,5.9381074378418e-11,59.381074378418
7352,0.00014883440927283454,0.00014883434982387563,5.944895890562758e-11,59.448958905627585
7353,0.00014883833085340027,0.00014883827132192233,5.953147793955127e-11,59.53147793955127
7354,0.00014884225247153467,0.00014884219281996905,5.965156560874364e-11,59.651565608743645
7355,0.0001488461740783737,0.00014884611431801575,5.976035795128284e-11,59.76035795128284
7356,0.00014885009567002695,0.00014885003581606245,5.985396449740829e-11,59.85396449740829
7357,0.00014885401725490808,0.00014885395731410918,5.994079889992396e-11,59.94079889992396
7358,0.00014885793882871913,0.00014885787881215587,6.001656324589284e-11,60.01656324589284
7359,0.00014886186040061504,0.0001488618003102026,6.00904124300392e-11,60.090412430039194
7360,0.000148865782024606,0.0001488657218082493,6.021635668831679e-11,60.21635668831679
7361,0.00014886970363862115,0.000148869643306296,6.033232514819524e-11,60.33232514819524
7362,0.0001488736252330189,0.00014887356480434272,6.042867616238495e-11,60.42867616238495
7363,0.0001488775468254811,0.00014887748630238942,6.05230916859614e-11,60.5230916859614
7364,0.00014888146840597743,0.00014888140780043615,6.060554127673594e-11,60.60554127673594
7365,0.00014888538997003334,0.00014888532929848285,6.067155048655283e-11,60.67155048655283
7366,0.00014888931159234492,0.00014888925079652954,6.079581536987536e-11,60.795815369875356
7367,0.00014889323321831324,0.00014889317229457627,6.092373696897008e-11,60.923736968970076
7368,0.00014889715481751102,0.00014889709379262297,6.102488804433298e-11,61.02488804433298
7369,0.0001489010764172711,0.0001489010152906697,6.112660138694254e-11,61.12660138694254
7370,0.00014890499800375814,0.0001489049367887164,6.121504173682114e-11,61.21504173682114
7371,0.00014890891957845037,0.0001489088582867631,6.129168726810572e-11,61.29168726810572
7372,0.00014891284118168308,0.00014891277978480982,6.139687325606363e-11,61.396873256063635
7373,0.0001489167628191215,0.00014891670128285651,6.153626498230679e-11,61.53626498230678
7374,0.00014892068442624818,0.00014892062278090324,6.164534493657729e-11,61.645344936577295
7375,0.00014892460603044337,0.00014892454427894994,6.175149342501383e-11,61.751493425013834
7376,0.00014892852762381326,0.00014892846577699664,6.184681661554403e-11,61.84681661554403
7377,0.00014893244920606606,0.00014893238727504336,6.193102269515316e-11,61.93102269515316
7378,0.00014893637080109795,0.00014893630877309006,6.202800788629861e-11,62.02800788629862
7379,0.00014894029243985222,0.00014894023027113676,6.21687154545084e-11,62.1687154545084
7380,0.00014894421405764,0.00014894415176918349,6.228845650426623e-11,62.28845650426623
7381,0.00014894813566404945,0.00014894807326723018,6.239681925879964e-11,62.39681925879964
7382,0.00014895205726402866,0.00014895199476527688,6.249875177287836e-11,62.498751772878364
7383,0.0001489559788527143,0.0001489559162633236,6.258939069502739e-11,62.58939069502739
7384,0.00014895990044114997,0.0001489598377613703,6.267977965436555e-11,62.679779654365554
7385,0.00014896382207387724,0.00014896375925941703,6.28144601969086e-11,62.814460196908605
7386,0.0001489677437020717,0.00014896768075746373,6.294460796121903e-11,62.944607961219035
7387,0.00014897166531160515,0.00014897160225551043,6.305609470878719e-11,63.05609470878719
7388,0.00014897558691803682,0.00014897552375355716,6.316447966236008e-11,63.16447966236008
7389,0.00014897950851241302,0.00014897944525160385,6.326080915513667e-11,63.26080915513667
7390,0.00014898343009407084,0.00014898336674965058,6.334442025169859e-11,63.344420251698594
7391,0.00014898735173331186,0.00014898728824769728,6.348561457247372e-11,63.485614572473715
7392,0.00014899127337124568,0.00014899120974574398,6.362550169779453e-11,63.62550169779453
7393,0.00014899519498443056,0.0001489951312437907,6.374063984854424e-11,63.740639848544234
7394,0.0001489991165969989,0.0001489990527418374,6.385516149483361e-11,63.85516149483361
7395,0.0001490030412994133,0.00014900297423988413,6.705952917423587e-11,67.05952917423586
7396,0.00014900696931000986,0.00014900689573793083,7.357207903235516e-11,73.57207903235516
7397,0.00014901089212766483,0.00014901081723597752,7.489168730049897e-11,74.89168730049897
7398,0.00014901481371306933,0.00014901473873402425,7.497904507450835e-11,74.97904507450835
7399,0.00014901873472962146,0.00014901866023207095,7.449755051023678e-11,74.49755051023678
7400,0.00014902265595410322,0.00014902258173011767,7.422398553964708e-11,74.22398553964709
7401,0.00014902657718386485,0.00014902650322816437,7.395570047100707e-11,73.95570047100706
7402,0.00014903049842402593,0.00014903042472621107,7.36978148527651e-11,73.69781485276509
7403,0.0001490344196685507,0.0001490343462242578,7.344429290432189e-11,73.44429290432188
7404,0.0001490383409467198,0.0001490382677223045,7.3224415294279e-11,73.22441529427901
7405,0.00014904226224908462,0.0001490421892203512,7.302873341754367e-11,73.02873341754366
7406,0.00014904618355944372,0.00014904611071839792,7.284104579710693e-11,72.84104579710693
7407,0.000149050104870459,0.00014905003221644462,7.265401436293004e-11,72.65401436293004
7408,0.00014905402615954287,0.00014905395371449132,7.244505155168283e-11,72.44505155168284
7409,0.0001490579474650824,0.00014905787521253804,7.22525443544338e-11,72.25254435443381
7410,0.00014906186877050186,0.00014906179671058474,7.205991710889922e-11,72.05991710889923
7411,0.00014906579006211717,0.00014906571820863147,7.185348569288434e-11,71.85348569288435
7412,0.00014906971140982926,0.00014906963970667816,7.170315108700924e-11,71.70315108700925
7413,0.00014907363276808522,0.00014907356120472486,7.156336034726156e-11,71.56336034726156
7414,0.000149077554104529,0.0001490774827027716,7.140175741136738e-11,71.40175741136738
7415,0.0001490814754448246,0.0001490814042008183,7.124400629342634e-11,71.24400629342634
7416,0.00014908539678003816,0.000149085325698865,7.10811731404321e-11,71.0811731404321
7417,0.00014908931811034244,0.0001490892471969117,7.091343072000084e-11,70.91343072000083
7418,0.00014909323943407355,0.0001490931686949584,7.07391151341635e-11,70.73911513416351
7419,0.0001490971607755038,0.00014909709019300514,7.058249866090102e-11,70.58249866090102
7420,0.00014910108216761988,0.00014910101169105183,7.047656804289104e-11,70.47656804289105
7421,0.0001491050035381893,0.00014910493318909856,7.034909072274155e-11,70.34909072274155
7422,0.00014910892489716397,0.00014910885468714526,7.021001870061401e-11,70.21001870061401
7423,0.00014911284625849383,0.00014911277618519196,7.007330186376071e-11,70.0733018637607
7424,0.00014911676761239493,0.00014911669768323868,6.992915623625186e-11,69.92915623625186
7425,0.00014912068896150813,0.00014912061918128538,6.978022274484426e-11,69.78022274484425
7426,0.0001491246103095342,0.00014912454067933208,6.963020212391831e-11,69.63020212391831
7427,0.00014912853170969632,0.0001491284621773788,6.953231750575561e-11,69.53231750575561
7428,0.00014913245310662623,0.0001491323836754255,6.943120071828642e-11,69.43120071828642
7429,0.00014913637448425024,0.00014913630517347223,6.931077800351769e-11,69.31077800351768
7430,0.00014914029586662132,0.00014914022667151893,6.919510238664603e-11,69.19510238664603
7431,0.0001491442172408252,0.00014914414816956563,6.90712595561242e-11,69.0712595561242
7432,0.000149148138609358,0.00014914806966761235,6.894174564350886e-11,68.94174564350885
7433,0.00014915205996508747,0.00014915199116565905,6.879942841454369e-11,68.79942841454368
7434,0.0001491559813760695,0.00014915591266370575,6.871236375459164e-11,68.71236375459164
7435,0.0001491599027948594,0.00014915983416175248,6.863310692237463e-11,68.63310692237464
7436,0.00014916382419234969,0.00014916375565979917,6.853255050479828e-11,68.53255050479828
7437,0.0001491677455896575,0.0001491676771578459,6.843181158889125e-11,68.43181158889125
7438,0.00014917166698120648,0.0001491715986558926,6.832531387893495e-11,68.32531387893495
7439,0.00014917558836609628,0.0001491755201539393,6.821215697213019e-11,68.21215697213019
7440,0.0001491795097504601,0.00014917944165198602,6.809847406464145e-11,68.09847406464145
7441,0.00014918343114354206,0.00014918336315003272,6.799350933524188e-11,67.99350933524188
7442,0.00014918735258078307,0.00014918728464807945,6.793270361822656e-11,67.93270361822657
7443,0.0001491912739960284,0.00014919120614612615,6.784990225805716e-11,67.84990225805716
7444,0.00014919519540653638,0.00014919512764417284,6.77623635307052e-11,67.7623635307052
7445,0.00014919911681318294,0.00014919904914221957,6.767096336310581e-11,67.67096336310581
7446,0.00014920303821226575,0.00014920297064026627,6.757199947589052e-11,67.57199947589052
7447,0.00014920695960112334,0.000149206892138313,6.746281034246124e-11,67.46281034246124
7448,0.00014921088101921861,0.0001492108136363597,6.738285891612243e-11,67.38285891612243
7449,0.00014921480247190858,0.0001492147351344064,6.733750218559824e-11,67.33750218559824
7450,0.0001492187239018804,0.00014921865663245312,6.726942727248716e-11,67.26942727248716
7451,0.00014922264532498422,0.00014922257813049981,6.719448439939932e-11,67.19448439939931
7452,0.00014922656674485262,0.0001492264996285465,6.711630610439845e-11,67.11630610439845
7453,0.00014923048815662917,0.00014923042112659324,6.703003592069334e-11,67.03003592069334
7454,0.00014923440955833548,0.00014923434262463994,6.693369553168492e-11,66.93369553168492
7455,0.00014923833098657357,0.00014923826412268664,6.686388692508993e-11,66.86388692508993
7456,0.00014924225245209927,0.00014924218562073336,6.683136590145547e-11,66.83136590145547
7457,0.0001492461738943694,0.00014924610711878006,6.677558933753239e-11,66.77558933753238
7458,0.0001492500953331832,0.00014925002861682679,6.671635641839858e-11,66.71635641839859
7459,0.00014925401676475634,0.00014925395011487348,6.664988284479122e-11,66.64988284479122
7460,0.00014925793818796766,0.00014925787161292018,6.657504747034877e-11,66.57504747034878
7461,0.00014926185960047514,0.0001492617931109669,6.64895082286433e-11,66.4895082286433
7462,0.00014926578104318427,0.0001492657146090136,6.643417065817986e-11,66.43417065817985
7463,0.00014926970251904784,0.00014926963610706033,6.641198750226005e-11,66.41198750226005
7464,0.00014927362397134793,0.00014927355760510703,6.636624089263463e-11,66.36624089263462
7465,0.00014927754541757272,0.00014927747910315373,6.631441898324074e-11,66.31441898324074
7466,0.00014928146685931222,0.00014928140060120046,6.625811175656433e-11,66.25811175656433
7467,0.00014928538829288955,0.00014928532209924715,6.619364238488291e-11,66.19364238488292
7468,0.00014928930971441241,0.00014928924359729388,6.611711852818715e-11,66.11711852818715
7469,0.0001492932311747043,0.00014929316509534058,6.607936370830039e-11,66.07936370830039
7470,0.00014929715265923888,0.00014929708659338728,6.60658515947803e-11,66.0658515947803
7471,0.00014930107411962774,0.000149301008091434,6.602819372967282e-11,66.02819372967282
7472,0.00014930499557683756,0.0001493049295894807,6.598735684827034e-11,65.98735684827034
7473,0.00014930891702755907,0.00014930885108752743,6.594003164028178e-11,65.94003164028179
7474,0.00014931283847032274,0.00014931277258557413,6.588474860518762e-11,65.88474860518761
7475,0.00014931675989915408,0.00014931669408362082,6.581553324691636e-11,65.81553324691636
7476,0.0001493206813806868,0.00014932061558166755,6.57990192486312e-11,65.7990192486312
7477,0.0001493246028758715,0.00014932453707971425,6.579615725305144e-11,65.79615725305143
7478,0.00014932852434247325,0.00014932845857776095,6.576471230007316e-11,65.76471230007317
7479,0.0001493324458105866,0.00014933238007580767,6.573477891465872e-11,65.73477891465872
7480,0.00014933636726914294,0.00014933630157385437,6.569528855814435e-11,65.69528855814436
7481,0.00014934028871989576,0.00014934022307190107,6.564799468359858e-11,65.64799468359858
7482,0.00014934421016139733,0.0001493441445699478,6.559144952875542e-11,65.59144952875542
7483,0.0001493481316605747,0.0001493480660679945,6.5592580188991e-11,65.59258018899101
7484,0.0001493520531563573,0.00014935198756604122,6.559031607669925e-11,65.59031607669925
7485,0.0001493559746306104,0.00014935590906408792,6.556652247397748e-11,65.56652247397749
7486,0.00014935989610660575,0.00014935983056213462,6.554447112993679e-11,65.5444711299368
7487,0.00014936381757193258,0.00014936375206018134,6.551175123651884e-11,65.51175123651883
7488,0.000149367739029379,0.00014936767355822804,6.547115095513545e-11,65.47115095513544
7489,0.000149371660489656,0.00014937159505627477,6.543338122746882e-11,65.43338122746881
7490,0.0001493755820016833,0.00014937551655432146,6.544736182474764e-11,65.44736182474765
7491,0.00014937950350048785,0.00014937943805236816,6.544811968206621e-11,65.4481196820662
7492,0.00014938342498752106,0.0001493833595504149,6.543710616666272e-11,65.43710616666272
7493,0.0001493873464643075,0.0001493872810484616,6.541584591073718e-11,65.41584591073718
7494,0.00014939126794055513,0.0001493912025465083,6.539404680633192e-11,65.39404680633191
7495,0.00014939518939755092,0.000149395124044555,6.535299590342059e-11,65.35299590342059
7496,0.00014939911088957686,0.0001493990455426017,6.534697513902139e-11,65.3469751390214
7497,0.00014940303240731893,0.00014940296704064844,6.536667048463622e-11,65.36667048463622
7498,0.0001494069539077141,0.00014940688853869513,6.536901894785699e-11,65.36901894785699
7499,0.0001494108753925434,0.00014941081003674186,6.535580152048738e-11,65.35580152048738
7500,0.00014941479687763373,0.00014941473153478856,6.534284516900091e-11,65.34284516900091
7501,0.00014941871835377594,0.00014941865303283526,6.532094068014448e-11,65.32094068014447
7502,0.0001494226398246581,0.00014942257453088198,6.529377610313307e-11,65.29377610313307
7503,0.00014942656132888667,0.00014942649602892868,6.529995797997509e-11,65.29995797997509
7504,0.0001494304828560964,0.00014943041752697538,6.532912101264093e-11,65.32912101264094
7505,0.00014943440435944932,0.0001494343390250221,6.53344272064933e-11,65.3344272064933
7506,0.00014943832585465443,0.0001494382605230688,6.533158562101943e-11,65.33158562101943
7507,0.00014944224734780653,0.0001494421820211155,6.53266910174168e-11,65.32669101741679
7508,0.00014944616882010193,0.00014944610351916223,6.530093969793722e-11,65.30093969793722
7509,0.00014945009030759856,0.00014945002501720893,6.529038962475237e-11,65.29038962475236
7510,0.0001494540118353104,0.00014945394651525565,6.532005475144428e-11,65.32005475144429
7511,0.00014945793335486963,0.00014945786801330235,6.534156727411031e-11,65.3415672741103
7512,0.00014946185485988534,0.00014946178951134905,6.534853628172956e-11,65.34853628172955
7513,0.00014946577636913737,0.00014946571100939578,6.535974159249736e-11,65.35974159249736
7514,0.0001494696978626809,0.00014946963250744247,6.535523841298405e-11,65.35523841298405
7515,0.00014947361934706545,0.0001494735540054892,6.534157624588328e-11,65.34157624588329
7516,0.0001494775408480092,0.0001494774755035359,6.534447328829827e-11,65.34447328829827
7517,0.0001494814623815931,0.0001494813970015826,6.538001050816648e-11,65.38001050816648
7518,0.00014948538389902263,0.00014948531849962932,6.539939330540004e-11,65.39939330540004
7519,0.00014948930541379247,0.00014948923999767602,6.541611644628427e-11,65.41611644628426
7520,0.00014949322691679316,0.00014949316149572275,6.542107040995585e-11,65.42107040995585
7521,0.00014949714841337594,0.00014949708299376944,6.54196064930775e-11,65.4196064930775
7522,0.0001495010699198654,0.00014950100449181614,6.542804925670981e-11,65.42804925670981
7523,0.00014950499140263177,0.00014950492598986287,6.541276889076156e-11,65.41276889076155
7524,0.00014950891288667984,0.00014950884748790957,6.539877026862162e-11,65.39877026862162
7525,0.0001495128344073355,0.00014951276898595627,6.542137921783962e-11,65.42137921783963
7526,0.0001495167559270951,0.000149516690484003,6.544309210106712e-11,65.44309210106712
7527,0.00014952067743766666,0.0001495206119820497,6.5455616967194e-11,65.455616967194
7528,0.00014952459893897245,0.00014952453348009642,6.545887602471438e-11,65.45887602471439
7529,0.00014952852044113968,0.00014952845497814311,6.546299656217597e-11,65.46299656217597
7530,0.00014953244199270176,0.0001495323764761898,6.551651194115317e-11,65.51651194115317
7531,0.0001495363635356334,0.00014953629797423654,6.556139685399695e-11,65.56139685399695
7532,0.0001495402850594605,0.00014954021947228324,6.55871772571998e-11,65.5871772571998
7533,0.00014954420658304233,0.00014954414097032994,6.561271238676618e-11,65.61271238676618
7534,0.0001495481280951996,0.00014954806246837666,6.562682292567537e-11,65.62682292567537
7535,0.00014955204959677982,0.00014955198396642336,6.563035644897572e-11,65.63035644897572
7536,0.00014955597113266688,0.00014955590546447009,6.566819678530883e-11,65.66819678530884
7537,0.0001495598926967582,0.00014955982696251678,6.573424142143171e-11,65.7342414214317
7538,0.00014956381423369784,0.00014956374846056348,6.577313435544398e-11,65.77313435544397
7539,0.00014956773576532177,0.0001495676699586102,6.580671155462477e-11,65.80671155462477
7540,0.0001495716572896429,0.0001495715914566569,6.583298597454751e-11,65.83298597454751
7541,0.00014957557880429482,0.00014957551295470363,6.584959118134043e-11,65.84959118134043
7542,0.00014957950031496857,0.00014957943445275033,6.586221823352206e-11,65.86221823352206
7543,0.00014958342187782015,0.00014958335595079703,6.592702311156576e-11,65.92702311156576
7544,0.00014958734343512812,0.00014958727744884376,6.598628435548132e-11,65.98628435548132
7545,0.0001495912649712059,0.00014959119894689045,6.602431543008162e-11,66.02431543008163
7546,0.00014959518650759204,0.00014959512044493718,6.606265485177978e-11,66.06265485177978
7547,0.00014959910803197534,0.00014959904194298388,6.608899145069712e-11,66.08899145069712
7548,0.00014960302954611574,0.00014960296344103058,6.610508515801011e-11,66.10508515801011
7549,0.0001496069510865235,0.0001496068849390773,6.614744618372162e-11,66.14744618372163
7550,0.0001496108726613618,0.000149610806437124,6.622423778414388e-11,66.22423778414388
7551,0.00014961479421061774,0.0001496147279351707,6.627544703799515e-11,66.27544703799515
7552,0.00014961871575379729,0.00014961864943321743,6.632057985366567e-11,66.32057985366568
7553,0.0001496226372897649,0.00014962257093126412,6.635850077332525e-11,66.35850077332525
7554,0.00014962655881573954,0.00014962649242931085,6.63864286828762e-11,66.3864286828762
7555,0.00014963048033840137,0.00014963041392735755,6.641104381268911e-11,66.41104381268912
7556,0.0001496344019215694,0.00014963433542540425,6.64961651486672e-11,66.4961651486672
7557,0.0001496383234817978,0.00014963825692345097,6.655834682665962e-11,66.55834682665962
7558,0.0001496422450290258,0.00014964217842149767,6.660752813455736e-11,66.60752813455737
7559,0.00014964616657615722,0.00014964609991954437,6.665661284004154e-11,66.65661284004155
7560,0.00014965008809369548,0.0001496500214175911,6.6676104382753e-11,66.676104382753
7561,0.00014965400960904824,0.0001496539429156378,6.669341044493526e-11,66.69341044493527
7562,0.00014965793118375118,0.00014965786441368452,6.677006665561124e-11,66.77006665561123
7563,0.00014966185276168805,0.00014966178591173122,6.68499568245273e-11,66.8499568245273
7564,0.00014966577432045506,0.00014966570740977792,6.691067713351648e-11,66.91067713351647
7565,0.00014966969587425094,0.00014966962890782464,6.696642629422965e-11,66.96642629422965
7566,0.0001496736174229828,0.00014967355040587134,6.701711144475074e-11,67.01711144475074
7567,0.0001496775389468781,0.00014967747190391807,6.704296001716518e-11,67.04296001716519
7568,0.00014968146048373947,0.00014968139340196476,6.708177469888565e-11,67.08177469888565
7569,0.00014968538208373397,0.00014968531490001146,6.718372250021501e-11,67.18372250021501
7570,0.00014968930365066632,0.0001496892363980582,6.725260812550056e-11,67.25260812550056
7571,0.00014969322522038797,0.0001496931578961049,6.732428307771526e-11,67.32428307771526
7572,0.0001496971467634135,0.0001496970793941516,6.736926188246718e-11,67.36926188246719
7573,0.00014970106830794832,0.0001497010008921983,6.741575000506342e-11,67.41575000506342
7574,0.00014970498983890728,0.000149704922390245,6.744866226305182e-11,67.44866226305183
7575,0.000149708911416404,0.00014970884388829174,6.752811224588585e-11,67.52811224588585
7576,0.00014971283300899808,0.00014971276538633843,6.762265963555153e-11,67.62265963555153
7577,0.0001497167545729959,0.00014971668688438513,6.768861075923703e-11,67.68861075923704
7578,0.00014972067612753124,0.00014972060838243186,6.774509937293689e-11,67.74509937293689
7579,0.0001497245976794974,0.00014972452988047856,6.779901883406378e-11,67.79901883406377
7580,0.00014972851921615576,0.00014972845137852526,6.783763049892745e-11,67.83763049892745
7581,0.0001497324407845382,0.00014973237287657198,6.790796621751365e-11,67.90796621751365
7582,0.0001497363623834725,0.00014973629437461868,6.800885380464358e-11,68.00885380464358
7583,0.00014974028395851953,0.0001497402158726654,6.808585411398405e-11,68.08585411398404
7584,0.00014974420552989168,0.0001497441373707121,6.815917957427098e-11,68.15917957427098
7585,0.00014974812708823775,0.0001497480588687588,6.821947894176669e-11,68.2194789417667
7586,0.0001497520486386527,0.00014975198036680553,6.827184715353024e-11,68.27184715353025
7587,0.00014975597017529866,0.00014975590186485223,6.831044643138409e-11,68.3104464313841
7588,0.00014975989179175143,0.00014975982336289895,6.842885247590189e-11,68.42885247590189
7589,0.00014976381337822772,0.00014976374486094565,6.851728206507393e-11,68.51728206507393
7590,0.0001497677349562806,0.00014976766635899235,6.859728824362245e-11,68.59728824362244
7591,0.00014977165652386735,0.00014977158785703907,6.866682826623426e-11,68.66682826623426
7592,0.00014977557808300648,0.00014977550935508577,6.872792070051409e-11,68.72792070051409
7593,0.00014977949962236968,0.0001497794308531325,6.876923717874757e-11,68.76923717874757
7594,0.00014978342122222036,0.0001497833523511792,6.887104116065874e-11,68.87104116065875
7595,0.00014978734282377603,0.0001497872738492259,6.897455013180132e-11,68.97455013180132
7596,0.00014979126440632531,0.00014979119534727262,6.905905268649451e-11,69.05905268649451
7597,0.0001497951859828963,0.00014979511684531932,6.913757697751367e-11,69.13757697751367
7598,0.00014979910754901423,0.00014979903834336605,6.920564817723231e-11,69.2056481772323
7599,0.00014980302910098898,0.00014980295984141274,6.925957623066141e-11,69.25957623066141
7600,0.0001498069506675228,0.00014980688133945944,6.932806335743846e-11,69.32806335743847
7601,0.0001498108722907157,0.00014981080283750617,6.945320953449689e-11,69.45320953449689
7602,0.00014981479387964324,0.00014981472433555287,6.954409036925566e-11,69.54409036925566
7603,0.00014981871546348159,0.00014981864583359957,6.962988201322688e-11,69.62988201322688
7604,0.00014982263703836385,0.0001498225673316463,6.970671755094218e-11,69.70671755094219
7605,0.00014982655860336486,0.000149826488829693,6.977367185979283e-11,69.77367185979283
7606,0.00014983048014919047,0.0001498304103277397,6.982145077928552e-11,69.82145077928551
7607,0.0001498344017796127,0.00014983433182578641,6.995382628090481e-11,69.9538262809048
7608,0.00014983832338009588,0.0001498382533238331,7.005626275925836e-11,70.05626275925836
7609,0.00014984224496800985,0.00014984217482187984,7.014613000051112e-11,70.14613000051112
7610,0.0001498461665511459,0.00014984609631992654,7.023121935252512e-11,70.23121935252512
7611,0.0001498500881232852,0.00014985001781797324,7.030531196716425e-11,70.30531196716424
7612,0.00014985400967928932,0.00014985393931601996,7.036326934954718e-11,70.36326934954718
7613,0.00014985793127534735,0.00014985786081406666,7.046128068383878e-11,70.46128068383878
7614,0.00014986185290596834,0.00014986178231211339,7.059385494682134e-11,70.59385494682134
7615,0.00014986577449881217,0.00014986570381016008,7.068865208245745e-11,70.68865208245745
7616,0.00014986969609029704,0.00014986962530820678,7.078209025198551e-11,70.78209025198551
7617,0.00014987361767014284,0.0001498735468062535,7.086388932145656e-11,70.86388932145655
7618,0.00014987753923776834,0.0001498774683043002,7.093346813140108e-11,70.93346813140109
7619,0.0001498814608220788,0.00014988138980234693,7.101973186410326e-11,71.01973186410326
7620,0.00014988538244797682,0.00014988531130039363,7.114758317979215e-11,71.14758317979215
7621,0.0001498893040515612,0.00014988923279844033,7.125312085582977e-11,71.25312085582978
7622,0.00014989322564651757,0.00014989315429648706,7.135003050518886e-11,71.35003050518885
7623,0.00014989714723383186,0.00014989707579453375,7.143929810132507e-11,71.43929810132508
7624,0.00014990106880998373,0.00014990099729258048,7.151740323978435e-11,71.51740323978436
7625,0.00014990499038365277,0.00014990491879062718,7.15930255823737e-11,71.5930255823737
7626,0.00014990891200937617,0.00014990884028867388,7.172070228730271e-11,71.7207022873027
7627,0.00014991283362582273,0.0001499127617867206,7.183910212476306e-11,71.83910212476306
7628,0.00014991675522212596,0.0001499166832847673,7.193735865137597e-11,71.93735865137597
7629,0.00014992067681744866,0.000149920604782814,7.203463465264914e-11,72.03463465264915
7630,0.00014992459839985537,0.00014992452628086072,7.211899463475666e-11,72.11899463475666
7631,0.00014992851996700827,0.00014992844777890742,7.21881008409742e-11,72.1881008409742
7632,0.00014993244159031426,0.00014993236927695412,7.231336012742427e-11,72.31336012742427
7633,0.00014993636321814958,0.00014993629077500085,7.244314872266001e-11,72.44314872266001
7634,0.00014994028481704152,0.00014994021227304755,7.254399397169511e-11,72.54399397169512
7635,0.00014994420641647357,0.00014994413377109427,7.264537928893738e-11,72.64537928893738
7636,0.00014994812800414435,0.00014994805526914097,7.273500337074791e-11,72.7350033707479
7637,0.00014995204957690106,0.00014995197676718767,7.280971338431416e-11,72.80971338431416
7638,0.00014995597119037932,0.0001499558982652344,7.292514492017174e-11,72.92514492017175
7639,0.00014995989282539634,0.0001499598197632811,7.306211524349297e-11,73.06211524349297
7640,0.00014996381443317466,0.00014996374126132782,7.31718468303742e-11,73.1718468303742
7641,0.00014996773603936374,0.00014996766275937452,7.327998922081605e-11,73.27998922081605
7642,0.00014997165763302854,0.00014997158425742122,7.337560731433716e-11,73.37560731433716
7643,0.00014997557921503092,0.00014997550575546794,7.34595629703495e-11,73.4595629703495
7644,0.00014997950081102035,0.00014997942725351464,7.355750570174864e-11,73.55750570174864
7645,0.00014998342245674772,0.00014998334875156137,7.370518634333582e-11,73.70518634333582
7646,0.0001499873440713659,0.00014998727024960806,7.382175783646261e-11,73.82175783646261
7647,0.00014999126568248443,0.00014999119174765476,7.393482966050188e-11,73.93482966050189
7648,0.0001499951872813567,0.0001499951132457015,7.40356552041625e-11,74.0356552041625
7649,0.0001499991088699485,0.0001499990347437482,7.412620031571855e-11,74.12620031571855
