period_number,period_s,period_error_s,period_error_ps
0,2.85381109260105e-08,-3.2093237054038433e-11,-32.09323705403843
1,2.8537720994772703e-08,-3.248316829183619e-11,-32.48316829183619
2,2.8541202450049763e-08,-2.9001713014775724e-11,-29.001713014775724
3,2.854398458248435e-08,-2.6219580580188337e-11,-26.21958058018834
4,2.8546366802448177e-08,-2.3837360616361245e-11,-23.837360616361245
5,2.854842111535828e-08,-2.178304770625757e-11,-21.78304770625757
6,2.8550281953474907e-08,-1.992220958963176e-11,-19.92220958963176
7,2.855194635727849e-08,-1.8257805786048995e-11,-18.257805786048994
8,2.855342960334027e-08,-1.677455972426863e-11,-16.774559724268627
9,2.8554833210334358e-08,-1.5370952730181176e-11,-15.370952730181175
10,2.8556085732292036e-08,-1.411843077250251e-11,-14.11843077250251
11,2.855726386215133e-08,-1.294030091320807e-11,-12.94030091320807
12,2.8558343236764565e-08,-1.1860926299973356e-11,-11.860926299973356
13,2.855933631189353e-08,-1.0867851171007459e-11,-10.867851171007459
14,2.856026320733544e-08,-9.94095572909755e-12,-9.940955729097551
15,2.8561119022022137e-08,-9.085141042401715e-12,-9.085141042401716
16,2.856191879855403e-08,-8.285364510508128e-12,-8.285364510508128
17,2.8562668215128292e-08,-7.535947936246522e-12,-7.535947936246522
18,2.8563383896589327e-08,-6.820266475212128e-12,-6.8202664752121285
19,2.8564012343143563e-08,-6.191819920975918e-12,-6.1918199209759175
20,2.856463361845937e-08,-5.5705446051691785e-12,-5.570544605169179
21,2.8565197352970373e-08,-5.006810094165644e-12,-5.006810094165644
22,2.8565738774329616e-08,-4.4653887349224045e-12,-4.465388734922405
23,2.856622360669159e-08,-3.980556372947672e-12,-3.9805563729476723
24,2.8566704276923398e-08,-3.499886141140367e-12,-3.499886141140367
25,2.8567131692282905e-08,-3.072470781633269e-12,-3.072470781633269
26,2.8567532244758208e-08,-2.6719183063305566e-12,-2.6719183063305567
27,2.8567925743617465e-08,-2.2784194470741277e-12,-2.2784194470741275
28,2.8568291969181337e-08,-1.9121938832019517e-12,-1.9121938832019518
29,2.856862636495467e-08,-1.5777981098691708e-12,-1.5777981098691707
30,2.856894410002361e-08,-1.2600630409280129e-12,-1.260063040928013
31,2.8569231500308388e-08,-9.726627561506097e-13,-0.9726627561506097
32,2.8569507318047804e-08,-6.968450167343963e-13,-0.6968450167343962
33,2.8569775909932107e-08,-4.282531324320927e-13,-0.4282531324320927
34,2.8570136513894162e-08,-6.764917037678128e-14,-0.06764917037678128
35,2.8540146145456273e-08,-3.005801760826606e-11,-30.05801760826606
36,2.8539792030918558e-08,-3.0412132145980593e-11,-30.412132145980593
37,2.8543011254756256e-08,-2.71929083082826e-11,-27.1929083082826
38,2.8545586033538908e-08,-2.4618129525630538e-11,-24.618129525630536
39,2.854774666553666e-08,-2.245749752787848e-11,-22.45749752787848
40,2.8549631819827902e-08,-2.057234323663629e-11,-20.57234323663629
41,2.8551267705346746e-08,-1.8936457717792443e-11,-18.936457717792443
42,2.8552782792989765e-08,-1.7421370074774057e-11,-17.421370074774057
43,2.8554098826440058e-08,-1.6105336624480836e-11,-16.105336624480834
44,2.8555317913784694e-08,-1.4886249279844752e-11,-14.886249279844751
45,2.8556432616366778e-08,-1.3771546697761118e-11,-13.771546697761119
46,2.855744694521935e-08,-1.2757217845187771e-11,-12.757217845187771
47,2.8558408403386664e-08,-1.1795759677874811e-11,-11.79575967787481
48,2.8559259247955076e-08,-1.094491510946292e-11,-10.94491510946292
49,2.856006218938153e-08,-1.0141973683007631e-11,-10.141973683007631
50,2.8560806056494078e-08,-9.398106570460838e-12,-9.398106570460838
51,2.8561480040705076e-08,-8.724122359462901e-12,-8.724122359462902
52,2.8562143316901737e-08,-8.0608461628013e-12,-8.0608461628013
53,2.856273103644491e-08,-7.473126619629917e-12,-7.473126619629917
54,2.856329442960841e-08,-6.909733456127862e-12,-6.909733456127862
55,2.8563803592388708e-08,-6.400570675830708e-12,-6.400570675830708
56,2.856428229215083e-08,-5.92187091370926e-12,-5.9218709137092596
57,2.8564743029800034e-08,-5.4611332645046504e-12,-5.46113326450465
58,2.8565162111724145e-08,-5.042051340393292e-12,-5.042051340393292
59,2.856554668335758e-08,-4.6574797069574184e-12,-4.657479706957418
60,2.8565932806484326e-08,-4.271356580212718e-12,-4.271356580212719
61,2.856624693972523e-08,-3.9572233393087745e-12,-3.9572233393087743
62,2.8566584182640573e-08,-3.6199804239659923e-12,-3.619980423965992
63,2.856688908788442e-08,-3.3150751801177787e-12,-3.3150751801177787
64,2.8567149000567702e-08,-3.0551624968365474e-12,-3.0551624968365476
65,2.856742349356114e-08,-2.7806695033973126e-12,-2.780669503397313
66,2.8567677362223887e-08,-2.5268008406518734e-12,-2.526800840651873
67,2.856790211387835e-08,-2.302049186190053e-12,-2.302049186190053
68,2.8568096826803602e-08,-2.107336260936263e-12,-2.1073362609362634
69,2.8568331864541573e-08,-1.872298522966057e-12,-1.872298522966057
70,2.85429406802828e-08,-2.7263482781739702e-11,-27.263482781739704
71,2.8542675109338115e-08,-2.7529053726423755e-11,-27.529053726423754
72,2.8545649810810133e-08,-2.4554352254405925e-11,-24.554352254405924
73,2.8547999537031563e-08,-2.220462603297613e-11,-22.20462603297613
74,2.854994721998615e-08,-2.0256943078388743e-11,-20.256943078388744
75,2.855161606446499e-08,-1.8588098599547912e-11,-18.588098599547912
76,2.8553082261691554e-08,-1.712190137298439e-11,-17.121901372984393
77,2.8554360638686203e-08,-1.584352437833583e-11,-15.843524378335829
78,2.855554819772982e-08,-1.4655965334720026e-11,-14.655965334720026
79,2.8556562189110913e-08,-1.3641973953625392e-11,-13.641973953625392
80,2.8557530749344557e-08,-1.2673413719981565e-11,-12.673413719981564
81,2.8558406156933315e-08,-1.1798006131223674e-11,-11.798006131223675
82,2.855919846449131e-08,-1.100569857322865e-11,-11.00569857322865
83,2.8559924908705338e-08,-1.0279254359200736e-11,-10.279254359200737
84,2.8560593914680088e-08,-9.610248384450511e-12,-9.61024838445051
85,2.856121483248023e-08,-8.989330584310149e-12,-8.98933058431015
86,2.856177867000399e-08,-8.425493060547701e-12,-8.425493060547701
87,2.856233206793477e-08,-7.872095129768736e-12,-7.872095129768736
88,2.8562822769611653e-08,-7.38139345288578e-12,-7.3813934528857805
89,2.8563253664419877e-08,-6.950498644661688e-12,-6.950498644661688
90,2.856368958514214e-08,-6.514577922399348e-12,-6.514577922399348
91,2.856408877358269e-08,-6.11538948184984e-12,-6.1153894818498395
92,2.8564440519667205e-08,-5.763643397333626e-12,-5.7636433973336265
93,2.856479323833528e-08,-5.410924729258585e-12,-5.410924729258585
94,2.8565091096400532e-08,-5.113066664006255e-12,-5.113066664006255
95,2.856540130396221e-08,-4.802859102328447e-12,-4.802859102328447
96,2.856565765838883e-08,-4.546504675709623e-12,-4.546504675709623
97,2.8565925270371208e-08,-4.278892693330812e-12,-4.278892693330812
98,2.8566158598945768e-08,-4.045564118770366e-12,-4.045564118770367
99,2.8566378409972245e-08,-3.8257530922933995e-12,-3.8257530922933993
100,2.8566588356656306e-08,-3.615806408232249e-12,-3.615806408232249
101,2.8566773327672675e-08,-3.4308353918639473e-12,-3.430835391863947
102,2.8566951188328566e-08,-3.2529747359731316e-12,-3.2529747359731314
103,2.8567127383514394e-08,-3.076779550144525e-12,-3.076779550144525
104,2.8567292327161785e-08,-2.9118359027538485e-12,-2.9118359027538485
105,2.854599342798044e-08,-2.421073508409814e-11,-24.21073508409814
106,2.8545994557610684e-08,-2.4209605453854626e-11,-24.209605453854625
107,2.8548750302556615e-08,-2.1453860507924044e-11,-21.453860507924045
108,2.8550860183430143e-08,-1.9343979634395273e-11,-19.34397963439527
109,2.8552590915063457e-08,-1.7613248001082177e-11,-17.613248001082177
110,2.8554070585602655e-08,-1.6133577461883815e-11,-16.133577461883814
111,2.8555336950301306e-08,-1.486721276323256e-11,-14.867212763232562
112,2.855646259801274e-08,-1.374156505179747e-11,-13.741565051797469
113,2.855742782816007e-08,-1.277633490446885e-11,-12.77633490446885
114,2.8558322770334365e-08,-1.1881392730173256e-11,-11.881392730173255
115,2.8559127753123776e-08,-1.1076409940762557e-11,-11.076409940762556
116,2.855984214756907e-08,-1.0362015495469539e-11,-10.362015495469539
117,2.8560503743198153e-08,-9.700419866385399e-12,-9.700419866385399
118,2.8561102783790674e-08,-9.101379273864302e-12,-9.101379273864302
119,2.8561648590476655e-08,-8.555572587883902e-12,-8.555572587883901
120,2.856215948777714e-08,-8.044675287398679e-12,-8.044675287398679
121,2.8562600201865627e-08,-7.603961198911563e-12,-7.603961198911564
122,2.856302759784502e-08,-7.176565219518298e-12,-7.176565219518299
123,2.856342612097846e-08,-6.778042086079409e-12,-6.778042086079409
124,2.856377425950222e-08,-6.429903562319396e-12,-6.429903562319396
125,2.8564100495963025e-08,-6.103667101513454e-12,-6.103667101513453
126,2.8564430255565896e-08,-5.773907498642965e-12,-5.7739074986429655
127,2.856468962239404e-08,-5.514540670497999e-12,-5.514540670497999
128,2.8564966811310392e-08,-5.23735175414677e-12,-5.23735175414677
129,2.856518726185352e-08,-5.016901211018363e-12,-5.016901211018363
130,2.856542997692194e-08,-4.774186142597097e-12,-4.774186142597097
131,2.856562060495288e-08,-4.583558111658472e-12,-4.583558111658472
132,2.8565818473285927e-08,-4.385689778611989e-12,-4.385689778611988
133,2.856600476404739e-08,-4.199399017149229e-12,-4.199399017149229
134,2.8566149056774028e-08,-4.055106290510628e-12,-4.055106290510628
135,2.8566318890552687e-08,-3.885272511851282e-12,-3.885272511851282
136,2.856644524840699e-08,-3.758914657549936e-12,-3.7589146575499366
137,2.856657694938578e-08,-3.6272136787597293e-12,-3.627213678759729
138,2.8566711452647714e-08,-3.4927104168244076e-12,-3.4927104168244076
139,2.8566758680277507e-08,-3.4454827870313735e-12,-3.4454827870313736
140,2.8549454192885342e-08,-2.07499701791963e-11,-20.7499701791963
141,2.8549650507001022e-08,-2.05536560635166e-11,-20.553656063516602
142,2.855220213907018e-08,-1.8002023994360096e-11,-18.002023994360098
143,2.8554094877870613e-08,-1.6109285193925338e-11,-16.109285193925338
144,2.855564398990555e-08,-1.4560173158987593e-11,-14.560173158987594
145,2.855690460147511e-08,-1.3299561589429253e-11,-13.299561589429253
146,2.8558002662841336e-08,-1.2201500223203192e-11,-12.201500223203192
147,2.85589440565193e-08,-1.1260106545239737e-11,-11.260106545239738
148,2.855976961219401e-08,-1.0434550870528327e-11,-10.434550870528327
149,2.8560498804521732e-08,-9.705358542806342e-12,-9.705358542806342
150,2.8561148502956432e-08,-9.055660108106374e-12,-9.055660108106375
151,2.856173239738013e-08,-8.471765684409628e-12,-8.471765684409629
152,2.856226278061258e-08,-7.941382451959192e-12,-7.941382451959193
153,2.8562731288942042e-08,-7.472874122496472e-12,-7.472874122496472
154,2.856314717581722e-08,-7.056987247319738e-12,-7.056987247319738
155,2.856354684985837e-08,-6.6573132061697005e-12,-6.6573132061697
156,2.85639014138792e-08,-6.302749185339507e-12,-6.302749185339507
157,2.856421179838267e-08,-5.992364681867149e-12,-5.99236468186715
158,2.8564518573075668e-08,-5.6855899888705e-12,-5.6855899888705
159,2.8564761619340748e-08,-5.442543723790594e-12,-5.442543723790594
160,2.856503341826797e-08,-5.170744796567133e-12,-5.170744796567133
161,2.8565231646867847e-08,-4.97251619669126e-12,-4.97251619669126
162,2.8565452993463414e-08,-4.751169601124875e-12,-4.751169601124875
163,2.8565620151783477e-08,-4.5840112810615164e-12,-4.584011281061517
164,2.8565804381449505e-08,-4.399781615033706e-12,-4.399781615033706
165,2.85659556313253e-08,-4.248531739237119e-12,-4.248531739237119
166,2.856609309349694e-08,-4.11106956760034e-12,-4.11106956760034
167,2.8566244928381122e-08,-3.959234683416534e-12,-3.959234683416534
168,2.8566336053012292e-08,-3.86811005224676e-12,-3.8681100522467595
169,2.856645712879624e-08,-3.747034268299438e-12,-3.7470342682994375
170,2.8566571875726188e-08,-3.6322873383511468e-12,-3.632287338351147
171,2.856663439021359e-08,-3.5697728509493546e-12,-3.5697728509493545
172,2.8566733000339188e-08,-3.4711627253504147e-12,-3.4711627253504145
173,2.856682177704924e-08,-3.382386015300321e-12,-3.382386015300321
174,2.8566846990035234e-08,-3.357173029304442e-12,-3.357173029304442
175,2.8552682384741968e-08,-1.752177832257101e-11,-17.52177832257101
176,2.8553125322935686e-08,-1.7078840128852312e-11,-17.078840128852313
177,2.8555477142385593e-08,-1.472702067894568e-11,-14.727020678945681
178,2.855720908612983e-08,-1.2995076934708801e-11,-12.9950769347088
179,2.855857002976843e-08,-1.1634133296108653e-11,-11.634133296108653
180,2.855968109284645e-08,-1.0523070218087727e-11,-10.523070218087726
181,2.8560617121241544e-08,-9.587041822995034e-12,-9.587041822995033
182,2.8561413518586316e-08,-8.790644478222541e-12,-8.790644478222541
183,2.8562105722340484e-08,-8.098440724054436e-12,-8.098440724054436
184,2.856270490173799e-08,-7.499261326550207e-12,-7.499261326550207
185,2.8563220377448065e-08,-6.98378561647343e-12,-6.983785616473431
186,2.856369060293693e-08,-6.513560127609927e-12,-6.513560127609927
187,2.85641054282291e-08,-6.0987348354378555e-12,-6.098734835437855
188,2.8564459635859124e-08,-5.744527205414285e-12,-5.744527205414285
189,2.8564802847293874e-08,-5.4013157706644974e-12,-5.401315770664498
190,2.856507363246496e-08,-5.130530599577364e-12,-5.130530599577364
191,2.856535131527606e-08,-4.852847788478987e-12,-4.852847788478987
192,2.8565573418861583e-08,-4.6307442029557725e-12,-4.630744202955772
193,2.8565790393818465e-08,-4.4137692460741205e-12,-4.4137692460741205
194,2.8565981033938257e-08,-4.223129126281272e-12,-4.223129126281273
195,2.856614420799152e-08,-4.059955073018945e-12,-4.059955073018945
196,2.8566307656795165e-08,-3.896506269373583e-12,-3.896506269373583
197,2.8566426482222636e-08,-3.777680841902945e-12,-3.777680841902945
198,2.8566559231923082e-08,-3.644931141456347e-12,-3.644931141456347
199,2.8566678090730427e-08,-3.5260723341113232e-12,-3.526072334111323
200,2.856676007064482e-08,-3.4440924197179052e-12,-3.4440924197179053
201,2.8566852986730345e-08,-3.351176334193479e-12,-3.351176334193479
202,2.8566948335020156e-08,-3.255828044382989e-12,-3.255828044382989
203,2.8567001942854473e-08,-3.2022202100655293e-12,-3.2022202100655295
204,2.8567062356795033e-08,-3.1418062695052377e-12,-3.1418062695052376
205,2.8567132062795445e-08,-3.072100269093349e-12,-3.072100269093349
206,2.856718554469968e-08,-3.018618364858224e-12,-3.0186183648582237
207,2.856720585184703e-08,-2.998311217509989e-12,-2.998311217509989
208,2.8567262240226238e-08,-2.941922838300973e-12,-2.941922838300973
209,2.8567294372183923e-08,-2.9097908806161064e-12,-2.9097908806161064
210,2.8555738128578103e-08,-1.446603448643589e-11,-14.466034486435891
211,2.8556441637538716e-08,-1.3762525525822317e-11,-13.762525525822317
212,2.8558647720972052e-08,-1.15564420924863e-11,-11.5564420924863
213,2.8560211300844725e-08,-9.992862219813419e-12,-9.99286221981342
214,2.8561419534688646e-08,-8.784628375892691e-12,-8.78462837589269
215,2.8562403378649265e-08,-7.800784415273879e-12,-7.8007844152738794
216,2.85632033546337e-08,-7.000808430838136e-12,-7.000808430838136
217,2.8563874934233358e-08,-6.329228831180974e-12,-6.3292288311809735
218,2.856444694444599e-08,-5.7572186185473846e-12,-5.757218618547385
219,2.8564929689501944e-08,-5.274473562595121e-12,-5.274473562595121
220,2.8565352948111637e-08,-4.8512149529021696e-12,-4.851214952902169
221,2.8565712906133143e-08,-4.491256931396171e-12,-4.491256931396171
222,2.856604223766589e-08,-4.161925398648434e-12,-4.1619253986484335
223,2.856628720669576e-08,-3.91695636877826e-12,-3.9169563687782603
224,2.8566548400607854e-08,-3.655762456684749e-12,-3.6557624566847484
225,2.8566760084332873e-08,-3.4440787316654776e-12,-3.4440787316654777
226,2.8566925965178174e-08,-3.2781978863643774e-12,-3.2781978863643775
227,2.8567104392573646e-08,-3.099770490892949e-12,-3.0997704908929493
228,2.856724914646568e-08,-2.9550165988602818e-12,-2.955016598860282
229,2.856735228668611e-08,-2.8518763784291e-12,-2.8518763784291
230,2.856746552051706e-08,-2.7386425474802027e-12,-2.7386425474802025
231,2.8567561991200063e-08,-2.6421718644757012e-12,-2.642171864475701
232,2.8567649358433736e-08,-2.5548046308023657e-12,-2.5548046308023658
233,2.8567704425414443e-08,-2.499737650096121e-12,-2.499737650096121
234,2.8567763052183247e-08,-2.4411108812919e-12,-2.4411108812919
235,2.8567821994251595e-08,-2.3821688129433933e-12,-2.382168812943393
236,2.8567865334759102e-08,-2.3388283054367357e-12,-2.338828305436736
237,2.8567905741551055e-08,-2.2984215134835524e-12,-2.2984215134835524
238,2.8567917553865962e-08,-2.2866091985769586e-12,-2.2866091985769588
239,2.8567951359194832e-08,-2.2528038697065506e-12,-2.2528038697065504
240,2.856797170656608e-08,-2.2324564984577165e-12,-2.2324564984577164
241,2.856798891275969e-08,-2.2152503048480616e-12,-2.2152503048480616
242,2.8568001288060128e-08,-2.2028750044108775e-12,-2.2028750044108776
243,2.856799163097651e-08,-2.212532088028896e-12,-2.212532088028896
244,2.8568006269833585e-08,-2.1978932309535782e-12,-2.197893230953578
245,2.8557219738402622e-08,-1.2984424661916658e-11,-12.984424661916657
246,2.8558627208395498e-08,-1.1576954669041166e-11,-11.576954669041166
247,2.856104830988211e-08,-9.15585318242967e-12,-9.15585318242967
248,2.8562707955583143e-08,-7.496207481396021e-12,-7.496207481396021
249,2.856393070280129e-08,-6.2734602632489135e-12,-6.273460263248913
250,2.8564851794156605e-08,-5.352368907934026e-12,-5.352368907934026
251,2.8565624957496054e-08,-4.5792055684845016e-12,-4.579205568484501
252,2.85662036704227e-08,-4.000492641837754e-12,-4.000492641837754
253,2.8566723959136614e-08,-3.4802039279243528e-12,-3.480203927924353
254,2.856714506236594e-08,-3.059100698597775e-12,-3.059100698597775
255,2.8567474654147868e-08,-2.72950891667106e-12,-2.72950891667106
256,2.8567779048488547e-08,-2.425114575991576e-12,-2.425114575991576
257,2.8568022266138885e-08,-2.1818969256532542e-12,-2.181896925653254
258,2.8568241629403418e-08,-1.962533661120997e-12,-1.962533661120997
259,2.856841087019125e-08,-1.7932928732873641e-12,-1.793292873287364
260,2.8568548294375154e-08,-1.6558686893842035e-12,-1.6558686893842034
261,2.8568673536327922e-08,-1.5306267366163615e-12,-1.5306267366163615
262,2.85687800183305e-08,-1.4241447340390363e-12,-1.4241447340390363
263,2.8568862670734843e-08,-1.341492329695607e-12,-1.341492329695607
264,2.8568937135610298e-08,-1.267027454240555e-12,-1.267027454240555
265,2.856899268404453e-08,-1.2114790200070908e-12,-1.2114790200070908
266,2.8569035214856303e-08,-1.1689482082353726e-12,-1.1689482082353726
267,2.8569071566528844e-08,-1.1325965356951923e-12,-1.1325965356951924
268,2.856908820533235e-08,-1.1159577321874534e-12,-1.1159577321874534
269,2.856910377808052e-08,-1.100384984018338e-12,-1.1003849840183382
270,2.8569110300884736e-08,-1.0938621798031765e-12,-1.0938621798031765
271,2.856911779070242e-08,-1.086372362117848e-12,-1.0863723621178478
272,2.8569119432970557e-08,-1.0847300939821298e-12,-1.0847300939821298
273,2.8569110401973036e-08,-1.0937610915031194e-12,-1.0937610915031193
274,2.8569106755408106e-08,-1.0974076564324756e-12,-1.0974076564324757
275,2.8569089362636855e-08,-1.1148004276834881e-12,-1.1148004276834882
276,2.8569075342777905e-08,-1.1288202866334796e-12,-1.1288202866334796
277,2.8569052094108748e-08,-1.1520689557908307e-12,-1.1520689557908308
278,2.856904299995645e-08,-1.1611631080883676e-12,-1.1611631080883675
279,2.856901145588029e-08,-1.1927071842502583e-12,-1.1927071842502583
280,2.8558740889378527e-08,-1.1463273686011282e-11,-11.463273686011282
281,2.8560773291782453e-08,-9.430871282086094e-12,-9.430871282086095
282,2.8563400156477728e-08,-6.804006586811146e-12,-6.804006586811146
283,2.856507427249661e-08,-5.129890567929892e-12,-5.129890567929892
284,2.8566275242904258e-08,-3.9289201602808775e-12,-3.9289201602808776
285,2.8567189591077713e-08,-3.0145719868252364e-12,-3.0145719868252363
286,2.8567875241290535e-08,-2.3289217740038826e-12,-2.3289217740038826
287,2.8568419282881826e-08,-1.7848801827128159e-12,-1.7848801827128158
288,2.8568869792479443e-08,-1.33437058509531e-12,-1.33437058509531
289,2.8569231937458704e-08,-9.722256058346635e-13,-0.9722256058346636
290,2.8569519689282483e-08,-6.844737820553591e-13,-0.684473782055359
291,2.856975342314537e-08,-4.5073991917031106e-13,-0.45073991917031103
292,2.8569941950629466e-08,-2.6221243507318673e-13,-0.2622124350731867
293,2.857010018961128e-08,-1.039734532595791e-13,-0.1039734532595791
294,2.8570219288637168e-08,1.5125572629285852e-14,0.015125572629285851
295,2.857031906292485e-08,1.148998603109321e-13,0.1148998603109321
296,2.857038653859942e-08,1.8237553488127353e-13,0.18237553488127353
297,2.8570448058155146e-08,2.438950906069572e-13,0.24389509060695722
298,2.857048795812324e-08,2.837950587020851e-13,0.2837950587020851
299,2.8570512705200458e-08,3.085421359193926e-13,0.3085421359193926
300,2.8570528878732156e-08,3.247156676173365e-13,0.3247156676173365
301,2.8570536228159213e-08,3.3206509467385534e-13,0.33206509467385537
302,2.8570529822042256e-08,3.256589777175075e-13,0.3256589777175075
303,2.8570520096464166e-08,3.1593339962724224e-13,0.31593339962724226
304,2.8570505002865594e-08,3.008398010557297e-13,0.3008398010557297
305,2.8570476615308532e-08,2.72452243993759e-13,0.272452243993759
306,2.8570449233416748e-08,2.4507035220940435e-13,0.24507035220940435
307,2.8570418865374683e-08,2.1470231014400868e-13,0.21470231014400867
308,2.8570384439489146e-08,1.802764246076515e-13,0.1802764246076515
309,2.857034810891789e-08,1.4394585335225327e-13,0.14394585335225327
310,2.8570310177169762e-08,1.0601410522347413e-13,0.10601410522347413
311,2.857027190503636e-08,6.774197182264316e-14,0.06774197182264316
312,2.8570230035872518e-08,2.587280797921135e-14,0.025872807979211352
313,2.8570187585440785e-08,-1.657762375394425e-14,-0.01657762375394425
314,2.8570143080716985e-08,-6.108234755341676e-14,-0.061082347553416766
315,2.8560192483662213e-08,-1.0011679402326116e-11,-10.011679402326116
316,2.8562552137922936e-08,-7.652025141602871e-12,-7.652025141602871
317,2.856526640088717e-08,-4.9377621773674e-12,-4.9377621773674
318,2.856693087695283e-08,-3.2732861117098392e-12,-3.2732861117098393
319,2.856811479504226e-08,-2.0893680222771497e-12,-2.08936802227715
320,2.856898331052044e-08,-1.2208525440994229e-12,-1.220852544099423
321,2.856965523432718e-08,-5.489287373575503e-13,-0.5489287373575503
322,2.8570161989216426e-08,-4.217384811274241e-14,-0.04217384811274241
323,2.857057206911832e-08,3.679060537806863e-13,0.3679060537806863
324,2.8570891741886936e-08,6.875788223970374e-13,0.6875788223970374
325,2.8571146717343916e-08,9.425542793777313e-13,0.9425542793777313
326,2.8571352219503802e-08,1.1480564392631034e-12,1.1480564392631034
327,2.8571505115496652e-08,1.300952432113121e-12,1.300952432113121
328,2.857161627061388e-08,1.4121075493417661e-12,1.412107549341766
329,2.8571710307100377e-08,1.5061440358387117e-12,1.5061440358387117
330,2.8571778947763735e-08,1.574784699195916e-12,1.574784699195916
331,2.8571822751510172e-08,1.6185884456332952e-12,1.618588445633295
332,2.8571862803537622e-08,1.6586404730831141e-12,1.6586404730831141
333,2.857186481761934e-08,1.660654554801359e-12,1.660654554801359
334,2.8571861611457333e-08,1.6574483927944663e-12,1.6574483927944663
335,2.8571853830436497e-08,1.6496673719581353e-12,1.6496673719581352
336,2.8571839884398162e-08,1.6357213336235628e-12,1.6357213336235628
337,2.8571818463897156e-08,1.6143008326169297e-12,1.6143008326169297
338,2.8571792014812263e-08,1.5878517477242e-12,1.5878517477242
339,2.8571738960259867e-08,1.534797195327887e-12,1.5347971953278872
340,2.8571702023985515e-08,1.4978609209763027e-12,1.4978609209763027
341,2.8571658775865586e-08,1.454612801047268e-12,1.454612801047268
342,2.8571608895708073e-08,1.4047326435341938e-12,1.4047326435341938
343,2.8571567314820035e-08,1.3631517554958988e-12,1.3631517554958987
344,2.8571518007893763e-08,1.3138448292239448e-12,1.3138448292239449
345,2.8571450375321585e-08,1.2462122570467176e-12,1.2462122570467176
346,2.857139858252302e-08,1.1944194584811617e-12,1.1944194584811618
347,2.8571344224664745e-08,1.140061600205831e-12,1.140061600205831
348,2.8571295412730974e-08,1.0912496664357254e-12,1.0912496664357254
349,2.8571235376323163e-08,1.0312132586244204e-12,1.0312132586244205
350,2.8561410667486968e-08,-8.793495577570472e-12,-8.793495577570472
351,2.85638910425774e-08,-6.3131204871386505e-12,-6.313120487138651
352,2.8566606461436677e-08,-3.597701627862038e-12,-3.597701627862038
353,2.8568280926514447e-08,-1.9232365500913524e-12,-1.9232365500913524
354,2.856945326377969e-08,-7.508992848489039e-13,-0.7508992848489039
355,2.8570308087695335e-08,1.0392463079666006e-13,0.10392463079666006
356,2.8570955695395223e-08,7.515323306847881e-13,0.7515323306847881
357,2.8571462821732133e-08,1.2586586675938895e-12,1.2586586675938896
358,2.8571844315003893e-08,1.640151939353952e-12,1.640151939353952
359,2.8572137449823696e-08,1.9332867591570112e-12,1.9332867591570113
360,2.857238429295123e-08,2.1801298866924345e-12,2.1801298866924346
361,2.8572568810161228e-08,2.364647096688915e-12,2.3646470966889153
362,2.8572717304781148e-08,2.513141716609619e-12,2.5131417166096193
363,2.857280835305738e-08,2.604189992841396e-12,2.604189992841396
364,2.857289209349926e-08,2.687930434722496e-12,2.687930434722496
365,2.857295888214202e-08,2.7547190774811877e-12,2.754719077481188
366,2.8572973120603233e-08,2.7689575386942066e-12,2.7689575386942065
367,2.8572993677564314e-08,2.7895144997755094e-12,2.7895144997755095
368,2.8572999883415577e-08,2.795720351038072e-12,2.795720351038072
369,2.8572991804130723e-08,2.7876410661840902e-12,2.78764106618409
370,2.8572962991078518e-08,2.7588280139795276e-12,2.7588280139795276
371,2.8572939153972184e-08,2.734990907645587e-12,2.734990907645587
372,2.857291814449222e-08,2.7139814276825432e-12,2.713981427682543
373,2.857285572632263e-08,2.6515632580912492e-12,2.651563258091249
374,2.8572819104331383e-08,2.614941266844414e-12,2.614941266844414
375,2.8572775123236575e-08,2.5709601720366706e-12,2.5709601720366706
376,2.8572722986352898e-08,2.5188232883591493e-12,2.5188232883591493
377,2.8572651056626725e-08,2.4468935621864387e-12,2.4468935621864385
378,2.8572605786971188e-08,2.4016239066492233e-12,2.4016239066492235
379,2.857255858414252e-08,2.354421077980885e-12,2.3544210779808847
380,2.8572485634886834e-08,2.2814718222952775e-12,2.2814718222952775
381,2.857242288861056e-08,2.218725546021535e-12,2.218725546021535
382,2.8572367459072648e-08,2.163296008108811e-12,2.1632960081088113
383,2.857231342693581e-08,2.1092638712711494e-12,2.1092638712711493
384,2.8572250046238635e-08,2.045883174096177e-12,2.045883174096177
385,2.856243614711494e-08,-7.7680159495986e-12,-7.768015949598601
386,2.8564989512904686e-08,-5.214650159853128e-12,-5.214650159853128
387,2.8567696421522297e-08,-2.5077415422415334e-12,-2.5077415422415332
388,2.8569387125834417e-08,-8.170372301212512e-13,-0.8170372301212512
389,2.8570540256024493e-08,3.360929599547476e-13,0.33609295995474764
390,2.857139038398948e-08,1.1862209249407337e-12,1.1862209249407336
391,2.8572042607571697e-08,1.8384445071580015e-12,1.8384445071580016
392,2.8572516493882748e-08,2.312330818209429e-12,2.312330818209429
393,2.857290178373236e-08,2.6976206678219382e-12,2.6976206678219383
394,2.8573205000290668e-08,3.0008372261289242e-12,3.0008372261289242
395,2.8573438895265996e-08,3.2347322014568035e-12,3.2347322014568034
396,2.857360808286016e-08,3.4039197956213487e-12,3.4039197956213485
397,2.8573757095132408e-08,3.552932067869306e-12,3.552932067869306
398,2.8573845710364097e-08,3.641547299558335e-12,3.641547299558335
399,2.8573918598985776e-08,3.714435921237446e-12,3.7144359212374463
400,2.8573981801643402e-08,3.777638578863169e-12,3.7776385788631694
401,2.857398775928013e-08,3.7835962155908686e-12,3.7835962155908685
402,2.857401791695987e-08,3.813753895329748e-12,3.813753895329748
403,2.8574007562490308e-08,3.803399425769332e-12,3.8033994257693324
404,2.8573992434563185e-08,3.7882714986465334e-12,3.7882714986465333
405,2.8573981932018713e-08,3.777768954174411e-12,3.7777689541744106
406,2.8573929374044464e-08,3.725210979925623e-12,3.7252109799256234
407,2.8573907930111138e-08,3.703767046599537e-12,3.703767046599537
408,2.8573856560761284e-08,3.652397696744973e-12,3.652397696744973
409,2.8573805616662626e-08,3.6014535980875114e-12,3.6014535980875113
410,2.8573769690986672e-08,3.565527922133428e-12,3.5655279221334277
411,2.857368866704044e-08,3.4845039759005446e-12,3.4845039759005445
412,2.8573642392532776e-08,3.4382294682373426e-12,3.4382294682373424
413,2.857359367585972e-08,3.389512795180617e-12,3.3895127951806168
414,2.8573515025828353e-08,3.3108627638144993e-12,3.3108627638144994
415,2.8573462215655127e-08,3.2580525905878645e-12,3.2580525905878646
416,2.8573405910651065e-08,3.201747586525913e-12,3.201747586525913
417,2.857331813686868e-08,3.1139738041429495e-12,3.1139738041429497
418,2.8573287440150728e-08,3.083277086188965e-12,3.0832770861889647
419,2.857321266845961e-08,3.0085053950716267e-12,3.0085053950716265
420,2.8563209501951598e-08,-6.994661112940361e-12,-6.994661112940361
421,2.8565529269607018e-08,-4.6748934575204685e-12,-4.674893457520469
422,2.8568175459758784e-08,-2.0287033057543622e-12,-2.0287033057543624
423,2.8569854052597514e-08,-3.5011046702511686e-13,-0.35011046702511683
424,2.857102604409713e-08,8.218810325919989e-13,0.8218810325919989
425,2.8571880029287528e-08,1.6758662229894552e-12,1.6758662229894552
426,2.8572518961201632e-08,2.3147981370933542e-12,2.314798137093354
427,2.857303493485866e-08,2.830771794122899e-12,2.830771794122899
428,2.8573443135052144e-08,3.2389719876048353e-12,3.238971987604835
429,2.8573730232587017e-08,3.526069522478099e-12,3.526069522478099
430,2.8573984689402336e-08,3.780526337797057e-12,3.7805263377970575
431,2.8574185462258792e-08,3.9812991942535205e-12,3.9812991942535203
432,2.8574323235542242e-08,4.119072477703694e-12,4.1190724777036944
433,2.8574450958691682e-08,4.246795627143269e-12,4.246795627143269
434,2.8574515556676846e-08,4.3113936123074e-12,4.3113936123074
435,2.8574594445273348e-08,4.390282208809046e-12,4.390282208809046
436,2.857461542959982e-08,4.411266535281688e-12,4.411266535281688
437,2.857465381762088e-08,4.44965455634223e-12,4.449654556342231
438,2.8574650846717193e-08,4.44668365265424e-12,4.44668365265424
439,2.8574652138774474e-08,4.447975709935718e-12,4.447975709935718
440,2.8574638000520647e-08,4.433837456108491e-12,4.433837456108491
441,2.8574610645950758e-08,4.406482886218883e-12,4.406482886218883
442,2.857459389822559e-08,4.389735161050391e-12,4.389735161050391
443,2.8574541589685603e-08,4.337426621063911e-12,4.337426621063911
444,2.857451768812345e-08,4.313525058910816e-12,4.313525058910816
445,2.8574456009420397e-08,4.251846355858739e-12,4.2518463558587385
446,2.8574426043454708e-08,4.221880390169009e-12,4.22188039016901
447,2.857435267434173e-08,4.148511277192107e-12,4.148511277192107
448,2.8574315658907068e-08,4.111495842529404e-12,4.111495842529404
449,2.8574255082078684e-08,4.0509190141452236e-12,4.050919014145223
450,2.8574196616503638e-08,3.992453439098997e-12,3.992453439098997
451,2.8574152021953688e-08,3.947858889149534e-12,3.947858889149534
452,2.8574080807719634e-08,3.876644655095501e-12,3.876644655095501
453,2.8574036300217567e-08,3.8321371530279615e-12,3.8321371530279613
454,2.8573963555049387e-08,3.7593919848487974e-12,3.7593919848487976
455,2.8563715497926427e-08,-6.4886651381112385e-12,-6.488665138111238
456,2.8565785764803737e-08,-4.4183982608020745e-12,-4.418398260802075
457,2.856838875417455e-08,-1.8154088899876467e-12,-1.8154088899876468
458,2.8570036320426815e-08,-1.6784263772336474e-13,-0.16784263772336475
459,2.857120428319379e-08,1.0001201292511207e-12,1.0001201292511208
460,2.857207885296532e-08,1.874689900780224e-12,1.8746899007802238
461,2.8572748345746845e-08,2.544182682305895e-12,2.544182682305895
462,2.8573288252163945e-08,3.084089099406048e-12,3.084089099406048
463,2.857368390072506e-08,3.4797376605199725e-12,3.4797376605199726
464,2.8574026613237074e-08,3.822450172535037e-12,3.822450172535037
465,2.8574291596937204e-08,4.08743387266489e-12,4.08743387266489
466,2.8574499233660774e-08,4.2950705962349244e-12,4.2950705962349245
467,2.8574679991941838e-08,4.475828877299398e-12,4.4758288772993975
468,2.85747983268898e-08,4.594163825259731e-12,4.594163825259731
469,2.857491506674597e-08,4.710903681431376e-12,4.710903681431376
470,2.8574978745300587e-08,4.774582236048184e-12,4.774582236048184
471,2.857504691540665e-08,4.842752342110003e-12,4.8427523421100025
472,2.8575073654434307e-08,4.869491369768709e-12,4.869491369768709
473,2.8575110498456607e-08,4.906335392067942e-12,4.906335392067942
474,2.8575107506614264e-08,4.903343549725496e-12,4.903343549725496
475,2.857511994481198e-08,4.915781747441211e-12,4.915781747441211
476,2.8575099058443174e-08,4.894895378634853e-12,4.894895378634852
477,2.857509307588335e-08,4.8889128188097135e-12,4.888912818809714
478,2.857505899507226e-08,4.854832007719804e-12,4.854832007719804
479,2.857504145387373e-08,4.8372908091913785e-12,4.837290809191378
480,2.8574994608045732e-08,4.790444981193385e-12,4.790444981193385
481,2.8574968437763428e-08,4.76427469888931e-12,4.76427469888931
482,2.857491693952904e-08,4.7127764645014915e-12,4.712776464501491
483,2.857488528364453e-08,4.681120579990563e-12,4.681120579990563
484,2.857482832128869e-08,4.624158224151434e-12,4.624158224151434
485,2.8574794474163826e-08,4.590311099287276e-12,4.590311099287276
486,2.8574730659148813e-08,4.5264960842745335e-12,4.526496084274534
487,2.857469553075448e-08,4.491367689940514e-12,4.491367689940514
488,2.857463176036794e-08,4.4275973033996965e-12,4.427597303399696
489,2.8574597453609116e-08,4.393290544577041e-12,4.393290544577041
490,2.8564072231286727e-08,-6.1319317778117e-12,-6.1319317778117
491,2.8565869262031965e-08,-4.334901032573317e-12,-4.334901032573318
492,2.8568366933291235e-08,-1.8372297733040517e-12,-1.8372297733040517
493,2.857001991926687e-08,-1.8424379766742196e-13,-0.18424379766742197
494,2.8571203561453956e-08,9.993983894174243e-13,0.9993983894174243
495,2.8572077405203053e-08,1.8732421385142497e-12,1.8732421385142497
496,2.8572770080571614e-08,2.565917507074859e-12,2.565917507074859
497,2.8573322973453916e-08,3.118810389376826e-12,3.1188103893768258
498,2.857376867682396e-08,3.564513759421285e-12,3.564513759421285
499,2.857411443422291e-08,3.910271158370085e-12,3.9102711583700844
500,2.857442045557158e-08,4.216292507039709e-12,4.216292507039709
501,2.857463584739e-08,4.431684325461625e-12,4.431684325461625
502,2.8574844960878244e-08,4.6407978137057475e-12,4.640797813705747
503,2.857498078675841e-08,4.776623693871284e-12,4.776623693871285
504,2.8575126958420966e-08,4.92279535642733e-12,4.922795356427329
505,2.857519931202953e-08,4.9951489649919006e-12,4.995148964991901
506,2.857530392657518e-08,5.0997635106422825e-12,5.0997635106422825
507,2.857533610999181e-08,5.131946927272761e-12,5.131946927272761
508,2.8575395030674272e-08,5.190867609733415e-12,5.190867609733415
509,2.857540822793548e-08,5.204064870942615e-12,5.204064870942615
510,2.857543665323633e-08,5.232490171792715e-12,5.2324901717927155
511,2.8575432778866973e-08,5.2286158024343925e-12,5.228615802434392
512,2.8575439867218146e-08,5.235704153607777e-12,5.235704153607777
513,2.8575427094367878e-08,5.222931303338997e-12,5.222931303338997
514,2.8575410960802582e-08,5.206797738043636e-12,5.206797738043636
515,2.8575394975610354e-08,5.19081254581558e-12,5.1908125458155805
516,2.8575362219030245e-08,5.158055965706617e-12,5.158055965706617
517,2.85753481184931e-08,5.143955428562466e-12,5.143955428562466
518,2.857529194353909e-08,5.087780474551104e-12,5.087780474551104
519,2.8575280211455144e-08,5.076048390605274e-12,5.076048390605274
520,2.857522140197117e-08,5.017238906629935e-12,5.0172389066299345
521,2.857520617501573e-08,5.002011951191207e-12,5.002011951191206
522,2.8575140034807186e-08,4.935871742646824e-12,4.935871742646825
523,2.8575120845946616e-08,4.916682882076872e-12,4.916682882076873
524,2.8575061319710137e-08,4.85715664559783e-12,4.85715664559783
525,2.856428957691878e-08,-5.914586145759803e-12,-5.914586145759802
526,2.8565677110588554e-08,-4.527052475984502e-12,-4.527052475984502
527,2.8568108901536092e-08,-2.0952615284463464e-12,-2.0952615284463465
528,2.8569725801170565e-08,-4.783618939732354e-13,-0.4783618939732354
529,2.8570894056224893e-08,6.89893160354425e-13,0.6898931603544249
530,2.8571804738331333e-08,1.6005752667941322e-12,1.6005752667941322
531,2.8572524258816735e-08,2.3200957521960257e-12,2.3200957521960257
532,2.8573088632600444e-08,2.884469535905512e-12,2.8844695359055117
533,2.8573556503703633e-08,3.352340639093881e-12,3.3523406390938812
534,2.8573953001886226e-08,3.748838821687747e-12,3.748838821687747
535,2.8574252503507105e-08,4.048340442565874e-12,4.048340442565874
536,2.857452928735197e-08,4.325124287432935e-12,4.325124287432935
537,2.8574743793959977e-08,4.539630895438598e-12,4.539630895438598
538,2.8574926483137348e-08,4.722320072809632e-12,4.722320072809632
539,2.8575076904574265e-08,4.872741509726223e-12,4.872741509726223
540,2.8575200346195773e-08,4.996183131234126e-12,4.996183131234126
541,2.8575297733571714e-08,5.093570507175464e-12,5.093570507175464
542,2.8575387848227903e-08,5.183685163363986e-12,5.183685163363986
543,2.8575439914679097e-08,5.2357516145578774e-12,5.235751614557877
544,2.8575496307517087e-08,5.292144452548328e-12,5.292144452548327
545,2.8575525144882525e-08,5.320981817986608e-12,5.320981817986608
546,2.8575569250511505e-08,5.365087446966389e-12,5.365087446966389
547,2.8575561775154366e-08,5.357612089827536e-12,5.357612089827536
548,2.8575586300444477e-08,5.382137379937934e-12,5.382137379937935
549,2.857557056929437e-08,5.366406229831419e-12,5.366406229831418
550,2.8575586753735852e-08,5.382590671313723e-12,5.382590671313723
551,2.857557296837628e-08,5.368805311741113e-12,5.368805311741113
552,2.857554818873234e-08,5.34402566780105e-12,5.344025667801049
553,2.8575550718636794e-08,5.346555572255382e-12,5.346555572255381
554,2.857549819130481e-08,5.294028240270494e-12,5.294028240270494
555,2.8575496676687927e-08,5.292513623388059e-12,5.292513623388059
556,2.8575454759155114e-08,5.250596090575207e-12,5.250596090575207
557,2.8575437924558246e-08,5.2337614937076445e-12,5.233761493707645
558,2.8575397428753295e-08,5.1932656887561e-12,5.1932656887561
559,2.8575374371527136e-08,5.170208462597356e-12,5.170208462597356
560,2.8564308417249008e-08,-5.895745815530723e-12,-5.895745815530724
561,2.856540018281585e-08,-4.80398024868996e-12,-4.80398024868996
562,2.856769695877158e-08,-2.5072042929600125e-12,-2.5072042929600125
563,2.8569259177103163e-08,-9.44985961375339e-13,-0.944985961375339
564,2.8570446089149133e-08,2.4192608459403345e-13,0.24192608459403345
565,2.8571349151225206e-08,1.1449881606674966e-12,1.1449881606674965
566,2.8572084831662674e-08,1.8806685981351236e-12,1.8806685981351237
567,2.8572690343180336e-08,2.4861801157974286e-12,2.4861801157974286
568,2.857319276463547e-08,2.9886015709315563e-12,2.9886015709315563
569,2.8573593989871774e-08,3.389826807234823e-12,3.389826807234823
570,2.8573943213302437e-08,3.739050237898733e-12,3.739050237898733
571,2.85742492952038e-08,4.045132139259691e-12,4.045132139259691
572,2.857447990877349e-08,4.275745708949907e-12,4.275745708949907
573,2.8574709691613922e-08,4.505528549383038e-12,4.505528549383038
574,2.8574857223299683e-08,4.653060235144249e-12,4.653060235144249
575,2.8575035874203432e-08,4.831711138893535e-12,4.831711138893535
576,2.857513264714845e-08,4.928484083911198e-12,4.928484083911198
577,2.857526280664925e-08,5.058643584710147e-12,5.058643584710147
578,2.8575328967254347e-08,5.124804189807899e-12,5.124804189807899
579,2.8575417148330828e-08,5.212985266289484e-12,5.2129852662894836
580,2.8575458344272885e-08,5.254181208346438e-12,5.254181208346438
581,2.8575518266771706e-08,5.314103707166996e-12,5.314103707166996
582,2.8575545904602965e-08,5.341741538426693e-12,5.341741538426693
583,2.857557714290701e-08,5.3729798424708885e-12,5.372979842470889
584,2.8575600342136548e-08,5.396179072009174e-12,5.396179072009174
585,2.857560071384171e-08,5.396550777171484e-12,5.396550777171484
586,2.857562904770366e-08,5.424884639120862e-12,5.4248846391208625
587,2.857560363144331e-08,5.399468378770169e-12,5.39946837877017
588,2.857561716339773e-08,5.413000333190015e-12,5.413000333190015
589,2.8575596053900115e-08,5.3918908355765595e-12,5.391890835576559
590,2.8575596711848204e-08,5.392548783664932e-12,5.392548783664933
591,2.8575576038836832e-08,5.371875772293592e-12,5.371875772293592
592,2.8575561222739807e-08,5.357059675268127e-12,5.357059675268127
593,2.8575549907043705e-08,5.3457439791666405e-12,5.345743979166641
594,2.85755097016152e-08,5.305538550661942e-12,5.305538550661942
595,2.8564227348796276e-08,-5.976814268262787e-12,-5.976814268262787
596,2.85649540278756e-08,-5.250135188939259e-12,-5.250135188939259
597,2.8567116717038554e-08,-3.0874460259851275e-12,-3.0874460259851277
598,2.8568640208346163e-08,-1.5639547183752784e-12,-1.5639547183752784
599,2.85698003986575e-08,-4.0376440703996133e-13,-0.4037644070399613
600,2.8570732739423505e-08,5.285763589660926e-13,0.5285763589660927
601,2.857147483322853e-08,1.270670163992096e-12,1.270670163992096
602,2.8572098115863345e-08,1.8939527988060294e-12,1.8939527988060294
603,2.857262549769892e-08,2.421334634382374e-12,2.421334634382374
604,2.8573079932555636e-08,2.8757694910976735e-12,2.8757694910976737
605,2.8573437024949485e-08,3.2328618849466303e-12,3.2328618849466304
606,2.8573762317314145e-08,3.558154249605827e-12,3.5581542496058267
607,2.8574051645323937e-08,3.847482259398436e-12,3.8474822593984364
608,2.8574269713874893e-08,4.065550810353893e-12,4.065550810353893
609,2.8574494379457254e-08,4.290216392715745e-12,4.290216392715745
610,2.857464917609717e-08,4.445013032631711e-12,4.445013032631711
611,2.8574817865934118e-08,4.613702869578868e-12,4.613702869578868
612,2.8574936482855958e-08,4.7323197914192105e-12,4.7323197914192106
613,2.857505617914172e-08,4.852016077179843e-12,4.852016077179844
614,2.8575138187014975e-08,4.934023950436784e-12,4.934023950436784
615,2.857523756394256e-08,5.033400878022215e-12,5.033400878022214
616,2.857528593338632e-08,5.081770321780675e-12,5.081770321780675
617,2.8575362262344122e-08,5.158099279583408e-12,5.158099279583408
618,2.857538062984023e-08,5.1764667756925394e-12,5.176466775692539
619,2.857544774706401e-08,5.24358399947213e-12,5.24358399947213
620,2.8575452026233803e-08,5.247863169264077e-12,5.247863169264077
621,2.8575496622532028e-08,5.292459467489543e-12,5.292459467489543
622,2.8575498888880487e-08,5.294725815948271e-12,5.294725815948271
623,2.857552010021179e-08,5.315937147250778e-12,5.315937147250778
624,2.8575524142009068e-08,5.319978944529586e-12,5.319978944529586
625,2.8575525170822062e-08,5.321007757523585e-12,5.321007757523585
626,2.8575532867044736e-08,5.3287039801975005e-12,5.328703980197501
627,2.8575513688145274e-08,5.309525080735008e-12,5.309525080735008
628,2.857552945511471e-08,5.325292050170797e-12,5.325292050170797
629,2.8575475646784305e-08,5.271483719766591e-12,5.271483719766591
630,2.8563621318962213e-08,-6.582844102326176e-12,-6.582844102326176
631,2.8564226941014286e-08,-5.977222050252386e-12,-5.977222050252386
632,2.8566406979621062e-08,-3.79718344347656e-12,-3.79718344347656
633,2.856794159070944e-08,-2.262572355097792e-12,-2.262572355097792
634,2.8569146156033338e-08,-1.0580070312004131e-12,-1.058007031200413
635,2.8570105211811925e-08,-9.895125261377321e-14,-0.09895125261377322
636,2.8570895597228546e-08,6.914341640072329e-13,0.6914341640072329
637,2.8571557056898678e-08,1.3528938341389431e-12,1.3528938341389432
638,2.857209415528636e-08,1.889992221822467e-12,1.889992221822467
639,2.85725680350922e-08,2.3638720276608596e-12,2.3638720276608596
640,2.857297599508069e-08,2.7718320161514816e-12,2.771832016151482
641,2.8573338959405085e-08,3.1347963405464026e-12,3.1347963405464028
642,2.8573621557717783e-08,3.417394653244286e-12,3.417394653244286
643,2.8573896129844428e-08,3.691966779889585e-12,3.691966779889585
644,2.857412489467323e-08,3.9207316086928606e-12,3.9207316086928605
645,2.8574315391597022e-08,4.111228532483778e-12,4.111228532483778
646,2.8574504318921328e-08,4.3001558567895875e-12,4.300155856789588
647,2.8574641095511274e-08,4.4369324467351225e-12,4.436932446735122
648,2.857478748661635e-08,4.583323551810879e-12,4.583323551810879
649,2.8574879067710186e-08,4.6749046456477965e-12,4.674904645647796
650,2.8575002519455432e-08,4.798356390893485e-12,4.798356390893485
651,2.8575060822508573e-08,4.856659444034056e-12,4.856659444034055
652,2.857515645794933e-08,4.952294884789929e-12,4.952294884789929
653,2.8575198211930244e-08,4.994048865705061e-12,4.994048865705061
654,2.8575269610614192e-08,5.065447549653688e-12,5.065447549653689
655,2.857529678584349e-08,5.09262277895144e-12,5.09262277895144
656,2.8575348984797742e-08,5.144821733203336e-12,5.144821733203336
657,2.8575363335921113e-08,5.159172856574603e-12,5.159172856574603
658,2.8575399833215558e-08,5.1956701510190755e-12,5.195670151019075
659,2.857541245083518e-08,5.20828777064181e-12,5.20828777064181
660,2.8575427884426e-08,5.223721361462087e-12,5.223721361462087
661,2.8575442731016212e-08,5.238567951673653e-12,5.2385679516736525
662,2.857543862319102e-08,5.23446012648254e-12,5.234460126482539
663,2.857545944902069e-08,5.255285956150092e-12,5.255285956150092
664,2.8575424197176385e-08,5.220034111846208e-12,5.220034111846208
665,2.8562871523066268e-08,-7.332639998270353e-12,-7.332639998270353
666,2.8563440874706755e-08,-6.763288357783916e-12,-6.763288357783916
667,2.8565632601189133e-08,-4.571561875405843e-12,-4.571561875405843
668,2.8567235685011505e-08,-2.9684780530338618e-12,-2.968478053033862
669,2.8568467436853955e-08,-1.7367262105836102e-12,-1.73672621058361
670,2.8569460982689294e-08,-7.431803752445291e-13,-0.7431803752445291
671,2.8570274063520256e-08,6.990045571773593e-14,0.06990045571773593
672,2.8570964959685947e-08,7.607966214082423e-13,0.7607966214082422
673,2.8571547219105663e-08,1.3430560411238256e-12,1.3430560411238257
674,2.8572046686218297e-08,1.8425231537581476e-12,1.8425231537581477
675,2.8572492467908396e-08,2.2883048438570416e-12,2.2883048438570417
676,2.85728495525502e-08,2.645389485660465e-12,2.645389485660465
677,2.857318076407596e-08,2.9766010114227647e-12,2.9766010114227646
678,2.8573477427214894e-08,3.2732641503557435e-12,3.2732641503557436
679,2.857371477134904e-08,3.510608284502424e-12,3.510608284502424
680,2.8573935376214796e-08,3.731213150257557e-12,3.7312131502575574
681,2.8574143671252373e-08,3.939508187834198e-12,3.9395081878341975
682,2.8574296905340118e-08,4.092742275579178e-12,4.092742275579178
683,2.857446267609824e-08,4.258513033702189e-12,4.258513033702189
684,2.857456963834817e-08,4.365475283631817e-12,4.365475283631817
685,2.8574703182646837e-08,4.499019582298102e-12,4.499019582298103
686,2.85747892574031e-08,4.585094338561618e-12,4.585094338561618
687,2.857488754678104e-08,4.683383716500355e-12,4.683383716500355
688,2.8574955304239754e-08,4.751141175215326e-12,4.751141175215325
689,2.857502828561493e-08,4.824122550390293e-12,4.8241225503902925
690,2.8575076469809194e-08,4.8723067446550566e-12,4.872306744655057
691,2.857513615391906e-08,4.9319908545229395e-12,4.931990854522939
692,2.8575162656414464e-08,4.958493349925191e-12,4.958493349925191
693,2.8575216736771193e-08,5.012573706654474e-12,5.012573706654474
694,2.857522527720789e-08,5.0211141433499955e-12,5.021114143349996
695,2.8575270138363152e-08,5.065975298613673e-12,5.065975298613672
696,2.8575262330196604e-08,5.058167132065448e-12,5.058167132065448
697,2.8575301954939978e-08,5.0977918754390904e-12,5.09779187543909
698,2.857528740021699e-08,5.0832371524523575e-12,5.083237152452358
699,2.8575331064724764e-08,5.126901660225735e-12,5.126901660225736
700,2.8562260541491148e-08,-7.943621573390864e-12,-7.943621573390864
701,2.8562818070503255e-08,-7.386092561284186e-12,-7.386092561284186
702,2.8565066336177364e-08,-5.137826887174904e-12,-5.137826887174905
703,2.8566664880472345e-08,-3.5392825921940655e-12,-3.5392825921940654
704,2.85679349819551e-08,-2.2691811094401774e-12,-2.2691811094401775
705,2.8568949310197808e-08,-1.2548528667305523e-12,-1.2548528667305523
706,2.8569792110067415e-08,-4.1205299712334145e-13,-0.4120529971233414
707,2.8570494985460937e-08,2.908223963982128e-13,0.29082239639821283
708,2.8571116889044798e-08,9.127259802588532e-13,0.9127259802588532
709,2.8571615423377645e-08,1.4112603131066045e-12,1.4112603131066044
710,2.8572087502215255e-08,1.8833391507162813e-12,1.8833391507162813
711,2.8572462185802905e-08,2.2580227383663425e-12,2.2580227383663427
712,2.8572804881726627e-08,2.6007186620881677e-12,2.600718662088168
713,2.857311914757901e-08,2.9149845144703337e-12,2.9149845144703335
714,2.8573384509584382e-08,3.1803465198432215e-12,3.1803465198432215
715,2.8573607476845356e-08,3.403313780817038e-12,3.403313780817038
716,2.8573827887029058e-08,3.6237239645195745e-12,3.6237239645195745
717,2.8573999601573226e-08,3.795438508687532e-12,3.7954385086875315
718,2.857416047993681e-08,3.956316872269838e-12,3.956316872269838
719,2.8574309507008416e-08,4.10534394387745e-12,4.1053439438774495
720,2.8574422037680046e-08,4.2178746155073814e-12,4.217874615507381
721,2.8574561252464495e-08,4.357089399955983e-12,4.357089399955983
722,2.8574629536235602e-08,4.42537317106306e-12,4.425373171063059
723,2.8574735145740033e-08,4.530982675494604e-12,4.530982675494604
724,2.8574784017318475e-08,4.579854253936724e-12,4.579854253936724
725,2.8574876657772703e-08,4.67249470816385e-12,4.67249470816385
726,2.857490902516489e-08,4.704862100350472e-12,4.704862100350472
727,2.8574975699776684e-08,4.7715367121456725e-12,4.771536712145672
728,2.8575004899956827e-08,4.800736892288448e-12,4.800736892288448
729,2.8575054353196182e-08,4.850190131643579e-12,4.850190131643579
730,2.8575065462270455e-08,4.8612992059160444e-12,4.861299205916044
731,2.8575110850876523e-08,4.906687811984109e-12,4.906687811984108
732,2.8575111083532756e-08,4.906920468217797e-12,4.9069204682177965
733,2.8575148914517846e-08,4.944751453307171e-12,4.944751453307171
734,2.857514014234649e-08,4.935979281949808e-12,4.935979281949808
735,2.85617601288458e-08,-8.44403421873981e-12,-8.44403421873981
736,2.8562278511749133e-08,-7.925651315405204e-12,-7.9256513154052035
737,2.8564520221523756e-08,-5.683941540782399e-12,-5.683941540782399
738,2.8566176571453473e-08,-4.027591611065199e-12,-4.027591611065199
739,2.856743780208892e-08,-2.7663609756188968e-12,-2.766360975618897
740,2.856848620288923e-08,-1.7179601753084004e-12,-1.7179601753084004
741,2.8569337787317205e-08,-8.663757473340059e-13,-0.8663757473340059
742,2.8570074573017472e-08,-1.2959004706669283e-13,-0.12959004706669283
743,2.857068476105147e-08,4.805979869312481e-13,0.48059798693124817
744,2.8571226660842027e-08,1.0224977774881513e-12,1.0224977774881512
745,2.857169608132433e-08,1.4919182597911109e-12,1.491918259791111
746,2.8572102142807054e-08,1.897979742515075e-12,1.897979742515075
747,2.8572446902116588e-08,2.242739052048939e-12,2.2427390520489388
748,2.8572767294727684e-08,2.5631316631451847e-12,2.563131663145185
749,2.857304977537734e-08,2.845612312802299e-12,2.845612312802299
750,2.8573290254495622e-08,3.0860914310832484e-12,3.0860914310832483
751,2.8573505208079526e-08,3.3010450149870456e-12,3.3010450149870456
752,2.8573712990357237e-08,3.508827292698736e-12,3.508827292698736
753,2.8573861730535398e-08,3.657567470858981e-12,3.657567470858981
754,2.8574021376255978e-08,3.8172131914388615e-12,3.8172131914388614
755,2.8574167644832655e-08,3.9634817681166e-12,3.9634817681166
756,2.8574266396324665e-08,4.062233260126305e-12,4.0622332601263045
757,2.8574390930835515e-08,4.1867677709766e-12,4.1867677709766
758,2.8574460740417892e-08,4.256577353353542e-12,4.256577353353542
759,2.8574563095865686e-08,4.358932801147225e-12,4.358932801147224
760,2.857461828033325e-08,4.4141172687113855e-12,4.414117268711386
761,2.857469109499879e-08,4.486931934249806e-12,4.486931934249806
762,2.8574741443789138e-08,4.53728072459941e-12,4.53728072459941
763,2.8574789135199963e-08,4.584972135424252e-12,4.584972135424252
764,2.8574832096643285e-08,4.627933578746354e-12,4.627933578746354
765,2.857486427022078e-08,4.660107156242117e-12,4.660107156242117
766,2.8574898586439267e-08,4.694423374728727e-12,4.694423374728728
767,2.857491768726262e-08,4.713524198082273e-12,4.713524198082274
768,2.85749443655343e-08,4.740202469761739e-12,4.740202469761739
769,2.8574953272146727e-08,4.74910908218849e-12,4.7491090821884905
770,2.856138353853955e-08,-8.820624524987986e-12,-8.820624524987986
771,2.8561876190912982e-08,-8.327972151556294e-12,-8.327972151556294
772,2.8564131509904982e-08,-6.072653159556327e-12,-6.072653159556327
773,2.8565801585861308e-08,-4.402577203230406e-12,-4.402577203230406
774,2.8567074783608626e-08,-3.1293794559123334e-12,-3.1293794559123334
775,2.8568127864625112e-08,-2.0762984394262874e-12,-2.0762984394262873
776,2.8569004988912485e-08,-1.1991741520535369e-12,-1.1991741520535368
777,2.8569737154230984e-08,-4.670088335543794e-13,-0.46700883355437933
778,2.8570367858473614e-08,1.636954090757061e-13,0.1636954090757061
779,2.8570910481020445e-08,7.063179559058424e-13,0.7063179559058423
780,2.8571385081414152e-08,1.180918349613123e-12,1.180918349613123
781,2.8571808971707136e-08,1.604808642596819e-12,1.604808642596819
782,2.8572166302855855e-08,1.9621397913166843e-12,1.9621397913166843
783,2.8572479959657667e-08,2.2757965931284565e-12,2.2757965931284563
784,2.8572770618349444e-08,2.566455284904939e-12,2.566455284904939
785,2.857303614699669e-08,2.831983932151738e-12,2.8319839321517377
786,2.8573240617212948e-08,3.036454148409338e-12,3.036454148409338
787,2.8573444450609507e-08,3.240287544968402e-12,3.240287544968402
788,2.857363576762382e-08,3.431604559282587e-12,3.431604559282587
789,2.8573768382503728e-08,3.5642194391890366e-12,3.5642194391890367
790,2.8573914835489642e-08,3.7106724251037875e-12,3.7106724251037875
791,2.85740489109254e-08,3.8447478608618465e-12,3.8447478608618466
792,2.857414482947845e-08,3.94066641391001e-12,3.9406664139100096
793,2.8574259884104974e-08,4.055721040434852e-12,4.055721040434852
794,2.8574321649300254e-08,4.117486235715239e-12,4.11748623571524
795,2.8574413877256212e-08,4.209714191673316e-12,4.209714191673316
796,2.8574472092949763e-08,4.267929885223839e-12,4.267929885223839
797,2.857453081278377e-08,4.326649719232041e-12,4.326649719232041
798,2.8574587474314165e-08,4.383311249625887e-12,4.383311249625887
799,2.857462375227451e-08,4.4195892099708655e-12,4.419589209970866
800,2.8574672307591178e-08,4.468144526639271e-12,4.468144526639271
801,2.8574692024458206e-08,4.487861393667223e-12,4.487861393667224
802,2.857473463079821e-08,4.5304677336727824e-12,4.530467733672783
803,2.857474051926284e-08,4.536356198301877e-12,4.536356198301877
804,2.8574775939009403e-08,4.571775944864697e-12,4.571775944864697
805,2.856110671070318e-08,-9.097452361358195e-12,-9.097452361358195
806,2.8561594258801862e-08,-8.609904262676767e-12,-8.609904262676768
807,2.856387809109127e-08,-6.326071973267875e-12,-6.326071973267875
808,2.8565537297907265e-08,-4.666865157273648e-12,-4.666865157273648
809,2.8566840832037945e-08,-3.3633310265936165e-12,-3.3633310265936167
810,2.8567873808192103e-08,-2.330354872435474e-12,-2.330354872435474
811,2.856875986696945e-08,-1.4442960950876122e-12,-1.4442960950876123
812,2.8569500326299044e-08,-7.038367654942122e-13,-0.7038367654942121
813,2.857013297763325e-08,-7.118543128761431e-14,-0.07118543128761431
814,2.857068031033379e-08,4.761472692505594e-13,0.4761472692505594
815,2.857116167923903e-08,9.575161744903412e-13,0.9575161744903412
816,2.8571587567662407e-08,1.3834045978678194e-12,1.3834045978678193
817,2.8571945691837253e-08,1.741528772714222e-12,1.741528772714222
818,2.8572266223158465e-08,2.06206009392591e-12,2.06206009392591
819,2.8572558722215666e-08,2.354559151127551e-12,2.354559151127551
820,2.85728169400199e-08,2.612776955362644e-12,2.6127769553626443
821,2.8573042418347317e-08,2.8382552827780457e-12,2.8382552827780456
822,2.8573237708176547e-08,3.033545112007815e-12,3.033545112007815
823,2.857342423720499e-08,3.2200741404505056e-12,3.2200741404505058
824,2.8573580290137067e-08,3.376127072528785e-12,3.376127072528785
825,2.857371698203727e-08,3.5128189727321218e-12,3.5128189727321217
826,2.857385622964594e-08,3.652066581401496e-12,3.652066581401496
827,2.8573947904157347e-08,3.7437410928081e-12,3.7437410928081003
828,2.857405508346455e-08,3.8509204000126595e-12,3.8509204000126593
829,2.857414958668653e-08,3.945423621992333e-12,3.945423621992333
830,2.85742161560494e-08,4.0119929848616394e-12,4.01199298486164
831,2.8574301296020103e-08,4.097132955564565e-12,4.0971329555645655
832,2.857433602591593e-08,4.131862851390087e-12,4.131862851390087
833,2.857440845207117e-08,4.204289006632525e-12,4.204289006632525
834,2.8574439853073304e-08,4.235690008765229e-12,4.2356900087652285
835,2.8574485470676423e-08,4.281307611884649e-12,4.281307611884649
836,2.8574522265530154e-08,4.31810246561536e-12,4.31810246561536
837,2.857454285650808e-08,4.338693443539824e-12,4.338693443539825
838,2.8574580044357992e-08,4.375881293453007e-12,4.3758812934530065
839,2.8574563286332903e-08,4.359123268363876e-12,4.359123268363876
840,2.8560864738096407e-08,-9.339424968131744e-12,-9.339424968131743
841,2.856133024231849e-08,-8.873920746048546e-12,-8.873920746048546
842,2.8563611253879764e-08,-6.592909184774228e-12,-6.592909184774228
843,2.856526820083896e-08,-4.935962225578221e-12,-4.935962225578221
844,2.8566571815227706e-08,-3.6323478368323715e-12,-3.6323478368323716
845,2.8567638072458327e-08,-2.5660906062117992e-12,-2.5660906062117994
846,2.856851368059738e-08,-1.6904824671570524e-12,-1.6904824671570524
847,2.8569246620171757e-08,-9.575428927814687e-13,-0.9575428927814686
848,2.856989460071522e-08,-3.0956234931875e-13,-0.30956234931875
849,2.857044571481478e-08,2.4155175024145567e-13,0.24155175024145567
850,2.8570927825409174e-08,7.236623446349077e-13,0.7236623446349076
851,2.8571343490171983e-08,1.1393271074440808e-12,1.1393271074440807
852,2.8571711859244208e-08,1.507696179668842e-12,1.507696179668842
853,2.8572046216528363e-08,1.8420534638244997e-12,1.8420534638244996
854,2.8572337491331577e-08,2.1333282670380243e-12,2.1333282670380243
855,2.8572603885172157e-08,2.3997221076184665e-12,2.3997221076184667
856,2.857281417422016e-08,2.6100111556206337e-12,2.610011155620634
857,2.8573028156182734e-08,2.823993118195031e-12,2.823993118195031
858,2.857321932584042e-08,3.015162775881448e-12,3.015162775881448
859,2.8573359830500193e-08,3.155667435654656e-12,3.155667435654656
860,2.85735103776368e-08,3.3062145722606195e-12,3.3062145722606195
861,2.8573653580089733e-08,3.4494170251945688e-12,3.4494170251945686
862,2.8573742011454286e-08,3.5378483897476717e-12,3.537848389747672
863,2.8573853574285742e-08,3.64941122120328e-12,3.64941122120328
864,2.8573948516907757e-08,3.7443538432184075e-12,3.7443538432184074
865,2.857401766637364e-08,3.813503309102632e-12,3.8135033091026322
866,2.8574101403983044e-08,3.897240918505556e-12,3.8972409185055565
867,2.8574142006812303e-08,3.937843747764052e-12,3.9378437477640524
868,2.8574207304202736e-08,4.003141138197126e-12,4.003141138197126
869,2.857425530143989e-08,4.051138375349772e-12,4.051138375349772
870,2.8574288661961265e-08,4.08449889672639e-12,4.08449889672639
871,2.857433763770443e-08,4.133474639892231e-12,4.133474639892231
872,2.8574352607216064e-08,4.148444151525103e-12,4.148444151525103
873,2.8574394060181798e-08,4.189897117259572e-12,4.189897117259572
874,2.8574378958370395e-08,4.174795305856603e-12,4.174795305856603
875,2.8560675494388355e-08,-9.528668676184012e-12,-9.528668676184012
876,2.8561141314126823e-08,-9.062848937716094e-12,-9.062848937716094
877,2.8563430975168426e-08,-6.7731878961127565e-12,-6.7731878961127565
878,2.856507749723913e-08,-5.126665825408268e-12,-5.126665825408268
879,2.8566402585078607e-08,-3.801577985932187e-12,-3.8015779859321865
880,2.8567438842421562e-08,-2.7653206429768155e-12,-2.7653206429768153
881,2.856832151183384e-08,-1.882651230697942e-12,-1.8826512306979422
882,2.8569075725826533e-08,-1.1284372380059405e-12,-1.1284372380059404
883,2.856970527416057e-08,-4.988889039695233e-13,-0.4988889039695233
884,2.8570268488918604e-08,6.432585406504868e-14,0.06432585406504868
885,2.8570737331290756e-08,5.331682262171119e-13,0.5331682262171119
886,2.8571176072226157e-08,9.719091616179936e-13,0.9719091616179936
887,2.8571549022296506e-08,1.3448592319669949e-12,1.344859231966995
888,2.8571869824844443e-08,1.6656617799046574e-12,1.6656617799046574
889,2.857215231788111e-08,1.9481548165715925e-12,1.9481548165715925
890,2.8572416299317647e-08,2.212136253108146e-12,2.2121362531081457
891,2.857264906239946e-08,2.4448993349204775e-12,2.4448993349204775
892,2.857285733048106e-08,2.6531674165206045e-12,2.6531674165206045
893,2.8573022209794604e-08,2.818046730064871e-12,2.818046730064871
894,2.857319451803433e-08,2.990354969789954e-12,2.990354969789954
895,2.8573341215521386e-08,3.1370524568471277e-12,3.137052456847128
896,2.8573463345895234e-08,3.2591828306950992e-12,3.2591828306950994
897,2.8573578289499456e-08,3.374126434917479e-12,3.374126434917479
898,2.8573687368965836e-08,3.4832059012970092e-12,3.4832059012970094
899,2.8573763872412426e-08,3.559709347886877e-12,3.559709347886877
900,2.8573853401680756e-08,3.64923861621742e-12,3.64923861621742
901,2.8573911904972485e-08,3.707741907946722e-12,3.707741907946722
902,2.857397964939367e-08,3.775486329130568e-12,3.7754863291305685
903,2.857404431869223e-08,3.840155627692594e-12,3.840155627692594
904,2.8574070116740824e-08,3.8659536762858e-12,3.8659536762858004
905,2.8574127845004183e-08,3.923681939644628e-12,3.923681939644628
906,2.8574149079063074e-08,3.944915998535175e-12,3.9449159985351754
907,2.8574185549848775e-08,3.98138678423653e-12,3.98138678423653
908,2.8574217253655022e-08,4.013090590483482e-12,4.013090590483483
909,2.8574207832805505e-08,4.003669740966321e-12,4.0036697409663216
910,2.8560662147886716e-08,-9.542015177822254e-12,-9.542015177822254
911,2.8561143564822112e-08,-9.060598242426231e-12,-9.06059824242623
912,2.8563425427224594e-08,-6.778735839944528e-12,-6.778735839944527
913,2.8565069217363322e-08,-5.134945701216687e-12,-5.134945701216687
914,2.856637422828578e-08,-3.829934778757513e-12,-3.8299347787575133
915,2.856742974749677e-08,-2.7744155677684002e-12,-2.7744155677684
916,2.856828620825954e-08,-1.9179548049979806e-12,-1.9179548049979807
917,2.8569031589758577e-08,-1.1725733059617136e-12,-1.1725733059617136
918,2.856966767318897e-08,-5.364898755680043e-13,-0.5364898755680043
919,2.857021571109526e-08,1.1548030720735433e-14,0.011548030720735432
920,2.8570694723541287e-08,4.905604767487286e-13,0.49056047674872866
921,2.8571116513707558e-08,9.12350643019266e-13,0.9123506430192659
922,2.8571481792668066e-08,1.2776296035271719e-12,1.277629603527172
923,2.8571795090897114e-08,1.5909278325754488e-12,1.5909278325754488
924,2.8572085022522914e-08,1.8808594583750626e-12,1.8808594583750626
925,2.857234122559491e-08,2.1370625303706075e-12,2.1370625303706077
926,2.857257726605726e-08,2.373102992720037e-12,2.373102992720037
927,2.8572768595201085e-08,2.5644321365460267e-12,2.5644321365460265
928,2.8572943820662938e-08,2.739657598399035e-12,2.739657598399035
929,2.8573106021387252e-08,2.9018583227135405e-12,2.9018583227135406
930,2.8573252322693283e-08,3.0481596287443607e-12,3.0481596287443606
931,2.85733656947058e-08,3.1615316412601412e-12,3.161531641260141
932,2.8573483205145112e-08,3.2790420805733533e-12,3.2790420805733533
933,2.857358345814871e-08,3.3792950841717333e-12,3.3792950841717335
934,2.857366463437114e-08,3.460471306599742e-12,3.460471306599742
935,2.8573750935576578e-08,3.5467725120395085e-12,3.5467725120395084
936,2.8573806724608826e-08,3.6025615442875743e-12,3.6025615442875742
937,2.8573867237930068e-08,3.663074865529501e-12,3.6630748655295013
938,2.8573933529073108e-08,3.729366008568821e-12,3.729366008568821
939,2.8573959903524233e-08,3.755740459694502e-12,3.755740459694502
940,2.8574011684708283e-08,3.807521643744285e-12,3.807521643744285
941,2.8574039089273445e-08,3.834926208906572e-12,3.834926208906572
942,2.8574065816876324e-08,3.861653811784886e-12,3.861653811784886
943,2.8574102488767975e-08,3.89832570343671e-12,3.8983257034367096
944,2.8574115150189366e-08,3.9109871248272126e-12,3.9109871248272126
945,2.856055098436692e-08,-9.653178697617736e-12,-9.653178697617737
946,2.8561053567029366e-08,-9.150596035173087e-12,-9.150596035173086
947,2.8563347878051456e-08,-6.856285013082285e-12,-6.856285013082285
948,2.8564966047205358e-08,-5.2381158591803565e-12,-5.238115859180357
949,2.8566290569240378e-08,-3.913593824160514e-12,-3.9135938241605137
950,2.8567322266252813e-08,-2.8818968117254696e-12,-2.8818968117254697
951,2.8568190711162982e-08,-2.0134519015566444e-12,-2.0134519015566443
952,2.8568936765653412e-08,-1.2673974111268614e-12,-1.2673974111268613
953,2.856956523866218e-08,-6.389244023576424e-13,-0.6389244023576425
954,2.8570111503504894e-08,-9.265955964420405e-14,-0.09265955964420405
955,2.8570581472010738e-08,3.7730894619936553e-13,0.37730894619936556
956,2.857100409315021e-08,7.999300856724772e-13,0.7999300856724771
957,2.857137259888612e-08,1.1684358215810802e-12,1.1684358215810802
958,2.8571700630514673e-08,1.4964674501341157e-12,1.4964674501341158
959,2.8571967331821437e-08,1.7631687568981476e-12,1.7631687568981476
960,2.857222548831404e-08,2.021325249500387e-12,2.021325249500387
961,2.8572450482653605e-08,2.246319589065991e-12,2.246319589065991
962,2.8572664315470618e-08,2.4601524060790355e-12,2.4601524060790356
963,2.8572822067374605e-08,2.617904310066654e-12,2.617904310066654
964,2.857297135876115e-08,2.7671956966113905e-12,2.7671956966113904
965,2.857314021651391e-08,2.9360534493700113e-12,2.9360534493700112
966,2.8573253509488086e-08,3.0493464235474176e-12,3.0493464235474175
967,2.8573353769782944e-08,3.1496067184054077e-12,3.1496067184054075
968,2.857345985053585e-08,3.255687471311223e-12,3.2556874713112234
969,2.8573545487748774e-08,3.341324684235505e-12,3.341324684235505
970,2.8573616270050235e-08,3.412106985696547e-12,3.412106985696547
971,2.8573693181807363e-08,3.489018742824573e-12,3.489018742824573
972,2.857373835220419e-08,3.5341891396528973e-12,3.5341891396528973
973,2.8573791420851216e-08,3.5872577866774526e-12,3.5872577866774527
974,2.85738512171218e-08,3.647054057260079e-12,3.647054057260079
975,2.8573870447141394e-08,3.666284076855004e-12,3.6662840768550042
976,2.8573913609365406e-08,3.709446300866924e-12,3.7094463008669236
977,2.857393959179613e-08,3.735428731592088e-12,3.7354287315920884
978,2.8573958914542117e-08,3.754751477577815e-12,3.7547514775778152
979,2.8573996370569437e-08,3.792207504898362e-12,3.7922075048983617
980,2.8560520064601475e-08,-9.684098463063655e-12,-9.684098463063656
981,2.856102270631228e-08,-9.181456752258187e-12,-9.181456752258187
982,2.8563285400996135e-08,-6.918762068404072e-12,-6.918762068404072
983,2.8564959902597966e-08,-5.244260466572701e-12,-5.244260466572701
984,2.856621661610835e-08,-3.9875469561901526e-12,-3.9875469561901524
985,2.856727531695127e-08,-2.9288461132682995e-12,-2.9288461132682997
986,2.8568151035651842e-08,-2.0531274126970135e-12,-2.0531274126970134
987,2.8568880711764126e-08,-1.3234513004131383e-12,-1.3234513004131383
988,2.8569508127228543e-08,-6.960358359954889e-13,-0.6960358359954889
989,2.8570045515098207e-08,-1.5864796633191133e-13,-0.15864796633191133
990,2.8570516652062284e-08,3.1248899774547304e-13,0.31248899774547306
991,2.8570927648169223e-08,7.234851046847606e-13,0.7234851046847606
992,2.857128992799613e-08,1.08576493159061e-12,1.08576493159061
993,2.8571612926297412e-08,1.4087632328730445e-12,1.4087632328730444
994,2.8571893732518786e-08,1.6895694542474995e-12,1.6895694542474995
995,2.8572152441249765e-08,1.948278185226294e-12,1.9482781852262943
996,2.85723747969394e-08,2.170633874859666e-12,2.170633874859666
997,2.8572559137004312e-08,2.3549739397736895e-12,2.3549739397736897
998,2.8572737980936706e-08,2.5338178721672596e-12,2.5338178721672597
999,2.8572904810377593e-08,2.7006473130541216e-12,2.7006473130541218
1000,2.8573031811448386e-08,2.8276483838468213e-12,2.8276483838468214
1001,2.8573152557472242e-08,2.948394407703382e-12,2.9483944077033817
1002,2.8573267072545556e-08,3.0629094810170867e-12,3.0629094810170865
1003,2.857336068279152e-08,3.1565197269824468e-12,3.156519726982447
1004,2.8573442416131235e-08,3.2382530666967873e-12,3.2382530666967875
1005,2.8573524223223803e-08,3.320060159263911e-12,3.320060159263911
1006,2.8573573455516308e-08,3.3692924517688166e-12,3.3692924517688168
1007,2.857363408236707e-08,3.42991930253073e-12,3.42991930253073
1008,2.8573715223542662e-08,3.5110604781235132e-12,3.5110604781235133
1009,2.8573724325962e-08,3.5201628974626153e-12,3.5201628974626153
1010,2.857377063154561e-08,3.566468481070586e-12,3.566468481070586
1011,2.857381226339115e-08,3.608100326610988e-12,3.608100326610988
1012,2.8573811020014546e-08,3.6068569500070546e-12,3.6068569500070544
1013,2.8573869916573508e-08,3.665753508969371e-12,3.665753508969371
1014,2.8573877153907612e-08,3.672990843073782e-12,3.6729908430737823
1015,2.8560681655055492e-08,-9.522508009046987e-12,-9.522508009046987
1016,2.856122591038369e-08,-8.978252680850142e-12,-8.978252680850142
1017,2.8563479435874902e-08,-6.7247271896364275e-12,-6.724727189636427
1018,2.8565115183496782e-08,-5.088979567756394e-12,-5.088979567756394
1019,2.856639971081799e-08,-3.804452246549027e-12,-3.8044522465490274
1020,2.856740847043571e-08,-2.7956926288276136e-12,-2.7956926288276134
1021,2.8568279780038413e-08,-1.92438302612612e-12,-1.92438302612612
1022,2.856899795536773e-08,-1.206207696807102e-12,-1.206207696807102
1023,2.8569616151684894e-08,-5.8801137964495e-13,-0.58801137964495
1024,2.8570147744615918e-08,-5.6418448620563025e-14,-0.05641844862056303
1025,2.8570605401098074e-08,4.012380335351142e-13,0.4012380335351142
1026,2.8571016562803342e-08,8.123997388037218e-13,0.8123997388037217
1027,2.857136647659974e-08,1.1623135352009619e-12,1.162313535200962
1028,2.8571686634101595e-08,1.4824710370561041e-12,1.482471037056104
1029,2.8571958159200007e-08,1.7539961354683772e-12,1.753996135468377
1030,2.8572190930101628e-08,1.986767037088878e-12,1.986767037088878
1031,2.8572411344445956e-08,2.2071813814172513e-12,2.2071813814172514
1032,2.857259335985944e-08,2.3891967949007217e-12,2.389196794900722
1033,2.8572789576152978e-08,2.585413088439407e-12,2.5854130884394073
1034,2.8572912839667174e-08,2.7086766026354247e-12,2.7086766026354248
1035,2.8573050044489873e-08,2.845881425334037e-12,2.845881425334037
1036,2.8573175759574916e-08,2.9715965103774246e-12,2.9715965103774247
1037,2.857327003281051e-08,3.0658697459712596e-12,3.0658697459712596
1038,2.8573361327674973e-08,3.157164610434641e-12,3.1571646104346414
1039,2.85734559198964e-08,3.2517568318601486e-12,3.2517568318601486
1040,2.8573503906467713e-08,3.2997434031739225e-12,3.2997434031739226
1041,2.8573572970566228e-08,3.368807501689591e-12,3.368807501689591
1042,2.8573638480771995e-08,3.4343177074565963e-12,3.4343177074565965
1043,2.8573666134784972e-08,3.4619717204337177e-12,3.4619717204337177
1044,2.8573714527728813e-08,3.5103646642742663e-12,3.5103646642742663
1045,2.857375202389872e-08,3.5478608341802494e-12,3.5478608341802493
1046,2.8573772460933487e-08,3.568297868948748e-12,3.5682978689487483
1047,2.857380915454984e-08,3.604991485301603e-12,3.604991485301603
1048,2.8573813189191385e-08,3.6090261268460735e-12,3.6090261268460733
1049,2.857383599290397e-08,3.6318298394318365e-12,3.6318298394318367
1050,2.8560753688621127e-08,-9.450474443411207e-12,-9.450474443411206
1051,2.8561296030074992e-08,-8.908132989546815e-12,-8.908132989546814
1052,2.8563531979591892e-08,-6.672183472646208e-12,-6.672183472646208
1053,2.856516219631902e-08,-5.041966745518784e-12,-5.041966745518784
1054,2.8566430316964405e-08,-3.7738461001340266e-12,-3.7738461001340267
1055,2.856746978477907e-08,-2.734378285468127e-12,-2.734378285468127
1056,2.8568314467569038e-08,-1.8896954955004878e-12,-1.8896954955004879
1057,2.8569021224243707e-08,-1.1829388208317613e-12,-1.1829388208317613
1058,2.8569635715530338e-08,-5.684475342011167e-13,-0.5684475342011167
1059,2.8570163021756365e-08,-4.114130817377584e-14,-0.04114130817377584
1060,2.8570630772214957e-08,4.2660915041785005e-13,0.4266091504178501
1061,2.857102358419148e-08,8.19421126940428e-13,0.819421126940428
1062,2.857136811084478e-08,1.1639477802406036e-12,1.1639477802406035
1063,2.857167667490504e-08,1.4725118405027226e-12,1.4725118405027227
1064,2.8571952621000442e-08,1.7484579359036311e-12,1.7484579359036312
1065,2.8572188289107108e-08,1.9841260425694476e-12,1.9841260425694476
1066,2.8572416543900104e-08,2.2123808355657314e-12,2.2123808355657313
1067,2.8572582153749073e-08,2.377990684533819e-12,2.377990684533819
1068,2.85727530360461e-08,2.548872981561649e-12,2.548872981561649
1069,2.85729042030753e-08,2.700040010759731e-12,2.700040010759731
1070,2.8573036581070583e-08,2.8324180060440195e-12,2.8324180060440196
1071,2.85731402470342e-08,2.9360839696611667e-12,2.936083969661167
1072,2.8573244801555707e-08,3.0406384911687744e-12,3.0406384911687745
1073,2.8573343937763306e-08,3.1397746987668586e-12,3.1397746987668587
1074,2.8573404994635754e-08,3.200831571215434e-12,3.200831571215434
1075,2.8573481535406004e-08,3.2773723414650898e-12,3.2773723414650897
1076,2.8573545809567084e-08,3.341646502545353e-12,3.3416465025453532
1077,2.8573585088721015e-08,3.3809256564765157e-12,3.3809256564765158
1078,2.857364076693425e-08,3.4366038697100264e-12,3.4366038697100265
1079,2.8573674056603013e-08,3.469893538474673e-12,3.469893538474673
1080,2.8573702401144354e-08,3.4982380798154505e-12,3.4982380798154504
1081,2.8573742533145267e-08,3.5383700807280174e-12,3.538370080728017
1082,2.8573748947258214e-08,3.5447841936753873e-12,3.544784193675387
1083,2.857377177677481e-08,3.5676137102728555e-12,3.5676137102728553
1084,2.857380977909095e-08,3.6056160264105363e-12,3.6056160264105364
1085,2.856093930292175e-08,-9.264860142788916e-12,-9.264860142788915
1086,2.8561510461493577e-08,-8.693701570961814e-12,-8.693701570961814
1087,2.8563749189766435e-08,-6.4549732981032355e-12,-6.454973298103235
1088,2.8565368824829437e-08,-4.835338235101471e-12,-4.835338235101471
1089,2.856662998470714e-08,-3.5741783573994507e-12,-3.574178357399451
1090,2.8567627348180958e-08,-2.5768148835807223e-12,-2.5768148835807225
1091,2.8568479006510863e-08,-1.7251565536757458e-12,-1.7251565536757458
1092,2.856918293416325e-08,-1.0212289012882129e-12,-1.021228901288213
1093,2.856978444204755e-08,-4.197210169882452e-13,-0.41972101698824515
1094,2.8570298352400083e-08,9.418933554442391e-14,0.09418933554442391
1095,2.857075704560991e-08,5.528825453699589e-13,0.552882545369959
1096,2.8571139792192275e-08,9.356291277363603e-13,0.9356291277363603
1097,2.8571488544428675e-08,1.2843813641361081e-12,1.2843813641361082
1098,2.857179595808267e-08,1.5917950181305842e-12,1.5917950181305842
1099,2.8572042559473778e-08,1.8383964092391246e-12,1.8383964092391247
1100,2.8572278276179806e-08,2.0741131152673228e-12,2.074113115267323
1101,2.8572485332651926e-08,2.28116958738717e-12,2.2811695873871702
1102,2.8572681667746918e-08,2.4775046823789056e-12,2.4775046823789055
1103,2.857282059478411e-08,2.61643171957093e-12,2.61643171957093
1104,2.857296815467268e-08,2.7639916081411527e-12,2.763991608141153
1105,2.8573094454345982e-08,2.8902912814434172e-12,2.8902912814434174
1106,2.8573207099590677e-08,3.0029365261379264e-12,3.0029365261379266
1107,2.8573281107732414e-08,3.0769446678752917e-12,3.0769446678752916
1108,2.857339759598592e-08,3.1934329213802844e-12,3.1934329213802846
1109,2.8573460981358716e-08,3.2568182941771256e-12,3.2568182941771258
1110,2.8573516003724503e-08,3.3118406599639726e-12,3.3118406599639725
1111,2.8573579995586442e-08,3.375832521903575e-12,3.375832521903575
1112,2.857361747186124e-08,3.413308796699693e-12,3.413308796699693
1113,2.8573667632732246e-08,3.463469667707751e-12,3.4634696677077508
1114,2.857371033430586e-08,3.5061712413216355e-12,3.5061712413216357
1115,2.8573718753284807e-08,3.514590220268784e-12,3.514590220268784
1116,2.8573751935129666e-08,3.547772065127377e-12,3.547772065127377
1117,2.8573784559803028e-08,3.58039673848953e-12,3.58039673848953
1118,2.8573778574681775e-08,3.574411617236758e-12,3.574411617236758
1119,2.857381238867071e-08,3.6082256061720188e-12,3.608225606172019
1120,2.8561099784562205e-08,-9.104378502334049e-12,-9.104378502334049
1121,2.8561686734755514e-08,-8.517428309024261e-12,-8.517428309024261
1122,2.8563905555423078e-08,-6.29860764146083e-12,-6.29860764146083
1123,2.8565533025391764e-08,-4.6711376727747615e-12,-4.671137672774761
1124,2.8566757346451337e-08,-3.4468166132015466e-12,-3.4468166132015465
1125,2.8567769502860912e-08,-2.434660203626263e-12,-2.434660203626263
1126,2.8568607703328064e-08,-1.5964597364751702e-12,-1.5964597364751703
1127,2.856930672398984e-08,-8.974390747000894e-13,-0.8974390747000894
1128,2.8569899708012184e-08,-3.0445505235493117e-13,-0.30445505235493114
1129,2.8570410497299028e-08,2.063342344888582e-13,0.2063342344888582
1130,2.857085381593929e-08,6.496528747498811e-13,0.6496528747498811
1131,2.8571234498282034e-08,1.030335217495033e-12,1.030335217495033
1132,2.857157760636521e-08,1.3734433006727286e-12,1.3734433006727287
1133,2.857187918096709e-08,1.675017902552121e-12,1.675017902552121
1134,2.8572129606664522e-08,1.9254435999836696e-12,1.9254435999836697
1135,2.857235173788365e-08,2.1475748191097554e-12,2.1475748191097552
1136,2.8572557486740186e-08,2.3533236756469494e-12,2.3533236756469496
1137,2.8572741891626837e-08,2.5377285622983605e-12,2.5377285622983603
1138,2.8572889237859817e-08,2.685074795277968e-12,2.685074795277968
1139,2.857302231830969e-08,2.8181552451498098e-12,2.8181552451498098
1140,2.857314957748836e-08,2.9454144238221968e-12,2.945414423822197
1141,2.8573261111683327e-08,3.0569486187879243e-12,3.0569486187879242
1142,2.8573339237665573e-08,3.135074601033971e-12,3.135074601033971
1143,2.8573430203623754e-08,3.226040559215802e-12,3.226040559215802
1144,2.8573504737237627e-08,3.3005741730885895e-12,3.3005741730885894
1145,2.8573554526403473e-08,3.350363338934338e-12,3.3503633389343377
1146,2.8573616920652854e-08,3.4127575883152013e-12,3.4127575883152015
1147,2.857365799936555e-08,3.4538363010122554e-12,3.4538363010122555
1148,2.8573693442978114e-08,3.4892799135753976e-12,3.489279913575398
1149,2.857373852391471e-08,3.5343608501719647e-12,3.5343608501719648
1150,2.8573747831925887e-08,3.5436688613480243e-12,3.5436688613480243
1151,2.857377646993365e-08,3.572306869111839e-12,3.572306869111839
1152,2.8573805246787055e-08,3.601083722516368e-12,3.601083722516368
1153,2.8573802972429053e-08,3.598809364514091e-12,3.5988093645140906
1154,2.857382961920466e-08,3.625456140120446e-12,3.625456140120446
1155,2.8561202790111173e-08,-9.001372953365217e-12,-9.001372953365216
1156,2.8561798334517607e-08,-8.405828546932153e-12,-8.405828546932153
1157,2.856400229288758e-08,-6.201870176959261e-12,-6.201870176959261
1158,2.8565622728254415e-08,-4.581434810123876e-12,-4.581434810123876
1159,2.8566846392206156e-08,-3.3577708583823505e-12,-3.3577708583823505
1160,2.85678571495748e-08,-2.347013489737915e-12,-2.347013489737915
1161,2.85686850101007e-08,-1.5191529638381263e-12,-1.5191529638381263
1162,2.856937994913432e-08,-8.24213930219166e-13,-0.824213930219166
1163,2.856997036812406e-08,-2.3379494047872826e-13,-0.23379494047872826
1164,2.8570479001949222e-08,2.7483888468352416e-13,0.2748388846835242
1165,2.857091764896561e-08,7.134859010712143e-13,0.7134859010712143
1166,2.8571297825582252e-08,1.0936625177130104e-12,1.0936625177130104
1167,2.857163661444792e-08,1.4324513833810126e-12,1.4324513833810126
1168,2.8571935541685592e-08,1.7313786210532114e-12,1.7313786210532114
1169,2.857217317252345e-08,1.9690094589118783e-12,1.9690094589118783
1170,2.857240383547855e-08,2.1996724140110512e-12,2.1996724140110513
1171,2.8572604475859053e-08,2.4003127945145638e-12,2.400312794514564
1172,2.8572793444870933e-08,2.5892818063939057e-12,2.5892818063939056
1173,2.8572923390892324e-08,2.719227827785092e-12,2.719227827785092
1174,2.8573065258922776e-08,2.8610958582376732e-12,2.861095858237673
1175,2.8573195425606415e-08,2.9912625418760146e-12,2.9912625418760146
1176,2.8573284377564193e-08,3.0802144996547636e-12,3.0802144996547636
1177,2.8573378411164002e-08,3.174248099463425e-12,3.174248099463425
1178,2.8573469704361505e-08,3.2655412969659663e-12,3.2655412969659663
1179,2.8573513930120085e-08,3.3097670555464583e-12,3.3097670555464584
1180,2.857359539474029e-08,3.3912316757523483e-12,3.391231675752348
1181,2.8573652311532534e-08,3.4481484679951792e-12,3.4481484679951793
1182,2.8573673998787933e-08,3.4698357233938253e-12,3.4698357233938255
1183,2.8573720369410118e-08,3.5162063455796182e-12,3.516206345579618
1184,2.8573758537975107e-08,3.5543749105679225e-12,3.5543749105679225
1185,2.8573772398537652e-08,3.5682354731137216e-12,3.5682354731137216
1186,2.8573807019023926e-08,3.6028559593875128e-12,3.602855959387513
1187,2.8573811029609735e-08,3.606866545196281e-12,3.606866545196281
1188,2.857382427392532e-08,3.6201108607797665e-12,3.6201108607797665
1189,2.8573851314849072e-08,3.647151784533402e-12,3.647151784533402
1190,2.8561274574079917e-08,-8.92958898462207e-12,-8.92958898462207
1191,2.856186193609387e-08,-8.34222697066959e-12,-8.342226970669591
1192,2.8564080238201086e-08,-6.123924863452732e-12,-6.123924863452732
1193,2.856568014728976e-08,-4.5240157747771685e-12,-4.524015774777168
1194,2.856693239585231e-08,-3.271767212228823e-12,-3.2717672122288226
1195,2.85679078844902e-08,-2.2962785743371076e-12,-2.2962785743371077
1196,2.8568738527620977e-08,-1.4656354435616349e-12,-1.4656354435616348
1197,2.856943498400909e-08,-7.691790554497539e-13,-0.7691790554497538
1198,2.8570022578665723e-08,-1.8158439881611374e-13,-0.18158439881611374
1199,2.857053130181559e-08,3.2713875105262433e-13,0.32713875105262435
1200,2.8570967559155523e-08,7.633960909844663e-13,0.7633960909844664
1201,2.8571355093493368e-08,1.1509304288294008e-12,1.1509304288294009
1202,2.857168433303156e-08,1.4801699670228024e-12,1.4801699670228023
1203,2.8571954438462097e-08,1.7502753975578957e-12,1.7502753975578957
1204,2.8572220625762163e-08,2.0164626976244795e-12,2.0164626976244793
1205,2.8572446607037414e-08,2.24244397287517e-12,2.24244397287517
1206,2.857265239519628e-08,2.4482321317411165e-12,2.4482321317411166
1207,2.8572807935747964e-08,2.6037726834252064e-12,2.6037726834252064
1208,2.8572966183891286e-08,2.7620208267471715e-12,2.7620208267471713
1209,2.8573104777888676e-08,2.9006148241368625e-12,2.9006148241368623
1210,2.8573217371254296e-08,3.0132081897574183e-12,3.0132081897574183
1211,2.8573317301653538e-08,3.1131385889993753e-12,3.1131385889993752
1212,2.8573417740258996e-08,3.2135771944571578e-12,3.213577194457158
1213,2.8573483167740137e-08,3.2790046755984025e-12,3.2790046755984026
1214,2.8573553886249853e-08,3.349723185314121e-12,3.349723185314121
1215,2.8573625441655225e-08,3.421278590686781e-12,3.421278590686781
1216,2.8573655926099947e-08,3.45176303540792e-12,3.45176303540792
1217,2.8573705994732455e-08,3.5018316679161537e-12,3.5018316679161536
1218,2.857375425486153e-08,3.550091796990573e-12,3.5500917969905728
1219,2.8573764728945694e-08,3.5605658811556678e-12,3.560565881155668
1220,2.8573804261098202e-08,3.60009803366378e-12,3.60009803366378
1221,2.857382042073856e-08,3.616257674021389e-12,3.616257674021389
1222,2.8573833529827028e-08,3.629366762488911e-12,3.629366762488911
1223,2.857386196613253e-08,3.657803067991062e-12,3.657803067991062
1224,2.857383894494254e-08,3.6347818780020257e-12,3.6347818780020256
1225,2.8561341674498563e-08,-8.862488565976153e-12,-8.862488565976152
1226,2.8561933152157514e-08,-8.271010907024392e-12,-8.271010907024392
1227,2.8564148972417538e-08,-6.055190647000569e-12,-6.055190647000569
1228,2.856573092894783e-08,-4.4732341167102e-12,-4.473234116710199
1229,2.8566979147598664e-08,-3.225015465874347e-12,-3.225015465874347
1230,2.856797553369133e-08,-2.22862937320906e-12,-2.22862937320906
1231,2.856880003004631e-08,-1.4041330182302764e-12,-1.4041330182302765
1232,2.856948966104293e-08,-7.145020216073706e-13,-0.7145020216073706
1233,2.8570072396996607e-08,-1.3176606793192555e-13,-0.13176606793192555
1234,2.857057335140423e-08,3.691883396900849e-13,0.3691883396900849
1235,2.857100796211211e-08,8.037990475724645e-13,0.8037990475724646
1236,2.8571384200933568e-08,1.1800378690288476e-12,1.1800378690288476
1237,2.8571721092879115e-08,1.516929814575869e-12,1.5169298145758692
1238,2.8572009559842647e-08,1.805396778108145e-12,1.805396778108145
1239,2.857226913456656e-08,2.0649715020196854e-12,2.0649715020196853
1240,2.8572481260700274e-08,2.277097635735439e-12,2.277097635735439
1241,2.857266534916252e-08,2.4611860979828103e-12,2.4611860979828104
1242,2.8572860083853134e-08,2.655920788595213e-12,2.6559207885952127
1243,2.85730137969414e-08,2.809633876859997e-12,2.809633876859997
1244,2.857312420423018e-08,2.9200411656401703e-12,2.9200411656401704
1245,2.8573247567707815e-08,3.043404643276491e-12,3.043404643276491
1246,2.8573364590811804e-08,3.160427747265698e-12,3.160427747265698
1247,2.8573430377177417e-08,3.2262141128785626e-12,3.2262141128785626
1248,2.8573514692381975e-08,3.3105293174363514e-12,3.3105293174363513
1249,2.8573594993395752e-08,3.3908303312131484e-12,3.3908303312131483
1250,2.8573634438554588e-08,3.4302754900494458e-12,3.430275490049446
1251,2.8573692476086617e-08,3.488313022077975e-12,3.4883130220779752
1252,2.8573739917995417e-08,3.5357549308778737e-12,3.5357549308778737
1253,2.8573760757553794e-08,3.556594489255435e-12,3.556594489255435
1254,2.8573811056796104e-08,3.606893731565756e-12,3.6068937315657563
1255,2.8573819147072058e-08,3.6149840075192615e-12,3.6149840075192614
1256,2.8573829863610934e-08,3.6257005463951785e-12,3.6257005463951786
1257,2.857387986064544e-08,3.675697580902447e-12,3.6756975809024466
1258,2.857386251393923e-08,3.658350874691238e-12,3.6583508746912377
1259,2.8573867924446884e-08,3.663761382345119e-12,3.663761382345119
1260,2.8561482427291555e-08,-8.721735772983244e-12,-8.721735772983244
1261,2.856204575289571e-08,-8.158410168829063e-12,-8.158410168829063
1262,2.8564253800903382e-08,-5.950362161156502e-12,-5.950362161156502
1263,2.8565863020740844e-08,-4.341142323694393e-12,-4.341142323694393
1264,2.856709090595243e-08,-3.113257112109458e-12,-3.113257112109458
1265,2.8568071108918207e-08,-2.1330541463313414e-12,-2.1330541463313413
1266,2.8568898773352592e-08,-1.3053897119469738e-12,-1.3053897119469737
1267,2.8569585816724547e-08,-6.183463399915577e-13,-0.6183463399915576
1268,2.857016475588353e-08,-3.94071810089939e-14,-0.0394071810089939
1269,2.8570670619423063e-08,4.664563585247593e-13,0.46645635852475936
1270,2.8571100521129203e-08,8.963580646639099e-13,0.8963580646639099
1271,2.8571484583160512e-08,1.2804200959736608e-12,1.2804200959736607
1272,2.857180228098711e-08,1.5981179225701938e-12,1.5981179225701938
1273,2.8572082260423012e-08,1.8780973584729656e-12,1.8780973584729657
1274,2.8572339076015025e-08,2.1349129504858563e-12,2.134912950485856
1275,2.857255695075129e-08,2.352787686750454e-12,2.352787686750454
1276,2.8572760027456047e-08,2.555864391508286e-12,2.555864391508286
1277,2.8572912985180658e-08,2.7088221161194994e-12,2.7088221161194994
1278,2.857306768699354e-08,2.8635239290029545e-12,2.8635239290029544
1279,2.8573212816060184e-08,3.0086529956448834e-12,3.0086529956448835
1280,2.8573302743989653e-08,3.0985809251142495e-12,3.0985809251142493
1281,2.857341262066989e-08,3.2084576053512084e-12,3.2084576053512084
1282,2.8573512330799908e-08,3.3081677353692978e-12,3.308167735369298
1283,2.857356286446028e-08,3.3587013957418376e-12,3.3587013957418375
1284,2.8573642493824364e-08,3.438330759825307e-12,3.4383307598253072
1285,2.8573707258370087e-08,3.5030953055481855e-12,3.5030953055481855
1286,2.857373755597967e-08,3.533392915129951e-12,3.533392915129951
1287,2.8573791146493856e-08,3.586983429317705e-12,3.586983429317705
1288,2.8573819291623313e-08,3.615128558773908e-12,3.615128558773908
1289,2.857384712115507e-08,3.642958090530228e-12,3.642958090530228
1290,2.857388537049312e-08,3.681207428580382e-12,3.681207428580382
1291,2.8573881250375786e-08,3.6770873112471385e-12,3.6770873112471385
1292,2.857390553581327e-08,3.701372748731929e-12,3.701372748731929
1293,2.8573921080968494e-08,3.7169179039557545e-12,3.7169179039557543
1294,2.857389835942488e-08,3.694196360342139e-12,3.6941963603421386
1295,2.856154178935272e-08,-8.662373711818171e-12,-8.662373711818171
1296,2.8562128793783244e-08,-8.075369281294705e-12,-8.075369281294705
1297,2.856432197983214e-08,-5.882183232399505e-12,-5.8821832323995045
1298,2.8565924857141102e-08,-4.279305923436328e-12,-4.279305923436327
1299,2.8567135482789226e-08,-3.068680275312988e-12,-3.068680275312988
1300,2.856814220382226e-08,-2.0619592422789174e-12,-2.0619592422789172
1301,2.8568954949594093e-08,-1.249213470445532e-12,-1.249213470445532
1302,2.8569639655751425e-08,-5.645073131133428e-13,-0.5645073131133428
1303,2.857022428249948e-08,2.0119434940808397e-14,0.0201194349408084
1304,2.8570721209800762e-08,5.170467362234473e-13,0.5170467362234473
1305,2.8571152947793016e-08,9.487847284770822e-13,0.9487847284770822
1306,2.857152456353575e-08,1.3204004712124056e-12,1.3204004712124056
1307,2.8571860992716706e-08,1.656829652167156e-12,1.656829652167156
1308,2.8572137464501083e-08,1.9333014365439213e-12,1.9333014365439212
1309,2.8572380920337086e-08,2.176757272547011e-12,2.176757272547011
1310,2.857260364557703e-08,2.3994825124908744e-12,2.3994825124908745
1311,2.857280413578198e-08,2.5999727174409706e-12,2.5999727174409704
1312,2.8572966686581623e-08,2.7625235170844444e-12,2.7625235170844444
1313,2.8573108628080325e-08,2.9044650157867387e-12,2.9044650157867387
1314,2.857324461617069e-08,3.0404531061498065e-12,3.0404531061498066
1315,2.857336063424637e-08,3.1564711818301738e-12,3.156471181830174
1316,2.8573449935669613e-08,3.245772605074169e-12,3.245772605074169
1317,2.8573545044960607e-08,3.340881896068262e-12,3.340881896068262
1318,2.857361949716445e-08,3.415334099910423e-12,3.415334099910423
1319,2.8573678012463717e-08,3.473849399178785e-12,3.473849399178785
1320,2.857374779307079e-08,3.543630006252668e-12,3.543630006252668
1321,2.8573777344247835e-08,3.5731811832962586e-12,3.5731811832962586
1322,2.8573824175330683e-08,3.620012266144706e-12,3.6200122661447063
1323,2.857387088885891e-08,3.666725794372602e-12,3.666725794372602
1324,2.8573874496284142e-08,3.6703332196035315e-12,3.6703332196035316
1325,2.8573921470373257e-08,3.71730730871853e-12,3.7173073087185298
1326,2.8573924457268927e-08,3.7202942043885644e-12,3.7202942043885643
1327,2.857393997142952e-08,3.735808364982784e-12,3.735808364982784
1328,2.8573963377050496e-08,3.75921398595713e-12,3.7592139859571296
1329,2.8573930067811882e-08,3.7259047473432696e-12,3.7259047473432694
1330,2.8561534219304074e-08,-8.669943760464264e-12,-8.669943760464264
1331,2.856211035734543e-08,-8.093805719109479e-12,-8.09380571910948
1332,2.8564313988760684e-08,-5.890174303854228e-12,-5.890174303854228
1333,2.856590546523657e-08,-4.298697827968132e-12,-4.298697827968132
1334,2.8567131771389006e-08,-3.072391675532259e-12,-3.072391675532259
1335,2.8568136184643506e-08,-2.0679784210324324e-12,-2.0679784210324326
1336,2.8568951026530505e-08,-1.2531365340339263e-12,-1.2531365340339262
1337,2.856963627997954e-08,-5.678830849975936e-13,-0.5678830849975937
1338,2.8570218477342235e-08,1.4314277696142105e-14,0.014314277696142104
1339,2.8570718928449656e-08,5.147653851171576e-13,0.5147653851171576
1340,2.857115015381757e-08,9.459907530311142e-13,0.9459907530311142
1341,2.8571528034432823e-08,1.323871368284765e-12,1.323871368284765
1342,2.857185482851236e-08,1.650665447820544e-12,1.650665447820544
1343,2.857215105817371e-08,1.946895109172436e-12,1.9468951091724358
1344,2.8572382054520978e-08,2.177891456439648e-12,2.177891456439648
1345,2.857260682413254e-08,2.40266106799995e-12,2.4026610679999503
1346,2.8572802234701233e-08,2.598071636694153e-12,2.598071636694153
1347,2.8572984168786e-08,2.7800057214621598e-12,2.78000572146216
1348,2.8573111739496615e-08,2.9075764320762833e-12,2.9075764320762834
1349,2.8573250352277807e-08,3.0461892132686127e-12,3.0461892132686126
1350,2.8573376281086204e-08,3.1721180216652513e-12,3.172118021665251
1351,2.8573456655324285e-08,3.2524922597462726e-12,3.2524922597462727
1352,2.857355138735358e-08,3.347224289041922e-12,3.347224289041922
1353,2.8573636509462053e-08,3.432346397514056e-12,3.4323463975140562
1354,2.8573688027306947e-08,3.4838642424086696e-12,3.4838642424086697
1355,2.8573753717070147e-08,3.5495540056079657e-12,3.5495540056079657
1356,2.857379735857928e-08,3.5931955147427596e-12,3.5931955147427597
1357,2.8573834960716397e-08,3.630797651858576e-12,3.630797651858576
1358,2.8573886592226337e-08,3.6824291617984475e-12,3.6824291617984475
1359,2.857389163699194e-08,3.687473927401968e-12,3.6874739274019683
1360,2.857392537377213e-08,3.721210707590021e-12,3.721210707590021
1361,2.8573948856086854e-08,3.7446930223155424e-12,3.7446930223155426
1362,2.8573954146017674e-08,3.7499829531353165e-12,3.7499829531353166
1363,2.8573982857046454e-08,3.778693981915448e-12,3.778693981915448
1364,2.8573944661823645e-08,3.740498759106228e-12,3.7404987591062278
1365,2.8561567166419163e-08,-8.636996645376014e-12,-8.636996645376014
1366,2.8562152581951402e-08,-8.051581113136325e-12,-8.051581113136326
1367,2.8564357557221698e-08,-5.846605842840805e-12,-5.846605842840805
1368,2.8565940725984885e-08,-4.2634370796539065e-12,-4.263437079653906
1369,2.8567174987186158e-08,-3.0291758783804915e-12,-3.0291758783804914
1370,2.8568174311385396e-08,-2.0298516791429317e-12,-2.0298516791429315
1371,2.8568989723616947e-08,-1.2144394475915896e-12,-1.2144394475915896
1372,2.8569674419040678e-08,-5.297440238609081e-13,-0.5297440238609081
1373,2.8570255639022218e-08,5.147595767938626e-14,0.05147595767938626
1374,2.8570753732735303e-08,5.495696707642394e-13,0.5495696707642393
1375,2.8571187590559644e-08,9.83427495105518e-13,0.983427495105518
1376,2.8571562982768282e-08,1.3588197037429885e-12,1.3588197037429885
1377,2.8571887326808406e-08,1.6831637438669663e-12,1.6831637438669662
1378,2.8572186405902145e-08,1.982242837605949e-12,1.9822428376059489
1379,2.8572418112130784e-08,2.213949066245596e-12,2.213949066245596
1380,2.8572639835527263e-08,2.4356724627245012e-12,2.435672462724501
1381,2.857283594064942e-08,2.6317775848829255e-12,2.6317775848829257
1382,2.857301907593533e-08,2.814912870790356e-12,2.814912870790356
1383,2.857314364911154e-08,2.9394860470006275e-12,2.9394860470006274
1384,2.8573281537740548e-08,3.0773746760094266e-12,3.0773746760094265
1385,2.8573401704055056e-08,3.1975409905168863e-12,3.1975409905168863
1386,2.857349712524391e-08,3.292962179370949e-12,3.292962179370949
1387,2.8573582740488187e-08,3.378577423648711e-12,3.3785774236487107
1388,2.8573667271327005e-08,3.46310826246608e-12,3.46310826246608
1389,2.85737086878771e-08,3.5045248125600805e-12,3.5045248125600805
1390,2.8573794840248685e-08,3.590677184146619e-12,3.5906771841466187
1391,2.8573828105021458e-08,3.62394195691888e-12,3.62394195691888
1392,2.857386604639188e-08,3.66188332734194e-12,3.6618833273419398
1393,2.8573916742669027e-08,3.712579604487825e-12,3.7125796044878254
1394,2.857392097861981e-08,3.716815555270672e-12,3.7168155552706716
1395,2.8573956630101034e-08,3.752467036495334e-12,3.7524670364953336
1396,2.857397522538802e-08,3.771062323480904e-12,3.7710623234809044
1397,2.8573982137461472e-08,3.77797439693357e-12,3.7779743969335695
1398,2.857401368881534e-08,3.809525750802543e-12,3.809525750802543
1399,2.8573971683245312e-08,3.7675201807732855e-12,3.7675201807732854
1400,2.8561647509947217e-08,-8.556653117321528e-12,-8.556653117321527
1401,2.8562226194088296e-08,-7.97796897624246e-12,-7.97796897624246
1402,2.85644315938644e-08,-5.7725692001388305e-12,-5.772569200138831
1403,2.8566017943053345e-08,-4.186220011194109e-12,-4.186220011194108
1404,2.856724814889126e-08,-2.9560141732791857e-12,-2.956014173279186
1405,2.8568239032088693e-08,-1.965130975845403e-12,-1.9651309758454032
1406,2.8569052977936806e-08,-1.1511851277323477e-12,-1.1511851277323477
1407,2.856974199817524e-08,-4.621648892982572e-13,-0.4621648892982572
1408,2.857031722929503e-08,1.1306623049177031e-13,0.11306623049177031
1409,2.85708204411471e-08,6.162780825621671e-13,0.6162780825621671
1410,2.857124702947719e-08,1.0428664126520933e-12,1.0428664126520932
1411,2.8571621560802198e-08,1.417397737659556e-12,1.4173977376595561
1412,2.8571953387016382e-08,1.7492239518435464e-12,1.7492239518435464
1413,2.8572235128375683e-08,2.0309653111442973e-12,2.030965311144297
1414,2.8572472877215396e-08,2.268714150856912e-12,2.268714150856912
1415,2.8572696013124017e-08,2.4918500594786588e-12,2.491850059478659
1416,2.8572894711454484e-08,2.690548389945761e-12,2.690548389945761
1417,2.8573062312332322e-08,2.8581492677834008e-12,2.858149267783401
1418,2.8573199158351864e-08,2.9949952873255563e-12,2.9949952873255565
1419,2.8573337961356328e-08,3.1337982917890483e-12,3.133798291789048
1420,2.857344774631306e-08,3.243583248522215e-12,3.243583248522215
1421,2.8573543095809046e-08,3.338932744507622e-12,3.338932744507622
1422,2.8573639625079626e-08,3.435462015087019e-12,3.435462015087019
1423,2.857370006527143e-08,3.495902206892412e-12,3.4959022068924117
1424,2.857376733516443e-08,3.5631720998904156e-12,3.5631720998904157
1425,2.857383830785179e-08,3.634144787252946e-12,3.634144787252946
1426,2.85738647487103e-08,3.660585645761692e-12,3.660585645761692
1427,2.8573916372481747e-08,3.712209417208557e-12,3.712209417208557
1428,2.8573949705545704e-08,3.745542481165158e-12,3.745542481165158
1429,2.8573971080971005e-08,3.76691790646647e-12,3.7669179064664697
1430,2.85740109755723e-08,3.806812507760844e-12,3.806812507760844
1431,2.8574004648656312e-08,3.800485591773196e-12,3.800485591773196
1432,2.8574031316099522e-08,3.827153034983464e-12,3.827153034983464
1433,2.8574041691982075e-08,3.837528917536786e-12,3.8375289175367864
1434,2.8574022888270775e-08,3.818725206236083e-12,3.8187252062360826
1435,2.8561723708787207e-08,-8.48045427733202e-12,-8.48045427733202
1436,2.8562324462175215e-08,-7.879700889323885e-12,-7.879700889323885
1437,2.8564495050008494e-08,-5.70911305604518e-12,-5.70911305604518
1438,2.856611632813923e-08,-4.087834925308595e-12,-4.087834925308595
1439,2.8567318218844788e-08,-2.885944219750521e-12,-2.8859442197505207
1440,2.856831191356819e-08,-1.8922494963481033e-12,-1.8922494963481034
1441,2.8569130977270686e-08,-1.0731857938525744e-12,-1.0731857938525744
1442,2.856981280256732e-08,-3.913604972179508e-13,-0.3913604972179508
1443,2.8570390625092933e-08,1.8646202839464296e-13,0.18646202839464296
1444,2.85708862647144e-08,6.821016498620751e-13,0.6821016498620751
1445,2.857132038654197e-08,1.116223477432354e-12,1.1162234774323538
1446,2.857169968918324e-08,1.4955261187029094e-12,1.4955261187029094
1447,2.857200465884225e-08,1.8004957777126958e-12,1.8004957777126958
1448,2.8572291289343486e-08,2.0871262789476343e-12,2.0871262789476344
1449,2.8572539828176772e-08,2.335665112233352e-12,2.335665112233352
1450,2.857276822916088e-08,2.5640660963400685e-12,2.5640660963400683
1451,2.8572945833674006e-08,2.7416706094676346e-12,2.7416706094676346
1452,2.85731162293811e-08,2.912066316560453e-12,2.9120663165604532
1453,2.857326666285266e-08,3.0624997881211587e-12,3.062499788121159
1454,2.857339023882037e-08,3.1860757558307594e-12,3.1860757558307595
1455,2.857349989275127e-08,3.295729686731381e-12,3.2957296867313812
1456,2.857360946430991e-08,3.4053012453719483e-12,3.4053012453719482
1457,2.8573679415733037e-08,3.475252668498106e-12,3.475252668498106
1458,2.8573747218416535e-08,3.5430553519961962e-12,3.543055351996196
1459,2.8573845663648536e-08,3.641500583997228e-12,3.641500583997228
1460,2.8573870564790882e-08,3.666401726343246e-12,3.666401726343246
1461,2.8573927771024447e-08,3.723607959908549e-12,3.723607959908549
1462,2.857396595189513e-08,3.761788830591511e-12,3.7617888305915113
1463,2.8573994999392502e-08,3.790836327963347e-12,3.790836327963347
1464,2.8574034807271175e-08,3.830644206636449e-12,3.830644206636449
1465,2.857403717308163e-08,3.833010017091975e-12,3.833010017091975
1466,2.8574067924484032e-08,3.863761419493035e-12,3.8637614194930348
1467,2.857407831530147e-08,3.874152236931283e-12,3.8741522369312826
1468,2.857408367463478e-08,3.879511570242623e-12,3.879511570242623
1469,2.8574091419023137e-08,3.887255958598051e-12,3.8872559585980513
1470,2.8561645240522335e-08,-8.55892254220392e-12,-8.55892254220392
1471,2.8562225280010997e-08,-7.978883053541555e-12,-7.978883053541556
1472,2.8564445932898917e-08,-5.758230165621786e-12,-5.758230165621787
1473,2.8566020493706718e-08,-4.183669357820701e-12,-4.183669357820701
1474,2.856726879346943e-08,-2.935369595109819e-12,-2.935369595109819
1475,2.8568260815932953e-08,-1.9433471315857157e-12,-1.9433471315857158
1476,2.8569072915913315e-08,-1.131247151223844e-12,-1.131247151223844
1477,2.856975834036814e-08,-4.458226963998561e-13,-0.44582269639985606
1478,2.857034511725173e-08,1.409541871926597e-13,0.1409541871926597
1479,2.8570842164154066e-08,6.380010895274509e-13,0.6380010895274509
1480,2.857126982291696e-08,1.065659852422272e-12,1.065659852422272
1481,2.857164452676564e-08,1.4403637011004316e-12,1.4403637011004315
1482,2.85719755916124e-08,1.7714285478613211e-12,1.7714285478613212
1483,2.857226629590843e-08,2.062132843891684e-12,2.0621328438916837
1484,2.8572527191068615e-08,2.323028004076567e-12,2.323028004076567
1485,2.8572721631452548e-08,2.5174683880092485e-12,2.5174683880092483
1486,2.857292282075106e-08,2.7186576865201633e-12,2.7186576865201633
1487,2.8573103923794862e-08,2.89976073032296e-12,2.89976073032296
1488,2.8573240096199594e-08,3.0359331350553503e-12,3.0359331350553505
1489,2.8573370971043434e-08,3.1668079788951777e-12,3.1668079788951777
1490,2.8573495878709567e-08,3.291715645028188e-12,3.291715645028188
1491,2.8573582821789798e-08,3.37865872525912e-12,3.37865872525912
1492,2.8573671185459478e-08,3.4670223949390785e-12,3.4670223949390784
1493,2.8573763655856594e-08,3.5594927920554502e-12,3.55949279205545
1494,2.8573803923789354e-08,3.5997607248153925e-12,3.5997607248153924
1495,2.857387181135233e-08,3.667648287791061e-12,3.667648287791061
1496,2.8573926426424018e-08,3.722263359479287e-12,3.722263359479287
1497,2.8573956065936434e-08,3.751902871894881e-12,3.751902871894881
1498,2.8574005956976626e-08,3.8017939120872614e-12,3.8017939120872613
1499,2.8574010666534023e-08,3.806503469484104e-12,3.806503469484104
1500,2.8574050058838003e-08,3.845895773464493e-12,3.8458957734644925
1501,2.8574069852371677e-08,3.865689307138567e-12,3.8656893071385667
1502,2.8574076635641912e-08,3.872472577373141e-12,3.872472577373141
1503,2.857410244717527e-08,3.898284110730868e-12,3.8982841107308674
1504,2.8574069500683598e-08,3.865337619058867e-12,3.865337619058867
1505,2.8561608224017022e-08,-8.595939047516269e-12,-8.59593904751627
1506,2.8562191332231514e-08,-8.0128308330249e-12,-8.012830833024902
1507,2.8564396152867474e-08,-5.8080101970642315e-12,-5.808010197064232
1508,2.8565989000533848e-08,-4.215162530690593e-12,-4.215162530690593
1509,2.8567218854371975e-08,-2.985308692563495e-12,-2.985308692563495
1510,2.8568226002201194e-08,-1.9781608633442253e-12,-1.9781608633442254
1511,2.8569040639783846e-08,-1.163523280692597e-12,-1.163523280692597
1512,2.8569731206230103e-08,-4.729568344352706e-13,-0.4729568344352706
1513,2.8570315010841203e-08,1.1084777666401194e-13,0.11084777666401194
1514,2.8570817776476316e-08,6.136134117777952e-13,0.6136134117777952
1515,2.8571248731362893e-08,1.044568298354771e-12,1.044568298354771
1516,2.8571630763076557e-08,1.426600012018744e-12,1.426600012018744
1517,2.857196370409452e-08,1.7595410299815383e-12,1.7595410299815384
1518,2.857225080439411e-08,2.046641329570342e-12,2.046641329570342
1519,2.8572490544642162e-08,2.2863815776232695e-12,2.2863815776232697
1520,2.857271696645586e-08,2.512803391321695e-12,2.512803391321695
1521,2.8572917877277043e-08,2.713714212504607e-12,2.713714212504607
1522,2.8573085210966808e-08,2.881047902269365e-12,2.8810479022693647
1523,2.857323009045011e-08,3.0259273855711876e-12,3.0259273855711877
1524,2.857336730686022e-08,3.1631437956805185e-12,3.1631437956805186
1525,2.8573482668410827e-08,3.2785053462878643e-12,3.278505346287864
1526,2.8573577278765533e-08,3.3731157009947065e-12,3.3731157009947066
1527,2.8573679147271026e-08,3.4749842064876715e-12,3.4749842064876715
1528,2.857373945253387e-08,3.5352894693326985e-12,3.5352894693326986
1529,2.8573811200900126e-08,3.6070378355870066e-12,3.6070378355870067
1530,2.8573880468422074e-08,3.676305357535288e-12,3.6763053575352878
1531,2.8573908659752095e-08,3.704496687556566e-12,3.7044966875565657
1532,2.8573965578563665e-08,3.761415499125943e-12,3.7614154991259428
1533,2.857399504910317e-08,3.790886038632955e-12,3.790886038632955
1534,2.8574020745331628e-08,3.816582267089638e-12,3.816582267089638
1535,2.8574059861258922e-08,3.855698194383733e-12,3.855698194383733
1536,2.857405572828024e-08,3.851565215702218e-12,3.851565215702218
1537,2.8574091653644487e-08,3.887490579948177e-12,3.887490579948177
1538,2.8574091770846742e-08,3.887607782203023e-12,3.887607782203023
1539,2.8574088549356827e-08,3.8843862922879165e-12,3.8843862922879167
1540,2.856155510351803e-08,-8.649059546509723e-12,-8.649059546509724
1541,2.8562132866222787e-08,-8.071296841751996e-12,-8.071296841751996
1542,2.8564324001557483e-08,-5.880161507055944e-12,-5.880161507055944
1543,2.8565946557569557e-08,-4.257605494981286e-12,-4.257605494981286
1544,2.8567164192747356e-08,-3.0399703171825016e-12,-3.0399703171825014
1545,2.8568168926681754e-08,-2.035236382785108e-12,-2.0352363827851083
1546,2.8568996921499645e-08,-1.20724156489373e-12,-1.20724156489373
1547,2.8569686566861947e-08,-5.175962025920387e-13,-0.5175962025920386
1548,2.857027042453119e-08,6.62614666510599e-14,0.06626146665105989
1549,2.8570778579464252e-08,5.744163997137255e-13,0.5744163997137255
1550,2.857121871297603e-08,1.0145499114900019e-12,1.0145499114900018
1551,2.8571602050150424e-08,1.3978870858848105e-12,1.3978870858848105
1552,2.8571928265943626e-08,1.72410287908684e-12,1.72410287908684
1553,2.8572207672148287e-08,2.0035090837484917e-12,2.0035090837484915
1554,2.8572467483824584e-08,2.2633207600448287e-12,2.2633207600448286
1555,2.857269258547306e-08,2.4884224085204545e-12,2.4884224085204543
1556,2.8572895188679623e-08,2.6910256150845076e-12,2.6910256150845075
1557,2.8573045378734244e-08,2.841215669704963e-12,2.841215669704963
1558,2.8573219445793838e-08,3.0152827292993064e-12,3.0152827292993063
1559,2.857335475651534e-08,3.1505934508025867e-12,3.1505934508025866
1560,2.8573452859573137e-08,3.2486965085979823e-12,3.248696508597982
1561,2.8573561878690113e-08,3.3577156255740866e-12,3.3577156255740865
1562,2.857366072251549e-08,3.456559450951306e-12,3.456559450951306
1563,2.857372411776808e-08,3.5199547035404437e-12,3.519954703540444
1564,2.8573802254307744e-08,3.598091243205145e-12,3.598091243205145
1565,2.8573854829127784e-08,3.6506660632451875e-12,3.6506660632451875
1566,2.8573901816132457e-08,3.697653067918566e-12,3.6976530679185657
1567,2.857396133717832e-08,3.757174113779707e-12,3.7571741137797066
1568,2.8573974988706685e-08,3.770825642146651e-12,3.770825642146651
1569,2.8574018139126446e-08,3.813976061907417e-12,3.8139760619074172
1570,2.8574038959209842e-08,3.834796145303455e-12,3.834796145303455
1571,2.8574055608164193e-08,3.851445099654034e-12,3.851445099654034
1572,2.857408639773051e-08,3.882234665971565e-12,3.8822346659715645
1573,2.857407709988373e-08,3.872936819190872e-12,3.872936819190872
1574,2.8574099147243327e-08,3.894984178788582e-12,3.894984178788582
1575,2.8561543477780764e-08,-8.66068528377496e-12,-8.66068528377496
1576,2.8562110441723463e-08,-8.093721341075405e-12,-8.093721341075405
1577,2.8564328741499645e-08,-5.875421564893217e-12,-5.875421564893218
1578,2.856593178093749e-08,-4.272382127047672e-12,-4.272382127047672
1579,2.8567180213243917e-08,-3.023949820621204e-12,-3.023949820621204
1580,2.8568157314049782e-08,-2.0468490147565844e-12,-2.0468490147565843
1581,2.8568988772568354e-08,-1.2153904961847668e-12,-1.2153904961847668
1582,2.856968359816732e-08,-5.205648972181027e-13,-0.5205648972181027
1583,2.8570272097739745e-08,6.79346752062753e-14,0.0679346752062753
1584,2.8570778855285285e-08,5.746922207464058e-13,0.5746922207464058
1585,2.8571222547216354e-08,1.0183841518154154e-12,1.0183841518154153
1586,2.857159465204269e-08,1.390488978150747e-12,1.390488978150747
1587,2.8571919272716998e-08,1.7151096524590344e-12,1.7151096524590344
1588,2.85722112837748e-08,2.0071207102628396e-12,2.0071207102628397
1589,2.857246778315925e-08,2.263620094712125e-12,2.2636200947121248
1590,2.857270472757516e-08,2.500564510622864e-12,2.5005645106228642
1591,2.8572879865718082e-08,2.6757026535434058e-12,2.675702653543406
1592,2.8573060058858764e-08,2.855895794225471e-12,2.855895794225471
1593,2.857321748367251e-08,3.013320607970178e-12,3.013320607970178
1594,2.857334422613398e-08,3.1400630694396855e-12,3.1400630694396856
1595,2.8573460264091216e-08,3.2561010266773906e-12,3.2561010266773907
1596,2.8573576075924538e-08,3.3719128599994968e-12,3.371912859999497
1597,2.8573645027984312e-08,3.440864919773166e-12,3.440864919773166
1598,2.8573730035560377e-08,3.525872495838304e-12,3.5258724958383043
1599,2.8573812077504687e-08,3.6079144401485155e-12,3.6079144401485155
1600,2.8573849282268154e-08,3.645119203615589e-12,3.6451192036155886
1601,2.857391104255742e-08,3.706879492881146e-12,3.7068794928811455
1602,2.8573953176063305e-08,3.749012998766757e-12,3.7490129987667564
1603,2.857398308037855e-08,3.778917314010453e-12,3.778917314010453
1604,2.8574030218195745e-08,3.826055131206024e-12,3.826055131206024
1605,2.857403253531197e-08,3.8283722474314784e-12,3.8283722474314783
1606,2.8574067046415797e-08,3.862883351258593e-12,3.862883351258593
1607,2.8574078129130404e-08,3.87396606586574e-12,3.8739660658657398
1608,2.857408760306517e-08,3.883440000631771e-12,3.8834400006317713
1609,2.8574103088426644e-08,3.898925362105784e-12,3.898925362105784
1610,2.8561560232661667e-08,-8.643930402872129e-12,-8.64393040287213
1611,2.8562159681889986e-08,-8.044481174552222e-12,-8.044481174552223
1612,2.8564375828671047e-08,-5.828334393491629e-12,-5.8283343934916285
1613,2.8565958074398714e-08,-4.246088665824276e-12,-4.246088665824276
1614,2.8567209728628737e-08,-2.9944344358018325e-12,-2.9944344358018324
1615,2.856820838192367e-08,-1.9957811408686067e-12,-1.9957811408686066
1616,2.8569021610300996e-08,-1.1825527635431935e-12,-1.1825527635431936
1617,2.856971289416383e-08,-4.912689007083335e-13,-0.4912689007083335
1618,2.8570303671360416e-08,9.950829587736623e-14,0.09950829587736623
1619,2.857080977403429e-08,6.056109697527883e-13,0.6056109697527883
1620,2.8571238390418755e-08,1.0342273542164573e-12,1.0342273542164573
1621,2.8571613519721918e-08,1.4093566573796273e-12,1.4093566573796272
1622,2.857193945879962e-08,1.7352957350821842e-12,1.7352957350821843
1623,2.8572251065212494e-08,2.0469021479554605e-12,2.0469021479554605
1624,2.85725056447595e-08,2.301481694960344e-12,2.3014816949603443
1625,2.8572707878009177e-08,2.503714944638091e-12,2.503714944638091
1626,2.8572910308448125e-08,2.7061453835859585e-12,2.7061453835859584
1627,2.857308745213467e-08,2.883289070132637e-12,2.883289070132637
1628,2.857323789572997e-08,3.033732665431128e-12,3.033732665431128
1629,2.857336103302948e-08,3.156869964941741e-12,3.156869964941741
1630,2.8573485238186816e-08,3.2810751222770894e-12,3.2810751222770893
1631,2.857358791733672e-08,3.3837542721818946e-12,3.3837542721818945
1632,2.8573666887072202e-08,3.462724007663624e-12,3.462724007663624
1633,2.857376657221136e-08,3.5624091468216375e-12,3.5624091468216377
1634,2.8573810022873808e-08,3.6058598092690196e-12,3.6058598092690195
1635,2.8573874733724418e-08,3.670570659879306e-12,3.670570659879306
1636,2.8573935547369662e-08,3.731384305123011e-12,3.731384305123011
1637,2.857396341122997e-08,3.759248165430617e-12,3.759248165430617
1638,2.8574010972916004e-08,3.806809851465521e-12,3.806809851465521
1639,2.8574030036876484e-08,3.825873811945203e-12,3.8258738119452027
1640,2.8574056790351137e-08,3.852627286597858e-12,3.852627286597858
1641,2.8574087139731372e-08,3.8829766668333595e-12,3.8829766668333594
1642,2.8574090738279698e-08,3.886575215159002e-12,3.886575215159002
1643,2.857411466996912e-08,3.9105069045799644e-12,3.9105069045799645
1644,2.8574107035695046e-08,3.902872630507679e-12,3.9028726305076793
1645,2.8561542667759768e-08,-8.66149530477055e-12,-8.66149530477055
1646,2.8562129818950608e-08,-8.074344113930511e-12,-8.074344113930511
1647,2.8564353466066115e-08,-5.850696998423516e-12,-5.850696998423516
1648,2.8565938723748075e-08,-4.265439316463417e-12,-4.265439316463417
1649,2.8567180644336254e-08,-3.0235187282848967e-12,-3.0235187282848965
1650,2.8568186679313258e-08,-2.0174837512805206e-12,-2.0174837512805204
1651,2.856900916668227e-08,-1.1949963822697713e-12,-1.1949963822697713
1652,2.8569699057670573e-08,-5.051053939659035e-13,-0.5051053939659035
1653,2.8570285435012112e-08,8.127194757352427e-14,0.08127194757352427
1654,2.8570790921547446e-08,5.8675848290685e-13,0.58675848290685
1655,2.85712271272658e-08,1.0229642012627545e-12,1.0229642012627544
1656,2.857160808537537e-08,1.4039223108304782e-12,1.4039223108304781
1657,2.857193859806507e-08,1.7344350005299752e-12,1.7344350005299751
1658,2.8572241490758634e-08,2.0373276940955125e-12,2.0373276940955125
1659,2.857247651753261e-08,2.2723544680712495e-12,2.2723544680712493
1660,2.8572701717355592e-08,2.497554291053594e-12,2.4975542910535937
1661,2.8572903146981067e-08,2.6989839165285672e-12,2.6989839165285674
1662,2.857308682703791e-08,2.8826639733700903e-12,2.8826639733700903
1663,2.8573218186764065e-08,3.0140236995265076e-12,3.0140236995265077
1664,2.8573360183584183e-08,3.156020519644653e-12,3.156020519644653
1665,2.8573486837900016e-08,3.2826748354775375e-12,3.2826748354775375
1666,2.8573571410412855e-08,3.3672473483159115e-12,3.3672473483159115
1667,2.8573671827971238e-08,3.4676649066990205e-12,3.4676649066990204
1668,2.857375058384784e-08,3.546420783302227e-12,3.546420783302227
1669,2.857381115384575e-08,3.6069907812127207e-12,3.606990781212721
1670,2.857388330911308e-08,3.679146048542363e-12,3.679146048542363
1671,2.857391463748722e-08,3.710474422682037e-12,3.7104744226820374
1672,2.85739659474499e-08,3.761784385362604e-12,3.761784385362604
1673,2.8574009777813502e-08,3.805614748963318e-12,3.8056147489633174
1674,2.8574028555842764e-08,3.8243927782250605e-12,3.8243927782250604
1675,2.8574068078400083e-08,3.863915335543946e-12,3.863915335543946
1676,2.85740682996993e-08,3.8641366347598776e-12,3.864136634759878
1677,2.857409314047869e-08,3.888977414149942e-12,3.888977414149942
1678,2.8574110882119094e-08,3.906719054555006e-12,3.906719054555006
1679,2.8574109362582644e-08,3.9051995181052134e-12,3.9051995181052135
1680,2.8561461669983465e-08,-8.742493081073495e-12,-8.742493081073496
1681,2.8562047962377764e-08,-8.156200686774282e-12,-8.156200686774282
1682,2.8564242349248328e-08,-5.961813816210418e-12,-5.961813816210419
1683,2.8565870622651482e-08,-4.333540413056957e-12,-4.333540413056957
1684,2.8567091076294143e-08,-3.1130867703956334e-12,-3.1130867703956335
1685,2.8568107280165954e-08,-2.09688289858519e-12,-2.0968828985851897
1686,2.8568931770002167e-08,-1.2723930623719685e-12,-1.2723930623719686
1687,2.8569628182059962e-08,-5.75981004576415e-13,-0.575981004576415
1688,2.8570215930036336e-08,1.1766971796941724e-14,0.011766971796941724
1689,2.8570727757595837e-08,5.235945312986847e-13,0.5235945312986847
1690,2.8571166611572867e-08,9.624485083285752e-13,0.9624485083285752
1691,2.8571550763972428e-08,1.3466009078894028e-12,1.3466009078894028
1692,2.8571891284729094e-08,1.687121664555206e-12,1.687121664555206
1693,2.857217819346371e-08,1.9740303991726587e-12,1.9740303991726587
1694,2.857242443618719e-08,2.2202731226500138e-12,2.220273122650014
1695,2.8572657380127476e-08,2.453217062937243e-12,2.453217062937243
1696,2.857286149231307e-08,2.6573292485324345e-12,2.6573292485324345
1697,2.857303241869647e-08,2.8282556319311033e-12,2.8282556319311034
1698,2.85731789996589e-08,2.974836594359789e-12,2.9748365943597888
1699,2.857332521302258e-08,3.1210499580418934e-12,3.1210499580418936
1700,2.8573438858836803e-08,3.234695772263808e-12,3.234695772263808
1701,2.8573539303540898e-08,3.3351404763588107e-12,3.3351404763588106
1702,2.8573640392125558e-08,3.436229061018998e-12,3.4362290610189983
1703,2.8573706717949514e-08,3.50255488497531e-12,3.5025548849753103
1704,2.8573779141028333e-08,3.574977963794083e-12,3.5749779637940833
1705,2.8573853813975737e-08,3.649650911198562e-12,3.649650911198562
1706,2.857388171471247e-08,3.67755164793256e-12,3.67755164793256
1707,2.8573940752109296e-08,3.736589044757082e-12,3.7365890447570824
1708,2.857397596920492e-08,3.771806140381338e-12,3.771806140381338
1709,2.8574002397188528e-08,3.7982341239892855e-12,3.7982341239892854
1710,2.8574041626862182e-08,3.837463797643801e-12,3.8374637976438013
1711,2.857404333773321e-08,3.8391746686719835e-12,3.8391746686719834
1712,2.857407210543866e-08,3.867942374120682e-12,3.8679423741206818
1713,2.857408180286815e-08,3.877639803612044e-12,3.877639803612044
