edge_number,actual_edge_time_s,ideal_edge_time_s,tie_s,tie_ns
0,7.100220261438432e-05,7.100115458413321e-05,1.0480302511145705e-09,1.0480302511145705
1,7.103074072531033e-05,7.102972478829628e-05,1.0159370140568858e-09,1.0159370140568857
2,7.10592784463051e-05,7.105829499245933e-05,9.83453845774956e-10,0.983453845774956
3,7.108781964875515e-05,7.10868651966224e-05,9.54452132756534e-10,0.9544521327565341
4,7.111636363333764e-05,7.111543540078547e-05,9.282325521726995e-10,0.9282325521726995
5,7.114491000014008e-05,7.114400560494853e-05,9.04395191552692e-10,0.904395191552692
6,7.117345842125544e-05,7.117257580911159e-05,8.826121438563408e-10,0.8826121438563408
7,7.120200870320892e-05,7.120114601327466e-05,8.626899342630628e-10,0.8626899342630628
8,7.12305606495662e-05,7.122971621743773e-05,8.444321284733676e-10,0.8444321284733676
9,7.125911407916954e-05,7.12582864216008e-05,8.276575687454527e-10,0.8276575687454527
10,7.128766891237987e-05,7.128685662576385e-05,8.122866160251779e-10,0.8122866160251779
11,7.131622499811216e-05,7.131542682992692e-05,7.981681852490292e-10,0.7981681852490292
12,7.134478226197431e-05,7.134399703408998e-05,7.852278843321749e-10,0.7852278843321748
13,7.137334060521108e-05,7.137256723825305e-05,7.733669580285553e-10,0.7733669580285553
14,7.140189994152297e-05,7.140113744241611e-05,7.624991068674542e-10,0.7624991068674541
15,7.14304602047303e-05,7.142970764657918e-05,7.525581511347104e-10,0.7525581511347104
16,7.145902132375233e-05,7.145827785074224e-05,7.434730100886625e-10,0.7434730100886625
17,7.148758324255088e-05,7.14868480549053e-05,7.351876455880607e-10,0.7351876455880607
18,7.151614591076601e-05,7.151541825906837e-05,7.276516976481679e-10,0.727651697648168
19,7.15447092946626e-05,7.154398846323143e-05,7.208314311693096e-10,0.7208314311693096
20,7.157327330700574e-05,7.15725586673945e-05,7.146396112446875e-10,0.7146396112446874
21,7.16018379406242e-05,7.160112887155756e-05,7.090690666494246e-10,0.7090690666494246
22,7.163040313797717e-05,7.162969907572063e-05,7.040622565516127e-10,0.7040622565516127
23,7.16589688767515e-05,7.16582692798837e-05,6.995968678130441e-10,0.6995968678130441
24,7.16875351003582e-05,7.168683948404676e-05,6.956163114364502e-10,0.6956163114364502
25,7.171610180463512e-05,7.171540968820982e-05,6.921164253052162e-10,0.6921164253052162
26,7.17446689363274e-05,7.174397989237288e-05,6.890439545199367e-10,0.6890439545199367
27,7.177323646857216e-05,7.177255009653595e-05,6.863720362099599e-10,0.6863720362099599
28,7.180180439431578e-05,7.180112030069901e-05,6.840936167727921e-10,0.6840936167727921
29,7.183037268628496e-05,7.182969050486208e-05,6.82181422885944e-10,0.682181422885944
30,7.185894131264991e-05,7.185826070902514e-05,6.806036247724286e-10,0.6806036247724285
31,7.188751025674994e-05,7.188683091318821e-05,6.793435617278544e-10,0.6793435617278544
32,7.191607948825024e-05,7.191540111735127e-05,6.783708989816101e-10,0.6783708989816101
33,7.194464899556829e-05,7.194397132151434e-05,6.776740539612294e-10,0.6776740539612295
34,7.197321877147822e-05,7.19725415256774e-05,6.772458008251511e-10,0.6772458008251512
35,7.200178890799212e-05,7.200111172984047e-05,6.771781516511282e-10,0.6771781516511282
36,7.203032905413758e-05,7.202968193400353e-05,6.471201340527684e-10,0.6471201340527684
37,7.20588688461685e-05,7.20582521381666e-05,6.167080019031416e-10,0.6167080019031416
38,7.208741185742325e-05,7.208682234232966e-05,5.895150935912128e-10,0.5895150935912128
39,7.211595744345679e-05,7.211539254649273e-05,5.64896964061936e-10,0.564896964061936
40,7.214450519012233e-05,7.214396275065579e-05,5.424394665439639e-10,0.5424394665439639
41,7.217305482194215e-05,7.217253295481885e-05,5.218671233036814e-10,0.5218671233036813
42,7.22016060896475e-05,7.220110315898192e-05,5.029306655822427e-10,0.5029306655822428
43,7.223015887244049e-05,7.222967336314498e-05,4.85509295517375e-10,0.485509295517375
44,7.225871297126693e-05,7.225824356730804e-05,4.694039588892479e-10,0.4694039588892479
45,7.228726828918071e-05,7.228681377147111e-05,4.5451770960575696e-10,0.454517709605757
46,7.231582472179708e-05,7.231538397563418e-05,4.4074616290434963e-10,0.44074616290434965
47,7.23443821687423e-05,7.234395417979724e-05,4.279889450690682e-10,0.4279889450690682
48,7.237294057714569e-05,7.23725243839603e-05,4.1619318538754715e-10,0.4161931853875472
49,7.240149983639364e-05,7.240109458812337e-05,4.05248270274438e-10,0.40524827027443805
50,7.243005989858302e-05,7.242966479228644e-05,3.951062965877842e-10,0.3951062965877842
51,7.245862070463952e-05,7.24582349964495e-05,3.8570819002722966e-10,0.38570819002722967
52,7.248718218468022e-05,7.248680520061256e-05,3.7698406766412054e-10,0.37698406766412057
53,7.251574432799713e-05,7.251537540477563e-05,3.6892322149767303e-10,0.36892322149767304
54,7.254430705903357e-05,7.254394560893869e-05,3.6145009488794943e-10,0.36145009488794944
55,7.257287035346318e-05,7.257251581310175e-05,3.5454036142817535e-10,0.35454036142817535
56,7.260143415705557e-05,7.260108601726482e-05,3.4813979074869843e-10,0.34813979074869844
57,7.262999843934772e-05,7.262965622142789e-05,3.4221791983134296e-10,0.342217919831343
58,7.265856318237752e-05,7.265822642559094e-05,3.3675678657674463e-10,0.3367567865767446
59,7.268712834448924e-05,7.268679662975401e-05,3.317147352327051e-10,0.3317147352327051
60,7.27156938911726e-05,7.271536683391708e-05,3.270572555221015e-10,0.3270572555221015
61,7.274425982397908e-05,7.274393703808015e-05,3.2278589893824256e-10,0.32278589893824255
62,7.277282607091881e-05,7.27725072422432e-05,3.188286756088401e-10,0.3188286756088401
63,7.280139265510145e-05,7.280107744640627e-05,3.152086951812279e-10,0.3152086951812279
64,7.282995954418933e-05,7.282964765056934e-05,3.118936199974639e-10,0.3118936199974639
65,7.28585266931899e-05,7.285821785473241e-05,3.0883845749698115e-10,0.30883845749698113
66,7.288709411668346e-05,7.288678805889546e-05,3.0605778800349015e-10,0.30605778800349015
67,7.291566179404569e-05,7.291535826305853e-05,3.0353098715919206e-10,0.3035309871591921
68,7.294422969615957e-05,7.29439284672216e-05,3.012289379693558e-10,0.3012289379693558
69,7.297279779298637e-05,7.297249867138465e-05,2.9912160171832585e-10,0.29912160171832586
70,7.300136612485091e-05,7.300106887554772e-05,2.972493031917136e-10,0.2972493031917136
71,7.30299090655312e-05,7.302963907971079e-05,2.6998582040632767e-10,0.2699858204063277
72,7.305845174064053e-05,7.305820928387386e-05,2.424567666762577e-10,0.2424567666762577
73,7.308699739045134e-05,7.308677948803691e-05,2.179024144317581e-10,0.2179024144317581
74,7.311554538998837e-05,7.311534969219998e-05,1.9569778839513575e-10,0.19569778839513574
75,7.314409533720836e-05,7.314391989636305e-05,1.754408453131008e-10,0.1754408453131008
76,7.317264695327282e-05,7.317249010052612e-05,1.5685274670990667e-10,0.15685274670990668
77,7.320120003553452e-05,7.320106030468917e-05,1.397308453468286e-10,0.13973084534682859
78,7.32297543961732e-05,7.322963050885224e-05,1.2388732096484655e-10,0.12388732096484656
79,7.325830994437093e-05,7.325820071301531e-05,1.0923135562648031e-10,0.10923135562648031
80,7.328686650656004e-05,7.328677091717836e-05,9.558938168276124e-11,0.09558938168276124
81,7.331542403730939e-05,7.331534112134143e-05,8.291596795913346e-11,0.08291596795913346
82,7.334398244346632e-05,7.33439113255045e-05,7.111796182426357e-11,0.07111796182426358
83,7.337254164193081e-05,7.337248152966757e-05,6.011226324738871e-11,0.06011226324738871
84,7.340110156683952e-05,7.340105173383062e-05,4.983300889809429e-11,0.04983300889809429
85,7.34296621607542e-05,7.342962193799369e-05,4.022276050999757e-11,0.04022276050999757
86,7.345822337558668e-05,7.345819214215676e-05,3.123342992204121e-11,0.031233429922041207
87,7.348678515425668e-05,7.348676234631983e-05,2.2807936857847294e-11,0.022807936857847294
88,7.351534748632462e-05,7.351533255048288e-05,1.4935841737984873e-11,0.014935841737984873
89,7.354391030909423e-05,7.354390275464595e-05,7.55444828145288e-12,0.00755444828145288
90,7.357247356275865e-05,7.357247295880902e-05,6.039496331449804e-13,0.0006039496331449803
91,7.360103725234379e-05,7.360104316297209e-05,-5.91062829290058e-12,-0.00591062829290058
92,7.362960134111737e-05,7.362961336713514e-05,-1.2026017764844105e-11,-0.012026017764844105
93,7.365816578163704e-05,7.365818357129821e-05,-1.7789661165823943e-11,-0.017789661165823943
94,7.368673057487538e-05,7.368675377546128e-05,-2.320058589872874e-11,-0.02320058589872874
95,7.371529566597178e-05,7.371532397962433e-05,-2.831365255282868e-11,-0.02831365255282868
96,7.374386106727574e-05,7.37438941837874e-05,-3.311651165880334e-11,-0.03311651165880334
97,7.377242672493413e-05,7.377246438795047e-05,-3.7663016338159175e-11,-0.037663016338159175
98,7.38009926502045e-05,7.380103459211354e-05,-4.19419090351362e-11,-0.0419419090351362
99,7.382955880880344e-05,7.382960479627659e-05,-4.598747314400025e-11,-0.04598747314400025
100,7.385812518721342e-05,7.385817500043966e-05,-4.981322623993986e-11,-0.04981322623993986
101,7.388669177557007e-05,7.388674520460273e-05,-5.342903265181832e-11,-0.05342903265181832
102,7.391525854889775e-05,7.39153154087658e-05,-5.685986804732848e-11,-0.05685986804732848
103,7.394382550008607e-05,7.394388561292885e-05,-6.01128427733953e-11,-0.0601128427733953
104,7.397239262746959e-05,7.397245581709192e-05,-6.318962232718604e-11,-0.06318962232718603
105,7.400095991979675e-05,7.400102602125499e-05,-6.61014582335861e-11,-0.0661014582335861
106,7.402950591322473e-05,7.402959622541804e-05,-9.031219330777792e-11,-0.09031219330777791
107,7.405805190778234e-05,7.405816642958111e-05,-1.1452179876527876e-10,-0.11452179876527875
108,7.40866006580849e-05,7.408673663374418e-05,-1.3597565927684901e-10,-0.13597565927684901
109,7.411515151826833e-05,7.411530683790725e-05,-1.553196389148905e-10,-0.1553196389148905
110,7.414370410918339e-05,7.41438770420703e-05,-1.7293288690606636e-10,-0.17293288690606637
111,7.4172258179769e-05,7.417244724623337e-05,-1.890664643715964e-10,-0.18906646437159638
112,7.42008135167193e-05,7.420101745039644e-05,-2.0393367713847516e-10,-0.20393367713847516
113,7.422936997931731e-05,7.42295876545595e-05,-2.1767524219391884e-10,-0.21767524219391884
114,7.425792740714547e-05,7.425815785872256e-05,-2.3045157708848138e-10,-0.23045157708848138
115,7.42864857299158e-05,7.428672806288563e-05,-2.4233296982230085e-10,-0.24233296982230085
116,7.431504485766893e-05,7.43152982670487e-05,-2.534093797667096e-10,-0.25340937976670963
117,7.43436046998165e-05,7.434386847121176e-05,-2.6377139526582537e-10,-0.2637713952658254
118,7.43721652035597e-05,7.437243867537482e-05,-2.7347181512230445e-10,-0.27347181512230445
119,7.440072630634348e-05,7.440100887953789e-05,-2.8257319439981497e-10,-0.282573194399815
120,7.442928795493396e-05,7.442957908370096e-05,-2.911287669913451e-10,-0.2911287669913451
121,7.445785011442174e-05,7.445814928786401e-05,-2.9917344226883744e-10,-0.29917344226883746
122,7.44864127146236e-05,7.448671949202708e-05,-3.067774034713952e-10,-0.3067774034713952
123,7.451497574222145e-05,7.451528969619015e-05,-3.1395396869455973e-10,-0.3139539686945597
124,7.454353916834243e-05,7.454385990035321e-05,-3.2073201078428535e-10,-0.32073201078428537
125,7.457210294260193e-05,7.457243010451627e-05,-3.2716191433669843e-10,-0.32716191433669845
126,7.460066704309789e-05,7.460100030867934e-05,-3.332655814418581e-10,-0.3332655814418581
127,7.462923147335346e-05,7.46295705128424e-05,-3.390394889441473e-10,-0.33903948894414726
128,7.465779616297585e-05,7.465814071700547e-05,-3.445540296182915e-10,-0.34455402961829146
129,7.468636112978716e-05,7.468671092116853e-05,-3.4979138136253194e-10,-0.34979138136253196
130,7.471492631704902e-05,7.47152811253316e-05,-3.548082825771965e-10,-0.3548082825771965
131,7.474349174702594e-05,7.474385132949466e-05,-3.595824687234398e-10,-0.3595824687234398
132,7.477205736763089e-05,7.477242153365773e-05,-3.641660268387445e-10,-0.3641660268387445
133,7.480062318610418e-05,7.480099173782079e-05,-3.685517166074502e-10,-0.3685517166074502
134,7.482918919086822e-05,7.482956194198386e-05,-3.727511156282456e-10,-0.37275111562824564
135,7.4857755339925e-05,7.485813214614692e-05,-3.7680622192240246e-10,-0.3768062219224025
136,7.488632165881555e-05,7.488670235030998e-05,-3.8069149442434743e-10,-0.3806914944243474
137,7.491488810406396e-05,7.491527255447305e-05,-3.844504090855436e-10,-0.38445040908554357
138,7.494345468101334e-05,7.494384275863612e-05,-3.880776227679495e-10,-0.3880776227679495
139,7.497202139246599e-05,7.497241296279918e-05,-3.9157033318842014e-10,-0.39157033318842016
140,7.500058815114627e-05,7.500098316696224e-05,-3.950158159655452e-10,-0.3950158159655452
141,7.502913760533915e-05,7.50295533711253e-05,-4.157657861483877e-10,-0.4157657861483877
142,7.505768725584616e-05,7.505812357528837e-05,-4.363194422155505e-10,-0.4363194422155505
143,7.508623945798523e-05,7.508669377945144e-05,-4.5432146621355683e-10,-0.45432146621355685
144,7.51147935528631e-05,7.51152639836145e-05,-4.704307513975759e-10,-0.47043075139757584
145,7.5143349196853e-05,7.514383418777757e-05,-4.849909245602097e-10,-0.48499092456020965
146,7.517190610145448e-05,7.517240439194063e-05,-4.982904861532851e-10,-0.49829048615328514
147,7.520046410411732e-05,7.520097459610369e-05,-5.10491986366582e-10,-0.510491986366582
148,7.522902304817384e-05,7.522954480026676e-05,-5.21752092915468e-10,-0.521752092915468
149,7.525758281778603e-05,7.525811500442982e-05,-5.321866437896425e-10,-0.5321866437896425
150,7.528614331659055e-05,7.528668520859289e-05,-5.41892002336095e-10,-0.541892002336095
151,7.531470446509351e-05,7.531525541275595e-05,-5.509476624342951e-10,-0.550947662434295
152,7.534326619749089e-05,7.534382561691902e-05,-5.594194281223509e-10,-0.5594194281223509
153,7.53718284602715e-05,7.537239582108208e-05,-5.673608105779563e-10,-0.5673608105779564
154,7.540039119156044e-05,7.540096602524515e-05,-5.74833684704099e-10,-0.574833684704099
155,7.542895433873626e-05,7.54295362294082e-05,-5.818906719415125e-10,-0.5818906719415124
156,7.545751788558612e-05,7.545810643357127e-05,-5.885479851513284e-10,-0.5885479851513283
157,7.5486081787e-05,7.548667663773434e-05,-5.948507343403141e-10,-0.5948507343403141
158,7.551464599879838e-05,7.55152468418974e-05,-6.008430990122749e-10,-0.600843099012275
159,7.554321051737146e-05,7.554381704606047e-05,-6.065286890047916e-10,-0.6065286890047916
160,7.55717752789908e-05,7.557238725022353e-05,-6.119712327322284e-10,-0.6119712327322284
161,7.560034031240907e-05,7.56009574543866e-05,-6.171419775324418e-10,-0.6171419775324418
162,7.562890554405593e-05,7.562952765854966e-05,-6.221144937192267e-10,-0.6221144937192268
163,7.56574709970494e-05,7.565809786271272e-05,-6.268656633239978e-10,-0.6268656633239978
164,7.568603661720118e-05,7.568666806687579e-05,-6.314496746087055e-10,-0.6314496746087055
165,7.571460242158263e-05,7.571523827103886e-05,-6.358494562273855e-10,-0.6358494562273854
166,7.574316837721396e-05,7.574380847520192e-05,-6.400979879567163e-10,-0.6400979879567162
167,7.577173447030745e-05,7.577237867936498e-05,-6.442090575279628e-10,-0.6442090575279629
168,7.580030071523583e-05,7.580094888352805e-05,-6.481682922150256e-10,-0.6481682922150256
169,7.582886705128885e-05,7.582951908769112e-05,-6.520364022709185e-10,-0.6520364022709185
170,7.585743350841764e-05,7.585808929185418e-05,-6.557834365293117e-10,-0.6557834365293117
171,7.588600008029337e-05,7.588665949601724e-05,-6.59415723871309e-10,-0.659415723871309
172,7.591456671468358e-05,7.591522970018031e-05,-6.629854967259046e-10,-0.6629854967259046
173,7.594313344768392e-05,7.594379990434337e-05,-6.664566594413487e-10,-0.6664566594413487
174,7.597170026946097e-05,7.597237010850643e-05,-6.698390454602952e-10,-0.6698390454602953
175,7.6000267116451e-05,7.60009403126695e-05,-6.731962184932459e-10,-0.6731962184932458
176,7.602881979883575e-05,7.602951051683257e-05,-6.907179968194631e-10,-0.6907179968194631
177,7.605737292415868e-05,7.605808072099563e-05,-7.077968369384091e-10,-0.7077968369384091
178,7.608592840130107e-05,7.60866509251587e-05,-7.22523857621001e-10,-0.722523857621001
179,7.61144856103872e-05,7.611522112932176e-05,-7.35518934559356e-10,-0.735518934559356
180,7.614304418041697e-05,7.614379133348483e-05,-7.471530678591109e-10,-0.7471530678591108
181,7.617160386150981e-05,7.617236153764788e-05,-7.576761380672923e-10,-0.7576761380672923
182,7.620016447863106e-05,7.620093174181095e-05,-7.672631798939335e-10,-0.7672631798939336
183,7.622872589214964e-05,7.622950194597402e-05,-7.760538243758023e-10,-0.7760538243758023
184,7.625728799787198e-05,7.625807215013709e-05,-7.841522651035029e-10,-0.7841522651035029
185,7.628585070277372e-05,7.628664235430014e-05,-7.916515264201468e-10,-0.7916515264201468
186,7.631441392315117e-05,7.631521255846321e-05,-7.986353120402665e-10,-0.7986353120402665
187,7.63429776137541e-05,7.634378276262628e-05,-8.051488721715226e-10,-0.8051488721715226
188,7.637154171918233e-05,7.637235296678933e-05,-8.112476069970541e-10,-0.8112476069970541
189,7.640010617881819e-05,7.64009231709524e-05,-8.169921342061146e-10,-0.8169921342061146
190,7.642867098166549e-05,7.642949337511547e-05,-8.223934499804253e-10,-0.8223934499804253
191,7.645723605529795e-05,7.645806357927854e-05,-8.275239805836489e-10,-0.827523980583649
192,7.648580140661323e-05,7.64866337834416e-05,-8.323768283622216e-10,-0.8323768283622216
193,7.651436698003209e-05,7.651520398760466e-05,-8.370075725688236e-10,-0.8370075725688235
194,7.654293277042591e-05,7.654377419176773e-05,-8.414213418185439e-10,-0.8414213418185439
195,7.657149875145985e-05,7.65723443959308e-05,-8.456444709484714e-10,-0.8456444709484714
196,7.660006489566784e-05,7.660091460009385e-05,-8.49704426011584e-10,-0.849704426011584
197,7.662863120332463e-05,7.662948480425692e-05,-8.536009322846038e-10,-0.8536009322846038
198,7.665719762980686e-05,7.665805500841999e-05,-8.57378613130153e-10,-0.857378613130153
199,7.668576418903878e-05,7.668662521258304e-05,-8.61023544261703e-10,-0.861023544261703
200,7.671433086712951e-05,7.671519541674611e-05,-8.645496165994605e-10,-0.8645496165994605
201,7.674289762720015e-05,7.674376562090918e-05,-8.679937090228247e-10,-0.8679937090228247
202,7.677146448018688e-05,7.677233582507225e-05,-8.713448853606644e-10,-0.8713448853606643
203,7.68000314285219e-05,7.68009060292353e-05,-8.74600713395141e-10,-0.874600713395141
204,7.682859843046476e-05,7.682947623339837e-05,-8.778029336088528e-10,-0.8778029336088528
205,7.685716549282155e-05,7.685804643756144e-05,-8.809447398820042e-10,-0.8809447398820042
206,7.688573262488435e-05,7.688661664172451e-05,-8.840168401547438e-10,-0.8840168401547438
207,7.691429981042905e-05,7.691518684588756e-05,-8.870354585096957e-10,-0.8870354585096957
208,7.69428670162809e-05,7.694375705005063e-05,-8.900337697308519e-10,-0.8900337697308519
209,7.697143427852112e-05,7.69723272542137e-05,-8.929756925727991e-10,-0.8929756925727991
210,7.70000015728933e-05,7.700089745837675e-05,-8.958854834435089e-10,-0.8958854834435088
211,7.702855731102188e-05,7.702946766253982e-05,-9.10351517933591e-10,-0.9103515179335909
212,7.705711375265942e-05,7.705803786670289e-05,-9.241140434630595e-10,-0.9241140434630595
213,7.70856724003804e-05,7.708660807086596e-05,-9.35670485559192e-10,-0.935670485559192
214,7.711423261168124e-05,7.711517827502901e-05,-9.456633477690991e-10,-0.9456633477690991
215,7.714279403121593e-05,7.714374847919208e-05,-9.54447976148638e-10,-0.954447976148638
216,7.717135643459458e-05,7.717231868335515e-05,-9.622487605675581e-10,-0.9622487605675581
217,7.719991963794921e-05,7.720088888751822e-05,-9.692495690020425e-10,-0.9692495690020424
218,7.722848351288344e-05,7.722945909168127e-05,-9.755787978233171e-10,-0.9755787978233171
219,7.725704795982789e-05,7.725802929584434e-05,-9.813360164455107e-10,-0.9813360164455107
220,7.728561288951739e-05,7.728659950000741e-05,-9.86610490011752e-10,-0.986610490011752
221,7.73141782424655e-05,7.731516970417048e-05,-9.914617049683004e-10,-0.9914617049683004
222,7.734274395537164e-05,7.734373990833353e-05,-9.959529618897903e-10,-0.9959529618897903
223,7.73713099976093e-05,7.73723101124966e-05,-1.000114887292085e-09,-1.0001148872920849
224,7.7399876284816e-05,7.740088031665967e-05,-1.0040318436645094e-09,-1.0040318436645095
225,7.742844283321661e-05,7.742945052082272e-05,-1.0076876061112878e-09,-1.0076876061112878
226,7.745700959330094e-05,7.745802072498579e-05,-1.0111316848465995e-09,-1.0111316848465994
227,7.748557651926612e-05,7.748659092914886e-05,-1.0144098827366101e-09,-1.0144098827366101
228,7.751414362365869e-05,7.751516113331193e-05,-1.0175096532311493e-09,-1.0175096532311492
229,7.754271087280516e-05,7.754373133747498e-05,-1.0204646698201032e-09,-1.0204646698201032
230,7.757127822509184e-05,7.757230154163805e-05,-1.0233165462021786e-09,-1.0233165462021785
231,7.759984569061236e-05,7.760087174580112e-05,-1.026055188753305e-09,-1.026055188753305
232,7.762841325260356e-05,7.762944194996419e-05,-1.0286973606214269e-09,-1.028697360621427
233,7.7656980901962e-05,7.765801215412724e-05,-1.031252165242323e-09,-1.031252165242323
234,7.768554860638741e-05,7.768658235829031e-05,-1.0337519028960653e-09,-1.0337519028960653
235,7.771411636943959e-05,7.771515256245338e-05,-1.0361930137810034e-09,-1.0361930137810034
236,7.774268419143384e-05,7.774372276661644e-05,-1.038575182597593e-09,-1.038575182597593
237,7.77712520567686e-05,7.77722929707795e-05,-1.0409140108931234e-09,-1.0409140108931234
238,7.779981996251015e-05,7.780086317494257e-05,-1.0432124324102532e-09,-1.0432124324102532
239,7.782838788006402e-05,7.782943337910564e-05,-1.0454990416124763e-09,-1.0454990416124763
240,7.785695583142321e-05,7.785800358326869e-05,-1.0477518454722766e-09,-1.0477518454722765
241,7.788552380312978e-05,7.788657378743176e-05,-1.0499843019743805e-09,-1.0499843019743804
242,7.791409179204254e-05,7.791514399159483e-05,-1.0521995522828748e-09,-1.0521995522828749
243,7.79426597933306e-05,7.79437141957579e-05,-1.0544024272909319e-09,-1.0544024272909318
244,7.797122778496158e-05,7.797228439992095e-05,-1.0566149593690544e-09,-1.0566149593690544
245,7.799979579123141e-05,7.800085460408402e-05,-1.0588128526036542e-09,-1.0588128526036542
246,7.802835301096981e-05,7.802942480824709e-05,-1.0717972772692171e-09,-1.071797277269217
247,7.805691163817821e-05,7.805799501241015e-05,-1.0833742319419045e-09,-1.0833742319419044
248,7.808547268648809e-05,7.808656521657321e-05,-1.0925300851144278e-09,-1.0925300851144277
249,7.811403539444367e-05,7.811513542073628e-05,-1.10002629259947e-09,-1.1000262925994702
250,7.814259932514648e-05,7.814370562489935e-05,-1.1062997528663652e-09,-1.1062997528663652
251,7.817116417694063e-05,7.81722758290624e-05,-1.111652121764393e-09,-1.1116521217643929
252,7.819972980189813e-05,7.820084603322547e-05,-1.1162313273365236e-09,-1.1162313273365236
253,7.822829600556855e-05,7.822941623738854e-05,-1.1202318199820076e-09,-1.1202318199820076
254,7.825686272952769e-05,7.82579864415516e-05,-1.1237120239135782e-09,-1.123712023913578
255,7.828542987459005e-05,7.828655664571466e-05,-1.1267711246022696e-09,-1.1267711246022696
256,7.83139973492442e-05,7.831512684987773e-05,-1.1295006335225869e-09,-1.1295006335225868
257,7.834256512829269e-05,7.83436970540408e-05,-1.1319257481022247e-09,-1.1319257481022247
258,7.837113315055883e-05,7.837226725820386e-05,-1.1341076450315241e-09,-1.1341076450315242
259,7.839970139218823e-05,7.840083746236692e-05,-1.1360701786827388e-09,-1.1360701786827387
260,7.842826980305842e-05,7.842940766652999e-05,-1.1378634715596724e-09,-1.1378634715596725
261,7.84568383513528e-05,7.845797787069305e-05,-1.1395193402527028e-09,-1.1395193402527029
262,7.848540702488913e-05,7.848654807485611e-05,-1.1410499669794129e-09,-1.141049966979413
263,7.851397580490746e-05,7.851511827901918e-05,-1.1424741117170981e-09,-1.142474111717098
264,7.854254466757819e-05,7.854368848318225e-05,-1.14381560405044e-09,-1.14381560405044
265,7.85711136047138e-05,7.857225868734531e-05,-1.1450826315083267e-09,-1.1450826315083267
266,7.859968259739785e-05,7.860082889150837e-05,-1.1462941105184275e-09,-1.1462941105184274
267,7.86282516326127e-05,7.862939909567144e-05,-1.147463058730309e-09,-1.147463058730309
268,7.865682070417923e-05,7.86579692998345e-05,-1.1485956552696505e-09,-1.1485956552696504
269,7.868538979238456e-05,7.868653950399757e-05,-1.1497116130054841e-09,-1.149711613005484
270,7.871395889616264e-05,7.871510970816063e-05,-1.1508119979795962e-09,-1.150811997979596
271,7.874252800646353e-05,7.87436799123237e-05,-1.1519058601630455e-09,-1.1519058601630456
272,7.877109712425423e-05,7.877225011648676e-05,-1.1529922325288096e-09,-1.1529922325288096
273,7.87996662436872e-05,7.880082032064982e-05,-1.1540769626128854e-09,-1.1540769626128855
274,7.882823535408918e-05,7.882939052481289e-05,-1.1551707237080347e-09,-1.1551707237080346
275,7.885680446084458e-05,7.885796072897595e-05,-1.1562681313681134e-09,-1.1562681313681133
276,7.888537355020722e-05,7.888653093313902e-05,-1.1573829317994431e-09,-1.157382931799443
277,7.891394262555e-05,7.891510113730209e-05,-1.1585117520897228e-09,-1.1585117520897228
278,7.89425116776441e-05,7.894367134146515e-05,-1.1596638210356073e-09,-1.1596638210356074
279,7.897108072064406e-05,7.897224154562821e-05,-1.160824984147342e-09,-1.160824984147342
280,7.899964973209994e-05,7.900081174979128e-05,-1.1620176913352384e-09,-1.1620176913352385
281,7.902820847298932e-05,7.902938195395434e-05,-1.1734809650113434e-09,-1.1734809650113434
282,7.90567692462811e-05,7.90579521581174e-05,-1.1829118362970757e-09,-1.1829118362970756
283,7.908533264643758e-05,7.908652236228047e-05,-1.189715842887533e-09,-1.189715842887533
284,7.911389772071008e-05,7.911509256644354e-05,-1.1948457334591091e-09,-1.1948457334591092
285,7.914246399595298e-05,7.91436627706066e-05,-1.1987746536094837e-09,-1.1987746536094837
286,7.917103118554406e-05,7.917223297476966e-05,-1.2017892255999551e-09,-1.2017892255999552
287,7.919959906078535e-05,7.920080317893273e-05,-1.2041181473776052e-09,-1.2041181473776053
288,7.922816748006823e-05,7.92293733830958e-05,-1.2059030275639643e-09,-1.2059030275639642
289,7.925673634986071e-05,7.925794358725886e-05,-1.2072373981391533e-09,-1.2072373981391533
290,7.928530558179817e-05,7.928651379142192e-05,-1.2082096237486341e-09,-1.2082096237486342
291,7.931387510148745e-05,7.931508399558499e-05,-1.2088940975343357e-09,-1.2088940975343356
292,7.93424448549106e-05,7.934365419974805e-05,-1.2093448374435997e-09,-1.2093448374435998
293,7.937101479686123e-05,7.937222440391111e-05,-1.209607049882319e-09,-1.209607049882319
294,7.939958489705084e-05,7.940079460807418e-05,-1.2097110233392249e-09,-1.209711023339225
295,7.942815511633948e-05,7.942936481223725e-05,-1.2096958977702418e-09,-1.209695897770242
296,7.94567254354024e-05,7.94579350164003e-05,-1.2095809979000246e-09,-1.2095809979000245
297,7.9485295821941e-05,7.948650522056337e-05,-1.2093986223687895e-09,-1.2093986223687896
298,7.951386626999916e-05,7.951507542472644e-05,-1.2091547272818288e-09,-1.2091547272818288
299,7.954243675795728e-05,7.954364562888951e-05,-1.2088709322267729e-09,-1.2088709322267728
300,7.957100727066248e-05,7.957221583305256e-05,-1.2085623900809472e-09,-1.2085623900809472
301,7.959957779954121e-05,7.960078603721563e-05,-1.208237674416976e-09,-1.208237674416976
302,7.962814833576937e-05,7.96293562413787e-05,-1.2079056093259484e-09,-1.2079056093259484
303,7.965671886559141e-05,7.965792644554176e-05,-1.2075799503383246e-09,-1.2075799503383247
304,7.968528938568788e-05,7.968649664970482e-05,-1.2072640169423436e-09,-1.2072640169423436
305,7.971385989069074e-05,7.971506685386789e-05,-1.206963177144934e-09,-1.206963177144934
306,7.974243036730605e-05,7.974363705803096e-05,-1.2066907249045865e-09,-1.2066907249045864
307,7.977100081653947e-05,7.977220726219401e-05,-1.2064456545424708e-09,-1.2064456545424709
308,7.979957123540484e-05,7.980077746635708e-05,-1.206230952235973e-09,-1.2062309522359729
309,7.982814161984433e-05,7.982934767052015e-05,-1.2060506758150115e-09,-1.2060506758150116
310,7.985671196795325e-05,7.985791787468322e-05,-1.2059067299653055e-09,-1.2059067299653055
311,7.988528227813042e-05,7.988648807884627e-05,-1.2058007158501757e-09,-1.2058007158501758
312,7.991385255003546e-05,7.991505828300934e-05,-1.2057329738819993e-09,-1.2057329738819993
313,7.994242278007133e-05,7.994362848717241e-05,-1.2057071010776663e-09,-1.2057071010776663
314,7.997099296765677e-05,7.997219869133547e-05,-1.205723678691514e-09,-1.205723678691514
315,7.999956311073749e-05,8.000076889549853e-05,-1.2057847610427135e-09,-1.2057847610427135
316,8.002812330322115e-05,8.00293390996616e-05,-1.2157964404486859e-09,-1.2157964404486858
317,8.005668585535907e-05,8.005790930382467e-05,-1.223448465593935e-09,-1.223448465593935
318,8.008525112175996e-05,8.008647950798774e-05,-1.2283862277749486e-09,-1.2283862277749487
319,8.011381805263691e-05,8.011504971215079e-05,-1.231659513876752e-09,-1.231659513876752
320,8.014238616743195e-05,8.014361991631386e-05,-1.2337488819026754e-09,-1.2337488819026754
321,8.017095515074247e-05,8.017219012047693e-05,-1.234969734450421e-09,-1.2349697344504211
322,8.01995248059768e-05,8.020076032463998e-05,-1.2355186631778723e-09,-1.2355186631778723
323,8.022809496796602e-05,8.022933052880305e-05,-1.2355608370296313e-09,-1.2355608370296314
324,8.025666554003514e-05,8.025790073296612e-05,-1.2351929309794968e-09,-1.235192930979497
325,8.028523643177702e-05,8.028647093712917e-05,-1.2345053521471934e-09,-1.2345053521471934
326,8.031380757849437e-05,8.031504114129224e-05,-1.233562797871462e-09,-1.2335627978714618
327,8.034237893071387e-05,8.034361134545531e-05,-1.232414741435845e-09,-1.232414741435845
328,8.037095043582937e-05,8.037218154961838e-05,-1.2311137890073781e-09,-1.2311137890073782
329,8.039952205209998e-05,8.040075175378145e-05,-1.2297016814616826e-09,-1.2297016814616826
330,8.042809376240708e-05,8.04293219579445e-05,-1.2281955374159375e-09,-1.2281955374159375
331,8.045666554135485e-05,8.045789216210757e-05,-1.2266207527203878e-09,-1.2266207527203878
332,8.048523736410636e-05,8.048646236627064e-05,-1.2250021642784008e-09,-1.2250021642784008
333,8.05138092269099e-05,8.051503257043369e-05,-1.2233435237954113e-09,-1.2233435237954113
334,8.054238109172751e-05,8.054360277459676e-05,-1.2216828692442562e-09,-1.2216828692442563
335,8.057095295333897e-05,8.057217297875983e-05,-1.220025420855108e-09,-1.220025420855108
336,8.059952480716941e-05,8.06007431829229e-05,-1.218375753486796e-09,-1.218375753486796
337,8.06280966470538e-05,8.062931338708595e-05,-1.2167400321432661e-09,-1.2167400321432662
338,8.06566684655177e-05,8.065788359124902e-05,-1.2151257313142954e-09,-1.2151257313142954
339,8.068524025753251e-05,8.068645379541209e-05,-1.2135378795702174e-09,-1.2135378795702174
340,8.071381199649277e-05,8.071502399957516e-05,-1.2120030823785357e-09,-1.2120030823785357
341,8.074238369851676e-05,8.074359420373821e-05,-1.2105052214476531e-09,-1.210505221447653
342,8.077095535729263e-05,8.077216440790128e-05,-1.209050608650252e-09,-1.2090506086502522
343,8.079952696618833e-05,8.080073461206435e-05,-1.207645876010364e-09,-1.207645876010364
344,8.082809853350315e-05,8.08293048162274e-05,-1.2062827242449619e-09,-1.2062827242449619
345,8.085667005151105e-05,8.085787502039047e-05,-1.2049688794193841e-09,-1.2049688794193842
346,8.088524150188637e-05,8.088644522455354e-05,-1.2037226671659836e-09,-1.2037226671659835
347,8.091381290046889e-05,8.09150154287166e-05,-1.2025282477111487e-09,-1.2025282477111487
348,8.094238424469356e-05,8.094358563287966e-05,-1.2013881861010365e-09,-1.2013881861010365
349,8.097095554010629e-05,8.097215583704273e-05,-1.200296936438247e-09,-1.200296936438247
350,8.099952677548261e-05,8.10007260412058e-05,-1.1992657231832688e-09,-1.1992657231832689
351,8.10280881861501e-05,8.102929624536887e-05,-1.2080592187644855e-09,-1.2080592187644854
352,8.105665207719268e-05,8.105786644953192e-05,-1.2143723392417178e-09,-1.2143723392417178
353,8.108521868365411e-05,8.108643665369499e-05,-1.217970040873226e-09,-1.2179700408732261
354,8.111378696458063e-05,8.111500685785806e-05,-1.2198932774269637e-09,-1.2198932774269637
355,8.11423564178444e-05,8.114357706202111e-05,-1.2206441767019062e-09,-1.2206441767019063
356,8.11709267259321e-05,8.117214726618418e-05,-1.2205402520747558e-09,-1.2205402520747557
357,8.11994976816275e-05,8.120071747034725e-05,-1.2197887197477172e-09,-1.2197887197477173
358,8.122806914444923e-05,8.122928767451032e-05,-1.2185300610837695e-09,-1.2185300610837695
359,8.125664098876423e-05,8.125785787867337e-05,-1.2168899091345093e-09,-1.2168899091345093
360,8.128521312621406e-05,8.128642808283644e-05,-1.2149566223789985e-09,-1.2149566223789985
361,8.131378551050701e-05,8.131499828699951e-05,-1.2127764924959523e-09,-1.2127764924959523
362,8.134235807931717e-05,8.134356849116258e-05,-1.2104118454029096e-09,-1.2104118454029096
363,8.137093079662195e-05,8.137213869532563e-05,-1.2078987036763936e-09,-1.2078987036763935
364,8.139950360497501e-05,8.14007088994887e-05,-1.2052945136871984e-09,-1.2052945136871984
365,8.14280764970685e-05,8.142927910365177e-05,-1.2026065832561222e-09,-1.2026065832561221
366,8.145664945595065e-05,8.145784930781482e-05,-1.1998518641687346e-09,-1.1998518641687346
367,8.148522242907125e-05,8.148641951197789e-05,-1.1970829066336867e-09,-1.1970829066336865
368,8.151379542274882e-05,8.151498971614096e-05,-1.1942933921375574e-09,-1.1942933921375574
369,8.154236842263223e-05,8.154355992030403e-05,-1.1914976717901655e-09,-1.1914976717901655
370,8.157094141443636e-05,8.15721301244671e-05,-1.1887100307276276e-09,-1.1887100307276277
371,8.159951437742744e-05,8.160070032863015e-05,-1.1859512027037418e-09,-1.1859512027037418
372,8.162808731658141e-05,8.162927053279322e-05,-1.1832162117997424e-09,-1.1832162117997425
373,8.16566602347259e-05,8.165784073695628e-05,-1.180502230375706e-09,-1.180502230375706
374,8.168523309045223e-05,8.168641094111934e-05,-1.1778506671077085e-09,-1.1778506671077085
375,8.171380590955656e-05,8.171498114528241e-05,-1.1752357258445103e-09,-1.1752357258445103
376,8.17423786846798e-05,8.174355134944548e-05,-1.1726647656761198e-09,-1.1726647656761198
377,8.177095140766615e-05,8.177212155360854e-05,-1.170145942391407e-09,-1.170145942391407
378,8.179952405872278e-05,8.18006917577716e-05,-1.1676990488193142e-09,-1.1676990488193142
379,8.182809666450975e-05,8.182926196193467e-05,-1.1652974249163111e-09,-1.165297424916311
380,8.185666922309389e-05,8.185783216609773e-05,-1.1629430038419765e-09,-1.1629430038419766
381,8.188524170872878e-05,8.18864023702608e-05,-1.1606615320233274e-09,-1.1606615320233273
382,8.191381413161739e-05,8.191497257442386e-05,-1.1584428064673996e-09,-1.1584428064673995
383,8.194238649907646e-05,8.194354277858693e-05,-1.156279510462937e-09,-1.1562795104629369
384,8.19709588125034e-05,8.197211298275e-05,-1.154170246595312e-09,-1.154170246595312
385,8.199953106254963e-05,8.200068318691305e-05,-1.1521243634113095e-09,-1.1521243634113094
386,8.202809349869675e-05,8.202925339107612e-05,-1.1598923793645543e-09,-1.1598923793645544
387,8.205665848820965e-05,8.205782359523919e-05,-1.1651070295280537e-09,-1.1651070295280537
388,8.208522618463118e-05,8.208639379940225e-05,-1.1676147710739414e-09,-1.1676147710739415
389,8.211379557175701e-05,8.211496400356531e-05,-1.1684318082941564e-09,-1.1684318082941563
390,8.214236611201303e-05,8.214353420772838e-05,-1.1680957153378478e-09,-1.1680957153378477
391,8.217093750239702e-05,8.217210441189144e-05,-1.1669094944165533e-09,-1.1669094944165532
392,8.21995095450046e-05,8.220067461605451e-05,-1.1650710499130415e-09,-1.1650710499130414
393,8.222808206149848e-05,8.222924482021757e-05,-1.1627587190849258e-09,-1.1627587190849258
394,8.225665496328221e-05,8.225781502438064e-05,-1.16006109842075e-09,-1.16006109842075
395,8.22852281682825e-05,8.22863852285437e-05,-1.1570602611982673e-09,-1.1570602611982674
396,8.231380160717777e-05,8.231495543270676e-05,-1.1538255289869042e-09,-1.1538255289869042
397,8.234237521526063e-05,8.234352563686983e-05,-1.150421609194929e-09,-1.150421609194929
398,8.237094897235576e-05,8.23720958410329e-05,-1.146868677130706e-09,-1.146868677130706
399,8.239952281806612e-05,8.240066604519596e-05,-1.1432271298347939e-09,-1.1432271298347938
400,8.242809673666511e-05,8.242923624935902e-05,-1.13951269390365e-09,-1.1395126939036502
401,8.245667071846675e-05,8.245780645352209e-05,-1.1357350553284331e-09,-1.135735055328433
402,8.248524470622603e-05,8.248637665768515e-05,-1.1319514591164885e-09,-1.1319514591164885
403,8.2513818724143e-05,8.251494686184822e-05,-1.128137705224805e-09,-1.128137705224805
404,8.254239273170548e-05,8.254351706601128e-05,-1.1243343057891293e-09,-1.1243343057891293
405,8.257096672414005e-05,8.257208727017434e-05,-1.120546034294129e-09,-1.120546034294129
406,8.259954070607207e-05,8.260065747433741e-05,-1.1167682653436008e-09,-1.1167682653436009
407,8.262811463544611e-05,8.262922767850047e-05,-1.1130430543537688e-09,-1.1130430543537688
408,8.265668854337622e-05,8.265779788266354e-05,-1.1093392873108155e-09,-1.1093392873108154
409,8.268526239993698e-05,8.26863680868266e-05,-1.1056868896177168e-09,-1.1056868896177168
410,8.271383620555365e-05,8.271493829098967e-05,-1.1020854360232755e-09,-1.1020854360232755
411,8.274240997524463e-05,8.274350849515273e-05,-1.0985199080912357e-09,-1.0985199080912358
412,8.277098366391167e-05,8.27720786993158e-05,-1.0950354041189814e-09,-1.0950354041189814
413,8.27995573063042e-05,8.280064890347886e-05,-1.0915971746543903e-09,-1.0915971746543902
414,8.282813089998006e-05,8.282921910764193e-05,-1.0882076618628558e-09,-1.0882076618628558
415,8.285670441500589e-05,8.285778931180499e-05,-1.084896799089135e-09,-1.084896799089135
416,8.288527787722155e-05,8.288635951596805e-05,-1.0816387465021934e-09,-1.0816387465021933
417,8.29138512831322e-05,8.291492972013112e-05,-1.0784369989193137e-09,-1.0784369989193137
418,8.294242460126907e-05,8.294349992429418e-05,-1.0753230251052644e-09,-1.0753230251052643
419,8.297099788870922e-05,8.297207012845725e-05,-1.0722397480227217e-09,-1.0722397480227217
420,8.299957110137768e-05,8.300064033262031e-05,-1.0692312426312962e-09,-1.0692312426312962
421,8.302813431087963e-05,8.302921053678338e-05,-1.0762259037478828e-09,-1.0762259037478827
422,8.305669984014924e-05,8.305778074094645e-05,-1.0809007972090495e-09,-1.0809007972090494
423,8.3085268015609e-05,8.30863509451095e-05,-1.0829295005048976e-09,-1.0829295005048976
424,8.31138378696616e-05,8.311492114927257e-05,-1.0832796109755689e-09,-1.083279610975569
425,8.314240889570569e-05,8.314349135343564e-05,-1.082457729946623e-09,-1.0824577299466231
426,8.317098077573498e-05,8.31720615575987e-05,-1.0807818637137273e-09,-1.0807818637137274
427,8.319955329469618e-05,8.320063176176176e-05,-1.0784670655802802e-09,-1.0784670655802802
428,8.322812632963104e-05,8.322920196592483e-05,-1.0756362937898035e-09,-1.0756362937898034
429,8.325669977276609e-05,8.32577721700879e-05,-1.0723973218058449e-09,-1.072397321805845
430,8.328527350299868e-05,8.328634237425095e-05,-1.0688712522734605e-09,-1.0688712522734605
431,8.331384748768808e-05,8.331491257841402e-05,-1.0650907259393096e-09,-1.0650907259393096
432,8.334242167315034e-05,8.334348278257709e-05,-1.0611094267487023e-09,-1.0611094267487022
433,8.337099599638588e-05,8.337205298674016e-05,-1.0569903542746448e-09,-1.0569903542746448
434,8.339957044734457e-05,8.340062319090321e-05,-1.0527435586375952e-09,-1.0527435586375953
435,8.342814496290125e-05,8.342919339506628e-05,-1.048432165028934e-09,-1.048432165028934
436,8.345671955734652e-05,8.345776359922935e-05,-1.0440418828237712e-09,-1.0440418828237712
437,8.348529417277612e-05,8.34863338033924e-05,-1.0396306162785832e-09,-1.039630616278583
438,8.351386882659374e-05,8.351490400755547e-05,-1.0351809617258872e-09,-1.0351809617258871
439,8.354244347744046e-05,8.354347421171854e-05,-1.0307342780768792e-09,-1.0307342780768791
440,8.357101812957923e-05,8.357204441588161e-05,-1.0262863023705897e-09,-1.0262863023705897
441,8.359959276757976e-05,8.360061462004466e-05,-1.0218524649045749e-09,-1.0218524649045748
442,8.36281673782257e-05,8.362918482420773e-05,-1.0174459820220022e-09,-1.017445982022002
443,8.365674197212393e-05,8.36577550283708e-05,-1.013056246864598e-09,-1.013056246864598
444,8.368531651371362e-05,8.368632523253387e-05,-1.0087188202471803e-09,-1.0087188202471804
445,8.371389103140174e-05,8.371489543669692e-05,-1.0044052951783632e-09,-1.004405295178363
446,8.374246548741116e-05,8.374346564085999e-05,-1.0001534488261506e-09,-1.0001534488261505
447,8.377103991345462e-05,8.377203584502306e-05,-9.959315684396279e-10,-0.9959315684396278
448,8.379961426612896e-05,8.380060604918611e-05,-9.917830571525294e-10,-0.9917830571525295
449,8.382818858178786e-05,8.382917625334918e-05,-9.876715613136462e-10,-0.9876715613136462
450,8.385676283686994e-05,8.385774645751225e-05,-9.836206423031472e-10,-0.9836206423031473
451,8.388533703348645e-05,8.388631666167532e-05,-9.796281888676944e-10,-0.9796281888676944
452,8.39139111855084e-05,8.391488686583837e-05,-9.756803299686386e-10,-0.9756803299686386
453,8.394248526631612e-05,8.394345707000144e-05,-9.718036853171893e-10,-0.9718036853171893
454,8.397105930261634e-05,8.397202727416451e-05,-9.679715481678076e-10,-0.9679715481678075
455,8.399963326617139e-05,8.400059747832758e-05,-9.64212156186605e-10,-0.9642121561866049
456,8.402819698166931e-05,8.402916768249063e-05,-9.707008213148099e-10,-0.9707008213148098
457,8.405676276743412e-05,8.40577378866537e-05,-9.751192195792582e-10,-0.9751192195792582
458,8.408533115618829e-05,8.408630809081677e-05,-9.76934628472892e-10,-0.976934628472892
459,8.411390119250872e-05,8.411487829497982e-05,-9.77102471100709e-10,-0.9771024711007091
460,8.414247239679191e-05,8.414344849914289e-05,-9.761023509751042e-10,-0.9761023509751042
461,8.417104447564488e-05,8.417201870330596e-05,-9.742276610779702e-10,-0.9742276610779702
462,8.419961722399063e-05,8.420058890746903e-05,-9.716834783993105e-10,-0.9716834783993105
463,8.422819051224279e-05,8.422915911163208e-05,-9.685993892899981e-10,-0.9685993892899981
464,8.425676419614351e-05,8.425772931579515e-05,-9.651196516331244e-10,-0.9651196516331244
465,8.428533822275675e-05,8.428629951995822e-05,-9.612972014642355e-10,-0.9612972014642356
466,8.431391251435369e-05,8.431486972412129e-05,-9.572097675952169e-10,-0.9572097675952168
467,8.434248701358735e-05,8.434343992828434e-05,-9.529146969890756e-10,-0.9529146969890756
468,8.437106169357929e-05,8.437201013244741e-05,-9.484388681154224e-10,-0.9484388681154224
469,8.439963649190618e-05,8.440058033661048e-05,-9.43844704293809e-10,-0.943844704293809
470,8.442821140697293e-05,8.442915054077353e-05,-9.391338006024712e-10,-0.9391338006024712
471,8.445678638571823e-05,8.44577207449366e-05,-9.343592183700693e-10,-0.9343592183700693
472,8.448536143263363e-05,8.448629094909967e-05,-9.295164660316055e-10,-0.9295164660316054
473,8.451393650628807e-05,8.451486115326274e-05,-9.24646974665483e-10,-0.924646974665483
474,8.454251161678652e-05,8.45434313574258e-05,-9.197406392770612e-10,-0.9197406392770612
475,8.457108672429314e-05,8.457200156158886e-05,-9.148372957174294e-10,-0.9148372957174294
476,8.459966184423795e-05,8.460057176575193e-05,-9.099215139736344e-10,-0.9099215139736344
477,8.46282369432964e-05,8.4629141969915e-05,-9.050266185986458e-10,-0.9050266185986457
478,8.465681203637228e-05,8.465771217407805e-05,-9.001377057699298e-10,-0.9001377057699298
479,8.468538709536735e-05,8.468628237824112e-05,-8.952828737658562e-10,-0.8952828737658561
480,8.471396213682122e-05,8.471485258240419e-05,-8.90445582960311e-10,-0.890445582960311
481,8.474253713142927e-05,8.474342278656726e-05,-8.856551379827638e-10,-0.8856551379827639
482,8.477111209986703e-05,8.477199299073031e-05,-8.808908632739682e-10,-0.8808908632739681
483,8.479968701680656e-05,8.480056319489338e-05,-8.761780868131129e-10,-0.8761780868131129
484,8.48282619020902e-05,8.482913339905645e-05,-8.714969662367686e-10,-0.8714969662367685
485,8.48568367304115e-05,8.485770360321951e-05,-8.668728080162633e-10,-0.8668728080162633
486,8.488541152488566e-05,8.488627380738257e-05,-8.622824969070698e-10,-0.8622824969070697
487,8.491398625554481e-05,8.491484401154564e-05,-8.577560008264414e-10,-0.8577560008264414
488,8.494256095107556e-05,8.49434142157087e-05,-8.532646331401471e-10,-0.8532646331401471
489,8.497113558283593e-05,8.497198441987176e-05,-8.488370358268411e-10,-0.8488370358268411
490,8.499971018028954e-05,8.500055462403483e-05,-8.444437452859103e-10,-0.8444437452859103
491,8.502827425252083e-05,8.50291248281979e-05,-8.505756770673682e-10,-0.8505756770673683
492,8.505684012178286e-05,8.505769503236097e-05,-8.549105781035877e-10,-0.8549105781035877
493,8.508540848871615e-05,8.508626523652402e-05,-8.567478078669855e-10,-0.8567478078669855
494,8.511397850863542e-05,8.511483544068709e-05,-8.569320516682991e-10,-0.8569320516682991
495,8.514254971219687e-05,8.514340564485016e-05,-8.559326532825279e-10,-0.8559326532825279
496,8.517112178960207e-05,8.517197584901322e-05,-8.540594111476599e-10,-0.8540594111476598
497,8.519969455968264e-05,8.520054605317628e-05,-8.514934936306787e-10,-0.8514934936306787
498,8.52282678826561e-05,8.522911625733935e-05,-8.483746832449481e-10,-0.848374683244948
499,8.525684165133292e-05,8.525768646150242e-05,-8.44810169489173e-10,-0.844810169489173
500,8.528541576576715e-05,8.528625666566547e-05,-8.408998983208966e-10,-0.8408998983208966
501,8.531399018622272e-05,8.531482686982854e-05,-8.366836058175031e-10,-0.8366836058175031
502,8.534256482207011e-05,8.53433970739916e-05,-8.322519214956877e-10,-0.8322519214956877
503,8.537113966703099e-05,8.537196727815467e-05,-8.276111236856281e-10,-0.8276111236856282
504,8.539971464781774e-05,8.540053748231773e-05,-8.228344999818505e-10,-0.8228344999818505
505,8.542828977477616e-05,8.54291076864808e-05,-8.179117046290694e-10,-0.8179117046290695
506,8.54568649740882e-05,8.545767789064387e-05,-8.129165556677237e-10,-0.8129165556677237
507,8.548544027801477e-05,8.548624809480693e-05,-8.078167921607277e-10,-0.8078167921607277
508,8.551401561412476e-05,8.551481829896999e-05,-8.026848452235486e-10,-0.8026848452235485
509,8.554259100915544e-05,8.554338850313306e-05,-7.974939776174614e-10,-0.7974939776174614
510,8.557116641738337e-05,8.557195870729612e-05,-7.92289912750165e-10,-0.792289912750165
511,8.559974185403661e-05,8.560052891145918e-05,-7.87057422568466e-10,-0.787057422568466
512,8.562831728681547e-05,8.562909911562225e-05,-7.818288067696778e-10,-0.7818288067696778
513,8.565689272668269e-05,8.565766931978532e-05,-7.765931026197162e-10,-0.7765931026197163
514,8.568546815377706e-05,8.568623952394838e-05,-7.713701713200234e-10,-0.7713701713200234
515,8.571404356473786e-05,8.571480972811145e-05,-7.66163373585626e-10,-0.766163373585626
516,8.574261895971347e-05,8.57433799322745e-05,-7.609725610299041e-10,-0.7609725610299041
517,8.57711943219325e-05,8.577195013643757e-05,-7.558145050678437e-10,-0.7558145050678438
518,8.5799769670051e-05,8.580052034060064e-05,-7.506705496429275e-10,-0.7506705496429275
519,8.582834496199454e-05,8.58290905447637e-05,-7.4558276915847e-10,-0.74558276915847
520,8.585692024220599e-05,8.585766074892677e-05,-7.40506720771511e-10,-0.7405067207715109
521,8.588549546360796e-05,8.588623095308983e-05,-7.354894818685273e-10,-0.7354894818685273
522,8.591407066978298e-05,8.591480115725289e-05,-7.304874699074297e-10,-0.7304874699074297
523,8.594264580981778e-05,8.594337136141596e-05,-7.255515981684291e-10,-0.7255515981684291
524,8.597122093066373e-05,8.597194156557902e-05,-7.206349152899985e-10,-0.7206349152899985
525,8.599979599198344e-05,8.600051176974209e-05,-7.157777586480468e-10,-0.7157777586480468
526,8.602836028156036e-05,8.602908197390516e-05,-7.216923447974529e-10,-0.7216923447974528
527,8.605692595867095e-05,8.605765217806822e-05,-7.26219397263531e-10,-0.726219397263531
528,8.608549406757248e-05,8.608622238223128e-05,-7.283146587956236e-10,-0.7283146587956236
529,8.611406379337366e-05,8.611479258639435e-05,-7.28793020693243e-10,-0.728793020693243
530,8.614263468742988e-05,8.614336279055741e-05,-7.281031275229823e-10,-0.7281031275229823
531,8.617120649216821e-05,8.617193299472048e-05,-7.265025522598344e-10,-0.7265025522598344
532,8.619977901642703e-05,8.620050319888354e-05,-7.241824565112846e-10,-0.7241824565112845
533,8.622835210505963e-05,8.622907340304661e-05,-7.212979869790253e-10,-0.7212979869790253
534,8.625692566156333e-05,8.625764360720967e-05,-7.179456463300251e-10,-0.7179456463300251
535,8.628549961456522e-05,8.628621381137273e-05,-7.141968075119835e-10,-0.7141968075119836
536,8.631407386706873e-05,8.63147840155358e-05,-7.101484670730639e-10,-0.7101484670730639
537,8.634264839635608e-05,8.634335421969887e-05,-7.058233427892772e-10,-0.7058233427892772
538,8.637122314015004e-05,8.637192442386193e-05,-7.012837118839322e-10,-0.7012837118839322
539,8.639979806663318e-05,8.6400494628025e-05,-6.965613918147688e-10,-0.6965613918147688
540,8.642837314353775e-05,8.642906483218806e-05,-6.916886503086888e-10,-0.6916886503086888
541,8.645694834388395e-05,8.645763503635112e-05,-6.866924671675484e-10,-0.6866924671675484
542,8.648552364161752e-05,8.648620524051418e-05,-6.815988966640191e-10,-0.6815988966640191
543,8.651409902946574e-05,8.651477544467725e-05,-6.764152115043013e-10,-0.6764152115043014
544,8.654267446938042e-05,8.654334564884032e-05,-6.711794598933897e-10,-0.6711794598933897
545,8.657124996568794e-05,8.657191585300338e-05,-6.65887315430935e-10,-0.665887315430935
546,8.659982549083282e-05,8.660048605716644e-05,-6.605663336165946e-10,-0.6605663336165947
547,8.662840106008334e-05,8.662905626132951e-05,-6.552012461732745e-10,-0.6552012461732745
548,8.665697662185849e-05,8.665762646549258e-05,-6.498436340870931e-10,-0.6498436340870931
549,8.668555220815893e-05,8.668619666965563e-05,-6.444614966972489e-10,-0.6444614966972488
550,8.671412777872823e-05,8.67147668738187e-05,-6.390950904710637e-10,-0.6390950904710637
551,8.674270336548196e-05,8.674333707798177e-05,-6.337124998033962e-10,-0.6337124998033962
552,8.677127893845034e-05,8.677190728214483e-05,-6.283436944817487e-10,-0.6283436944817488
553,8.679985448663907e-05,8.68004774863079e-05,-6.229996688175939e-10,-0.6229996688175939
554,8.682843003735771e-05,8.682904769047096e-05,-6.176531132489847e-10,-0.6176531132489848
555,8.685700553554901e-05,8.685761789463403e-05,-6.123590850123605e-10,-0.6123590850123605
556,8.68855810322257e-05,8.68861880987971e-05,-6.070665713926186e-10,-0.6070665713926187
557,8.691415648698486e-05,8.691475830296015e-05,-6.018159752921371e-10,-0.601815975292137
558,8.694273192490942e-05,8.694332850712322e-05,-5.965822138020757e-10,-0.5965822138020757
559,8.697130732233817e-05,8.697189871128629e-05,-5.913889481169658e-10,-0.5913889481169657
560,8.69998826967097e-05,8.700046891544934e-05,-5.862187396444621e-10,-0.5862187396444621
561,8.702844700512695e-05,8.702903911961241e-05,-5.92114485463639e-10,-0.592114485463639
562,8.705701240530976e-05,8.705760932377548e-05,-5.969184657159752e-10,-0.5969184657159752
563,8.708558010226853e-05,8.708617952793854e-05,-5.994256699990289e-10,-0.5994256699990289
564,8.711414936144564e-05,8.71147497321016e-05,-6.003706559640505e-10,-0.6003706559640505
565,8.714271980753478e-05,8.714331993626467e-05,-6.001287298831026e-10,-0.6001287298831026
566,8.717129115668601e-05,8.717189014042774e-05,-5.989837417260813e-10,-0.5989837417260814
567,8.719986324151767e-05,8.720046034459081e-05,-5.971030731315924e-10,-0.5971030731315924
568,8.722843593186085e-05,8.722903054875386e-05,-5.946168930058887e-10,-0.5946168930058887
569,8.725700912462549e-05,8.725760075291693e-05,-5.916282914386033e-10,-0.5916282914386033
570,8.728558271861536e-05,8.728617095708e-05,-5.882384646350147e-10,-0.5882384646350147
571,8.731415666182866e-05,8.731474116124305e-05,-5.844994143872097e-10,-0.5844994143872096
572,8.734273091112387e-05,8.734331136540612e-05,-5.804542822515962e-10,-0.5804542822515962
573,8.737130539103264e-05,8.737188156956919e-05,-5.761785365462925e-10,-0.5761785365462925
574,8.739988010072425e-05,8.740045177373224e-05,-5.716730079870032e-10,-0.5716730079870032
575,8.742845495794755e-05,8.742902197789531e-05,-5.670199477555051e-10,-0.5670199477555051
576,8.745702999382176e-05,8.745759218205838e-05,-5.621882366202578e-10,-0.5621882366202579
577,8.74856051264689e-05,8.748616238622145e-05,-5.572597525399928e-10,-0.5572597525399928
578,8.751418038927555e-05,8.751473259038452e-05,-5.522011089589289e-10,-0.5522011089589289
579,8.754275571824281e-05,8.754330279454757e-05,-5.470763047592147e-10,-0.5470763047592146
580,8.757133113539114e-05,8.757187299871064e-05,-5.418633194965714e-10,-0.5418633194965714
581,8.759990659373541e-05,8.760044320287371e-05,-5.366091382918712e-10,-0.5366091382918712
582,8.762848211200218e-05,8.762901340703676e-05,-5.312950345747979e-10,-0.5312950345747979
583,8.765705765790679e-05,8.765758361119983e-05,-5.259532930400174e-10,-0.5259532930400174
584,8.76856332350497e-05,8.76861538153629e-05,-5.205803132011927e-10,-0.5205803132011927
585,8.771420883539183e-05,8.771472401952595e-05,-5.151841341192772e-10,-0.5151841341192772
586,8.774278443610567e-05,8.774329422368902e-05,-5.097875833457519e-10,-0.5097875833457519
587,8.777136006515338e-05,8.777186442785209e-05,-5.043626987102773e-10,-0.5043626987102773
588,8.779993566878482e-05,8.780043463201516e-05,-4.989632303351533e-10,-0.49896323033515333
589,8.782851128594822e-05,8.782900483617823e-05,-4.935502300056095e-10,-0.49355023000560955
590,8.785708688200212e-05,8.785757504034128e-05,-4.881583391601267e-10,-0.48815833916012663
591,8.788566247871397e-05,8.788614524450435e-05,-4.827657903801079e-10,-0.4827657903801079
592,8.79142380547528e-05,8.791471544866742e-05,-4.773939146114606e-10,-0.4773939146114606
593,8.794281361597554e-05,8.794328565283047e-05,-4.720368549262861e-10,-0.4720368549262861
594,8.797138916588259e-05,8.797185585699354e-05,-4.666911109507657e-10,-0.4666911109507657
595,8.79999646755842e-05,8.800042606115661e-05,-4.6138557240374996e-10,-0.46138557240374994
596,8.8028528902933e-05,8.802899626531968e-05,-4.67362386675659e-10,-0.46736238667565894
597,8.805709385696087e-05,8.805756646948274e-05,-4.726125218682444e-10,-0.47261252186824443
598,8.808566097367791e-05,8.80861366736458e-05,-4.756999678843232e-10,-0.4756999678843232
599,8.811422961388626e-05,8.811470687780887e-05,-4.772639226063447e-10,-0.4772639226063447
600,8.814279941428492e-05,8.814327708197194e-05,-4.776676870170309e-10,-0.4776676870170309
601,8.817137014702434e-05,8.817184728613499e-05,-4.771391106481585e-10,-0.4771391106481585
602,8.819994162185757e-05,8.820041749029806e-05,-4.758684404878126e-10,-0.4758684404878126
603,8.822851371997343e-05,8.822898769446113e-05,-4.739744876926528e-10,-0.47397448769265277
604,8.825708634547113e-05,8.825755789862418e-05,-4.715531530483641e-10,-0.4715531530483641
605,8.828565942540369e-05,8.828612810278725e-05,-4.686773835609126e-10,-0.46867738356091265
606,8.831423286242863e-05,8.831469830695032e-05,-4.6544452167961223e-10,-0.4654445216796122
607,8.834280662474595e-05,8.834326851111339e-05,-4.618863674336526e-10,-0.46188636743365263
608,8.837138067639127e-05,8.837183871527645e-05,-4.580388851779004e-10,-0.45803888517790037
609,8.839995494610515e-05,8.840040891943951e-05,-4.539733343576402e-10,-0.4539733343576402
610,8.84285294404846e-05,8.842897912360258e-05,-4.4968311796857065e-10,-0.44968311796857063
611,8.84571040896607e-05,8.845754932776565e-05,-4.4523810493958515e-10,-0.44523810493958516
612,8.848567890752664e-05,8.84861195319287e-05,-4.4062440206009996e-10,-0.44062440206009995
613,8.851425384400949e-05,8.851468973609177e-05,-4.3589208227232697e-10,-0.43589208227232695
614,8.854282890018863e-05,8.854325994025484e-05,-4.3104006619879334e-10,-0.4310400661987933
615,8.857140403837565e-05,8.857183014441789e-05,-4.2610604223845024e-10,-0.4261060422384502
616,8.859997927593959e-05,8.860040034858096e-05,-4.2107264136407423e-10,-0.42107264136407424
617,8.862855456187298e-05,8.862897055274403e-05,-4.1599087104593977e-10,-0.4159908710459398
618,8.865712992413532e-05,8.86575407569071e-05,-4.108327717700026e-10,-0.41083277177000255
619,8.868570530476516e-05,8.868611096107016e-05,-4.0565630499795625e-10,-0.40565630499795624
620,8.871428075251223e-05,8.871468116523322e-05,-4.004127209885778e-10,-0.4004127209885778
621,8.874285620453846e-05,8.874325136939629e-05,-3.9516485782295994e-10,-0.39516485782295996
622,8.877143170116099e-05,8.877182157355935e-05,-3.898723983591166e-10,-0.3898723983591166
623,8.880000720004987e-05,8.880039177772241e-05,-3.84577672533262e-10,-0.384577672533262
624,8.882858272015008e-05,8.882896198188548e-05,-3.7926173538965745e-10,-0.37926173538965746
625,8.88571582442921e-05,8.885753218604855e-05,-3.739417564487741e-10,-0.3739417564487741
626,8.888573376946292e-05,8.88861023902116e-05,-3.686207486813442e-10,-0.3686207486813442
627,8.891430930232996e-05,8.891467259437467e-05,-3.632920447047929e-10,-0.36329204470479287
628,8.89428848160181e-05,8.894324279853774e-05,-3.579825196277041e-10,-0.3579825196277041
629,8.897146034547322e-05,8.89718130027008e-05,-3.526572275811795e-10,-0.3526572275811795
630,8.900003582112e-05,8.900038320686387e-05,-3.4738574386505913e-10,-0.3473857438650591
631,8.902859944243897e-05,8.902895341102693e-05,-3.53968587957479e-10,-0.353968587957479
632,8.905716366937998e-05,8.905752361519e-05,-3.599458100113776e-10,-0.3599458100113776
633,8.90857300763596e-05,8.908609381935306e-05,-3.6374299345850036e-10,-0.36374299345850036
634,8.911429801795031e-05,8.911466402351612e-05,-3.6600556580369184e-10,-0.3660055658036918
635,8.914286716410634e-05,8.914323422767919e-05,-3.6706357283853847e-10,-0.36706357283853847
636,8.917143726931816e-05,8.917180443184226e-05,-3.6716252409479845e-10,-0.36716252409479844
637,8.920000816491539e-05,8.920037463600531e-05,-3.664710899208849e-10,-0.3664710899208849
638,8.922857972197228e-05,8.922894484016838e-05,-3.6511819609039217e-10,-0.36511819609039214
639,8.925715181612757e-05,8.925751504433145e-05,-3.632282038722159e-10,-0.36322820387221594
640,8.928572438416266e-05,8.928608524849451e-05,-3.6086433184820127e-10,-0.36086433184820127
641,8.931429736015774e-05,8.931465545265758e-05,-3.58092499835696e-10,-0.358092499835696
642,8.934287069911715e-05,8.934322565682064e-05,-3.549577034852433e-10,-0.3549577034852433
643,8.937144432067487e-05,8.93717958609837e-05,-3.515403088356452e-10,-0.3515403088356452
644,8.940001821680471e-05,8.940036606514677e-05,-3.4784834205940184e-10,-0.34784834205940185
645,8.942859234169938e-05,8.942893626930983e-05,-3.4392761044080266e-10,-0.34392761044080267
646,8.945716665709098e-05,8.94575064734729e-05,-3.398163819119651e-10,-0.3398163819119651
647,8.94857411614099e-05,8.948607667763596e-05,-3.355162260588217e-10,-0.3355162260588217
648,8.951431580250541e-05,8.951464688179903e-05,-3.310792936157328e-10,-0.3310792936157328
649,8.954289058999203e-05,8.95432170859621e-05,-3.2649597006756814e-10,-0.32649597006756814
650,8.957146546905974e-05,8.957178729012516e-05,-3.2182106541201403e-10,-0.32182106541201405
651,8.96000404715792e-05,8.960035749428822e-05,-3.1702270902476676e-10,-0.31702270902476676
652,8.96286155324017e-05,8.962892769845129e-05,-3.121660495843789e-10,-0.31216604958437894
653,8.965719068885965e-05,8.965749790261435e-05,-3.0721375468968267e-10,-0.30721375468968265
654,8.968576588707158e-05,8.968606810677741e-05,-3.022197058276238e-10,-0.3022197058276238
655,8.97143411566822e-05,8.971463831094048e-05,-2.9715425828161635e-10,-0.29715425828161635
656,8.974291645346804e-05,8.974320851510354e-05,-2.920616354927586e-10,-0.2920616354927586
657,8.977149180245284e-05,8.97717787192666e-05,-2.8691681376320147e-10,-0.28691681376320144
658,8.980006716578876e-05,8.980034892342967e-05,-2.817576409102731e-10,-0.28175764091027306
659,8.982864256562198e-05,8.982891912759274e-05,-2.765619707629002e-10,-0.27656197076290023
660,8.985721797807281e-05,8.985748933175581e-05,-2.713536829959046e-10,-0.2713536829959046
661,8.988579340595724e-05,8.988605953591886e-05,-2.661299616245362e-10,-0.2661299616245362
662,8.991436884868825e-05,8.991462974008193e-05,-2.6089139367650877e-10,-0.26089139367650876
663,8.994294428731144e-05,8.9943199944245e-05,-2.5565693355367244e-10,-0.2556569335536724
664,8.997151974676046e-05,8.997177014840806e-05,-2.5040164758761604e-10,-0.250401647587616
665,9.000009517095764e-05,9.000034035257112e-05,-2.4518161347941604e-10,-0.24518161347941603
666,9.002865804248071e-05,9.002891055673419e-05,-2.525142534813326e-10,-0.2525142534813326
667,9.005722148335541e-05,9.005748076089725e-05,-2.592775418292102e-10,-0.2592775418292102
668,9.00857871159566e-05,9.008605096506032e-05,-2.6384910370826226e-10,-0.26384910370826226
669,9.011435435164161e-05,9.011462116922338e-05,-2.6681758176494234e-10,-0.26681758176494236
670,9.014292281907847e-05,9.014319137338645e-05,-2.6855430797917216e-10,-0.2685543079791722
671,9.017149228006116e-05,9.017176157754952e-05,-2.692974883580629e-10,-0.2692974883580629
672,9.020006255412468e-05,9.020033178171257e-05,-2.6922758789243885e-10,-0.26922758789243884
673,9.022863351908436e-05,9.022890198587564e-05,-2.684667912746768e-10,-0.2684667912746768
674,9.025720506630347e-05,9.025747219003871e-05,-2.671237352371992e-10,-0.2671237352371992
675,9.028577711298969e-05,9.028604239420177e-05,-2.6528121207353474e-10,-0.2652812120735347
676,9.03143496054576e-05,9.031461259836483e-05,-2.629929072333239e-10,-0.2629929072333239
677,9.034292245501015e-05,9.03431828025279e-05,-2.6034751775130966e-10,-0.26034751775130965
678,9.037149563577422e-05,9.037175300669096e-05,-2.573709167299806e-10,-0.2573709167299806
679,9.040006911320144e-05,9.040032321085402e-05,-2.5409765258327105e-10,-0.25409765258327105
680,9.042864282797279e-05,9.042889341501709e-05,-2.5058704430241484e-10,-0.25058704430241485
681,9.0457216763349e-05,9.045746361918016e-05,-2.468558311558035e-10,-0.24685583115580348
682,9.048579090702025e-05,9.048603382334323e-05,-2.429163229716155e-10,-0.2429163229716155
683,9.05143652039256e-05,9.051460402750628e-05,-2.3882358068613e-10,-0.23882358068613002
684,9.054293966660169e-05,9.054317423166935e-05,-2.3456506765607404e-10,-0.23456506765607404
685,9.057151423624004e-05,9.057174443583242e-05,-2.3019959237608843e-10,-0.23019959237608842
686,9.060008893942269e-05,9.060031463999547e-05,-2.2570057278388402e-10,-0.225700572783884
687,9.062866372868009e-05,9.062888484415854e-05,-2.211154784489686e-10,-0.22111547844896862
688,9.065723861622687e-05,9.065745504832161e-05,-2.1643209473611447e-10,-0.21643209473611447
689,9.068581357153111e-05,9.068602525248468e-05,-2.1168095356454535e-10,-0.21168095356454536
690,9.071438859981673e-05,9.071459545664773e-05,-2.0685683100424875e-10,-0.20685683100424873
691,9.074296367628654e-05,9.07431656608108e-05,-2.019845242632399e-10,-0.2019845242632399
692,9.077153881244045e-05,9.077173586497387e-05,-1.9705253341236317e-10,-0.19705253341236317
693,9.080011397509687e-05,9.080030606913694e-05,-1.920940400660842e-10,-0.1920940400660842
694,9.082868919183364e-05,9.082887627329999e-05,-1.870814663495234e-10,-0.1870814663495234
695,9.085726441711085e-05,9.085744647746306e-05,-1.8206035220981962e-10,-0.18206035220981961
696,9.088583968724921e-05,9.088601668162613e-05,-1.7699437691485216e-10,-0.17699437691485215
697,9.091441494957941e-05,9.091458688578918e-05,-1.719362097728804e-10,-0.1719362097728804
698,9.094299025153435e-05,9.094315708995225e-05,-1.6683841790108752e-10,-0.16683841790108753
699,9.097156553893456e-05,9.097172729411532e-05,-1.6175518075228137e-10,-0.16175518075228137
700,9.100014086999929e-05,9.100029749827839e-05,-1.5662827909570185e-10,-0.15662827909570184
701,9.102870313054078e-05,9.102886770244146e-05,-1.6457190067273893e-10,-0.1645719006727389
702,9.105726594861128e-05,9.105743790660451e-05,-1.719579932241168e-10,-0.17195799322411678
703,9.108583101494746e-05,9.108600811076758e-05,-1.7709582011493791e-10,-0.1770958201149379
704,9.111439767982793e-05,9.111457831493065e-05,-1.806351027107782e-10,-0.18063510271077818
705,9.114296561480989e-05,9.11431485190937e-05,-1.8290428381031205e-10,-0.18290428381031204
706,9.117153456412009e-05,9.117171872325677e-05,-1.8415913668068882e-10,-0.1841591366806888
707,9.120010435623015e-05,9.120028892741984e-05,-1.8457118968145837e-10,-0.18457118968145836
708,9.122867485121561e-05,9.12288591315829e-05,-1.8428036727515384e-10,-0.18428036727515384
709,9.125724596810466e-05,9.125742933574596e-05,-1.833676412985412e-10,-0.1833676412985412
710,9.128581758352804e-05,9.128599953990903e-05,-1.819563809890808e-10,-0.18195638098908082
711,9.131438967103025e-05,9.13145697440721e-05,-1.8007304184201074e-10,-0.18007304184201073
712,9.134296213321606e-05,9.134313994823517e-05,-1.778150191072906e-10,-0.1778150191072906
713,9.137153493809778e-05,9.137171015239822e-05,-1.7521430043529613e-10,-0.17521430043529612
714,9.140010805724536e-05,9.140028035656129e-05,-1.72299315924472e-10,-0.172299315924472
715,9.142868144175495e-05,9.142885056072436e-05,-1.69118969408275e-10,-0.169118969408275
716,9.145725504923179e-05,9.145742076488741e-05,-1.6571565561755165e-10,-0.16571565561755164
717,9.148582887711882e-05,9.148599096905048e-05,-1.6209193165667828e-10,-0.1620919316566783
718,9.151440287672039e-05,9.151456117321355e-05,-1.5829649315163696e-10,-0.15829649315163696
719,9.154297703720033e-05,9.15431313773766e-05,-1.543401762694608e-10,-0.1543401762694608
720,9.157155134670734e-05,9.157170158153967e-05,-1.5023483232922957e-10,-0.15023483232922957
721,9.160012576874502e-05,9.160027178570274e-05,-1.460169577173684e-10,-0.1460169577173684
722,9.162870032999748e-05,9.162884198986581e-05,-1.4165986832105863e-10,-0.14165986832105862
723,9.165727495953372e-05,9.165741219402888e-05,-1.3723449515364178e-10,-0.13723449515364178
724,9.168584969467946e-05,9.168598239819193e-05,-1.3270351246824087e-10,-0.13270351246824086
725,9.171442447869678e-05,9.1714552602355e-05,-1.2812365821795035e-10,-0.12812365821795035
726,9.174299935535455e-05,9.174312280651807e-05,-1.2345116351343272e-10,-0.12345116351343272
727,9.177157426437971e-05,9.177169301068112e-05,-1.1874630140317593e-10,-0.11874630140317592
728,9.180014924007949e-05,9.180026321484419e-05,-1.1397476469467647e-10,-0.11397476469467646
729,9.182872424497945e-05,9.182883341900726e-05,-1.0917402780603423e-10,-0.10917402780603423
730,9.185729929933264e-05,9.185740362317031e-05,-1.0432383766448434e-10,-0.10432383766448433
731,9.188587436479491e-05,9.188597382733338e-05,-9.94625384622145e-11,-0.0994625384622145
732,9.191444947564579e-05,9.191454403149645e-05,-9.455585065387661e-11,-0.0945558506538766
733,9.194302458672932e-05,9.194311423565952e-05,-8.964893018930502e-11,-0.08964893018930502
734,9.197159973564384e-05,9.197168443982258e-05,-8.470417873964407e-11,-0.08470417873964406
735,9.200017487578619e-05,9.200025464398564e-05,-7.976819944778794e-11,-0.07976819944778794
736,9.202873663591503e-05,9.202882484814871e-05,-8.821223367017397e-11,-0.08821223367017396
737,9.205729891442678e-05,9.205739505231178e-05,-9.613788498922538e-11,-0.09613788498922538
738,9.208586343464831e-05,9.208596525647483e-05,-1.0182182652010147e-10,-0.10182182652010147
739,9.211442961121976e-05,9.21145354606379e-05,-1.0584941813481288e-10,-0.10584941813481287
740,9.214299704902185e-05,9.214310566480097e-05,-1.0861577911407799e-10,-0.10861577911407798
741,9.217156553522474e-05,9.217167586896404e-05,-1.103337392930326e-10,-0.1103337392930326
742,9.220013487301206e-05,9.220024607312709e-05,-1.1120011503046029e-10,-0.11120011503046029
743,9.222870494758507e-05,9.222881627729016e-05,-1.113297050811732e-10,-0.1113297050811732
744,9.225727563234612e-05,9.225738648145323e-05,-1.1084910709788816e-10,-0.11084910709788816
745,9.228584685900697e-05,9.22859566856163e-05,-1.0982660932404622e-10,-0.10982660932404621
746,9.231441855508829e-05,9.231452688977935e-05,-1.0833469105434879e-10,-0.10833469105434879
747,9.23429906572311e-05,9.234309709394242e-05,-1.0643671131547993e-10,-0.10643671131547992
748,9.237156310413321e-05,9.237166729810549e-05,-1.041939722670772e-10,-0.1041939722670772
749,9.240013587142794e-05,9.240023750226854e-05,-1.016308405940257e-10,-0.1016308405940257
750,9.242870892120332e-05,9.242880770643161e-05,-9.878522828486962e-11,-0.09878522828486962
751,9.245728221145782e-05,9.245737791059468e-05,-9.569913685743258e-11,-0.09569913685743257
752,9.24858557166659e-05,9.248594811475774e-05,-9.239809184609175e-11,-0.09239809184609174
753,9.251442942965625e-05,9.251451831892081e-05,-8.888926455703922e-11,-0.08888926455703922
754,9.254300329138679e-05,9.254308852308387e-05,-8.523169707627393e-11,-0.08523169707627393
755,9.257157731276304e-05,9.257165872724694e-05,-8.141448388848128e-11,-0.08141448388848127
756,9.260015148040788e-05,9.260022893141e-05,-7.745100212401089e-11,-0.07745100212401089
757,9.26287257468042e-05,9.262879913557306e-05,-7.338876885397827e-11,-0.07338876885397827
758,9.265730013773504e-05,9.265736933973613e-05,-6.920200108664788e-11,-0.06920200108664788
759,9.268587459847545e-05,9.26859395438992e-05,-6.494542373694055e-11,-0.06494542373694055
760,9.271444916157132e-05,9.271450974806225e-05,-6.058649092588701e-11,-0.06058649092588701
761,9.274302377985165e-05,9.274307995222532e-05,-5.617237366082184e-11,-0.05617237366082184
762,9.277159847094665e-05,9.277165015638839e-05,-5.1685441730218246e-11,-0.051685441730218246
763,9.280017321239044e-05,9.280022036055145e-05,-4.714816100926505e-11,-0.04714816100926505
764,9.282874800152564e-05,9.282879056471452e-05,-4.256318887748701e-11,-0.04256318887748701
765,9.285732283362228e-05,9.285736076887758e-05,-3.793525528883434e-11,-0.03793525528883434
766,9.28858976978925e-05,9.288593097304064e-05,-3.3275148136238435e-11,-0.033275148136238435
767,9.291447259647894e-05,9.291450117720371e-05,-2.858072476515592e-11,-0.02858072476515592
768,9.294304751416621e-05,9.294307138136677e-05,-2.386720055716733e-11,-0.02386720055716733
769,9.297162245853174e-05,9.297164158552984e-05,-1.9126998091051804e-11,-0.019126998091051804
770,9.300019741180389e-05,9.30002117896929e-05,-1.4377889012509526e-11,-0.014377889012509526
771,9.302875879534243e-05,9.302878199385596e-05,-2.3198513527591197e-11,-0.023198513527591197
772,9.305732067153334e-05,9.305735219801903e-05,-3.1526485682793703e-11,-0.0315264856827937
773,9.308588480304325e-05,9.30859224021821e-05,-3.759913884599624e-11,-0.03759913884599624
774,9.31144506046291e-05,9.311449260634516e-05,-4.200171605287286e-11,-0.04200171605287286
775,9.314301767941272e-05,9.314306281050823e-05,-4.5131095512431406e-11,-0.045131095512431406
776,9.317158580727734e-05,9.317163301467129e-05,-4.720739394195138e-11,-0.04720739394195138
777,9.320015481226625e-05,9.320020321883435e-05,-4.840656809765113e-11,-0.04840656809765113
778,9.322872454942048e-05,9.322877342299742e-05,-4.887357693485172e-11,-0.04887357693485172
779,9.325729491727896e-05,9.325734362716048e-05,-4.87098815158697e-11,-0.0487098815158697
780,9.328586582775998e-05,9.328591383132355e-05,-4.800356356361007e-11,-0.04800356356361007
781,9.331443721284139e-05,9.331448403548661e-05,-4.6822645217643156e-11,-0.046822645217643157
782,9.33430090218131e-05,9.334305423964967e-05,-4.521783656514002e-11,-0.04521783656514002
783,9.337158118811596e-05,9.337162444381274e-05,-4.325569677746955e-11,-0.04325569677746955
784,9.340015366807561e-05,9.34001946479758e-05,-4.0979900187987306e-11,-0.040979900187987306
785,9.342872643869396e-05,9.342876485213887e-05,-3.841344490672858e-11,-0.03841344490672858
786,9.345729947484096e-05,9.345733505630194e-05,-3.5581460978223053e-11,-0.03558146097822305
787,9.348587271545817e-05,9.3485905260465e-05,-3.25450068199074e-11,-0.0325450068199074
788,9.351444615990878e-05,9.351447546462806e-05,-2.930471927858521e-11,-0.02930471927858521
789,9.35430197956764e-05,9.354304566879113e-05,-2.5873114722948835e-11,-0.025873114722948835
790,9.357159356405891e-05,9.357161587295419e-05,-2.2308895273853484e-11,-0.022308895273853484
791,9.36001674788944e-05,9.360018607711725e-05,-1.8598222852395908e-11,-0.01859822285239591
792,9.362874152780532e-05,9.362875628128032e-05,-1.4753474995180274e-11,-0.014753474995180274
793,9.36573156726348e-05,9.365732648544339e-05,-1.0812808584916476e-11,-0.010812808584916477
794,9.368588993251891e-05,9.368589668960646e-05,-6.757087548127837e-12,-0.006757087548127837
795,9.371446425416821e-05,9.371446689376951e-05,-2.6396013025062823e-12,-0.0026396013025062823
796,9.374303866804546e-05,9.374303709793258e-05,1.5701128855208219e-12,0.0015701128855208218
797,9.377161314013841e-05,9.377160730209565e-05,5.838042767098449e-12,0.005838042767098449
798,9.38001876709512e-05,9.38001775062587e-05,1.0164692496236805e-11,0.010164692496236805
799,9.382876225842551e-05,9.382874771042177e-05,1.454800374221648e-11,0.01454800374221648
800,9.385733688217779e-05,9.385731791458484e-05,1.8967592948541133e-11,0.018967592948541133
801,9.388591155448538e-05,9.38858881187479e-05,2.343573748508672e-11,0.02343573748508672
802,9.391448624650984e-05,9.391445832291096e-05,2.792359887510773e-11,0.02792359887510773
803,9.394306098114063e-05,9.394302852707403e-05,3.24540666051343e-11,0.0324540666051343
804,9.39716357216599e-05,9.39715987312371e-05,3.6990422799789965e-11,0.036990422799789965
805,9.40002104975989e-05,9.400016893540017e-05,4.156219874100845e-11,0.04156219874100845
806,9.402877160430961e-05,9.402873913956322e-05,3.246474638955657e-11,0.03246474638955657
807,9.405733319856841e-05,9.405730934372629e-05,2.385484212323359e-11,0.02385484212323359
808,9.40858970766595e-05,9.408587954788936e-05,1.7528770146319504e-11,0.017528770146319504
809,9.411446261395741e-05,9.411444975205241e-05,1.2861904998952171e-11,0.012861904998952171
810,9.414302945478945e-05,9.414301995621548e-05,9.498573968712343e-12,0.009498573968712343
811,9.417159732859764e-05,9.417159016037855e-05,7.168219092630657e-12,0.007168219092630657
812,9.420016608846461e-05,9.42001603645416e-05,5.7239230074493594e-12,0.005723923007449359
813,9.422873558879091e-05,9.422873056870467e-05,5.020086238308935e-12,0.005020086238308935
814,9.425730572176854e-05,9.425730077286774e-05,4.948900803375109e-12,0.004948900803375109
815,9.428587640207888e-05,9.428587097703081e-05,5.425048068979456e-12,0.005425048068979456
816,9.431444756375811e-05,9.431444118119388e-05,6.382564239823585e-12,0.006382564239823585
817,9.434301915132578e-05,9.434301138535693e-05,7.76596884759772e-12,0.007765968847597719
818,9.437159109701761e-05,9.437158158952e-05,9.507497616665729e-12,0.009507497616665729
819,9.440016336324077e-05,9.440015179368307e-05,1.1569557706945427e-11,0.011569557706945427
820,9.442873592196299e-05,9.442872199784612e-05,1.3924116867979293e-11,0.013924116867979293
821,9.445730873890301e-05,9.445729220200919e-05,1.6536893819695725e-11,0.016536893819695725
822,9.448588178132136e-05,9.448586240617226e-05,1.937514909882756e-11,0.01937514909882756
823,9.451445501902953e-05,9.451443261033531e-05,2.240869422074169e-11,0.02240869422074169
824,9.454302844326674e-05,9.454300281449838e-05,2.5628768357545982e-11,0.025628768357545982
825,9.457160202355687e-05,9.457157301866145e-05,2.9004895426428555e-11,0.029004895426428555
826,9.460017574053891e-05,9.460014322282452e-05,3.2517714395514465e-11,0.032517714395514465
827,9.462874959676856e-05,9.462871342698759e-05,3.616978097326975e-11,0.03616978097326975
828,9.465732354467271e-05,9.465728363115064e-05,3.9913522075984163e-11,0.03991352207598416
829,9.468589759975618e-05,9.468585383531371e-05,4.376444247235061e-11,0.04376444247235061
830,9.471447174934287e-05,9.471442403947678e-05,4.770986609069673e-11,0.04770986609069673
831,9.474304596549891e-05,9.474299424363983e-05,5.1721859085464686e-11,0.051721859085464686
832,9.477162026679493e-05,9.47715644478029e-05,5.581899203738304e-11,0.05581899203738304
833,9.480019460282085e-05,9.480013465196597e-05,5.995085488512691e-11,0.059950854885126914
834,9.482876901127292e-05,9.482870485612902e-05,6.415514390166575e-11,0.06415514390166575
835,9.4857343451126e-05,9.485727506029209e-05,6.839083390678477e-11,0.06839083390678477
836,9.488591793659667e-05,9.488584526445516e-05,7.267214151502321e-11,0.07267214151502321
837,9.49144924588622e-05,9.491441546861823e-05,7.699024397699235e-11,0.07699024397699236
838,9.494306700171871e-05,9.49429856727813e-05,8.132893741688597e-11,0.08132893741688597
839,9.497164158176307e-05,9.497155587694435e-05,8.570481872024529e-11,0.0857048187202453
840,9.50002161450494e-05,9.500012608110742e-05,9.006394198496295e-11,0.09006394198496295
841,9.50287770097875e-05,9.502869628527049e-05,8.0724517013185e-11,0.080724517013185
842,9.505733834002982e-05,9.505726648943354e-05,7.185059627704277e-11,0.07185059627704277
843,9.50859019512837e-05,9.508583669359661e-05,6.525768708862233e-11,0.06525768708862233
844,9.511446721948453e-05,9.511440689775968e-05,6.032172485939789e-11,0.06032172485939789
845,9.514303379129976e-05,9.514297710192275e-05,5.668937701891931e-11,0.05668937701891931
846,9.517160142937222e-05,9.517154730608582e-05,5.41232864090613e-11,0.0541232864090613
847,9.520016994305282e-05,9.520011751024887e-05,5.243280395181056e-11,0.05243280395181056
848,9.522873918967299e-05,9.522868771441194e-05,5.147526105538288e-11,0.05147526105538288
849,9.52573090842737e-05,9.5257257918575e-05,5.116569870241792e-11,0.05116569870241792
850,9.528587952998852e-05,9.528582812273806e-05,5.140725046256569e-11,0.05140725046256569
851,9.531445045781393e-05,9.531439832690113e-05,5.2130912803554384e-11,0.052130912803554384
852,9.53430218013041e-05,9.53429685310642e-05,5.327023990735225e-11,0.05327023990735225
853,9.537159351316334e-05,9.537153873522725e-05,5.477793609692741e-11,0.05477793609692741
854,9.540016555937987e-05,9.540010893939032e-05,5.66199895571057e-11,0.0566199895571057
855,9.54287378968712e-05,9.542867914355339e-05,5.875331782049751e-11,0.05875331782049751
856,9.545731050075638e-05,9.545724934771646e-05,6.115303992446976e-11,0.061153039924469764
857,9.54858833149306e-05,9.548581955187952e-05,6.376305107644419e-11,0.06376305107644419
858,9.551445634308678e-05,9.551438975604258e-05,6.658704420454553e-11,0.06658704420454553
859,9.554302956241262e-05,9.554295996020565e-05,6.960220697678077e-11,0.06960220697678077
860,9.557160292224312e-05,9.557153016436872e-05,7.275787440878921e-11,0.07275787440878921
861,9.560017643262076e-05,9.560010036853177e-05,7.606408899095615e-11,0.07606408899095615
862,9.562875008620085e-05,9.562867057269484e-05,7.95135060125045e-11,0.07951350601250451
863,9.56573238282123e-05,9.56572407768579e-05,8.305135439860596e-11,0.08305135439860596
864,9.568589768178659e-05,9.568581098102096e-05,8.670076562971556e-11,0.08670076562971556
865,9.57144716303035e-05,9.571438118518403e-05,9.044511946928775e-11,0.09044511946928775
866,9.574304564796987e-05,9.57429513893471e-05,9.425862277474417e-11,0.09425862277474417
867,9.577161974937385e-05,9.577152159351017e-05,9.815586368960352e-11,0.09815586368960352
868,9.580019389138066e-05,9.580009179767323e-05,1.0209370743372136e-10,0.10209370743372136
869,9.582876809868487e-05,9.582866200183629e-05,1.060968485818248e-10,0.1060968485818248
870,9.58573423539863e-05,9.585723220599936e-05,1.1014798695352836e-10,0.11014798695352836
871,9.588591664264827e-05,9.588580241016242e-05,1.1423248584660853e-10,0.11423248584660854
872,9.591449098028597e-05,9.591437261432548e-05,1.1836596049640708e-10,0.11836596049640709
873,9.594306533289319e-05,9.594294281848855e-05,1.2251440464428597e-10,0.12251440464428598
874,9.597163972695337e-05,9.597151302265162e-05,1.2670430175789933e-10,0.12670430175789935
875,9.600021410591174e-05,9.600008322681467e-05,1.3087909707366225e-10,0.13087909707366224
876,9.602877478140613e-05,9.602865343097774e-05,1.2135042839383203e-10,0.12135042839383203
877,9.605733592272026e-05,9.60572236351408e-05,1.1228757945246972e-10,0.11228757945246973
878,9.608589935369542e-05,9.608579383930387e-05,1.0551439155271075e-10,0.10551439155271075
879,9.611446443119266e-05,9.611436404346694e-05,1.0038772572365627e-10,0.10038772572365627
880,9.614303083377774e-05,9.614293424763e-05,9.65861477476304e-11,0.0965861477476304
881,9.617159827262016e-05,9.617150445179307e-05,9.382082710100737e-11,0.09382082710100738
882,9.6200166594132e-05,9.620007465595613e-05,9.193817586666322e-11,0.09193817586666322
883,9.622873566985782e-05,9.622864486011919e-05,9.080973863856359e-11,0.09080973863856359
884,9.625730537513198e-05,9.625721506428226e-05,9.031084973094786e-11,0.09031084973094786
885,9.62858756436209e-05,9.628578526844533e-05,9.037517558136669e-11,0.09037517558136669
886,9.63144463809522e-05,9.63143554726084e-05,9.090834380393759e-11,0.0909083438039376
887,9.634301755702442e-05,9.634292567677145e-05,9.18802529754619e-11,0.0918802529754619
888,9.637158910604672e-05,9.637149588093452e-05,9.322511220378268e-11,0.09322511220378268
889,9.640016097587156e-05,9.640006608509758e-05,9.489077398004113e-11,0.09489077398004113
890,9.642873312818944e-05,9.642863628926065e-05,9.683892879296651e-11,0.09683892879296652
891,9.645730554448876e-05,9.645720649342371e-05,9.905106505598097e-11,0.09905106505598098
892,9.648587819355116e-05,9.648577669758678e-05,1.0149596438725524e-10,0.10149596438725524
893,9.651445105088164e-05,9.651434690174984e-05,1.0414913180012963e-10,0.10414913180012964
894,9.654302407309143e-05,9.65429171059129e-05,1.0696717854010081e-10,0.10696717854010082
895,9.657159726760947e-05,9.657148731007597e-05,1.0995753350624456e-10,0.10995753350624456
896,9.660017060882499e-05,9.660005751423903e-05,1.1309458595944547e-10,0.11309458595944548
897,9.662874407217089e-05,9.66286277184021e-05,1.1635376878649436e-10,0.11635376878649437
898,9.665731765046039e-05,9.665719792256517e-05,1.1972789521776563e-10,0.11972789521776563
899,9.668589133782935e-05,9.668576812672823e-05,1.2321110112896895e-10,0.12321110112896895
900,9.671446510170176e-05,9.67143383308913e-05,1.2677081047320962e-10,0.12677081047320962
901,9.674303895510344e-05,9.674290853505436e-05,1.3042004908578082e-10,0.13042004908578084
902,9.677161286700842e-05,9.677147873921742e-05,1.3412779100363386e-10,0.13412779100363387
903,9.680018684665781e-05,9.680004894338048e-05,1.3790327732911822e-10,0.13790327732911822
904,9.68287608909765e-05,9.682861914754355e-05,1.417434329531646e-10,0.1417434329531646
905,9.685733496109324e-05,9.685718935170661e-05,1.4560938663935671e-10,0.1456093866393567
906,9.688590908893825e-05,9.688575955586968e-05,1.4953306857535513e-10,0.14953306857535514
907,9.691448323801731e-05,9.691432976003274e-05,1.534779845702441e-10,0.15347798457024409
908,9.694305742356716e-05,9.694289996419581e-05,1.574593713508344e-10,0.1574593713508344
909,9.697163164082081e-05,9.697147016835888e-05,1.6147246193767168e-10,0.16147246193767167
910,9.700020584865362e-05,9.700004037252193e-05,1.6547613168854432e-10,0.16547613168854433
911,9.70287665108015e-05,9.7028610576685e-05,1.5593411650707585e-10,0.15593411650707587
912,9.705732765436633e-05,9.705718078084807e-05,1.468735182610034e-10,0.14687351826100342
913,9.708589107979355e-05,9.708575098501113e-05,1.400947824309652e-10,0.1400947824309652
914,9.711445614901092e-05,9.71143211891742e-05,1.349598367261023e-10,0.1349598367261023
915,9.71430225232392e-05,9.714289139333726e-05,1.3112990194369857e-10,0.13112990194369858
916,9.71715899529867e-05,9.717146159750032e-05,1.2835548638583649e-10,0.1283554863858365
917,9.720015823919496e-05,9.720003180166339e-05,1.264375315771923e-10,0.12643753157719229
918,9.722872727078472e-05,9.722860200582645e-05,1.2526495826758437e-10,0.12526495826758438
919,9.72572969384579e-05,9.725717220998952e-05,1.2472846838837015e-10,0.12472846838837015
920,9.7285867154169e-05,9.728574241415259e-05,1.2474001641544467e-10,0.12474001641544467
921,9.731443784889254e-05,9.731431261831564e-05,1.2523057690209972e-10,0.1252305769020997
922,9.734300896540625e-05,9.734288282247871e-05,1.2614292754147277e-10,0.12614292754147277
923,9.737158044719892e-05,9.737145302664178e-05,1.2742055714135373e-10,0.12742055714135372
924,9.740015224228982e-05,9.740002323080484e-05,1.290114849838355e-10,0.1290114849838355
925,9.742872432731234e-05,9.74285934349679e-05,1.3089234443856435e-10,0.13089234443856435
926,9.745729666853793e-05,9.745716363913097e-05,1.3302940696528874e-10,0.13302940696528875
927,9.748586924580399e-05,9.748573384329403e-05,1.354025099679151e-10,0.13540250996791509
928,9.751444201439919e-05,9.75143040474571e-05,1.379669421008149e-10,0.13796694210081492
929,9.754301495821985e-05,9.754287425162016e-05,1.4070659969556773e-10,0.14070659969556773
930,9.757158806424124e-05,9.757144445578323e-05,1.4360845801463506e-10,0.14360845801463507
931,9.760016131656394e-05,9.76000146599463e-05,1.466566176397332e-10,0.1466566176397332
932,9.762873468225864e-05,9.762858486410935e-05,1.4981814929089966e-10,0.14981814929089968
933,9.765730816546379e-05,9.765715506827242e-05,1.530971913678268e-10,0.15309719136782682
934,9.768588174892193e-05,9.768572527243549e-05,1.5647648644835233e-10,0.15647648644835233
935,9.77144554135563e-05,9.771429547659854e-05,1.5993695776485838e-10,0.1599369577648584
936,9.774302916449188e-05,9.774286568076161e-05,1.6348373027325168e-10,0.1634837302732517
937,9.777160297121649e-05,9.777143588492468e-05,1.6708629181389304e-10,0.16708629181389303
938,9.780017683845442e-05,9.780000608908775e-05,1.7074936667577633e-10,0.17074936667577634
939,9.78287507719835e-05,9.78285762932508e-05,1.7447873269425147e-10,0.17447873269425146
940,9.785732473188702e-05,9.785714649741387e-05,1.7823447315029976e-10,0.17823447315029975
941,9.788589874357173e-05,9.788571670157694e-05,1.8204199479039783e-10,0.18204199479039784
942,9.7914472782661e-05,9.791428690574001e-05,1.858769209956582e-10,0.1858769209956582
943,9.794304684847788e-05,9.794285710990306e-05,1.897385748173494e-10,0.1897385748173494
944,9.797162095096664e-05,9.797142731406613e-05,1.936369005171399e-10,0.1936369005171399
945,9.800019506611683e-05,9.79999975182292e-05,1.975478876383209e-10,0.1975478876383209
946,9.80287556171012e-05,9.802856772239225e-05,1.8789470895060947e-10,0.18789470895060947
947,9.805731667066823e-05,9.805713792655532e-05,1.7874411291179017e-10,0.17874411291179018
948,9.808588001854628e-05,9.808570813071839e-05,1.7188782789506167e-10,0.17188782789506168
949,9.811444498459349e-05,9.811427833488146e-05,1.666497120322351e-10,0.1666497120322351
950,9.814301127516273e-05,9.814284853904453e-05,1.6273611820442838e-10,0.16273611820442838
951,9.817157859742898e-05,9.817141874320758e-05,1.5985422140260922e-10,0.15985422140260921
952,9.820014678814014e-05,9.819998894737065e-05,1.5784076949740636e-10,0.15784076949740636
953,9.82287157249058e-05,9.822855915153372e-05,1.565733720826333e-10,0.1565733720826333
954,9.825728529014446e-05,9.825712935569677e-05,1.5593444769018196e-10,0.15593444769018197
955,9.828585540164796e-05,9.828569955985984e-05,1.5584178812689155e-10,0.15584178812689156
956,9.831442598311997e-05,9.831426976402291e-05,1.562190970694447e-10,0.1562190970694447
957,9.834299698721312e-05,9.834283996818596e-05,1.570190271650235e-10,0.1570190271650235
958,9.837156835981201e-05,9.837141017234903e-05,1.5818746298295836e-10,0.15818746298295835
959,9.840014006044253e-05,9.83999803765121e-05,1.5968393042944626e-10,0.15968393042944626
960,9.842871202777435e-05,9.842855058067517e-05,1.614470991826982e-10,0.1614470991826982
961,9.845728425326266e-05,9.845712078483824e-05,1.6346842442855238e-10,0.1634684244285524
962,9.848585670374531e-05,9.848569098900129e-05,1.6571474402752468e-10,0.16571474402752467
963,9.851442936806079e-05,9.851426119316436e-05,1.681748964299575e-10,0.1681748964299575
964,9.854300219012816e-05,9.854283139732743e-05,1.7079280073637795e-10,0.17079280073637795
965,9.857157516148692e-05,9.857140160149048e-05,1.7355999644289565e-10,0.17355999644289566
966,9.860014830170344e-05,9.859997180565355e-05,1.7649604988861945e-10,0.17649604988861944
967,9.862872155521292e-05,9.862854200981662e-05,1.7954539630852066e-10,0.17954539630852065
968,9.86572949089827e-05,9.865711221397967e-05,1.8269500303683238e-10,0.1826950030368324
969,9.868586836883324e-05,9.868568241814274e-05,1.859506905044974e-10,0.1859506905044974
970,9.871444191432099e-05,9.871425262230581e-05,1.8929201518508668e-10,0.18929201518508668
971,9.874301553059104e-05,9.874282282646888e-05,1.9270412216713702e-10,0.19270412216713703
972,9.877158922377285e-05,9.877139303063195e-05,1.9619314090631538e-10,0.19619314090631537
973,9.880016296212505e-05,9.8799963234795e-05,1.997273300558746e-10,0.1997273300558746
974,9.88287367535459e-05,9.882853343895807e-05,2.0331458783890583e-10,0.20331458783890582
975,9.885731060476303e-05,9.885710364312114e-05,2.069616418925197e-10,0.2069616418925197
976,9.888588447521017e-05,9.888567384728419e-05,2.1062792597928102e-10,0.210627925979281
977,9.891445838881953e-05,9.891424405144726e-05,2.1433737227650173e-10,0.21433737227650174
978,9.894303232841133e-05,9.894281425561033e-05,2.180728010044476e-10,0.21807280100444762
979,9.897160628732587e-05,9.897138445977338e-05,2.2182755249193174e-10,0.22182755249193173
980,9.900018028369644e-05,9.899995466393645e-05,2.2561975999318389e-10,0.2256197599931839
981,9.902874080376104e-05,9.902852486809952e-05,2.1593566152647402e-10,0.21593566152647403
982,9.905730182646735e-05,9.905709507226259e-05,2.0675420477056962e-10,0.20675420477056963
983,9.908586511186835e-05,9.908566527642565e-05,1.9983544269851933e-10,0.19983544269851933
984,9.911443007177095e-05,9.911423548058871e-05,1.9459118224185295e-10,0.19459118224185296
985,9.914299628838706e-05,9.914280568475178e-05,1.9060363528201658e-10,0.1906036352820166
986,9.917156356370401e-05,9.917137588891485e-05,1.8767478916510207e-10,0.18767478916510208
987,9.920013171473966e-05,9.91999460930779e-05,1.8562166176231137e-10,0.18562166176231137
988,9.922870059545142e-05,9.922851629724097e-05,1.8429821045825202e-10,0.18429821045825204
989,9.925727010357865e-05,9.925708650140404e-05,1.8360217461861032e-10,0.18360217461861034
990,9.928584014909375e-05,9.92856567055671e-05,1.834435266486322e-10,0.1834435266486322
991,9.931441066574581e-05,9.931422690973017e-05,1.8375601564273146e-10,0.18375601564273147
992,9.934298159339398e-05,9.934279711389323e-05,1.8447950075732254e-10,0.18447950075732253
993,9.937155288332198e-05,9.93713673180563e-05,1.8556526568526693e-10,0.18556526568526693
994,9.940012449624828e-05,9.939993752221936e-05,1.8697402891449377e-10,0.18697402891449377
995,9.94286963899808e-05,9.942850772638242e-05,1.8866359837864758e-10,0.18866359837864757
996,9.945726854242204e-05,9.945707793054549e-05,1.9061187656022766e-10,0.19061187656022766
997,9.948584091721898e-05,9.948564813470856e-05,1.9278251043144112e-10,0.19278251043144112
998,9.951441347635599e-05,9.951421833887161e-05,1.9513748438112112e-10,0.19513748438112113
999,9.954298621433692e-05,9.954278854303468e-05,1.9767130224964217e-10,0.19767130224964216
1000,9.95715591191473e-05,9.957135874719775e-05,2.0037194955905008e-10,0.20037194955905008
1001,9.960013215095875e-05,9.959992895136081e-05,2.0319959793925069e-10,0.2031995979392507
1002,9.962870530351622e-05,9.962849915552388e-05,2.0614799234330786e-10,0.20614799234330786
1003,9.965727857058877e-05,9.965706935968694e-05,2.0921090183423126e-10,0.20921090183423127
1004,9.968585193127156e-05,9.968563956385e-05,2.123674215575675e-10,0.2123674215575675
1005,9.971442537368769e-05,9.971420976801307e-05,2.1560567462061807e-10,0.21560567462061808
1006,9.974299889791091e-05,9.974277997217613e-05,2.189257347897883e-10,0.2189257347897883
1007,9.977157247136643e-05,9.97713501763392e-05,2.222950272379109e-10,0.2222950272379109
1008,9.98001461054488e-05,9.979992038050226e-05,2.2572494653679542e-10,0.22572494653679542
1009,9.982871982067234e-05,9.982849058466532e-05,2.2923600702482524e-10,0.22923600702482524
1010,9.98572935449983e-05,9.985706078882839e-05,2.3275616991864165e-10,0.23275616991864165
1011,9.988586731562985e-05,9.988563099299146e-05,2.36322638396066e-10,0.23632263839606601
1012,9.991444112789324e-05,9.991420119715452e-05,2.399307387190308e-10,0.2399307387190308
1013,9.994301493891325e-05,9.994277140131759e-05,2.4353759566539164e-10,0.24353759566539165
1014,9.997158880882983e-05,9.997134160548065e-05,2.4720334918426733e-10,0.24720334918426734
1015,0.00010000016268598373,9.999991180964371e-05,2.508763400236949e-10,0.2508763400236949
1016,0.00010002872336763879,0.00010002848201380678,2.413538320110017e-10,0.2413538320110017
1017,0.00010005728459354917,0.00010005705221796984,2.3237557934005787e-10,0.23237557934005787
1018,0.00010008584807298505,0.0001000856224221329,2.2565085214677523e-10,0.22565085214677524
1019,0.00010011441318816855,0.00010011419262629597,2.2056187257537262e-10,0.22056187257537263
1020,0.00010014297958787936,0.00010014276283045903,2.167574203387299e-10,0.2167574203387299
1021,0.0001001715469963498,0.0001001713330346221,2.1396172770625609e-10,0.2139617277062561
1022,0.00010020011527612984,0.00010019990323878517,2.1203734467648375e-10,0.21203734467648375
1023,0.0001002286842740852,0.00010022847344294823,2.1083113697603044e-10,0.21083113697603045
1024,0.00010025725389023689,0.0001002570436471113,2.1024312559273928e-10,0.21024312559273928
1025,0.0001002858240379815,0.00010028561385127436,2.1018670715402503e-10,0.21018670715402504
1026,0.0001003143946433826,0.00010031418405543742,2.1058794518391393e-10,0.21058794518391394
1027,0.00010034296565994541,0.00010034275425960049,2.1140034491907144e-10,0.21140034491907145
1028,0.00010037153702642201,0.00010037132446376355,2.1256265846417872e-10,0.2125626584641787
1029,0.00010040010871305611,0.00010039989466792662,2.140451294975886e-10,0.2140451294975886
1030,0.00010042868067121531,0.00010042846487208968,2.1579912562941077e-10,0.21579912562941078
1031,0.00010045725286214541,0.00010045703507625274,2.1778589267640597e-10,0.21778589267640597
1032,0.00010048582527348986,0.0001004856052804158,2.19993074054177e-10,0.219993074054177
1033,0.00010051439786684972,0.00010051417548457887,2.2238227084543152e-10,0.22238227084543152
1034,0.00010054297065642587,0.00010054274568874194,2.249676839302247e-10,0.2249676839302247
1035,0.00010057154356926554,0.00010057131589290501,2.2767636052921392e-10,0.22767636052921392
1036,0.00010060011661931003,0.00010059988609706807,2.3052224196445428e-10,0.23052224196445428
1037,0.0001006286897950696,0.00010062845630123113,2.334938384711855e-10,0.2334938384711855
1038,0.00010065726306510241,0.0001006570265053942,2.3655970821351054e-10,0.23655970821351055
1039,0.00010068583642643009,0.00010068559670955726,2.397168728338515e-10,0.23971687283385149
1040,0.00010071440988234998,0.00010071416691372032,2.4296862966206543e-10,0.24296862966206542
1041,0.00010074298338625645,0.00010074273711788339,2.4626837306159314e-10,0.24626837306159313
1042,0.00010077155695922702,0.00010077130732204646,2.496371805596365e-10,0.24963718055963652
1043,0.00010080013059770779,0.00010079987752620953,2.530714982634469e-10,0.2530714982634469
1044,0.00010082870426384257,0.00010082844773037258,2.5653346999378693e-10,0.25653346999378696
1045,0.0001008572779783703,0.00010085701793453565,2.60043834654415e-10,0.260043834654415
1046,0.0001008858517303942,0.00010088558813869872,2.6359169548494903e-10,0.26359169548494904
1047,0.00010091442550285514,0.00010091415834286177,2.671599933638041e-10,0.2671599933638041
1048,0.00010094299931200968,0.00010094272854702484,2.707649848454595e-10,0.27076498484545947
1049,0.00010097157312519888,0.00010097129875118791,2.7437401096865934e-10,0.2743740109686593
1050,0.00010100014696119178,0.00010099986895535097,2.780058408179975e-10,0.2780058408179975
1051,0.0001010287077148804,0.00010102843915951403,2.6855536637094007e-10,0.2685553663709401
1052,0.00010105726901091048,0.0001010570093636771,2.5964723337774705e-10,0.25964723337774703
1053,0.00010108583254289007,0.00010108557956784017,2.5297504990145463e-10,0.25297504990145464
1054,0.00010111439770508639,0.00010111414977200324,2.4793308315228963e-10,0.24793308315228962
1055,0.00010114296413540335,0.00010114271997616629,2.441592370620619e-10,0.2441592370620619
1056,0.00010117153160518813,0.00010117129018032936,2.414248587729476e-10,0.2414248587729476
1057,0.0001012000999196557,0.00010119986038449243,2.395351632738009e-10,0.2395351632738009
1058,0.00010122866894087994,0.00010122843058865548,2.3835222446287543e-10,0.23835222446287543
1059,0.00010125723857659547,0.00010125700079281855,2.377837769250281e-10,0.2377837769250281
1060,0.00010128580873961723,0.00010128557099698162,2.377426356132081e-10,0.23774263561320813
1061,0.00010131437937038945,0.00010131414120114468,2.381692447735323e-10,0.2381692447735323
1062,0.00010134295039397364,0.00010134271140530774,2.389886658968265e-10,0.2389886658968265
1063,0.00010137152176208448,0.00010137128160947081,2.401526136734209e-10,0.2401526136734209
1064,0.00010140009343875939,0.00010139985181363388,2.416251255102774e-10,0.2416251255102774
1065,0.00010142866539138039,0.00010142842201779695,2.433735834425348e-10,0.24337358344253482
1066,0.0001014572375796695,0.00010145699222196,2.453577094950106e-10,0.2453577094950106
1067,0.0001014858099962134,0.00010148556242612307,2.475700903269301e-10,0.24757009032693011
1068,0.00010151438257836714,0.00010151413263028614,2.499480810078177e-10,0.2499480810078177
1069,0.00010154295533140319,0.0001015427028344492,2.5249695399928567e-10,0.2524969539992857
1070,0.00010157152823560626,0.00010157127303861226,2.551969940063992e-10,0.25519699400639917
1071,0.00010160010127218734,0.00010159984324277533,2.58029412008797e-10,0.258029412008797
1072,0.00010162867441243437,0.00010162841344693838,2.609654959883645e-10,0.2609654959883645
1073,0.00010165724765723593,0.00010165698365110147,2.640061344623345e-10,0.2640061344623345
1074,0.00010168582100117369,0.00010168555385526452,2.671459091710077e-10,0.26714590917100767
1075,0.00010171439440616832,0.00010171412405942759,2.703467407385769e-10,0.2703467407385769
1076,0.00010174296788770373,0.00010174269426359066,2.736241130763958e-10,0.2736241130763958
1077,0.0001017715414335133,0.00010177126446775371,2.7696575958884746e-10,0.27696575958884745
1078,0.00010180011501860202,0.00010179983467191678,2.8034668524167776e-10,0.2803466852416778
1079,0.00010182868865936895,0.00010182840487607985,2.8378328910774157e-10,0.2837832891077416
1080,0.00010185726233342556,0.0001018569750802429,2.8725318265612256e-10,0.28725318265612254
1081,0.0001018858360358267,0.00010188554528440597,2.907514207322918e-10,0.2907514207322918
1082,0.00010191440977835985,0.00010191411548856904,2.942897908093736e-10,0.2942897908093736
1083,0.0001019429835273071,0.0001019426856927321,2.978345750129553e-10,0.2978345750129553
1084,0.00010197155729908388,0.00010197125589689518,3.014021887060294e-10,0.3014021887060294
1085,0.00010200013110886297,0.00010199982610105823,3.050078047423463e-10,0.3050078047423463
1086,0.00010202869204816589,0.0001020283963052213,2.9574294459591115e-10,0.29574294459591116
1087,0.00010205725355862738,0.00010205696650938437,2.870492430213031e-10,0.28704924302130314
1088,0.00010208581730781715,0.00010208553671354742,2.805942697331062e-10,0.2805942697331062
1089,0.00010211438267664198,0.00010211410691771049,2.757589314943585e-10,0.27575893149435854
1090,0.00010214294930662669,0.00010214267712187356,2.7218475313331286e-10,0.27218475313331286
1091,0.00010217151693397487,0.00010217124732603661,2.6960793825963845e-10,0.26960793825963847
1092,0.00010220008541298138,0.00010219981753019968,2.678827817023165e-10,0.2678827817023165
1093,0.00010222865459591554,0.00010222838773436275,2.6686155279738207e-10,0.26686155279738205
1094,0.00010225722438035759,0.0001022569579385258,2.6644183179030013e-10,0.2664418317903001
1095,0.00010228579467870999,0.00010228552814268889,2.665360211086458e-10,0.2665360211086458
1096,0.0001023143654357556,0.00010231409834685194,2.670889036639221e-10,0.2670889036639221
1097,0.00010234293657554779,0.00010234266855101501,2.6802453278801224e-10,0.26802453278801225
1098,0.00010237150806409222,0.00010237123875517808,2.6930891414850214e-10,0.26930891414850217
1099,0.0001024000798600503,0.00010239980895934113,2.7090070917653904e-10,0.270900709176539
1100,0.00010242865190260978,0.0001024283791635042,2.7273910558213195e-10,0.27273910558213194
1101,0.00010245722418088596,0.00010245694936766727,2.7481321869375306e-10,0.2748132186937531
1102,0.00010248579666621861,0.00010248551957183032,2.7709438829104655e-10,0.27709438829104655
1103,0.00010251436934788636,0.00010251408977599339,2.7957189296977924e-10,0.27957189296977925
1104,0.00010254294216848114,0.00010254265998015646,2.8218832468570396e-10,0.282188324685704
1105,0.00010257151513663581,0.00010257123018431951,2.849523163037514e-10,0.28495231630375145
1106,0.00010260008823109016,0.0001025998003884826,2.878426075679961e-10,0.2878426075679961
1107,0.00010262866143818975,0.00010262837059264565,2.9084554410404034e-10,0.29084554410404034
1108,0.00010265723471929748,0.00010265694079680872,2.939224887682694e-10,0.29392248876826943
1109,0.00010268580811689347,0.00010268551100097179,2.971159216860035e-10,0.2971159216860035
1110,0.00010271438157787483,0.00010271408120513484,3.0037273999008694e-10,0.30037273999008696
1111,0.00010274295509387855,0.00010274265140929791,3.036845806464047e-10,0.3036845806464047
1112,0.00010277152867387414,0.00010277122161346098,3.0706041316466206e-10,0.30706041316466204
1113,0.000102800102291346,0.00010279979181762403,3.1047372197126807e-10,0.31047372197126805
1114,0.00010282867595897873,0.00010282836202178711,3.139371916217771e-10,0.3139371916217771
1115,0.00010285724966931304,0.00010285693222595017,3.1744336287300503e-10,0.317443362873005
1116,0.00010288582338806632,0.00010288550243011322,3.2095795310318013e-10,0.32095795310318015
1117,0.00010291439714000145,0.0001029140726342763,3.2450572515110877e-10,0.32450572515110876
1118,0.00010294297092456125,0.00010294264283843936,3.280861218995046e-10,0.3280861218995046
1119,0.00010297154470313594,0.00010297121304260243,3.3166053351309516e-10,0.33166053351309516
1120,0.00010300011851552461,0.0001029997832467655,3.3526875911562096e-10,0.335268759115621
1121,0.00010302867961530917,0.00010302835345092855,3.2616438062319323e-10,0.32616438062319325
1122,0.00010305724130204392,0.00010305692365509162,3.1764695231052276e-10,0.31764695231052276
1123,0.00010308580520759935,0.00010308549385925469,3.113483446654157e-10,0.3113483446654157
1124,0.00010311437074062474,0.00010311406406341774,3.0667720700254727e-10,0.30667720700254725
1125,0.00010314293749797119,0.00010314263426758082,3.03230390372147e-10,0.303230390372147
1126,0.00010317150526747405,0.00010317120447174388,3.0079573017842703e-10,0.30079573017842703
1127,0.00010320007387517738,0.00010319977467590694,2.9919927043830565e-10,0.29919927043830563
1128,0.00010322864318190137,0.00010322834488007001,2.9830183135995935e-10,0.29830183135995936
1129,0.00010325721308160938,0.00010325691508423307,2.9799737631751073e-10,0.2979973763175107
1130,0.00010328578349210668,0.00010328548528839614,2.982037105483534e-10,0.2982037105483534
1131,0.00010331435434592262,0.0001033140554925592,2.9885336341945705e-10,0.29885336341945706
1132,0.0001033429255804209,0.00010334262569672226,2.998836986468584e-10,0.2998836986468584
1133,0.00010337149715802727,0.00010337119590088533,3.012571419438849e-10,0.3012571419438849
1134,0.00010340006903720823,0.0001033997661050484,3.029321598427908e-10,0.3029321598427908
1135,0.0001034286411668149,0.00010342833630921145,3.048576034526808e-10,0.3048576034526808
1136,0.00010345721351855278,0.00010345690651337453,3.070051782545918e-10,0.30700517825459184
1137,0.00010348578607603952,0.00010348547671753759,3.093585019401451e-10,0.3093585019401451
1138,0.00010351435881793115,0.00010351404692170065,3.1189623049879724e-10,0.3118962304987972
1139,0.00010354293170716901,0.00010354261712586372,3.14581305290429e-10,0.314581305290429
1140,0.00010357150472948732,0.00010357118733002678,3.173994605454851e-10,0.3173994605454851
1141,0.00010360007787906481,0.00010359975753418985,3.203448749656611e-10,0.3203448749656611
1142,0.00010362865114017649,0.00010362832773835291,3.234018235808028e-10,0.3234018235808028
1143,0.00010365722447941416,0.00010365689794251597,3.265368981917431e-10,0.3265368981917431
1144,0.00010368579790961778,0.00010368546814667904,3.297629387473127e-10,0.3297629387473127
1145,0.00010371437141435502,0.0001037140383508421,3.3306351291675507e-10,0.33306351291675507
1146,0.00010374294496888142,0.00010374260855500516,3.364138762655957e-10,0.3364138762655957
1147,0.00010377151858580207,0.00010377117875916824,3.398266338367122e-10,0.3398266338367122
1148,0.00010380009224380144,0.0001037997489633313,3.4328047014763075e-10,0.34328047014763075
1149,0.00010382866593724442,0.00010382831916749436,3.4676975005755994e-10,0.34676975005755994
1150,0.00010385723967576833,0.00010385688937165743,3.503041109040857e-10,0.3503041109040857
1151,0.00010388581342360026,0.00010388545957582049,3.5384777977534003e-10,0.35384777977534004
1152,0.00010391438720007019,0.00010391402977998355,3.5742008664080566e-10,0.35742008664080566
1153,0.00010394296100531698,0.00010394259998414662,3.610211703596758e-10,0.3610211703596758
1154,0.00010397153480828941,0.00010397117018830968,3.646199797340962e-10,0.3646199797340962
1155,0.00010400010863790861,0.00010399974039247276,3.682454358570179e-10,0.3682454358570179
1156,0.00010402866984069872,0.00010402831059663581,3.59244062913559e-10,0.35924406291355904
1157,0.00010405723163903324,0.00010405688080079887,3.508382343765332e-10,0.35083823437653316
1158,0.00010408579564132613,0.00010408545100496195,3.446363641823752e-10,0.3446363641823752
1159,0.00010411436126405438,0.000104114021209125,3.400549293821576e-10,0.34005492938215764
1160,0.00010414292811044659,0.00010414259141328807,3.3669715852012906e-10,0.33669715852012905
1161,0.00010417149596759616,0.00010417116161745114,3.3435014502674493e-10,0.3343501450267449
1162,0.00010420006465260627,0.0001041997318216142,3.328309920728131e-10,0.33283099207281314
1163,0.0001042286340325554,0.00010422830202577726,3.3200677813894774e-10,0.33200677813894774
1164,0.00010425720400292352,0.00010425687222994033,3.317729831948228e-10,0.3317729831948228
1165,0.00010428577448192547,0.00010428544243410339,3.3204782208941264e-10,0.33204782208941264
1166,0.00010431434539957444,0.00010431401263826647,3.327613079732851e-10,0.3327613079732851
1167,0.00010434291669740002,0.00010434258284242952,3.3385497050090444e-10,0.33385497050090446
1168,0.00010437148833401447,0.00010437115304659259,3.3528742188063924e-10,0.33528742188063926
1169,0.00010440006026955615,0.00010439972325075566,3.3701880049804624e-10,0.3370188004980462
1170,0.00010442863244272868,0.00010442829345491871,3.3898780996686444e-10,0.33898780996686445
1171,0.00010445720484656416,0.00010445686365908178,3.411874823772293e-10,0.3411874823772293
1172,0.00010448577745104002,0.00010448543386324485,3.4358779516809763e-10,0.3435877951680976
1173,0.00010451435024448489,0.0001045140040674079,3.4617707698439785e-10,0.34617707698439787
1174,0.00010454292316787578,0.00010454257427157097,3.4889630480853673e-10,0.34889630480853673
1175,0.0001045714962331347,0.00010457114447573404,3.517574006631282e-10,0.3517574006631282
1176,0.00010460006942856031,0.0001045997146798971,3.547486632149105e-10,0.3547486632149105
1177,0.00010462864271293787,0.00010462828488406018,3.5782887769736654e-10,0.35782887769736654
1178,0.00010465721609134904,0.00010465685508822323,3.610031258067363e-10,0.36100312580673627
1179,0.0001046857895610534,0.0001046854252923863,3.6426866710005604e-10,0.36426866710005606
1180,0.00010471436307498352,0.00010471399549654937,3.675784341519563e-10,0.3675784341519563
1181,0.00010474293667037826,0.00010474256570071242,3.7096966583761495e-10,0.3709696658376149
1182,0.00010477151032268979,0.00010477113590487549,3.744178143019639e-10,0.3744178143019639
1183,0.00010480008399668858,0.00010479970610903856,3.7788765002171153e-10,0.37788765002171154
1184,0.00010482865771705799,0.00010482827631320161,3.8140385637719746e-10,0.3814038563771975
1185,0.00010485723147559596,0.00010485684651736468,3.8495823128411917e-10,0.38495823128411916
1186,0.0001048858052479945,0.00010488541672152775,3.885264667535867e-10,0.3885264667535867
1187,0.00010491437905501352,0.0001049139869256908,3.921293227228805e-10,0.39212932272288054
1188,0.00010494295286604313,0.00010494255712985389,3.9573618925087805e-10,0.39573618925087806
1189,0.00010497152669031706,0.00010497112733401694,3.9935630012156413e-10,0.39935630012156415
1190,0.00010500010054163191,0.00010499969753818001,4.030034519024513e-10,0.40300345190245135
1191,0.00010502866181620599,0.00010502826774234308,3.9407386291418304e-10,0.39407386291418306
1192,0.00010505722367814208,0.00010505683794650613,3.8573163595341976e-10,0.38573163595341975
1193,0.00010508578775838028,0.0001050854081506692,3.796077110863208e-10,0.3796077110863208
1194,0.00010511435343852757,0.00010511397835483227,3.7508369530789744e-10,0.3750836953078974
1195,0.00010514292037092343,0.00010514254855899532,3.7181192810557493e-10,0.37181192810557495
1196,0.00010517148827880792,0.00010517111876315839,3.695156495275916e-10,0.36951564952759164
1197,0.00010520005701733554,0.00010519968896732146,3.6805001408038376e-10,0.3680500140803838
1198,0.00010522862645231955,0.00010522825917148452,3.672808350348403e-10,0.3672808350348403
1199,0.00010525719647489821,0.0001052568293756476,3.6709925061882547e-10,0.3670992506188255
1200,0.00010528576700620003,0.00010528539957981065,3.674263893797844e-10,0.3674263893797844
1201,0.00010531433797375918,0.00010531396978397372,3.6818978546712267e-10,0.36818978546712267
1202,0.00010534290932885268,0.00010534253998813679,3.6934071589230585e-10,0.3693407158923059
1203,0.00010537148101318571,0.00010537111019229984,3.7082088586923497e-10,0.37082088586923495
1204,0.00010540005296762417,0.00010539968039646291,3.7257116126314666e-10,0.37257116126314666
1205,0.00010542862518824993,0.00010542825060062598,3.745876239571249e-10,0.3745876239571249
1206,0.00010545719763485697,0.00010545682080478903,3.768300679399064e-10,0.3768300679399064
1207,0.00010548577028725217,0.00010548539100895212,3.792783000544488e-10,0.3792783000544488
1208,0.00010551434309518791,0.00010551396121311517,3.818820727477803e-10,0.3818820727477803
1209,0.0001055429160613718,0.00010554253141727822,3.846440935844338e-10,0.3846440935844338
1210,0.0001055714891661497,0.0001055711016214413,3.875447083913719e-10,0.3875447083913719
1211,0.00010560006238352095,0.00010559967182560436,3.9055791659103565e-10,0.39055791659103567
1212,0.0001056286357008226,0.00010562824202976743,3.936710551763888e-10,0.39367105517638884
1213,0.00010565720911856286,0.0001056568122339305,3.9688463236719976e-10,0.3968846323671998
1214,0.0001056857826017306,0.00010568538243809355,4.001636370527045e-10,0.40016363705270447
1215,0.00010571435615561685,0.00010571395264225662,4.035133602343724e-10,0.4035133602343724
1216,0.0001057429297810585,0.00010574252284641969,4.0693463882141295e-10,0.40693463882141295
1217,0.0001057715034369846,0.00010577109305058274,4.103864018667272e-10,0.4103864018667272
1218,0.00010580007714297934,0.00010579966325474582,4.138882335174446e-10,0.4138882335174446
1219,0.0001058286508972342,0.00010582823345890888,4.174383253243415e-10,0.4174383253243415
1220,0.00010585722466196315,0.00010585680366307195,4.2099889120185095e-10,0.42099889120185097
1221,0.00010588579846622424,0.00010588537386723502,4.245989892318685e-10,0.4245989892318685
1222,0.00010591437228664498,0.00010591394407139807,4.282152469157962e-10,0.4282152469157962
1223,0.00010594294612017481,0.00010594251427556114,4.318446136746389e-10,0.43184461367463894
1224,0.00010597151998214094,0.0001059710844797242,4.3550241673898377e-10,0.43550241673898377
1225,0.00010600009382108588,0.00010599965468388726,4.391371986268921e-10,0.4391371986268921
1226,0.00010602865516276038,0.00010602822488805033,4.3027471005726974e-10,0.43027471005726975
1227,0.00010605721709591254,0.0001060567950922134,4.2200369914659914e-10,0.42200369914659913
1228,0.00010608578124488496,0.00010608536529637645,4.159485085095049e-10,0.4159485085095049
1229,0.0001061143469758139,0.00010611393550053953,4.1147527437559595e-10,0.41147527437559595
1230,0.0001061429139549615,0.00010614250570470259,4.082502589196279e-10,0.4082502589196279
1231,0.0001061714819304952,0.00010617107590886566,4.0602162954277264e-10,0.40602162954277266
1232,0.00010620005073052524,0.00010619964611302872,4.0461749652089615e-10,0.4046174965208962
1233,0.00010622862022018629,0.00010622821631719178,4.039029945091951e-10,0.4039029945091951
1234,0.00010625719029258328,0.00010625678652135485,4.0377122843761696e-10,0.403771228437617
1235,0.00010628576086593469,0.00010628535672551792,4.0414041677366083e-10,0.40414041677366086
1236,0.0001063143318738968,0.00010631392692968097,4.049442158311396e-10,0.4049442158311396
1237,0.00010634290325809773,0.00010634249713384404,4.0612425369652225e-10,0.4061242536965223
1238,0.00010637147497919061,0.00010637106733800711,4.076411835074519e-10,0.40764118350745193
1239,0.00010640004698875045,0.00010639963754217016,4.0944658029546636e-10,0.4094465802954664
1240,0.00010642861925788502,0.00010642820774633324,4.115115517802873e-10,0.4115115517802873
1241,0.00010645719173914572,0.0001064567779504963,4.1378864942592906e-10,0.4137886494259291
1242,0.00010648576440449488,0.00010648534815465937,4.1624983552026566e-10,0.4162498355202657
1243,0.00010651433726457874,0.00010651391835882243,4.1890575630521466e-10,0.41890575630521465
1244,0.00010654291027837568,0.00010654248856298549,4.21715390191981e-10,0.42171539019198095
1245,0.00010657148340257991,0.00010657105876714856,4.2463543135397493e-10,0.4246354313539749
1246,0.00010660005665014762,0.00010659962897131163,4.276788359936052e-10,0.42767883599360523
1247,0.00010662863001473843,0.00010662819917547468,4.308392637507772e-10,0.43083926375077725
1248,0.0001066572034451156,0.00010665676937963775,4.340654778600096e-10,0.4340654778600096
1249,0.00010668577695980799,0.00010668533958380082,4.373760071737997e-10,0.4373760071737997
1250,0.00010671435055480138,0.00010671390978796387,4.407668375149192e-10,0.4407668375149192
1251,0.00010674292418923994,0.00010674247999212695,4.441971129877699e-10,0.44419711298776987
1252,0.00010677149788171602,0.00010677105019629001,4.476854260197542e-10,0.4476854260197542
1253,0.00010680007162163402,0.00010679962040045308,4.5122118094698584e-10,0.4512211809469858
1254,0.00010682864538239157,0.00010682819060461614,4.5477777543259506e-10,0.45477777543259507
1255,0.00010685721919344837,0.0001068567608087792,4.5838466917406713e-10,0.4583846691740671
1256,0.00010688579301259544,0.00010688533101294227,4.619996531779402e-10,0.4619996531779402
1257,0.00010691436684245905,0.00010691390121710533,4.6562535372068915e-10,0.46562535372068914
1258,0.0001069429407223197,0.00010694247142126839,4.693010513114979e-10,0.4693010513114979
1259,0.00010697151458483364,0.00010697104162543147,4.729594021689904e-10,0.4729594021689904
1260,0.00010700008845275808,0.00010699961182959453,4.766231635612418e-10,0.47662316356124185
1261,0.00010702864993518537,0.00010702818203375758,4.679014277981649e-10,0.4679014277981649
1262,0.00010705721198093827,0.00010705675223792066,4.597430176121371e-10,0.4597430176121371
1263,0.00010708577623473917,0.00010708532244208372,4.537926554608869e-10,0.45379265546088693
1264,0.00010711434209775991,0.00010711389264624678,4.494515131335463e-10,0.4494515131335463
1265,0.00010714290918866587,0.00010714246285040985,4.4633825601779065e-10,0.44633825601779065
1266,0.00010717147725977479,0.00010717103305457291,4.442052018813656e-10,0.44420520188136564
1267,0.00010720004615854814,0.00010719960325873598,4.4289981216577243e-10,0.44289981216577246
1268,0.00010722861574436486,0.00010722817346289904,4.4228146582213466e-10,0.4422814658221347
1269,0.00010725718590912075,0.0001072567436670621,4.42242058651032e-10,0.442242058651032
1270,0.00010728575657974017,0.00010728531387122518,4.42708514992358e-10,0.442708514992358
1271,0.0001073143276802613,0.00010731388407538824,4.4360487306692823e-10,0.44360487306692825
1272,0.00010734289916484446,0.0001073424542795513,4.448852931592557e-10,0.4448852931592557
1273,0.00010737147096712545,0.00010737102448371437,4.4648341107817966e-10,0.4464834110781797
1274,0.00010740004304938587,0.00010739959468787743,4.4836150844655894e-10,0.4483615084465589
1275,0.00010742861538846188,0.0001074281648920405,4.504964213933986e-10,0.45049642139339857
1276,0.00010745718794541264,0.00010745673509620356,4.5284920907650283e-10,0.45284920907650283
1277,0.00010748576070544009,0.00010748530530036662,4.5540507347791743e-10,0.4554050734779174
1278,0.00010751433361842527,0.00010751387550452969,4.581138955903907e-10,0.45811389559039073
1279,0.00010754290668611227,0.00010754244570869275,4.6097741951574746e-10,0.46097741951574744
1280,0.00010757147989892833,0.00010757101591285581,4.6398607252129866e-10,0.46398607252129864
1281,0.00010760005320167232,0.00010759958611701889,4.670846534292142e-10,0.4670846534292142
1282,0.00010762862661429299,0.00010762815632118194,4.702931110444717e-10,0.4702931110444717
1283,0.00010765720012662379,0.00010765672652534501,4.736012787761948e-10,0.4736012787761948
1284,0.00010768577368948825,0.00010768529672950808,4.769599801682904e-10,0.4769599801682904
1285,0.00010771434733198207,0.00010771386693367114,4.80398310938022e-10,0.48039831093802204
1286,0.00010774292103924044,0.0001077424371378342,4.83901406239924e-10,0.483901406239924
1287,0.00010777149477679642,0.00010777100734199727,4.874347991514077e-10,0.48743479915140775
1288,0.00010780006856794291,0.00010779957754616033,4.910217825906318e-10,0.4910217825906318
1289,0.00010782864238723454,0.0001078281477503234,4.946369111457595e-10,0.4946369111457595
1290,0.00010785721623435569,0.00010785671795448646,4.982798692326435e-10,0.49827986923264345
1291,0.00010788579011972618,0.00010788528815864952,5.019610766711302e-10,0.5019610766711302
1292,0.00010791436400097656,0.0001079138583628126,5.056381639651786e-10,0.5056381639651786
1293,0.00010794293790651237,0.00010794242856697565,5.093395367238168e-10,0.5093395367238168
1294,0.00010797151182759334,0.00010797099877113872,5.130564546241263e-10,0.5130564546241263
1295,0.00010800008572595277,0.00010799956897530179,5.167506509808223e-10,0.5167506509808223
1296,0.00010802864726774212,0.00010802813917946484,5.080882772789104e-10,0.5080882772789104
1297,0.0001080572093965359,0.00010805670938362791,5.000129079939695e-10,0.5000129079939695
1298,0.00010808577371851574,0.00010808527958779098,4.941307247579238e-10,0.4941307247579238
1299,0.00010811433964337288,0.00010811384979195404,4.898514188443938e-10,0.48985141884439376
1300,0.00010814290677885567,0.0001081424199961171,4.867827385654346e-10,0.4867827385654346
1301,0.00010817147492105949,0.00010817099020028017,4.847207793195094e-10,0.48472077931950946
1302,0.00010820004387600908,0.00010819956040444323,4.834715658589702e-10,0.4834715658589702
1303,0.00010822861351566483,0.00010822813060860631,4.829070585286581e-10,0.4829070585286582
1304,0.00010825718373994733,0.00010825670081276936,4.829271779735053e-10,0.48292717797350526
1305,0.00010828575446115713,0.00010828527101693243,4.834442247060825e-10,0.4834442247060825
1306,0.00010831432561410493,0.0001083138412210955,4.843930094309134e-10,0.4843930094309134
1307,0.00010834289713866846,0.00010834241142525855,4.857134099120321e-10,0.4857134099120321
1308,0.00010837146899966118,0.00010837098162942162,4.87370239560553e-10,0.48737023956055303
1309,0.00010840004113712568,0.00010839955183358469,4.893035409934507e-10,0.48930354099345075
1310,0.00010842861351804602,0.00010842812203774775,4.914802982759041e-10,0.49148029827590406
1311,0.0001084571861216916,0.00010845669224191083,4.938797807711962e-10,0.4938797807711962
1312,0.00010848575892582738,0.00010848526244607388,4.964797534985435e-10,0.4964797534985435
1313,0.00010851433189251396,0.00010851383265023694,4.992422770255343e-10,0.49924227702553425
1314,0.00010854290500114204,0.00010854240285440002,5.021467420241223e-10,0.5021467420241222
1315,0.00010857147824575821,0.00010857097305856307,5.051871951401784e-10,0.5051871951401784
1316,0.00010860005160639246,0.00010859954326272614,5.083436663183623e-10,0.5083436663183624
1317,0.00010862862505632813,0.00010862811346688921,5.115894389197903e-10,0.5115894389197903
1318,0.00010865719860137309,0.00010865668367105226,5.149303208257649e-10,0.5149303208257648
1319,0.00010868577222087025,0.00010868525387521533,5.183456549220291e-10,0.5183456549220291
1320,0.00010871434589888271,0.0001087138240793784,5.218195043175617e-10,0.5218195043175616
1321,0.00010874291964667578,0.00010874239428354145,5.253631343337206e-10,0.5253631343337206
1322,0.00010877149342402003,0.00010877096448770454,5.289363154998182e-10,0.5289363154998181
1323,0.00010880006724819536,0.00010879953469186759,5.325563277758692e-10,0.5325563277758691
1324,0.00010882864111908422,0.00010882810489603066,5.362230535665956e-10,0.5362230535665956
1325,0.0001088572149935805,0.00010885667510019373,5.398933867825529e-10,0.5398933867825529
1326,0.00010888578891505088,0.00010888524530435678,5.436106941011777e-10,0.5436106941011777
1327,0.00010891436283950815,0.00010891381550851985,5.473309883019201e-10,0.5473309883019201
1328,0.00010894293677947958,0.00010894238571268292,5.510667966632567e-10,0.5510667966632566
1329,0.00010897151074285663,0.00010897095591684597,5.548260106591201e-10,0.5548260106591201
1330,0.00010900008467292444,0.00010899952612100904,5.585519154028172e-10,0.5585519154028171
1331,0.00010902864620714374,0.00010902809632517211,5.498819716387067e-10,0.5498819716387067
1332,0.00010905720831750109,0.00010905666652933516,5.417881659295035e-10,0.5417881659295035
1333,0.00010908577263148985,0.00010908523673349825,5.358979916084506e-10,0.5358979916084505
1334,0.00010911433853695509,0.0001091138069376613,5.315992937903887e-10,0.5315992937903887
1335,0.00010914290566872648,0.00010914237714182437,5.285269021112103e-10,0.5285269021112102
1336,0.00010917147380491112,0.00010917094734598744,5.264589236865316e-10,0.5264589236865316
1337,0.00010920004275593765,0.00010919951755015049,5.25205787162404e-10,0.525205787162404
1338,0.00010922861239221763,0.00010922808775431356,5.246379040737602e-10,0.5246379040737602
1339,0.00010925718261069497,0.00010925665795847663,5.246522183478101e-10,0.5246522183478102
1340,0.00010928575332962342,0.00010928522816263968,5.251669837428336e-10,0.5251669837428337
1341,0.00010931432447977724,0.00010931379836680275,5.261129744922185e-10,0.5261129744922185
1342,0.00010934289600781167,0.00010934236857096582,5.274368458568571e-10,0.527436845856857
1343,0.00010937146786264018,0.00010937093877512887,5.290875113145839e-10,0.5290875113145839
1344,0.00010940004001369836,0.00010939950897929196,5.310344064065576e-10,0.5310344064065576
1345,0.00010942861239575288,0.00010942807918345501,5.332122978729036e-10,0.5332122978729036
1346,0.00010945718500257701,0.00010945664938761808,5.356149589372573e-10,0.5356149589372573
1347,0.00010948575780481171,0.00010948521959178115,5.382130305703053e-10,0.5382130305703052
1348,0.0001095143307889805,0.0001095137897959442,5.409930363016737e-10,0.5409930363016737
1349,0.00010954290390072,0.00010954236000010727,5.439006127301038e-10,0.5439006127301038
1350,0.00010957147715107227,0.00010957093020427034,5.469468019397262e-10,0.5469468019397262
1351,0.00010960005052735336,0.00010959950040843339,5.501189199712978e-10,0.5501189199712978
1352,0.00010962862398400868,0.00010962807061259647,5.533714122138453e-10,0.5533714122138453
1353,0.00010965719753539604,0.00010965664081675953,5.567186365127935e-10,0.5567186365127935
1354,0.0001096857711719055,0.00010968521102092258,5.601509829202139e-10,0.5601509829202139
1355,0.0001097143448599328,0.00010971378122508566,5.636348471454238e-10,0.5636348471454239
1356,0.00010974291861364988,0.00010974235142924872,5.671844011609381e-10,0.5671844011609382
1357,0.00010977149241100846,0.00010977092163341179,5.707775966720347e-10,0.5707775966720346
1358,0.00010980006624596917,0.00010979949183757486,5.74408394320247e-10,0.574408394320247
1359,0.0001098286401325614,0.00010982806204173791,5.780908234919518e-10,0.5780908234919518
1360,0.00010985721402419839,0.00010985663224590098,5.817782974157076e-10,0.5817782974157075
1361,0.00010988578794957216,0.00010988520245006405,5.854995081196514e-10,0.5854995081196513
1362,0.00010991436189842825,0.0001099137726542271,5.892442011518732e-10,0.5892442011518733
1363,0.00010994293585257427,0.00010994234285839018,5.929941840878098e-10,0.5929941840878098
1364,0.00010997150983543131,0.00010997091306255324,5.967728780796316e-10,0.5967728780796315
1365,0.00011000008378009314,0.0001099994832667163,6.005133768350916e-10,0.6005133768350915
1366,0.00011002864534725956,0.00011002805347087937,5.918763801860693e-10,0.5918763801860694
1367,0.00011005720749984151,0.00011005662367504243,5.838247990828393e-10,0.5838247990828394
1368,0.00011008577185739873,0.0001100851938792055,5.779781932363523e-10,0.5779781932363524
1369,0.00011011433779812471,0.00011011376408336856,5.737147561530522e-10,0.5737147561530522
1370,0.0001101429049731119,0.00011014233428753162,5.70685580284578e-10,0.570685580284578
1371,0.00011017147314742329,0.00011017090449169469,5.686557286017889e-10,0.5686557286017889
1372,0.0001102000421371469,0.00011019947469585776,5.674412891505511e-10,0.567441289150551
1373,0.00011022861181156594,0.00011022804490002081,5.669115451365965e-10,0.5669115451365965
1374,0.00011025718206720497,0.00011025661510418389,5.669630210770771e-10,0.5669630210770772
1375,0.0001102857528209377,0.00011028518530834695,5.675125907577477e-10,0.5675125907577477
1376,0.00011031432400852826,0.00011031375551251001,5.68496018249207e-10,0.568496018249207
1377,0.00011034289557151103,0.00011034232571667308,5.698548379493038e-10,0.5698548379493038
1378,0.00011037146745883784,0.00011037089592083614,5.715380017030771e-10,0.571538001703077
1379,0.00011040003964524374,0.0001103994661249992,5.735202445370368e-10,0.5735202445370368
1380,0.00011042861206335587,0.00011042803632916227,5.757341935996362e-10,0.5757341935996362
1381,0.0001104571847031914,0.00011045660653332533,5.78169866072267e-10,0.578169866072267
1382,0.00011048575753913205,0.0001104851767374884,5.808016436535037e-10,0.5808016436535037
1383,0.00011051433055820798,0.00011051374694165147,5.836165565206478e-10,0.5836165565206478
1384,0.0001105429037018571,0.00011054231714581452,5.865560425775548e-10,0.5865560425775548
1385,0.00011057147698339483,0.0001105708873499776,5.896334172363655e-10,0.5896334172363655
1386,0.00011060005038509889,0.00011059945755414066,5.928309582367887e-10,0.5928309582367887
1387,0.00011062862388222413,0.00011062802775830372,5.961239204125134e-10,0.5961239204125134
1388,0.00011065719746496462,0.00011065659796246679,5.995024978325159e-10,0.599502497832516
1389,0.00011068577113223595,0.00011068516816662985,6.029656061048883e-10,0.6029656061048884
1390,0.00011071434484092383,0.00011071373837079292,6.064701309138022e-10,0.6064701309138022
1391,0.00011074291863576407,0.00011074230857495598,6.100608080943026e-10,0.6100608080943026
1392,0.0001107714924638691,0.00011077087877911904,6.136847500611278e-10,0.6136847500611278
1393,0.00011080006632991549,0.0001107994489832821,6.173466333848235e-10,0.6173466333848235
1394,0.00011082864024665816,0.00011082801918744517,6.210592129856651e-10,0.6210592129856651
1395,0.00011085721416763678,0.00011085658939160823,6.247760285508421e-10,0.6247760285508421
1396,0.00011088578812426688,0.00011088515959577131,6.285284955701387e-10,0.6285284955701387
1397,0.00011091436209949227,0.00011091372979993437,6.322995579035259e-10,0.6322995579035259
1398,0.00011094293608162973,0.00011094230000409743,6.360775322968133e-10,0.6360775322968133
1399,0.00011097151009531854,0.0001109708702082605,6.398870580439696e-10,0.6398870580439696
1400,0.00011100008406700179,0.00011099944041242356,6.436545782346492e-10,0.6436545782346492
1401,0.00011102864571451173,0.00011102801061658662,6.350979251136815e-10,0.6350979251136815
1402,0.00011105720794070582,0.00011105658082074969,6.271199561337928e-10,0.6271199561337928
1403,0.00011108577237229969,0.00011108515102491275,6.213473869435603e-10,0.6213473869435603
1404,0.00011111433839024274,0.00011111372122907583,6.171611669151674e-10,0.6171611669151674
1405,0.00011114290563839163,0.00011114229143323888,6.142051527517946e-10,0.6142051527517945
1406,0.00011117147387742372,0.00011117086163740194,6.122400217858555e-10,0.6122400217858555
1407,0.00011120004293040166,0.00011119943184156502,6.110888366409244e-10,0.6110888366409244
1408,0.00011122861267239983,0.00011122800204572807,6.106266717615324e-10,0.6106266717615324
1409,0.00011125718298962913,0.00011125657224989114,6.10739737988378e-10,0.610739737988378
1410,0.00011128575381007028,0.00011128514245405421,6.11356016067294e-10,0.611356016067294
1411,0.00011131432505709975,0.00011131371265821727,6.123988824898524e-10,0.6123988824898524
1412,0.00011134289667866055,0.00011134228286238033,6.138162802238657e-10,0.6138162802238657
1413,0.00011137146863204757,0.0001113708530665434,6.15565504172063e-10,0.615565504172063
1414,0.00011140004086717595,0.00011139942327070646,6.175964694931137e-10,0.6175964694931136
1415,0.00011142861334005316,0.00011142799347486954,6.198651836267718e-10,0.6198651836267718
1416,0.00011145718603606629,0.0001114565636790326,6.223570336961568e-10,0.6223570336961568
1417,0.00011148575893077774,0.00011148513388319566,6.250475820824564e-10,0.6250475820824564
1418,0.00011151433199309007,0.00011151370408735873,6.279057313465935e-10,0.6279057313465936
1419,0.00011154290519224842,0.00011154227429152178,6.309007266438254e-10,0.6309007266438255
1420,0.00011157147853020978,0.00011157084449568485,6.340345249319682e-10,0.6340345249319682
1421,0.0001116000519779561,0.00011159941469984792,6.372781081768443e-10,0.6372781081768443
1422,0.0001116286255210519,0.00011162798490401098,6.406170409312582e-10,0.6406170409312582
1423,0.00011165719916067698,0.00011165655510817404,6.44052502942699e-10,0.644052502942699
1424,0.00011168577286074225,0.00011168512531233711,6.475484051459452e-10,0.6475484051459452
1425,0.00011171434662807742,0.00011171369551650017,6.511115772557419e-10,0.651111577255742
1426,0.00011174292046638527,0.00011174226572066325,6.547457220257961e-10,0.6547457220257962
1427,0.00011177149433113398,0.0001117708359248263,6.584063076814641e-10,0.6584063076814641
1428,0.00011180006824750646,0.00011179940612898937,6.621185170950265e-10,0.6621185170950264
1429,0.00011182864219721201,0.00011182797633315244,6.658640595725454e-10,0.6658640595725455
1430,0.00011185721616829298,0.0001118565465373155,6.696309774889182e-10,0.6696309774889182
1431,0.00011188579017926855,0.00011188511674147856,6.734377899930328e-10,0.6734377899930328
1432,0.00011191436418391721,0.00011191368694564163,6.772382755811598e-10,0.6772382755811598
1433,0.00011194293821523331,0.00011194225714980468,6.810654286260496e-10,0.6810654286260496
1434,0.00011197151225692529,0.00011197082735396775,6.849029575399402e-10,0.6849029575399402
1435,0.00011200008627981356,0.00011199939755813082,6.887216827425301e-10,0.6887216827425301
1436,0.00011202864800352235,0.00011202796776229388,6.802412284751043e-10,0.6802412284751044
1437,0.00011205721032798452,0.00011205653796645696,6.723615275685817e-10,0.6723615275685817
1438,0.00011208577482303453,0.00011208510817062001,6.666524145224429e-10,0.6666524145224428
1439,0.00011211434093936267,0.00011211367837478308,6.62564579593488e-10,0.662564579593488
1440,0.00011214290825758151,0.00011214224857894615,6.596786353700913e-10,0.6596786353700913
1441,0.00011217147656949508,0.0001121708187831092,6.577863858836495e-10,0.6577863858836496
1442,0.00011220004570047235,0.00011219938898727227,6.567132000861507e-10,0.6567132000861508
1443,0.00011222861551327492,0.00011222795919143534,6.563218395852866e-10,0.6563218395852866
1444,0.00011225718590390001,0.0001122565293955984,6.565083016235875e-10,0.6565083016235875
1445,0.00011228575679016473,0.00011228509959976146,6.571904032698034e-10,0.6571904032698034
1446,0.00011231432811055127,0.00011231366980392453,6.583066267435895e-10,0.6583066267435895
1447,0.00011234289981024045,0.00011234224000808759,6.598021528721988e-10,0.6598021528721988
1448,0.0001123714718148993,0.00011237081021225067,6.616026486327127e-10,0.6616026486327127
1449,0.00011240004410618864,0.00011239938041641372,6.636897749215667e-10,0.6636897749215667
1450,0.00011242861664601682,0.00011242795062057679,6.660254400301538e-10,0.6660254400301538
1451,0.00011245718941424598,0.00011245652082473986,6.685895061228477e-10,0.6685895061228476
1452,0.00011248576236007965,0.00011248509102890291,6.713311767422216e-10,0.6713311767422216
1453,0.00011251433547630903,0.00011251366123306598,6.742432430551359e-10,0.6742432430551358
1454,0.00011254290874297188,0.00011254223143722905,6.773057428396108e-10,0.6773057428396108
1455,0.0001125714821332107,0.0001125708016413921,6.804918186053479e-10,0.6804918186053479
1456,0.00011260005563310346,0.00011259937184555519,6.837875482748805e-10,0.6837875482748805
1457,0.00011262862924256777,0.00011262794204971824,6.871928495301588e-10,0.6871928495301588
1458,0.0001126572029219835,0.0001126565122538813,6.906681022085632e-10,0.6906681022085632
1459,0.00011268577666920192,0.00011268508245804438,6.942111575433607e-10,0.6942111575433607
1460,0.00011271435051486556,0.00011271365266220743,6.978526581372642e-10,0.6978526581372642
1461,0.00011274292438543036,0.0001127422228663705,7.015190598599612e-10,0.7015190598599612
1462,0.00011277149831320138,0.00011277079307053357,7.052426678162236e-10,0.7052426678162236
1463,0.00011280007227915327,0.00011279936327469662,7.090044566567214e-10,0.7090044566567214
1464,0.00011282864627415267,0.00011282793347885969,7.127952929810385e-10,0.7127952929810385
1465,0.00011285722030895994,0.00011285650368302276,7.166259371840288e-10,0.7166259371840288
1466,0.00011288579434613302,0.00011288507388718581,7.204589472110271e-10,0.7204589472110271
1467,0.0001129143684140575,0.0001129136440913489,7.243227086133214e-10,0.7243227086133214
1468,0.0001129429424923728,0.00011294221429551195,7.28196860860159e-10,0.728196860860159
1469,0.00011297151657604744,0.00011297078449967502,7.320763724267554e-10,0.7320763724267554
1470,0.00011300009066746646,0.00011299935470383809,7.359636283817072e-10,0.7359636283817073
1471,0.00011302865231270699,0.00011302792490800114,7.274047058494096e-10,0.7274047058494096
1472,0.000113057214537987,0.00011305649511216421,7.194258227922218e-10,0.7194258227922219
1473,0.0001130857789839199,0.00011308506531632728,7.136675926229538e-10,0.7136675926229539
1474,0.0001131143450044136,0.00011311363552049033,7.094839232750395e-10,0.7094839232750395
1475,0.00011314291227320707,0.0001131422057246534,7.065485536762834e-10,0.7065485536762834
1476,0.000113171480534023,0.00011317077592881647,7.046052065410515e-10,0.7046052065410515
1477,0.00011320004960693892,0.00011319934613297952,7.03473959399734e-10,0.703473959399734
1478,0.00011322861936527929,0.0001132279163371426,7.030281366861354e-10,0.7030281366861354
1479,0.00011325718971039654,0.00011325648654130566,7.031690908832343e-10,0.7031690908832343
1480,0.00011328576055256069,0.00011328505674546873,7.038070919691156e-10,0.7038070919691156
1481,0.00011331433182238361,0.0001133136269496318,7.048727518178916e-10,0.7048727518178917
1482,0.00011334290346691037,0.00011334219715379485,7.063131155288984e-10,0.7063131155288984
1483,0.00011337147544250199,0.00011337076735795792,7.080845440731135e-10,0.7080845440731135
1484,0.0001134000477087979,0.00011339933756212099,7.10146676913359e-10,0.710146676913359
1485,0.00011342862023598896,0.00011342790776628404,7.124697049273419e-10,0.7124697049273419
1486,0.00011345719295762042,0.00011345647797044711,7.149871733117049e-10,0.7149871733117049
1487,0.00011348576588044117,0.00011348504817461018,7.177058309945788e-10,0.7177058309945789
1488,0.00011351433898436496,0.00011351361837877323,7.206055917348081e-10,0.7206055917348081
1489,0.00011354291222446116,0.00011354218858293631,7.236415248526647e-10,0.7236415248526648
1490,0.0001135714855954322,0.00011357075878709937,7.268083328414662e-10,0.7268083328414662
1491,0.00011360005909131092,0.00011359932899126244,7.301000484828482e-10,0.7301000484828482
1492,0.0001136286326741327,0.0001136278991954255,7.334787072044611e-10,0.7334787072044611
1493,0.00011365720634531816,0.00011365646939958856,7.369457296093065e-10,0.7369457296093065
1494,0.00011368578010897402,0.00011368503960375163,7.405052223977157e-10,0.7405052223977158
1495,0.00011371435391289781,0.0001137136098079147,7.441049831188849e-10,0.744104983118885
1496,0.00011374292778470916,0.00011374218001207775,7.477726314165823e-10,0.7477726314165823
1497,0.00011377150171113559,0.00011377075021624082,7.514948947724154e-10,0.7514948947724154
1498,0.00011380007566720152,0.00011379932042040389,7.55246797640664e-10,0.755246797640664
1499,0.0001138286496731585,0.00011382789062456694,7.590485915626576e-10,0.7590485915626576
1500,0.00011385722368382503,0.00011385646082873002,7.62855095014943e-10,0.762855095014943
1501,0.00011388579773388387,0.00011388503103289308,7.667009907983138e-10,0.7667009907983138
1502,0.00011391437180373624,0.00011391360123705615,7.705666801018061e-10,0.7705666801018062
1503,0.00011394294588037189,0.00011394217144121921,7.744391526755331e-10,0.7744391526755331
1504,0.00011397151998281906,0.00011397074164538227,7.783374367961702e-10,0.7783374367961703
1505,0.00011400009405231974,0.00011399931184954534,7.822027744115829e-10,0.7822027744115829
1506,0.00011402865566054376,0.0001140278820537084,7.736068353604204e-10,0.7736068353604204
1507,0.00011405721785187599,0.00011405645225787146,7.655940045373018e-10,0.7655940045373019
1508,0.00011408578224802886,0.00011408502246203454,7.597859943230389e-10,0.7597859943230388
1509,0.0001141143482370294,0.0001141135926661976,7.555708318022546e-10,0.7555708318022546
1510,0.00011414291545588377,0.00011414216287036065,7.525855231195974e-10,0.7525855231195974
1511,0.00011417148368188597,0.00011417073307452373,7.506073622390544e-10,0.7506073622390544
1512,0.00011420005272252575,0.00011419930327868679,7.494438389682682e-10,0.7494438389682682
1513,0.00011422862245373198,0.00011422787348284985,7.489708821301867e-10,0.7489708821301867
1514,0.00011425719276874282,0.00011425644368701292,7.490817299032045e-10,0.7490817299032044
1515,0.0001142857635865193,0.00011428501389117598,7.496953433248886e-10,0.7496953433248886
1516,0.00011431433483525066,0.00011431358409533905,7.507399116195971e-10,0.7507399116195972
1517,0.00011434290646601374,0.00011434215429950211,7.521665116279697e-10,0.7521665116279697
1518,0.00011437147842971783,0.00011437072450366517,7.539260526678575e-10,0.7539260526678575
1519,0.00011440005068052223,0.00011439929470782825,7.559726939802291e-10,0.7559726939802291
1520,0.00011442862317106687,0.0001144278649119913,7.582590755677587e-10,0.7582590755677587
1521,0.00011445719588803333,0.00011445643511615437,7.607718789554342e-10,0.7607718789554342
1522,0.0001144857688059106,0.00011448500532031744,7.634855931642926e-10,0.7634855931642927
1523,0.00011451434189112157,0.0001145135755244805,7.663666410764683e-10,0.7663666410764682
1524,0.00011454291512121202,0.00011454214572864356,7.693925684583933e-10,0.7693925684583932
1525,0.00011457148848851888,0.00011457071593280663,7.725557122504276e-10,0.7725557122504275
1526,0.00011460006197118729,0.00011459928613696969,7.758342176066217e-10,0.7758342176066217
1527,0.00011462863554846606,0.00011462785634113276,7.792073333039702e-10,0.7792073333039702
1528,0.00011465720922761333,0.00011465642654529582,7.826823175068117e-10,0.7826823175068117
1529,0.00011468578296706586,0.00011468499674945888,7.862176069860507e-10,0.7862176069860507
1530,0.00011471435677826676,0.00011471356695362196,7.89824644804439e-10,0.7898246448044389
1531,0.00011474293065873518,0.00011474213715778501,7.935009501718806e-10,0.7935009501718806
1532,0.00011477150456739493,0.00011477070736194808,7.972054468557909e-10,0.797205446855791
1533,0.0001148000785329735,0.00011479927756611115,8.009668623512707e-10,0.8009668623512707
1534,0.0001148286525280226,0.0001148278477702742,8.047577483998099e-10,0.80475774839981
1535,0.00011485722654876793,0.00011485641797443727,8.085743306632534e-10,0.8085743306632533
1536,0.00011488580060862919,0.00011488498817860034,8.124300288539909e-10,0.8124300288539908
1537,0.00011491437466435747,0.0001149135583827634,8.162815940795994e-10,0.8162815940795994
1538,0.00011494294875601112,0.00011494212858692646,8.201690846559014e-10,0.8201690846559013
1539,0.00011497152284778196,0.00011497069879108953,8.240566924344582e-10,0.8240566924344582
1540,0.00011500009693633132,0.00011499926899525259,8.279410787366524e-10,0.8279410787366525
1541,0.00011502865849143484,0.00011502783919941567,8.19292019172944e-10,0.8192920191729439
1542,0.00011505722062430106,0.00011505640940357872,8.112207223410983e-10,0.8112207223410983
1543,0.00011508578494830262,0.00011508497960774179,8.053405608303961e-10,0.8053405608303961
1544,0.00011511435089486019,0.00011511354981190486,8.010829553317686e-10,0.8010829553317687
1545,0.00011514291805905294,0.00011514212001606791,7.980429850244924e-10,0.7980429850244924
1546,0.00011517148622797962,0.00011517069022023098,7.960077486380611e-10,0.7960077486380611
1547,0.00011520005522490112,0.00011519926042439405,7.948005070695212e-10,0.7948005070695212
1548,0.00011522862491146798,0.0001152278306285571,7.942829108768354e-10,0.7942829108768354
1549,0.00011525719518189251,0.00011525640083272019,7.943491723262878e-10,0.7943491723262878
1550,0.00011528576596047197,0.00011528497103688324,7.949235887359078e-10,0.7949235887359078
1551,0.00011531433717918495,0.0001153135412410463,7.959381386573041e-10,0.7959381386573041
1552,0.0001153429087812351,0.00011534211144520938,7.973360257259902e-10,0.7973360257259902
1553,0.00011537148070950104,0.00011537068164937243,7.990601286149834e-10,0.7990601286149833
1554,0.00011540005291717319,0.0001153992518535355,8.010636376950856e-10,0.8010636376950856
1555,0.00011542862538465702,0.00011542782205769857,8.033269584514842e-10,0.8033269584514843
1556,0.00011545719807724249,0.00011545639226186162,8.05815380869911e-10,0.805815380869911
1557,0.00011548577097243117,0.00011548496246602469,8.085064064813493e-10,0.8085064064813493
1558,0.0001155143440178099,0.00011551353267018776,8.113476221474081e-10,0.8113476221474081
1559,0.0001155429172372557,0.00011554210287435082,8.143629048866137e-10,0.8143629048866137
1560,0.00011557149059201221,0.0001155706730785139,8.175134983202175e-10,0.8175134983202176
1561,0.00011560006404487179,0.00011559924328267695,8.207621948387218e-10,0.8207621948387218
1562,0.00011562863760675048,0.00011562781348684002,8.241199104606497e-10,0.8241199104606497
1563,0.00011565721126747299,0.00011565638369100309,8.275764699079548e-10,0.8275764699079547
1564,0.00011568578499159076,0.00011568495389516614,8.310964246214016e-10,0.8310964246214015
1565,0.00011571435879384507,0.00011571352409932921,8.346945158609605e-10,0.8346945158609604
1566,0.0001157429326486742,0.00011574209430349228,8.383451819205595e-10,0.8383451819205595
1567,0.00011577150655049033,0.00011577066450765533,8.420428349983843e-10,0.8420428349983844
1568,0.0001158000805118275,0.0001157992347118184,8.458000091085178e-10,0.8458000091085178
1569,0.00011582865448681621,0.00011582780491598147,8.495708347470183e-10,0.8495708347470183
1570,0.00011585722850495534,0.00011585637512014452,8.53384810818832e-10,0.853384810818832
1571,0.00011588580254391455,0.0001158849453243076,8.572196069469367e-10,0.8572196069469368
1572,0.00011591437659952271,0.00011591351552847066,8.610710520564971e-10,0.861071052056497
1573,0.00011594295068592044,0.00011594208573263373,8.649532867188224e-10,0.8649532867188224
1574,0.00011597152476302033,0.0001159706559367968,8.688262235343671e-10,0.8688262235343671
1575,0.00011600009886216757,0.00011599922614095985,8.72721207723062e-10,0.8727212077230619
1576,0.00011602866040564535,0.00011602779634512292,8.640605224356408e-10,0.8640605224356408
1577,0.00011605722251608708,0.00011605636654928599,8.559668010909192e-10,0.8559668010909192
1578,0.00011608578684482858,0.00011608493675344904,8.500913795359323e-10,0.8500913795359323
1579,0.00011611435277660951,0.00011611350695761211,8.458189974052384e-10,0.8458189974052384
1580,0.00011614291995682276,0.00011614207716177518,8.42795047580971e-10,0.842795047580971
1581,0.0001161714881141368,0.00011617064736593823,8.407481985761207e-10,0.8407481985761207
1582,0.00011620005710290937,0.00011619921757010132,8.395328080627372e-10,0.8395328080627372
1583,0.00011622862678650754,0.00011622778777426437,8.390122431754254e-10,0.8390122431754254
1584,0.00011625719705860528,0.00011625635797842744,8.390801778469855e-10,0.8390801778469855
1585,0.00011628576783746057,0.0001162849281825905,8.396548700640857e-10,0.8396548700640857
1586,0.00011631433906000778,0.00011631349838675356,8.406732542258074e-10,0.8406732542258074
1587,0.00011634291065465983,0.00011634206859091663,8.42063743200312e-10,0.842063743200312
1588,0.00011637148257393254,0.0001163706387950797,8.437788528491248e-10,0.8437788528491248
1589,0.00011640005478521632,0.00011639920899924275,8.457859735692939e-10,0.845785973569294
1590,0.00011642862725299948,0.00011642777920340582,8.480495936603598e-10,0.8480495936603598
1591,0.00011645719995772705,0.00011645634940756889,8.505501581673365e-10,0.8505501581673365
1592,0.00011648577283759277,0.00011648491961173194,8.532258608307862e-10,0.8532258608307862
1593,0.00011651434589765163,0.00011651348981589503,8.560817566078129e-10,0.8560817566078129
1594,0.0001165429191151353,0.00011654206002005808,8.590950772256894e-10,0.8590950772256895
1595,0.00011657149245936144,0.00011657063022422115,8.622351402914829e-10,0.862235140291483
1596,0.00011660006591962553,0.00011659920042838422,8.654912413145141e-10,0.865491241314514
1597,0.00011662863949570145,0.00011662777063254727,8.688631541844199e-10,0.86886315418442
1598,0.00011665721314072944,0.00011665634083671034,8.723040191005469e-10,0.8723040191005469
1599,0.000116685786870765,0.00011668491104087341,8.758298915927389e-10,0.8758298915927389
1600,0.0001167143606828425,0.00011671348124503646,8.794378060427938e-10,0.8794378060427938
1601,0.00011674293453212477,0.00011674205144919954,8.830829252292106e-10,0.8830829252292106
1602,0.00011677150844316733,0.0001167706216533626,8.867898047319981e-10,0.8867898047319981
1603,0.00011680008239634339,0.00011679919185752565,8.905388177406712e-10,0.8905388177406711
1604,0.00011682865637942377,0.00011682776206168873,8.943177350374829e-10,0.8943177350374829
1605,0.00011685723040964196,0.00011685633226585179,8.981437901785952e-10,0.8981437901785952
1606,0.00011688580444217728,0.00011688490247001486,9.019721624223805e-10,0.9019721624223804
1607,0.00011691437850922369,0.00011691347267417793,9.058350457699929e-10,0.9058350457699929
1608,0.00011694295258735282,0.00011694204287834098,9.097090118457649e-10,0.9097090118457649
1609,0.00011697152667495589,0.00011697061308250405,9.135924518427505e-10,0.9135924518427505
1610,0.00011700010077804431,0.00011699918328666712,9.1749137720121e-10,0.9174913772012101
1611,0.00011702866233827698,0.00011702775349083017,9.088474468082442e-10,0.9088474468082443
1612,0.00011705722449795887,0.00011705632369499325,9.008029656164933e-10,0.9008029656164933
1613,0.00011708578887378754,0.00011708489389915631,8.94974631232908e-10,0.894974631232908
1614,0.00011711435483186194,0.00011711346410331938,8.907285425634375e-10,0.8907285425634375
1615,0.00011714292204159056,0.00011714203430748244,8.877341081239894e-10,0.8877341081239895
1616,0.00011717149024997249,0.0001171706045116455,8.857383269930271e-10,0.8857383269930271
1617,0.00011720005927158279,0.00011719917471580857,8.845557742258377e-10,0.8845557742258378
1618,0.00011722862898447695,0.00011722774491997163,8.840645053214832e-10,0.8840645053214832
1619,0.00011725719928814831,0.00011725631512413469,8.841640136272669e-10,0.8841640136272668
1620,0.00011728577009792235,0.00011728488532829776,8.847696245933734e-10,0.8847696245933735
1621,0.00011731434133631277,0.00011731345553246083,8.858038519439437e-10,0.8858038519439437
1622,0.00011734291294983249,0.00011734202573662388,8.872132086112296e-10,0.8872132086112297
1623,0.00011737148488929129,0.00011737059594078696,8.889485043291131e-10,0.8889485043291131
1624,0.0001174000571403565,0.00011739916614495002,8.909954064869748e-10,0.8909954064869748
1625,0.00011742862964600126,0.00011742773634911309,8.93296888178289e-10,0.893296888178289
1626,0.00011745720235387927,0.00011745630655327615,8.958006031192809e-10,0.8958006031192809
1627,0.00011748577526418772,0.00011748487675743921,8.985067485127731e-10,0.8985067485127731
1628,0.00011751434835163985,0.00011751344696160228,9.013900375792596e-10,0.9013900375792595
1629,0.00011754292158953558,0.00011754201716576534,9.044237702410445e-10,0.9044237702410445
1630,0.00011757149495056861,0.0001175705873699284,9.075806402158925e-10,0.9075806402158926
1631,0.0001176000684358068,0.00011759915757409147,9.108617153345234e-10,0.9108617153345234
1632,0.00011762864202372413,0.00011762772777825454,9.142454696030591e-10,0.9142454696030591
1633,0.00011765721569061121,0.00011765629798241759,9.17708193620629e-10,0.917708193620629
1634,0.00011768578945718342,0.00011768486818658067,9.212706027502519e-10,0.921270602750252
1635,0.00011771436326720629,0.00011771343839074373,9.248764625694273e-10,0.9248764625694272
1636,0.00011774293714194002,0.0001177420085949068,9.285470332256604e-10,0.9285470332256603
1637,0.00011777151107748739,0.00011777057879906986,9.322784175271372e-10,0.9322784175271371
1638,0.00011780008504089862,0.00011779914900323292,9.36037665702474e-10,0.936037665702474
1639,0.00011782865905187153,0.00011782771920739599,9.398444755502934e-10,0.9398444755502934
1640,0.00011785723308190841,0.00011785628941155905,9.436703493585924e-10,0.9436703493585924
1641,0.00011788580713869876,0.00011788485961572211,9.475229766550966e-10,0.9475229766550965
1642,0.00011791438122583849,0.00011791342981988518,9.514059533182837e-10,0.9514059533182837
1643,0.00011794295531657677,0.00011794200002404824,9.552925285297965e-10,0.9552925285297965
1644,0.00011797152943124674,0.0001179705702282113,9.592030354442828e-10,0.9592030354442828
1645,0.00011800010353828243,0.00011799914043237438,9.631059080575917e-10,0.9631059080575917
1646,0.0001180286650809502,0.00011802771063653744,9.544444127627275e-10,0.9544444127627275
1647,0.00011805722721076915,0.0001180562808407005,9.463700686451508e-10,0.9463700686451507
1648,0.00011808579156423521,0.00011808485104486357,9.40519371643081e-10,0.9405193716430811
1649,0.00011811435750295896,0.00011811342124902663,9.36253932336524e-10,0.9362539323365239
1650,0.0001181429246836033,0.0001181419914531897,9.332304136045928e-10,0.9332304136045928
1651,0.00011817149287028261,0.00011817056165735276,9.312129298496661e-10,0.9312129298496661
1652,0.00011820006187944929,0.00011819913186151582,9.300179334773026e-10,0.9300179334773027
1653,0.00011822863157850696,0.0001182277020656789,9.29512828066138e-10,0.929512828066138
1654,0.00011825720186394197,0.00011825627226984195,9.295941000236178e-10,0.9295941000236179
1655,0.00011828577265486352,0.00011828484247400501,9.30180858516431e-10,0.930180858516431
1656,0.00011831434388199079,0.00011831341267816809,9.31203822700495e-10,0.931203822700495
1657,0.00011834291549007616,0.00011834198288233114,9.326077450212318e-10,0.9326077450212318
1658,0.00011837148742867423,0.00011837055308649421,9.343421800181156e-10,0.9343421800181155
1659,0.00011840005967016499,0.00011839912329065728,9.363795077085649e-10,0.9363795077085648
1660,0.00011842863214668252,0.00011842769349482034,9.386518621865424e-10,0.9386518621865424
1661,0.00011845720484839987,0.0001184562636989834,9.411494164739498e-10,0.9411494164739498
1662,0.00011848577775154686,0.00011848483390314647,9.438484003868322e-10,0.9438484003868322
1663,0.0001185143508383739,0.00011851340410730953,9.467310643701086e-10,0.9467310643701086
1664,0.00011854292405656066,0.00011854197431147261,9.497450880524363e-10,0.9497450880524363
1665,0.00011857149741674424,0.00011857054451563566,9.529011085819873e-10,0.9529011085819873
1666,0.00011860007090358214,0.00011859911471979873,9.561837834138186e-10,0.9561837834138186
1667,0.00011862864447499255,0.0001186276849239618,9.595510307584883e-10,0.9595510307584884
1668,0.00011865721814682053,0.00011865625512812485,9.630186956750937e-10,0.9630186956750937
1669,0.00011868579189740437,0.00011868482533228792,9.665651164547497e-10,0.9665651164547496
1670,0.00011871436570855822,0.00011871339553645099,9.701721072323162e-10,0.9701721072323162
1671,0.00011874293959186733,0.00011874196574061405,9.738512532907649e-10,0.9738512532907648
1672,0.00011877151350650482,0.00011877053594477711,9.775617277098007e-10,0.9775617277098007
1673,0.00011880008747245227,0.00011879910614894018,9.81323512091517e-10,0.9813235120915171
1674,0.00011882866148223008,0.00011882767635310324,9.851291268503867e-10,0.9851291268503867
1675,0.00011885723551078593,0.00011885624655726632,9.88953519611413e-10,0.9889535196114131
1676,0.00011888580957886433,0.00011888481676142937,9.928174349568633e-10,0.9928174349568633
1677,0.00011891438364716403,0.00011891338696559244,9.96681571587977e-10,0.996681571587977
1678,0.0001189429577403045,0.00011894195716975551,1.0005705489984807e-09,1.0005705489984806
1679,0.00011897153185118662,0.00011897052737391856,1.004477268062942e-09,1.004477268062942
1680,0.0001190001059605492,0.00011899909757808163,1.008382467577401e-09,1.008382467577401
1681,0.00011902866742221919,0.0001190276677822447,9.996399744926813e-10,0.9996399744926813
1682,0.00011905722947018157,0.00011905623798640775,9.914837738158133e-10,0.9914837738158133
1683,0.00011908579371253082,0.00011908480819057082,9.855219599959567e-10,0.9855219599959567
1684,0.00011911435958315347,0.00011911337839473389,9.811884195792535e-10,0.9811884195792535
1685,0.00011914292667422976,0.00011914194859889695,9.780753328187642e-10,0.9780753328187642
1686,0.00011917149478150993,0.00011917051880306003,9.759784499029803e-10,0.9759784499029803
1687,0.00011920006371327993,0.00011919908900722308,9.747060568505146e-10,0.9747060568505146
1688,0.00011922863334146199,0.00011922765921138615,9.74130075842292e-10,0.974130075842292
1689,0.00011925720355739203,0.00011925622941554922,9.741418428104427e-10,0.9741418428104427
1690,0.00011928577428514962,0.00011928479961971227,9.746654373516477e-10,0.9746654373516478
1691,0.0001193143454517612,0.00011931336982387534,9.756278858563301e-10,0.9756278858563301
1692,0.00011934291700252517,0.00011934194002803841,9.769744867605733e-10,0.9769744867605733
1693,0.0001193714888938099,0.00011937051023220146,9.786616084350348e-10,0.9786616084350348
1694,0.00011940006107200336,0.00011939908043636453,9.806356388305613e-10,0.9806356388305613
1695,0.00011942863349643955,0.0001194276506405276,9.82855911949565e-10,0.9828559119495651
1696,0.00011945720615381967,0.00011945622084469066,9.853091290224086e-10,0.9853091290224086
1697,0.00011948577901531199,0.00011948479104885374,9.879664582537423e-10,0.9879664582537423
1698,0.00011951435204773068,0.00011951336125301679,9.907947138955797e-10,0.9907947138955797
1699,0.00011954292522673034,0.00011954193145717986,9.937695504862933e-10,0.9937695504862933
1700,0.00011957149855194336,0.00011957050166134293,9.96890600440689e-10,0.996890600440689
1701,0.0001196000719908022,0.00011959907186550598,1.0001252962228591e-09,1.000125296222859
1702,0.00011962864553010574,0.00011962764206966905,1.0034604366955717e-09,1.0034604366955717
1703,0.00011965721917049787,0.00011965621227383212,1.0068966657529445e-09,1.0068966657529446
1704,0.00011968579287721582,0.00011968478247799517,1.0103992206478261e-09,1.010399220647826
1705,0.00011971436665635685,0.00011971335268215826,1.0139741985944215e-09,1.0139741985944215
1706,0.00011974294051017082,0.00011974192288632131,1.0176238495155263e-09,1.0176238495155263
1707,0.00011977151439188553,0.00011977049309048436,1.0213014011733652e-09,1.0213014011733652
1708,0.00011980008833263764,0.00011979906329464745,1.0250379902009236e-09,1.0250379902009237
1709,0.00011982866230860685,0.0001198276334988105,1.0288097963512112e-09,1.0288097963512113
1710,0.00011985723631100404,0.00011985620370297357,1.0326080304715543e-09,1.0326080304715544
1711,0.0001198858103526309,0.00011988477390713664,1.0364454942655519e-09,1.0364454942655519
1712,0.00011991438439596863,0.00011991334411129969,1.0402846689441302e-09,1.04028466894413
1713,0.00011994295846807407,0.00011994191431546276,1.0441526113146046e-09,1.0441526113146047
1714,0.00011997153254987694,0.00011997048451962583,1.0480302511145705e-09,1.0480302511145705
